symbol,timestamp,close,daily_rsi,weekly_rsi,daily_adx,weekly_adx,mfe,mae,final_ret,window_days,fwd_1w,fwd_2w,fwd_30d,fwd_60d,fwd_90d,fwd_180d,fwd_1y,wrsi_bucket,dadx_bucket,wadx_bucket,mfe_bucket
SHRIRAMFIN,2007-04-12,23.42,45.102540905996584,44.611620940509994,40.96651986094285,45.11511636641896,5.7544833475661825,-0.02433817250213499,1.2079419299743805,200.0,-0.014944491887275868,-0.002988898377455196,0.08539709649871896,0.33817250213492733,0.35567890691716464,0.8936806148590948,1.7374039282664389,40-50,30+,30+,9
ADANIGREEN,2019-09-12,48.9,56.049961036101735,52.47832736471403,28.175052147667827,23.639730567225737,3.7474437627811863,0.0,2.133946830265849,201.0,0.02556237218813906,0.20961145194274033,0.6186094069529653,0.9192229038854804,1.7106339468302663,1.6758691206543967,11.446830265848671,50-60,25-30,20-25,9
JSWSTEEL,2009-03-04,17.79,32.59867001307388,32.110696325554116,18.165706627869064,36.852369941111334,2.9758291174817315,-0.08206857785272625,2.8645306351883084,147.0,-0.06913996627318719,0.026419336706014818,0.7487352445193929,1.0382237211916805,2.1944912872400226,2.8740865654862287,5.518830803822373,30-40,15-20,30+,9
TVSMOTOR,2009-01-30,8.32,30.32808442143588,27.023341685287356,51.73119520116744,29.647060666511678,2.8521634615384612,0.0,2.8521634615384612,180.0,0.09735576923076938,0.15745192307692313,0.19591346153846145,0.3641826923076923,1.0913461538461537,2.8521634615384612,3.450721153846154,20-30,30+,25-30,9
HCLTECH,2009-03-16,25.42,34.327421340343626,30.924891422721263,56.16389532963404,22.80159976870454,2.7631785995279303,-0.018882769472856054,2.568843430369787,340.0,0.022423288749016335,-0.018882769472856054,0.29583005507474414,0.4531864673485442,0.9724626278520849,2.077891424075531,2.6695515342250196,30-40,30+,20-25,9
KOTAKBANK,2009-03-06,11.34,31.696547102883386,30.697711706799694,44.90434449336493,36.89731941915703,2.6243386243386246,-0.016754850088183337,2.6243386243386246,223.0,0.0749559082892417,0.13315696649029984,0.6322751322751323,1.00352733686067,2.0070546737213406,2.0696649029982366,2.5828924162257496,30-40,30+,30+,9
ADANIENT,2006-04-29,18.97,49.47460929283548,48.85786261975688,18.03302176587227,13.391251498025182,2.1286241433842914,0.0,0.9451765946230892,102.0,1.0632577754348973,1.7891407485503428,1.701634159198735,1.0500790722192939,0.8982604111755403,1.2351080653663682,2.6731681602530317,40-50,15-20,<15,9
ADANIGREEN,2020-04-01,152.9,53.882987140930055,52.22643775885214,28.102155151326738,47.81929976191258,2.0320470896010465,-0.0065402223675604665,1.4627207325049052,142.0,0.08862001308044465,0.2282537606278614,0.3705035971223021,0.7053629823413996,1.3469587965990844,3.448005232177894,6.586984957488554,50-60,25-30,30+,9
AXISBANK,2009-03-17,65.1,35.235486888185065,32.77739795368192,36.97766732447853,33.911615173360666,2.0265745007680493,0.0,2.0265745007680493,197.0,0.14270353302611372,0.2748079877112135,0.4503840245775732,1.3913978494623658,1.2070660522273426,1.7516129032258068,2.5305683563748085,30-40,30+,30+,9
ETERNAL,2023-04-03,51.95,43.59294432468457,41.9319551427791,19.16456642916681,22.470900095779587,1.9605389797882582,-0.004812319538017307,1.9605389797882582,315.0,0.038498556304138676,0.038498556304138676,0.2232916265640037,0.3695861405197305,0.45620789220404245,1.026948989412897,2.524542829643888,40-50,15-20,20-25,9
BAJAJFINSV,2009-02-24,15.11,40.9923084308882,38.53574582186266,41.694299227835884,26.663303498986906,1.7895433487756454,-0.058239576439443996,0.8232958305757778,206.0,0.001323626737260275,-0.03375248180013235,0.11714096624751824,0.5287888815354072,0.9940436796823295,0.7981469225678361,1.185969556585043,30-40,30+,25-30,9
ADANIGREEN,2020-08-24,414.2,67.65943651845744,66.15875687909036,20.92130762088664,38.633715707774385,1.6097295992274265,0.0,1.6097295992274265,86.0,0.09307098020280069,0.335345243843554,0.4202076291646548,0.739014968614196,1.8495895702559149,1.7557943022694351,1.292853693867697,60+,20-25,30+,9
BAJFINANCE,2010-03-31,3.11,55.169675765617185,54.0524876900205,29.68289123209495,46.03538345830827,1.54983922829582,0.0,0.8585209003215435,313.0,0.048231511254019255,0.07717041800643099,0.34083601286173626,0.42443729903536975,0.45337620578778126,1.4790996784565915,1.1864951768488745,50-60,25-30,30+,9
LT,2009-03-12,256.05,30.48257313881878,29.836445063732775,43.412988597759195,39.57979432249093,1.4531146260495995,0.0,1.4394063659441514,83.0,0.057801210701035055,0.14934583089240383,0.4344463971880492,0.672954501074009,1.8271821909783243,1.8078890841632496,1.7160710798672136,20-30,30+,30+,9
ICICIBANK,2009-03-17,58.8,38.05881308436312,37.008492212314835,42.407713706517185,26.463294109764103,1.451700680272109,-0.0010204081632652073,1.451700680272109,176.0,0.09914965986394564,0.029081632653061185,0.32210884353741487,1.1863945578231294,1.271938775510204,1.5498299319727895,1.932993197278912,30-40,30+,25-30,9
MARUTI,2009-01-30,568.3,47.58135355901517,45.06830366103383,28.932277824847297,20.162030204063093,1.425215555164526,-0.002287524194967361,1.4105226112968507,178.0,0.016540559563611,0.10645785676579278,0.1870490937884921,0.37225057188104893,0.4769487946507127,1.4600563082878764,1.4616399788843921,40-50,25-30,20-25,9
ADANIENT,2007-09-25,155.29,84.40740732278303,83.52859538461638,56.97881009104376,57.319814911145684,1.3135424045334534,-0.00830703844420111,1.3135424045334534,97.0,0.30227316633395573,0.43782600296219987,0.5852920342584842,0.7365574087191709,0.9032133427780284,0.020735398287075713,0.15139416575439513,60+,30+,30+,9
SHRIRAMFIN,2020-10-01,131.74,43.522496418414136,43.248916842047,33.403021453888854,14.212291700943828,1.2974798846212234,-0.040306664642477674,1.1496128738424165,231.0,-0.029831486260816775,-0.040306664642477674,0.14475482010019736,0.5538940337027478,0.5774252315166235,1.1566722331865793,0.9653104599969637,40-50,30+,<15,9
TVSMOTOR,2007-03-07,28.5,21.405272287908375,20.17058327758798,56.754077591510665,62.91183012232379,1.282456140350877,-0.03228070175438602,0.00280701754385948,170.0,0.03438596491228063,0.08175438596491214,-0.0035087719298245723,0.09052631578947357,0.23684210526315796,0.16421052631578936,-0.30175438596491233,20-30,30+,30+,9
SHRIRAMFIN,2008-11-25,39.02,25.712119233018733,25.148844939875403,31.76821327964668,39.09700815696771,1.2165556125064065,-0.08329062019477196,1.2165556125064065,365.0,0.03844182470527935,-0.0038441824705280903,-0.022552537160430597,-0.0438236801640185,-0.07790876473603292,0.434648898001025,1.2165556125064065,20-30,30+,30+,9
BAJAJFINSV,2008-12-04,9.51,19.5499310108941,18.375094217313837,59.889203626720345,63.79025531029219,1.1955835962145112,0.0,0.5352260778128286,78.0,0.13249211356466883,0.11041009463722395,0.7444794952681388,0.7434279705573079,0.55205047318612,3.2197686645636177,2.4963196635120926,0-20,30+,30+,9
TATASTEEL,2020-10-19,39.55,54.63941485545446,54.59178509180983,25.809573424454204,31.28053095606799,1.1941845764854615,-0.007838179519595312,1.1941845764854615,168.0,0.03261694058154241,0.0187104930467763,0.30771175726927935,0.5962073324905186,0.6857142857142859,1.2455120101137802,2.456131479140329,50-60,25-30,30+,9
ADANIPORTS,2009-03-20,62.86,40.38765073002683,39.239236570147504,27.8735744435742,21.45428086755073,1.1870824053452114,-0.01956729239580013,0.9113903913458481,136.0,-0.01956729239580013,0.2254215717467387,0.2052179446388802,0.6823098950047726,0.9653197581928095,0.7179446388800508,1.3129175946547882,30-40,25-30,20-25,9
EICHERMOT,2010-03-31,65.14,60.31344661949035,56.77947284725163,25.364519421064543,30.657075009617074,1.1865213386552043,0.0,0.87104697574455,274.0,0.0448265274792754,0.0505066011667179,0.22950568007368743,0.30288609149524115,0.40435984034387484,0.8604544058949954,1.0637089346023951,50-60,25-30,30+,9
ADANIENT,2020-11-11,349.11,78.60445925523722,77.84862090918969,56.785943210001435,63.15467488775357,1.1666523445332415,0.0,1.1666523445332415,97.0,0.09552862994471645,0.10873363696256177,0.24911918879436268,0.44169459482684537,0.7491048666609377,2.621523302111082,3.6234711122568815,60+,30+,30+,9
ADANIENT,2021-02-17,761.49,89.93304181517604,89.333258094216,66.99770239208713,73.47030329509688,1.1655570000919249,-0.004530591340661139,1.0212478167802597,195.0,0.025134932829058876,0.1653731500085358,0.1326609673140815,0.4467425704868089,0.6890832446913289,0.8207330365467702,1.2037584209904266,60+,30+,30+,9
ADANIENT,2020-07-21,162.2,51.41061639740857,46.985429993810484,27.29283599802989,24.529455070866625,1.148766954377312,-0.008076448828606697,1.148766954377312,112.0,0.03729963008631332,0.08840937114673242,0.3986436498150434,0.6562885326757091,0.8944512946979037,2.035511713933416,7.46806411837238,40-50,25-30,20-25,9
TVSMOTOR,2013-07-31,31.15,35.97200958858743,35.08132934816645,26.344637485445,29.032301916020078,1.141252006420546,-0.05778491171749589,1.141252006420546,145.0,-0.0449438202247191,0.03049759229534521,-0.0160513643659711,0.18298555377207082,0.592295345104334,1.162118780096308,3.728731942215089,30-40,25-30,25-30,9
ADANIPOWER,2021-03-04,14.27,71.46708816982024,68.06899638736857,49.256173625395,53.590607429894554,1.1268395234758235,0.0,1.1268395234758235,96.0,0.05886475122634893,0.25087596355991604,0.3139453398738612,0.33917309039943944,0.3510861948142958,0.3805185704274703,0.6783461807988789,60+,30+,30+,9
ADANIENT,2014-02-24,151.14,58.030264690083925,54.396593902893066,33.43438739685814,35.3535248858647,1.1217414317851002,-0.005425433373031585,1.1217414317851002,81.0,0.05703321423845442,0.26875744342993246,0.31738785232235034,0.7323673415376473,0.9585152838427948,0.9933836178377664,1.8527193330686784,50-60,30+,30+,9
HAL,2020-03-31,260.15,31.961852115304687,31.73794546032846,34.46219200156059,37.224786462035766,1.1123582548529694,-0.05170094176436668,1.1123582548529694,134.0,0.027676340572746705,0.06776859504132227,0.013184701133961196,0.07803190467038257,0.4635787045935038,0.4956755717855086,0.9122813761291564,30-40,30+,30+,9
M&M,2020-04-03,280.7,23.258832375324374,21.531967170992775,76.58927863445084,48.09922279807272,1.0976131100819377,0.0,1.0976131100819377,105.0,0.29266120413252605,0.29390808692554327,0.2719985749910938,0.6489134307089421,0.8870680441752763,1.1656572853580336,1.7589953687210547,20-30,30+,30+,9
IOC,2023-11-01,92.45,47.94629276866988,45.884335327705365,27.22488541900622,19.534206699087452,1.0811249323958898,0.0,0.825851811790157,205.0,0.11898323418063828,0.10005408328826393,0.20335316387236335,0.40941049215792336,0.5976203353163871,0.9118442401297999,0.542671714440238,40-50,25-30,15-20,9
ADANIENT,2018-07-09,76.97,36.64731511780463,35.369761195208575,45.62248839583036,34.30335327290236,1.0619721969598546,0.0,1.037417175522931,100.0,0.19657009224373123,0.5333246719501104,0.7880992594517344,0.9819410159802522,0.6771469403663766,0.9051578537092373,0.7778355203325973,30-40,30+,30+,9
JSWSTEEL,2020-04-08,154.6,32.82278105379192,31.77907809407101,58.98896164034098,46.3044112500802,1.0614489003880982,-0.008732212160413977,1.0614489003880982,195.0,0.10866752910737398,0.04269081500646821,0.09087968952134551,0.2609961190168175,0.23447606727037518,0.8764553686934025,2.9721862871927556,30-40,30+,30+,9
HINDZINC,2009-03-03,29.51,47.12622320574341,42.597801714848174,29.914039688077576,18.979086215314982,1.0349034225686204,-0.0030498136225008965,1.0349034225686204,143.0,0.03015926804473046,0.10538800406641813,0.3924093527617758,0.5672653337851574,0.7963402236529988,1.182311080989495,2.4320569298542867,40-50,25-30,15-20,9
ADANIPOWER,2022-03-23,26.04,58.969836546739785,58.63488295449116,20.573856274216087,32.3125412070445,0.990015360983103,0.0,0.990015360983103,30.0,0.31720430107526876,0.8798003072196623,0.990015360983103,1.518049155145929,0.9512288786482337,2.0096006144393246,0.5468509984639018,50-60,20-25,30+,9
TVSMOTOR,2010-04-07,42.3,68.75814320249579,68.04303968873232,46.1462617727678,27.53967666275405,0.9834515366430263,-0.04539007092198566,0.20449172576832164,310.0,0.0023640661938535423,0.037352245862884326,0.09645390070922,0.2340425531914896,0.3553191489361702,0.74113475177305,0.4184397163120568,60+,30+,25-30,9
COALINDIA,2023-09-04,247.8,57.458778830823064,51.80897241634483,30.68926519204813,26.09694057542065,0.9800242130750603,0.0,0.9800242130750603,260.0,0.12570621468926535,0.13498789346246975,0.16202582728006454,0.2590799031476998,0.43139628732849067,0.8099273607748183,1.0968523002421309,50-60,30+,25-30,9
ADANIENT,2009-03-06,76.87,31.76777556279041,31.728607962718804,14.395626768584684,28.11861231625468,0.9462729283205413,-0.010797450240666029,0.9462729283205413,70.0,0.010667360478730181,0.0014309873812929919,0.3656823208013529,0.839078964485495,1.9561597502276569,1.782880187329257,3.1120072850266682,30-40,<15,25-30,9
M&M,2008-12-05,62.99,28.526545660728488,27.904191501020236,45.13393936520035,53.139221379253804,0.9366566121606603,-0.01222416256548664,0.9366566121606603,145.0,0.17780600095253218,0.28131449436418454,0.175900936656612,0.14605492935386555,0.23543419590411152,1.7656770916018414,3.0763613271947925,20-30,30+,30+,9
SHRIRAMFIN,2005-07-11,14.44,69.54457889165568,68.26017362047345,43.28734450198281,61.20600739677644,0.925207756232687,-0.037396121883656486,0.49099722991689765,136.0,0.08310249307479234,0.056786703601108046,0.1364265927977839,0.4231301939058172,0.6447368421052633,0.5941828254847645,0.32963988919667586,60+,30+,30+,9
MARUTI,2005-09-06,502.85,58.79956358147372,57.65324841241899,30.23743123913623,25.72845855615852,0.9206522819926417,-0.0011931987670279476,0.4973650193894801,287.0,0.035696529780252506,0.13413542806005752,0.14030028835636865,0.105498657651387,0.23157999403400598,0.8286765437009047,0.7748831659540618,50-60,30+,25-30,9
SBIN,2020-11-03,204.75,49.97009995396701,49.0631974380257,29.08923053075096,18.04027133098211,0.91990231990232,0.0,0.91990231990232,94.0,0.1316239316239316,0.1731379731379732,0.25177045177045176,0.37264957264957266,0.5174603174603174,0.7123321123321125,1.5770451770451768,40-50,25-30,15-20,9
JSWSTEEL,2006-02-14,19.21,34.508159632000954,32.90366998058353,20.871572069565023,25.595603590448295,0.9130661114003122,-0.018219677251431587,0.350858927641853,128.0,0.015096304008328953,0.06767308693388863,0.27641853201457556,0.9130661114003122,0.5330557001561687,0.2826652785007808,1.317022384174909,30-40,20-25,25-30,9
ADANIENT,2013-09-10,84.66,29.51315729629055,28.243767635356846,60.4629120868019,36.28627596206338,0.9107016300496102,-0.03319158988896764,0.9050318922749823,85.0,-0.03283723127805338,0.04972832506496583,0.12378927474604295,0.6722182849043232,0.9955114575950863,1.2650602409638556,2.6236711552090712,20-30,30+,30+,9
TITAN,2016-12-01,324.9,36.74461992939792,34.17840457658083,42.126232430707226,42.60189734226025,0.8811942136041861,-0.05247768544167419,0.8811942136041861,246.0,0.005232379193598202,-0.029393659587565235,0.027854724530624875,0.14327485380116967,0.34856879039704536,0.4459833795013852,1.4784549092028318,30-40,30+,30+,9
BAJFINANCE,2009-06-01,1.48,78.17107883592925,76.19582928985874,64.30298532230272,59.534668033464776,0.8783783783783783,-0.08108108108108103,0.8716216216216217,133.0,0.16216216216216206,0.04729729729729737,0.04054054054054057,0.25,0.33783783783783794,0.8918918918918919,2.087837837837838,60+,30+,30+,9
EICHERMOT,2006-08-09,22.07,42.344740536886924,42.25967666522622,42.98347975658674,26.28947281632584,0.8667874943362031,-0.008155867693701802,0.6483914816492977,169.0,0.09968282736746703,0.03398278205709104,0.07204349796103315,0.5700045310376076,0.8536474852741276,0.7127322156773899,0.6452197553239694,40-50,30+,25-30,9
DIVISLAB,2007-03-30,153.74,55.00851506034338,53.46391021120171,20.891097495763695,27.625275642057286,0.8596981917523092,-0.019903733576167593,0.8596981917523092,80.0,0.09086769871211131,0.11669051645635475,0.1863535839729411,0.6306101209834785,0.9065955509301418,0.9725510602315597,1.063288669181735,50-60,20-25,25-30,9
BAJAJFINSV,2016-06-08,186.02,54.636101004419245,54.54447717765607,21.570589810077745,27.050317026588566,0.8594237178797977,-0.04752177185248896,0.544027523922159,204.0,0.046607891624556474,0.08891517041178365,0.23965165036017622,0.42027738952800764,0.652241694441458,0.6297709923664123,1.3008278679711855,50-60,20-25,25-30,9
ADANIGREEN,2026-03-20,863.1,38.76251810972315,38.124569663669256,32.53664579203103,29.390024873680442,0.8589966400185378,-0.06511412350828416,0.49808828640945424,152.0,-0.035453597497393186,0.06719962924342493,0.3355347004982041,0.5963387788205305,0.7458000231722859,,,30-40,30+,25-30,9
HAL,2023-11-08,2044.55,57.70002567938518,55.224702379240924,35.74008215180366,43.765835419387194,0.8564965395808368,-0.0067251962534543575,0.8564965395808368,167.0,0.0227189357071238,0.033039055048788235,0.3370423809640264,0.4651634834071068,0.4469932258932283,0.8666210168496735,1.1685945562593236,50-60,30+,30+,9
RELIANCE,2009-03-13,144.37,42.391381090828034,42.25289516968236,41.64741093293475,16.420855949976456,0.843527048555794,0.0,0.5902888411719887,167.0,0.042806677287525075,0.20599847613770184,0.38103484103345564,0.5261480917088037,0.7934473921174761,0.688508692941747,0.6010251437279213,40-50,30+,15-20,9
EICHERMOT,2009-07-30,36.7,77.28259054567634,76.23959464905607,64.21330735142315,58.82495098424695,0.841144414168937,0.0,0.5561307901907355,210.0,0.12915531335149844,0.14986376021798353,0.21117166212534055,0.5117166212534059,0.3904632152588554,0.5493188010899182,1.6814713896457762,60+,30+,30+,9
ADANIGREEN,2023-03-03,561.75,19.903933215910868,17.577158667250835,68.65765370237808,46.25319901100937,0.8323987538940809,0.0,0.6929238985313753,126.0,0.21530930129060977,0.45304850912327543,0.49078771695594137,0.7350244770805519,0.7693813974187806,0.7276368491321763,2.509301290609702,0-20,30+,30+,9
JSWSTEEL,2013-07-31,56.59,33.77165810026661,33.553747054245726,54.83117457434058,40.208922362320706,0.827708075631737,-0.13871708782470404,0.5845555751899629,217.0,-0.0784590917123168,-0.055133415797844254,-0.04311715850857045,0.28945043293868156,0.5241208694115567,0.6163633150733343,1.0857041880190845,30-40,30+,30+,9
TCS,2009-06-10,195.45,71.5745018434099,69.27274880352414,50.57652648494583,48.45142541536883,0.7882834484522896,-0.06206190841647474,0.7882834484522896,167.0,-0.031056536198516227,-0.023381939114863082,0.010846763878229693,0.37897160399079044,0.41893067280634444,0.789204400102328,0.9199283704272194,60+,30+,30+,9
KOTAKBANK,2007-03-02,21.48,26.42942749664332,24.594548665006705,53.2215770517569,63.525988705422385,0.787243947858473,-0.03864059590316582,0.7756052141527001,154.0,0.020018621973929118,0.0,0.06797020484171323,0.28724394785847296,0.3324022346368716,0.6280260707635008,0.6955307262569832,20-30,30+,30+,9
HINDALCO,2020-03-30,88.8,22.733838594348793,22.70695755577434,80.50318296616416,58.406559693961114,0.7832207207207207,0.0,0.6486486486486487,95.0,0.17060810810810811,0.28153153153153143,0.3096846846846848,0.5636261261261262,0.642454954954955,0.8885135135135134,2.6745495495495497,20-30,30+,30+,9
ADANIPORTS,2020-11-05,368.65,55.47442553899701,54.10243503866803,19.278261836729023,14.784407905075435,0.7787874677878748,-0.008544690085446893,0.7787874677878748,104.0,-0.0016275600162755088,0.035941950359419605,0.2789909127899093,0.3533161535331615,0.5193272751932729,1.0853112708531127,0.9814186898141872,50-60,15-20,<15,9
M&M,2005-11-14,100.18,67.91746294856684,65.64439182628865,38.093010824656986,53.86665809852181,0.7712118187262926,0.0,0.4477939708524654,221.0,0.028049510880415074,0.1867638251147934,0.2804951088041525,0.2970652824915152,0.49031742862846883,0.6631064084647635,1.0556997404671589,60+,30+,30+,9
BAJFINANCE,2005-06-01,2.05,80.14482275944118,79.56990513670429,49.31523441640819,91.0730543024424,0.7707317073170732,0.0,0.47804878048780486,175.0,0.08292682926829298,0.102439024390244,0.18536585365853675,0.3170731707317076,0.3170731707317076,0.5658536585365854,0.8439024390243903,60+,30+,30+,9
ASIANPAINT,2009-03-17,74.15,32.054183526660324,28.664887029001747,54.4839740208703,47.55329569259099,0.766284558327714,0.0,0.766284558327714,129.0,0.025488873904248255,0.060552933243425366,0.21915037086985834,0.3385030343897504,0.5762643290627105,0.8377612946729602,1.6559676331759943,20-30,30+,30+,9
INFY,2020-03-30,626.7,42.457947704341905,41.56790867909734,35.38244369719461,36.646605613632715,0.7660762725386945,-0.0654220520185097,0.7660762725386945,193.0,0.0196266156055529,0.017073559917025527,0.0795436412956756,0.10260092548268696,0.1676240625498644,0.6122546673049305,1.2104675283229613,40-50,30+,30+,9
AXISBANK,2020-10-06,449.65,50.390761106883794,48.24197110208294,25.34286199180796,18.517139060494877,0.7658178583342601,0.0,0.5748915823418215,204.0,0.026020237962860016,0.09852107194484594,0.1993772934504614,0.3771822528633382,0.3893027910597133,0.5239630823974204,0.7323473812965642,40-50,25-30,15-20,9
BAJAJ-AUTO,2009-05-13,368.78,70.31333175338416,69.51947647432965,23.62331542798817,38.62924800109626,0.7648191333586423,0.0,0.7648191333586423,82.0,0.19637724388524336,0.23821790769564521,0.3650414881501167,0.38198926189055804,0.4901296165735669,0.992515863116221,1.9877704864688974,60+,20-25,30+,9
BAJFINANCE,2008-10-20,0.7,23.02708347967821,22.50423832808279,37.43978110058025,60.20473693741062,0.7571428571428573,-0.34285714285714275,0.7571428571428573,212.0,-0.042857142857142705,0.0,-0.02857142857142847,-0.09999999999999998,-0.17142857142857149,0.17142857142857149,2.9714285714285715,20-30,30+,30+,9
ADANIPOWER,2018-05-31,4.03,31.69282677237922,30.609729668614612,39.67579065678219,48.80331719690432,0.7568238213399503,-0.23325062034739463,0.6153846153846152,134.0,-0.042183622828784184,-0.04962779156327546,-0.23325062034739463,0.4416873449131511,0.7493796526054588,1.5111662531017367,1.498759305210918,30-40,30+,30+,9
LT,2020-10-05,896.95,45.15167199701269,44.74975742577289,25.66738598607702,21.91864716138919,0.7464184179720161,-0.017726740620993442,0.5425609008305923,218.0,0.009811026255644117,0.006633591616032053,0.0478287529962651,0.28156530464351404,0.46563353587156464,0.5650816656446846,0.9139305423936674,40-50,25-30,20-25,9
ADANIGREEN,2023-11-07,932.15,46.337941077360654,43.00384760217204,31.29249513249513,19.97730059232184,0.7423697902698065,-0.01898836024245021,0.7202703427559942,56.0,0.019310196856729078,-0.005953977364158036,0.7423697902698065,0.8023386793970928,0.7901088880544977,0.8952421820522449,0.846430295553291,40-50,30+,15-20,9
BAJAJFINSV,2020-11-05,605.52,48.414698403160614,45.898834639316036,23.147943795889137,23.058732773068893,0.7402728233584357,0.0,0.6665675782798257,173.0,0.16035803937111903,0.29201347602061056,0.49491346280882564,0.46961289470207435,0.5748447615272825,0.8143909367155504,2.025449200687013,40-50,20-25,20-25,9
DIVISLAB,2006-06-21,62.58,38.30560324065625,37.571180043609665,55.00488830202472,43.540945138387606,0.7221156919143497,0.0,0.657877916267178,86.0,0.019175455417066223,0.11792905081495686,0.09060402684563762,0.44375199744327265,0.6927133269415151,1.317034196228827,3.8520294023649724,30-40,30+,30+,9
HINDZINC,2024-04-01,306.15,42.12021155628112,40.54324849627172,38.23643144457692,31.696068945995677,0.7164788502368122,0.0,0.7164788502368122,39.0,0.12493875551200384,0.33023027927486526,0.4113996406990039,1.2448146333496655,1.1451902662093745,0.7066797321574394,0.48211660950514457,40-50,30+,30+,9
SBIN,2006-06-25,71.14,38.305670196298166,37.963381247342625,20.796152309111147,35.648642101927344,0.7147877424796176,-0.08434073657576613,0.7147877424796176,156.0,-0.015181332583637852,-0.03261175147596296,-0.007590666291819037,0.1599662637053696,0.28732077593477645,0.6113297722800111,0.9225470902445883,30-40,20-25,30+,9
BEL,2014-05-15,13.45,68.93715142378787,68.30208052071369,39.163274115834774,50.757227341710454,0.7063197026022305,0.0,0.5851301115241636,109.0,0.1851301115241637,0.1851301115241637,0.371003717472119,0.35092936802974006,0.3063197026022306,0.724907063197026,1.371003717472119,60+,30+,30+,9
BEL,2020-05-14,21.22,34.015811938957334,32.01980250911414,35.477294920229966,33.382592370964694,0.7012252591894441,-0.02120640904806781,0.6625824693685205,89.0,-0.010367577756833168,0.09425070688030157,0.11451460885956655,0.5471253534401508,0.7379830348727618,0.4985862393967957,1.2516493873704055,30-40,30+,30+,9
BAJAJ-AUTO,2008-12-05,157.48,25.911205686303106,23.832406676854063,59.75159224159593,56.80188114319362,0.6988188976377951,0.0,0.6513208026416055,98.0,0.24364998729997467,0.2836550673101348,0.39751079502159015,0.46018542037084087,0.5468630937261876,2.5492125984251968,4.1552578105156215,20-30,30+,30+,9
M&M,2009-05-04,136.45,69.96371935977987,69.08258494088852,51.5712838743512,39.06918908971176,0.6983510443385859,-0.0960058629534628,0.6983510443385859,92.0,-0.0783437156467569,0.16518871381458422,0.2767314034444852,0.35346280688897047,0.6836203737632833,0.6384756320996703,0.8975448882374499,60+,30+,30+,9
ADANIPOWER,2026-03-13,146.57,51.640403805164915,50.657074216014315,33.44201029329806,18.098738914584445,0.6982329262468445,0.0,0.39196288462850526,159.0,0.03390871256055128,0.050146687589547545,0.2372927611380229,0.4302381114825682,0.47035546155420627,,,50-60,30+,15-20,9
TVSMOTOR,2014-03-22,99.05,79.62632538907224,78.67215677583795,55.86279189446512,67.5688643991779,0.6956082786471478,-0.1267036850075719,0.6956082786471478,102.0,-0.01968702675416456,-0.035840484603735456,-0.0984351337708228,0.20898536092882392,0.45330641090358403,1.2382635032811713,1.6910651186269563,60+,30+,30+,9
KOTAKBANK,2007-09-12,37.43,59.26680469397238,58.62208798474792,17.26205865288001,33.85129715401069,0.695164306705851,0.0,0.695164306705851,83.0,0.11888859203847191,0.2185412770504942,0.2893401015228425,0.24792946834090301,0.7608869890462195,-0.18968741651082022,-0.18567993588030984,50-60,15-20,30+,9
JSWSTEEL,2011-12-28,51.38,38.548393835611705,37.929922177617684,39.66434119404687,46.14560346288967,0.6919034643830284,-0.012845465161541503,0.460685091475282,111.0,0.1401323472168159,0.2432853250291942,0.2888283378746592,0.4766446087971974,0.4400544959128063,0.2600233553912026,0.5688984040482676,30-40,30+,30+,9
BHARTIARTL,2009-03-23,267.31,38.57471235989394,37.97776747585095,41.453359860952126,34.85192464792056,0.6911825221652763,-0.003703565149077881,0.4278552990909432,126.0,0.027758033743593646,0.11219183719277237,0.20130185926452437,0.449104036511915,0.3329467659272005,0.444876734877109,0.03726010998466189,30-40,30+,30+,9
ADANIENT,2026-04-06,1902.2,36.732544625977184,33.89772189117775,48.33810962767789,48.55689231700596,0.6886236988749868,-0.010566712227946695,0.5720218694143624,135.0,0.1192303648407107,0.1721164966880453,0.335453685206603,0.6024603091157605,0.6857323099568919,,,30-40,30+,30+,9
ADANIENT,2007-07-12,92.29,75.85952079385814,74.75911628014916,63.38220080712029,24.19664723549007,0.6755878209990245,0.0,0.6755878209990245,74.0,0.07909849387799328,0.10521183226785125,0.1683822732690432,0.24444685231335983,1.5187994365586737,3.134034023187777,1.0943764221475782,60+,30+,20-25,9
TVSMOTOR,2017-04-11,473.8,71.96249766742133,69.66362963959223,39.999759446274545,46.94212711631357,0.6569227522161247,-0.006964964119881789,0.4369987336428873,321.0,-0.006964964119881789,0.03281975517095814,0.054769945124525155,0.16610384128324185,0.20546644153651328,0.42982271000422134,0.3295694385816801,60+,30+,30+,9
TITAN,2009-05-05,39.74,45.70260444326658,43.89628959669275,23.226618526756017,22.568813034596193,0.6562657272269752,0.0,0.6562657272269752,80.0,0.0825364871665828,0.2468545546049319,0.4559637644690486,0.5518369401107197,0.5176144942123804,0.5973829894313034,1.761449421238047,40-50,20-25,20-25,9
ADANIENT,2006-11-10,47.47,59.44815375382059,59.06862121772451,31.073642774212658,37.3657945427316,0.656203918264167,-0.03623341057509999,0.3216768485359176,138.0,0.026964398567516312,0.331788497998736,0.6064883084053088,0.4790393933010322,0.5626711607330948,0.4605013692858648,4.150200126395618,50-60,30+,30+,9
ADANIPOWER,2020-11-03,7.21,46.801723055644615,44.748616884144724,28.916793296573434,16.685272504860848,0.653259361997226,0.0,0.4826629680998613,66.0,0.00832177531206657,0.04022191400832176,0.5020804438280166,0.3925104022191399,0.4521497919556172,1.650485436893204,1.8640776699029122,40-50,25-30,15-20,9
TITAN,2010-07-12,125.43,79.38034812346757,79.12398281390415,47.85449227242488,61.59680786967388,0.6530335645379892,0.0,0.3856334210316512,225.0,0.05580802040979038,0.11504424778761058,0.10531770708761834,0.18671769114246972,0.34377740572430837,0.312285737064498,0.7727019054452682,60+,30+,30+,9
BAJAJ-AUTO,2023-11-20,5650.15,71.75193369946142,70.99226147533028,47.25430733930917,54.671227083259126,0.652248170402556,0.0,0.6365494721379079,197.0,0.06159128518711898,0.09761687742803282,0.12642142244011234,0.26307266178774036,0.5061016079219138,0.5599320372025522,0.6894595718697736,60+,30+,30+,9
HINDALCO,2009-05-04,61.45,54.21535465601486,52.685882908389075,33.55470936816769,34.64471501860425,0.6501220504475183,0.0,0.5150528885272578,84.0,0.08706265256305934,0.3010577705451587,0.518307567127746,0.3637103336045564,0.7624084621643612,0.7737998372660699,1.6517493897477622,50-60,30+,30+,9
TATASTEEL,2020-04-01,26.64,35.22607683323403,34.620685714911765,39.79511778701333,47.9296259229696,0.6467717717717716,-0.04729729729729737,0.47860360360360366,198.0,0.03153153153153143,0.07057057057057059,0.027027027027026973,0.18318318318318316,0.22635135135135132,0.35510510510510507,2.239864864864865,30-40,30+,30+,9
TATASTEEL,2008-10-24,17.8,20.4138835411513,20.192030553425962,60.94288796125485,47.83264735500809,0.646067415730337,-0.16404494382022472,0.4786516853932583,192.0,0.17865168539325849,0.06460674157303359,-0.12359550561797761,0.24438202247191,0.007303370786516883,0.35337078651685383,2.0325842696629213,20-30,30+,30+,9
RELIANCE,2007-09-03,220.11,63.88534507000742,62.5977165256674,27.493912501829236,37.101230936532275,0.6449956839761934,0.0,0.3031211666893825,175.0,0.014129298986870209,0.03593657716596255,0.223660896824315,0.38576166462223416,0.4989323520058153,0.17772931715960194,0.13011675980191706,60+,25-30,30+,9
SBIN,2009-03-18,96.03,35.91894351383523,34.31562778822411,45.12572396378125,41.2987270554397,0.6417786108507757,-0.005831510986150201,0.6417786108507757,61.0,0.09330417577840255,0.12194106008538985,0.35874205977298756,0.6417786108507757,0.7851713006352181,1.0373841507862127,1.1136103301051756,30-40,30+,30+,9
ADANIENT,2023-03-02,1558.21,33.913632768089634,30.924262255437128,49.27558554451309,54.24280806727692,0.6386430583810909,-0.003978924535203876,0.5045597191649394,144.0,0.2152148940130021,0.14718170208123427,0.06856585440986773,0.1944988159490697,0.5513185000738028,0.5594688777507524,1.0648628875440407,30-40,30+,30+,9
HINDZINC,2016-04-20,174.95,75.28552283985766,75.12923063042192,52.78091448153205,55.68126778637723,0.6333238068019436,-0.07716490425835953,0.6333238068019436,271.0,-0.011717633609602651,-0.05201486138896827,-0.07716490425835953,0.00971706201771938,0.09974278365247224,0.3738210917404974,0.613889682766505,60+,30+,30+,9
ADANIPOWER,2023-02-21,34.2,26.237220334039616,25.341702256867478,65.27746878376671,53.89262954174367,0.632456140350877,-0.18508771929824563,0.5119883040935671,157.0,-0.1444444444444445,0.09122807017543844,0.1777777777777778,0.1777777777777778,0.44970760233918106,0.899707602339181,2.1622807017543857,20-30,30+,30+,9
EICHERMOT,2007-04-24,25.01,32.226607275550435,30.589576997444603,45.43164487775749,44.15861718743611,0.6221511395441823,0.0,0.6221511395441823,149.0,0.09956017592962807,0.021191523390643674,0.1571371451419432,0.4222311075569771,0.4646141543382647,0.9308276689324269,0.09356257497001197,30-40,30+,30+,9
ADANIENT,2019-10-16,155.26,56.500597380790076,52.21980755450029,34.74823751682831,16.146025256193735,0.6150972562153807,-0.24507278114131137,-0.11052428184980034,176.0,0.10182918974623223,0.222336725492722,0.2713512817209842,0.314440293700889,0.3384645111425997,-0.08830349091845924,0.9176220533298984,50-60,30+,15-20,9
ADANIENT,2009-05-18,164.58,69.97094842769145,69.7339337007471,45.731458640022254,47.0897916817932,0.6123465791712237,0.0,0.2723295661684286,150.0,0.20689026613197226,0.34262972414631165,0.3611617450480009,0.5310487301008626,0.3873496172074371,0.5563251913962812,1.2336249848098189,60+,30+,30+,9
HAL,2025-03-03,3187.05,29.00726305287506,28.330634962445384,50.61568677238246,37.299885831722875,0.6089173373495864,0.0,0.3820931582497922,186.0,0.0724337553536969,0.07933669067005544,0.32862678652672517,0.4095793916003827,0.5742143988955304,0.38987464897005064,0.21642271065719076,20-30,30+,30+,9
SHRIRAMFIN,2025-09-08,596.75,40.156250559762825,39.521621371751024,34.58640027930363,21.90278460820866,0.6050272308336824,-0.0029325513196480912,0.6050272308336824,106.0,0.04507750314201919,0.052115626309174656,0.1175534143276078,0.36799329702555506,0.39798910766652695,0.6542940930037704,,30-40,30+,20-25,9
ADANIENT,2014-12-26,274.18,45.128429427566374,43.542383089040094,28.188771547657915,16.457476847685456,0.5937340433291998,0.0,0.5624042599751988,129.0,0.08724195783791666,0.1186811583631191,0.23936829819826388,0.5725435845065285,0.3281420964330002,-0.7855058720548544,-0.8145378948136262,40-50,25-30,15-20,9
GRASIM,2008-11-04,184.38,27.245881622416697,23.77734601229179,67.66169818532838,54.23020833637422,0.5935025490834147,-0.2166178544310663,0.5917127671114004,174.0,-0.06638464041653114,-0.1352098926130817,-0.17773077340275512,0.091550059659399,0.05309686516975809,0.5916042954767327,0.9185378023646817,20-30,30+,30+,9
BEL,2014-12-02,25.4,67.68225990516356,66.9554896836261,50.94359549384516,60.57856616026261,0.5881889763779531,0.0,0.46456692913385855,127.0,0.13149606299212602,0.054724409448818845,0.16889763779527578,0.3614173228346458,0.44842519685039384,0.4350393700787403,0.4535433070866144,60+,30+,30+,9
JSWSTEEL,2007-09-05,68.24,58.951807564570174,55.979855399064576,34.56933171359491,25.99955442136184,0.5861664712778429,-0.015973036342321056,0.5861664712778429,90.0,-0.0013188745603749386,0.03399765533411503,0.24706916764361075,0.33851113716295433,0.5861664712778429,0.48783704572098485,0.07180539273153586,50-60,30+,25-30,9
ADANIPOWER,2014-02-07,7.11,46.33913777398048,45.33846089275618,42.58830432749859,18.260588704114994,0.5836849507735582,-0.07454289732770747,0.5639943741209563,98.0,-0.07454289732770747,0.028129395218002617,0.1518987341772151,0.5682137834036567,0.3220815752461321,0.5963431786216595,0.3052039381153304,40-50,30+,15-20,9
SHRIRAMFIN,2007-10-30,51.78,78.66857838675219,77.64941454814797,35.75542887193869,87.31334017826453,0.5751255310930861,0.0,0.20992661259173429,199.0,0.025106218617226617,0.05175743530320576,0.18095789880262636,0.5372730784086519,0.4754731556585554,0.21108536114329857,-0.22190034762456545,60+,30+,30+,9
BAJAJFINSV,2011-12-23,42.26,36.25974136261602,32.45110149787856,35.28882077890534,31.931486815108926,0.5728821580690961,-0.01017510648367248,0.5728821580690961,102.0,0.015617605300520587,-0.0018930430667297715,0.06389020350212982,0.37387600567912926,0.4226218646474207,0.546852815901562,1.1026975863700899,30-40,30+,30+,9
EICHERMOT,2008-03-25,24.19,33.460027260542574,33.36322495660249,42.44040262031589,29.79462302812825,0.5700702769739561,-0.04051260851591565,0.03513848697808997,119.0,0.03017775940471279,0.01736254650682101,0.1372467961967756,0.5700702769739561,0.13807358412567172,0.10169491525423724,-0.12649855312112457,30-40,30+,25-30,9
HINDZINC,2009-09-10,72.51,70.74697712142373,70.29281389243941,35.62192656389891,57.51318556286447,0.5669562818921527,-0.03144393876706664,0.39677285891601155,174.0,0.001654944145635051,-0.012825817128672035,0.008688456764584185,0.11032960970900563,0.4112536201903185,0.4531788718797407,0.3261619087022478,60+,30+,30+,9
ADANIPORTS,2014-02-10,148.05,49.05243648211474,48.17136751644109,37.34362746812112,26.43175884484716,0.56467409658899,-0.02634245187436679,0.56467409658899,98.0,0.02127659574468077,0.11111111111111094,0.24045930428909146,0.3080040526849037,0.38196555217831807,0.8237082066869299,1.1469098277608918,40-50,30+,25-30,9
ULTRACEMCO,2009-03-23,509.85,60.29814636435975,60.08848673786545,45.85791533673909,24.969229244300074,0.5645778170050015,0.0,0.5645778170050015,126.0,0.04138472099637158,0.055114249289006656,0.11238599588114151,0.2944003138177895,0.28851623026380313,0.5373148965381973,1.1790722761596548,60+,30+,20-25,9
ADANIPOWER,2018-10-15,6.97,57.89406882517366,53.96753468495789,45.95399044838262,37.71980864239288,0.5624103299856529,-0.05308464849354377,0.5624103299856529,44.0,-0.043041606886657036,0.21377331420373036,0.41463414634146334,0.5007173601147779,0.42180774748923966,0.5667144906743184,0.7761836441893832,50-60,30+,30+,9
BAJAJFINSV,2010-04-30,34.4,53.146846050553364,50.61563274261054,18.269831674609005,15.513221199642967,0.5613372093023257,-0.014244186046511675,0.2633720930232559,96.0,0.15697674418604657,0.5613372093023257,0.28197674418604657,0.2779069767441862,0.25465116279069755,0.3773255813953489,0.5162790697674418,50-60,15-20,15-20,9
EICHERMOT,2009-04-24,19.91,43.764399899126296,42.966710505639085,15.766011374308743,19.970441804512692,0.5600200904068307,-0.013561024610748373,0.5600200904068307,53.0,-0.007533902561526751,0.07483676544450013,0.4987443495730788,0.5484681064791561,0.6544450025113007,1.6649924660974387,2.505775991963837,40-50,15-20,15-20,9
ADANIPORTS,2008-03-31,115.75,37.31685487812223,34.77071431537081,42.06270556113668,49.43969600179679,0.5574082073434126,-0.23395248380129585,-0.055982721382289435,102.0,0.02531317494600427,0.11023758099352055,0.3134341252699784,0.3657019438444926,-0.14617710583153354,-0.2693736501079914,-0.44138228941684665,30-40,30+,30+,9
IOC,2016-06-27,70.17,55.010357945776704,54.92757498918821,16.03340804826684,14.414731824823654,0.5546529856063844,0.0,0.5073393187972066,183.0,0.141941000427533,0.13481544819723523,0.2730511614650135,0.3622630753883427,0.40658401026079516,0.4628758728801483,0.8544962234573179,50-60,15-20,<15,9
SUNPHARMA,2009-03-12,102.76,40.42661259908249,38.926268083101576,36.73295551163996,26.986668082436246,0.5473919813156869,-0.034643830284157295,0.21068509147528203,127.0,-0.005838847800700764,0.04505644219540672,0.11775009731412989,0.2584663293110159,0.29155313351498635,0.18304787855196558,0.6110354223433243,30-40,30+,25-30,9
HINDALCO,2021-02-10,279.4,66.10642065753095,65.69213698836755,38.72450871045329,34.225952854588606,0.5238010021474591,0.0,0.4899785254115965,168.0,0.08768790264853266,0.19112383679312828,0.18181818181818188,0.20329277022190406,0.4774516821760917,0.5558339298496779,0.9586614173228347,60+,30+,30+,9
BAJFINANCE,2007-11-09,3.26,36.68486243109156,31.03628496652457,36.52104295323404,36.6363274349081,0.5214723926380369,-0.07668711656441718,0.29754601226993893,102.0,-0.07668711656441718,-0.033742331288343475,0.015337423312883569,0.5214723926380369,0.1901840490797546,-0.08895705521472386,-0.7883435582822086,30-40,30+,30+,9
TATASTEEL,2013-08-05,19.81,20.915117721351564,19.709627956722805,69.46515041560818,54.78300932199516,0.5184250378596669,-0.04644119131751634,0.458354366481575,65.0,0.13780918727915203,0.1872791519434629,0.39424533064109046,0.38717819283190313,0.6294800605754671,0.6501766784452296,1.7036850075719339,0-20,30+,30+,9
ICICIBANK,2020-11-03,443.85,58.46749821371375,55.874417679636515,35.553740069396326,23.82382401447969,0.5184183845893884,-0.015320491156922356,0.39990987946378276,176.0,0.0901205362171904,0.09586572040103625,0.08561450940633097,0.19792722766700477,0.3603694941984903,0.3444857496902105,0.7707558859975217,50-60,30+,20-25,9
AXISBANK,2012-01-04,169.63,33.902365139726314,33.08249311602748,43.28584740965853,31.39286834829982,0.5181276896775333,0.0,0.4627129635088134,69.0,0.10080764015799093,0.10033602546719345,0.29617402582090446,0.3558922360431527,0.38631138359959905,0.21358250309497162,0.6388020986853742,30-40,30+,30+,9
JSWSTEEL,2008-10-29,22.96,22.04984417618238,21.019714110448643,67.91251886886117,52.018115509926886,0.5169860627177698,-0.25696864111498263,-0.25696864111498263,125.0,0.47212543554006947,0.27613240418118457,-0.18031358885017423,-0.04790940766550533,-0.1554878048780488,0.4542682926829269,2.1175958188153308,20-30,30+,30+,9
HDFCBANK,2007-08-30,59.03,53.077210236037686,51.744439603022165,22.800039748258968,24.67324907573364,0.5153311875317634,-0.0074538370320176295,0.1367101473826866,207.0,0.003388107741826074,0.027951888870066055,0.19566322209046239,0.3950533626969337,0.3606640691173979,0.2324241910892766,0.08148399119091998,50-60,20-25,20-25,9
BAJAJFINSV,2016-12-30,289.48,48.38470373672007,47.44971727470722,32.752039128065846,40.038629049048225,0.5112615724747824,0.0,0.5112615724747824,102.0,0.02894845930634249,0.0431117866519275,0.10733038551886143,0.35214868039242786,0.4027221224264197,0.4191654000276357,0.786582838192621,40-50,30+,30+,9
SBIN,2014-02-19,150.81,36.74061140787227,35.16756721023899,41.95971746283587,24.909864510165228,0.5092500497314503,-0.018234865061998562,0.5092500497314503,83.0,0.008155957827730154,0.04542139115443278,0.12870499303759697,0.3739805052715337,0.6753530932962004,0.605463828658577,1.0048405278164578,30-40,30+,20-25,9
KOTAKBANK,2020-10-06,267.65,48.63132985680808,46.71494510147217,30.315668796344017,14.434300983953886,0.5079021109658135,-0.021445918176723144,0.483990285821035,132.0,0.005006538389688231,0.022828320567905847,0.25197085746310477,0.3603960396039605,0.46874649729123874,0.3145525873342052,0.4614235008406502,40-50,30+,<15,9
ADANIPORTS,2016-05-30,190.25,39.78156264482684,38.57914090287999,45.1350930439047,45.636420907886176,0.5019710906701709,0.0,0.5014454664914585,147.0,0.07069645203679364,0.06491458607095923,0.06727989487516428,0.22155059132720112,0.38028909329829186,0.43363994743758205,0.7889618922470434,30-40,30+,30+,9
LT,2014-02-19,687.54,56.67538859930151,53.83941798942407,18.34516781022585,20.396810028121664,0.5012508363149781,0.0,0.5012508363149781,96.0,0.06335631381446905,0.08924571661285174,0.17966954649911293,0.28239811501876266,0.4635366669575589,0.46997992844052705,0.646987811618233,50-60,15-20,20-25,9
BAJFINANCE,2020-04-17,230.82,35.61470490870775,32.62673768890402,44.313140656799554,50.93297225116936,0.5008664760419375,-0.2076076596482107,0.5008664760419375,112.0,-0.14379169915951828,-0.09899488779135257,-0.16012477255003887,0.024607919591023375,0.3884412096005547,0.4609219305086214,0.940733038731479,30-40,30+,30+,9
JSWSTEEL,2021-04-01,508.75,73.74603302093888,72.34434983693936,40.58159317820619,36.61494353788616,0.5002457002457001,0.0,0.32432432432432434,194.0,0.20707616707616716,0.23656019656019667,0.42162162162162153,0.39734643734643726,0.34427518427518433,0.298968058968059,0.43921375921375927,60+,30+,30+,9
BAJFINANCE,2012-07-11,9.12,66.54045116852326,66.40606488680918,48.16150827553291,37.73002406983922,0.4978070175438598,0.0,0.28399122807017574,281.0,0.05263157894736836,0.13925438596491246,0.1831140350877194,0.11403508771929838,0.25767543859649145,0.47587719298245634,0.5888157894736843,60+,30+,30+,9
ADANIENT,2022-07-05,2177.91,58.33879615699019,57.89619984679596,15.047779563325419,21.233080727634725,0.49382205876275886,0.0,0.4897080228292261,62.0,0.053060043803462964,0.09118834111602414,0.21240087974250543,0.4897080228292261,0.40546211735103843,0.7098961848744898,0.06797342406251872,50-60,15-20,20-25,9
TITAN,2005-11-08,27.66,58.968300640806476,56.013816344452245,47.42423029016775,40.717507824561075,0.4920462762111353,0.0,0.4360086767895879,99.0,0.04266088214027475,0.12328271872740415,0.40925524222704257,0.3488792480115692,0.28271872740419357,0.4370932754880694,0.3420101229211858,50-60,30+,30+,9
SBIN,2011-12-27,164.37,38.48785077160735,38.37792214914103,29.34184022256281,37.97672198976146,0.4919997566465901,-0.020380848086633763,0.37804952241893286,111.0,0.03771977854839692,0.03583378962097705,0.24146742106223762,0.2915373851676095,0.28819127578025183,0.2867311553203138,0.4424164993611972,30-40,25-30,30+,9
HINDUNILVR,2013-02-15,454.55,39.197738652636545,36.558625201976895,30.75930235118523,50.200122708797586,0.4889671103288966,-0.06252337476625236,0.4847651523484764,154.0,-0.014497855021449846,-0.020107798922010756,0.0029259707402926605,0.05130348696513032,0.26109338906610935,0.33435265647343515,0.21240787592124089,30-40,30+,30+,9
TCS,2013-07-01,746.17,51.00465068297641,50.6189175047079,29.955666209575135,20.375245729107863,0.4845142527842181,-0.0017020250077059984,0.4209630513153839,172.0,0.009595668547382141,0.10012463647694236,0.2165458273583769,0.36242411246766837,0.2917967755337256,0.44475119610812563,0.6020209871745048,50-60,25-30,20-25,9
BEL,2023-03-31,97.55,43.92902105995364,38.367409284514935,26.183908673997145,44.24508185533631,0.4833418759610455,-0.009738595592004184,0.43106099436186573,226.0,0.024090210148641766,0.03946694003075346,0.06919528446950274,0.14044079958995392,0.28908252178370075,0.4003075345976421,1.1640184520758585,30-40,25-30,30+,9
HINDALCO,2014-02-28,105.35,37.90837032674699,32.62723046041389,50.807352874064826,28.111972217268825,0.48267679164689126,0.0,0.48267679164689126,81.0,0.18224964404366406,0.09349786426198392,0.345514950166113,0.3023255813953487,0.41718082581869975,0.6355007119126723,0.45087802562885626,30-40,30+,25-30,9
HINDALCO,2020-11-06,188.15,55.91905427490208,55.84010822475405,31.87685602334694,21.847744724747006,0.4825936752591016,0.0,0.4778102577730534,95.0,0.11905394631942601,0.14562848790858363,0.3353707148551688,0.33032155195322876,0.391708743024183,0.9511028434759501,1.496943927717247,50-60,30+,20-25,9
ONGC,2007-08-30,140.12,45.15858914369703,43.95902356389091,36.699845090252644,18.78637866355538,0.4825149871538681,-0.015486725663716894,0.4825149871538681,62.0,-0.004210676562946047,-0.0058521267485012185,0.18883813873822453,0.47009705966314597,0.3681844133599772,0.22345132743362828,0.21717099628889525,40-50,30+,15-20,9
TATASTEEL,2009-05-19,32.95,61.79902765353364,58.88845754959905,29.885105372870342,30.68720692450878,0.4813353566009104,0.0,0.3924127465857359,69.0,0.09833080424886176,0.44006069802731407,0.17845220030349007,0.1872534142640363,0.32928679817905904,0.628224582701062,0.5553869499241273,50-60,25-30,30+,9
DIVISLAB,2020-07-23,2397.45,56.41419028177276,52.18030290925216,26.29536776587063,25.99313154243827,0.47919664643683935,-0.023316440384575143,0.47919664643683935,123.0,0.06878141358526779,0.14206761350601704,0.3515193226136104,0.3175665811591484,0.2842603599657969,0.5013660347452502,1.0124507288994558,50-60,25-30,25-30,9
RELIANCE,2020-03-26,479.44,35.32291168145156,31.506871918621584,55.22057234200014,42.10178779506377,0.47889204071416636,-0.03353912898381439,0.36863841148006005,62.0,0.01053312197563816,0.14418905389621228,0.3409602870015016,0.34828132821625224,0.6359085599866512,1.093504922409478,0.8885157683964624,30-40,30+,30+,9
BAJFINANCE,2020-11-03,349.08,55.84649051594813,54.38396243564541,14.611930773072153,25.09396950537799,0.474332531224934,0.0,0.474332531224934,43.0,0.2056262174859631,0.2856651770367824,0.39437951185974573,0.49427065429128003,0.449123410106566,0.5902371949123411,1.153174057522631,50-60,<15,25-30,9
BAJAJFINSV,2020-04-13,449.14,28.9792863556801,25.658365511632354,57.260752436294325,53.522523942995406,0.47397248074097154,-0.08774546911876024,0.42556886494188895,119.0,0.08703299639310691,0.028075878345282135,0.07236051119918074,0.17689361891615096,0.4386382865030949,0.3164714788262011,1.1834394620830921,20-30,30+,30+,9
TVSMOTOR,2013-12-24,65.2,78.40617819067964,78.31013963956215,63.44402054928768,56.32294259471048,0.473926380368098,-0.013803680981595123,0.473926380368098,87.0,0.16487730061349692,0.14877300613496947,0.08128834355828207,0.2883435582822085,0.4754601226993864,1.1779141104294477,2.8872699386503062,60+,30+,30+,9
TATASTEEL,2021-04-29,103.14,75.60284876952645,74.55967694207285,46.88293165368604,52.28931203713486,0.47314330036843133,0.0,0.13728912158231532,223.0,0.0673841380647664,0.09763428349815784,0.09142912546053905,0.14795423695947263,0.32344386271087844,0.30279232111692855,0.2324025596276904,60+,30+,30+,9
BEL,2025-04-15,293.7,50.87627618834703,50.56556425481954,30.94892056316498,20.685281231551098,0.4717398706162752,-0.0003404834865508022,0.3113721484508001,149.0,0.03285665645216218,0.07967313585291125,0.19305413687436146,0.37504256043581896,0.3867892407218252,0.3939393939393938,0.5241743275451141,50-60,30+,20-25,9
BAJFINANCE,2014-03-04,15.85,62.82998214716404,61.57362801033267,28.002334683914043,46.235352117328055,0.4712933753943218,-0.017034700315457396,0.4712933753943218,170.0,0.06940063091482651,0.05362776025236582,0.10157728706624614,0.18485804416403795,0.31482649842271293,0.5375394321766562,1.7211356466876975,60+,25-30,30+,9
ADANIPOWER,2022-07-21,58.8,63.49944522297868,63.211289900887515,29.062389404196622,52.16812309954314,0.4710884353741498,-0.009183673469387754,0.24421768707482983,111.0,0.09506802721088436,0.18112244897959195,0.4710884353741498,0.33282312925170077,0.13469387755102047,-0.04098639455782305,-0.17772108843537404,60+,25-30,30+,9
WIPRO,2009-07-20,51.74,71.27819736823416,67.87490673184047,39.19214902148373,63.020298133214055,0.4669501352918439,-0.01913413219945892,0.4669501352918439,151.0,0.0007730962504832739,0.06745264785465777,0.07595670660997289,0.2375338229609587,0.26981059141863173,0.6252415925782759,0.4785465790490915,60+,30+,30+,9
TATASTEEL,2008-04-04,63.01,42.628895292927986,41.1127613291696,34.3728813284656,35.483321255759726,0.46325980003174116,-0.07236946516425957,0.00015870496746561713,117.0,0.04824631010950631,0.23202666243453418,0.2758292334550072,0.3675607046500555,0.04443739089033483,-0.30423742263132825,-0.6259323916838597,40-50,30+,30+,9
ADANIPORTS,2008-12-04,54.06,24.409495816541032,24.31997303151448,58.29667844942287,39.664205288602695,0.46207917129115805,-0.0186829448760637,0.15667776544580092,105.0,0.05160932297447274,0.16315205327413995,0.4443211246762855,0.44136145024047346,0.1616722160562336,1.3270440251572326,1.0978542360340362,20-30,30+,30+,9
TVSMOTOR,2014-09-03,205.05,73.2919244175578,71.58343166715645,37.06695958662075,73.78904893323241,0.4606193611314313,0.0,0.4606193611314313,131.0,0.09924408680809549,0.03925871738600328,0.09290416971470372,0.2774932943184587,0.13313825896122888,0.32650573030968055,0.08046817849305055,60+,30+,30+,9
ONGC,2020-10-07,70.5,40.44395031908516,38.00432202583745,25.496057983831676,26.97352051419756,0.4595744680851064,-0.08652482269503536,0.4546099290780141,96.0,-0.049645390070921946,-0.03829787234042559,-0.03546099290780147,0.2985815602836879,0.3468085106382979,0.46737588652482276,1.2751773049645392,30-40,25-30,25-30,9
ADANIPOWER,2020-03-27,5.52,27.753948309185244,25.02814469365999,69.5347228676362,50.078543068800144,0.4565217391304348,-0.030797101449275388,0.27717391304347827,122.0,-0.030797101449275388,0.07427536231884058,0.11775362318840576,0.32971014492753636,0.3315217391304348,0.3278985507246377,2.2427536231884058,20-30,30+,30+,9
WIPRO,2008-10-21,33.4,32.01373784384051,31.82394077362605,44.10298375708256,42.19518143143663,0.4559880239520959,-0.32335329341317354,0.4464071856287426,269.0,-0.19491017964071855,-0.11437125748502996,-0.26347305389221554,-0.16856287425149696,-0.22065868263473043,-0.07784431137724546,0.9757485029940118,30-40,30+,30+,9
GRASIM,2021-01-13,1029.26,80.77586596402611,79.41643528760018,58.594401997481526,57.37382471087947,0.45473446942463513,-0.03305287293783887,0.452558148572761,145.0,0.0013019062238890378,0.027291452111225523,0.20200921050074827,0.33942832714765947,0.34726891164525986,0.48657287760138357,0.7969220605094922,60+,30+,30+,9
AXISBANK,2007-10-17,174.43,70.90367521836707,70.63286691771279,27.752108650431193,32.01593748906391,0.4540503353780885,-0.18081751992203188,-0.13002350513099814,174.0,-0.006592902597030381,0.05182594737143842,0.12171071489995988,0.12876225419939225,0.371954365648111,-0.11322593590552088,-0.28194691280169704,60+,25-30,30+,9
ITC,2005-12-14,45.44,65.3501927943608,63.77977013102785,28.938433082183547,40.87413962085662,0.453125,-0.04555457746478875,0.17099471830985924,189.0,-0.01694542253521114,-0.03917253521126762,0.009683098591549477,0.131161971830986,0.220730633802817,0.07152288732394374,0.22689260563380298,60+,25-30,30+,9
BHARTIARTL,2020-10-21,411.28,34.21208167910551,30.37053576806716,47.122640170884004,36.53044790308611,0.4530976463723011,0.0,0.2701565843221163,167.0,0.07838941840108937,0.08125851001750628,0.15442034623614087,0.1715862672631785,0.413586850807236,0.25644329896907214,0.692399338650068,30-40,30+,30+,9
MARUTI,2011-12-21,961.9,37.18611830434488,35.632220659872324,28.472002539178327,33.9087005127905,0.45280174654329985,-0.04532695706414391,0.12288179644453678,176.0,-0.0027029836781370387,-0.014190664310219314,0.14720864954777002,0.36162802786152404,0.4119970890945006,0.1350452229961534,0.5803617839692277,30-40,25-30,30+,9
ETERNAL,2022-08-01,46.3,31.393361774492703,31.20153528033583,43.74408494469517,33.557787983463214,0.44924406047516197,0.0,0.3466522678185746,60.0,0.19762419006479504,0.3876889848812095,0.34881209503239763,0.3466522678185746,0.36285097192224636,0.023758099352051865,0.8304535637149029,30-40,30+,30+,9
ADANIENT,2008-03-28,190.15,38.15326701272379,36.78157096887399,24.874309410314638,39.50245851392468,0.44827767551932673,-0.014146726268735144,0.3541940573231659,82.0,0.016513278990270663,0.11753878516960281,0.3571391007099658,0.37365237970023646,0.047436234551669676,-0.059689718643176404,-0.5762818827241651,30-40,20-25,30+,9
HINDALCO,2016-02-05,71.25,39.40321496122141,36.76784462142683,42.38981789858405,35.26956233780733,0.4477192982456142,-0.14526315789473687,0.4449122807017545,115.0,-0.14526315789473687,-0.03087719298245617,0.1670175438596493,0.19157894736842107,0.2694736842105263,0.9045614035087717,1.6680701754385963,30-40,30+,30+,9
BHARTIARTL,2024-01-12,1076.35,72.53998191355872,72.009245156797,39.90729787645015,46.50649178289276,0.4459515956705533,0.0,0.4459515956705533,229.0,0.04519905235285937,0.07971384772611168,0.039345937659683416,0.11882751892971632,0.13861662098759697,0.34254656942444384,0.4839039345937661,60+,30+,30+,9
INDIGO,2023-03-22,1888.75,46.74023338983782,44.334166793738184,21.860247484725562,26.92094408874209,0.44574454003970887,-0.03364659166115158,0.3095433487756454,197.0,-0.033567174056916005,0.020648577101257448,0.05236267372600922,0.21246856386499013,0.29066843150231625,0.27097286565188616,0.7419722038385177,40-50,20-25,25-30,9
BAJFINANCE,2024-12-02,665.07,42.49298475026302,40.79056869962142,40.13559020538964,29.998044163722398,0.44458478054941564,0.0,0.43225525132692777,232.0,0.032733396484580624,0.08385583472416425,0.04279248800878088,0.18560452283218298,0.29729201437442665,0.3710586855518967,0.5419429533733291,40-50,30+,25-30,9
TVSMOTOR,2006-07-28,43.75,35.47292923818429,32.770568098515504,49.037114474807765,57.65349893680291,0.4445714285714286,-0.06285714285714283,-0.020571428571428574,152.0,0.03314285714285714,0.058285714285714274,0.07840000000000003,0.3360000000000001,0.2571428571428571,-0.09988571428571424,-0.33485714285714285,30-40,30+,30+,9
HINDZINC,2025-12-03,504.4,58.2240325504728,55.972626512940586,30.042486150272744,30.05880634243061,0.44171292624900893,-0.03320777160983346,0.0681007137192704,125.0,0.016356066613798514,0.14651070578905623,0.24662965900079303,0.1302537668517052,0.17218477398889775,0.24157414750198258,,50-60,30+,30+,9
DMART,2017-07-06,880.3,73.35906202284949,71.13969963628668,48.665897677732495,66.74412553205084,0.4411564239463821,0.0,0.30449846643189815,175.0,0.039588776553447724,0.03282971714188365,0.04941497216857882,0.1594342837668976,0.24883562421901617,0.31773259116210384,0.781494944905146,60+,30+,30+,9
SHRIRAMFIN,2014-02-28,115.65,47.523065650673956,46.52788032630302,26.422489207062846,18.55960658689601,0.44055339386078685,-0.02057933419801128,0.44055339386078685,77.0,0.051967142239515596,0.06424556852572416,0.29805447470817126,0.2602680501513186,0.5443147427583224,0.55495028102032,1.062429744920017,40-50,25-30,15-20,9
ULTRACEMCO,2020-11-12,4846.1,68.50966394183195,66.72759957644232,61.24822720333081,34.579496171795576,0.43852788840510915,-0.014052537091682082,0.41343554610924227,207.0,-0.014052537091682082,-0.0024659004147666863,0.04697591878004981,0.16045892573409537,0.3190297352510265,0.339345040341718,0.6674748767049792,60+,30+,30+,9
ADANIPORTS,2020-03-27,251.3,29.079511154708026,23.639050095810834,65.41814141383487,50.99005447408023,0.43414245921209704,-0.025865499403103898,0.43414245921209704,98.0,-0.025865499403103898,0.04596100278551529,0.07898925586947847,0.2558694787107043,0.36888181456426583,0.29168324711500193,1.8274970155192993,20-30,30+,30+,9
GRASIM,2006-07-26,330.83,54.322959922011634,52.46025701890882,17.23027777660233,35.12069279334673,0.4333343409001602,-0.00797992926880875,0.026478856210138124,239.0,0.02487682495541521,0.05607109391530396,0.08590514765891855,0.21657648943566188,0.2963153281141373,0.4333343409001602,0.4597225160958802,50-60,15-20,30+,9
INFY,2006-07-27,207.29,58.06169357331201,57.89863357300051,33.399032633738464,33.37927993383018,0.4313763326740314,-0.01693279945969406,0.423898885619181,197.0,0.008828211684114073,0.030343962564523208,0.06898547928023557,0.0954218727386753,0.25027738916493814,0.3478218920353129,0.210767523758985,50-60,30+,30+,9
ICICIBANK,2006-06-23,92.37,43.01620574482614,41.53089683841333,30.812907840645238,34.91352975504337,0.42957670239255186,-0.07924650860669058,0.42957670239255186,116.0,-0.039623254303345345,-0.01786294251380327,0.013424271949767252,0.1714842481325105,0.30583522788784245,0.6818231027389843,0.875067662661037,40-50,30+,30+,9
MARUTI,2007-08-29,833.55,51.98364409654187,48.78226035607254,22.727357833277626,21.306473422770452,0.4274488632955431,0.0,0.2544538420010798,103.0,0.048227460860176485,0.031191890108571707,0.19818847099754078,0.4274488632955431,0.12464759162617733,-0.03958970667626416,-0.24497630616039823,40-50,20-25,20-25,9
TATASTEEL,2016-02-17,23.94,49.51675385364058,46.479466754473464,18.84082475652125,17.61815774355983,0.42731829573934843,-0.013366750208855471,0.4235588972431077,147.0,-0.013366750208855471,0.06474519632414366,0.20258980785296554,0.33542188805346695,0.3020050125313283,0.5087719298245612,0.8700918964076858,40-50,15-20,15-20,9
DIVISLAB,2017-08-28,694.9,48.90272921476444,48.521917252074445,32.32030862549791,31.177431692910773,0.4259605698661677,-0.01072096704561798,0.3291840552597496,65.0,0.020434594905741843,0.03554468268815669,0.2242768743704131,0.2535616635487121,0.49834508562383095,0.48992660814505684,0.8432868038566703,40-50,30+,30+,9
SBILIFE,2020-03-31,641.0,32.308512018331065,29.134124607339324,49.78953503455561,55.888930432757206,0.42519500780031194,-0.009204368174726918,0.2340093603744149,218.0,0.1471138845553821,0.09344773790951644,0.13393135725429017,0.208736349453978,0.22745709828393124,0.2683307332293292,0.37418096723868954,20-30,30+,30+,9
LT,2007-10-09,702.98,76.94184673399154,76.87748245987135,60.611201470700976,52.3715032355404,0.4246493499103814,-0.04719906682978192,0.15114228000796603,141.0,0.05782525818657702,0.054496571737460364,0.30400580386355225,0.3372073174201258,0.3539218754445361,-0.1404734131838744,-0.3889442089390879,60+,30+,30+,9
BEL,2008-11-03,6.43,26.467313366775418,24.40762346270657,63.819767835891525,50.14796262526823,0.4245723172628306,-0.1275272161741834,0.405909797822706,149.0,0.054432348367029704,0.015552099533437058,-0.009331259720062102,0.17884914463452573,0.3421461897356144,0.516329704510109,1.3219284603421464,20-30,30+,30+,9
INDIGO,2017-02-27,865.6,46.468968041417085,44.40059473823203,36.465690151200995,17.796270629487214,0.4236367837338262,-0.010050831792976056,0.4236367837338262,113.0,-0.006411737523105421,0.012188077634011085,0.18322550831792972,0.2775531423290203,0.24439695009242146,0.3700901109057302,0.5451132162661738,40-50,30+,15-20,9
TITAN,2007-08-30,61.83,54.11120880885942,53.89495669356752,30.688345215882087,30.077982669052126,0.4224486495228854,0.0,0.24163027656477443,127.0,0.0786026200873362,0.14248746563157044,0.1751576904415333,0.4224486495228854,0.18987546498463526,-0.05951803331715999,0.02749474365194904,50-60,30+,30+,9
TITAN,2011-12-23,171.55,36.609718372283645,34.89591414556768,37.60416976684909,37.195739595583795,0.42145147187408916,-0.003206062372486218,0.39871757505100547,77.0,-0.003206062372486218,0.007869425823375131,0.11570970562518212,0.42145147187408916,0.36170212765957444,0.28767123287671237,0.6380064121247448,30-40,30+,30+,9
TVSMOTOR,2021-09-02,530.15,40.14458247236233,37.29645187627589,30.15989106282378,28.59081261801757,0.4212958596623597,0.0,0.2122984061114781,131.0,0.027539375648401476,0.027445062718098878,0.05724794869376604,0.26624540224464766,0.2792605866264266,0.12788833349052164,0.9350183910214089,30-40,30+,25-30,9
ETERNAL,2024-07-02,209.09,67.17082216274738,65.67676202191282,21.099690915307015,37.12647578458141,0.4204409584389497,-0.007891338657994185,0.26357071117700515,143.0,0.016595724329236283,0.0401740877134249,0.11956573724233577,0.16911377875555966,0.3070926395332154,0.34917977904251774,0.24228800994786925,60+,20-25,30+,9
HDFCBANK,2009-03-16,42.24,37.588137760151795,37.31165693069172,33.166584390584866,18.92780521976855,0.4197443181818181,-0.019649621212121327,0.40269886363636354,60.0,0.04758522727272729,0.11931818181818188,0.28172348484848486,0.40269886363636354,0.8146306818181819,0.7682291666666665,1.136126893939394,30-40,30+,15-20,9
HCLTECH,2013-07-08,204.7,61.05668362826913,60.287785002720554,23.22240881305118,25.393471342826036,0.41812408402540324,0.0,0.41040547142159256,155.0,0.06897899364924287,0.08729848558866626,0.10723009281875928,0.24201270151441134,0.3670249145090376,0.527454811919883,0.8052760136785542,60+,20-25,25-30,9
ADANIENT,2010-07-20,339.57,58.127363079896185,56.61587306622229,36.20676922896777,19.01913394602936,0.4175574991901523,0.0,0.12212504049238748,184.0,0.0791000382837117,0.1455664516889006,0.17619342109138025,0.2678681862355332,0.24919751450363692,0.08637394351680072,0.3078893895220427,50-60,30+,15-20,9
TITAN,2017-11-03,659.75,62.7345073951395,61.819445999124035,34.774301070590965,42.81746326170643,0.4140962485790072,0.0,0.29132247063281547,130.0,0.18537324744221295,0.19181508147025372,0.2194770746494883,0.28101553618795005,0.2595680181887079,0.4619173929518756,0.3091322470632816,60+,30+,30+,9
SBIN,2007-03-22,97.11,41.85537518178573,38.97526027552716,46.95204964899645,43.66499754390906,0.4137575944804859,-0.09968077437956946,0.4137575944804859,92.0,-0.04242611471527136,-0.07857069302852426,0.030068993924415643,0.31016373185047885,0.38317372052311804,0.6465863453815262,0.6931315003604159,30-40,30+,30+,9
RELIANCE,2006-03-07,82.35,61.971896044274324,60.6791900246328,27.66484565944168,37.84254433035235,0.4136004857316333,-0.017243472981177788,0.4136004857316333,57.0,0.013600485731633416,0.06545233758348523,0.13770491803278695,0.5766848816029146,0.26314511232544024,0.5447480267152398,0.7591985428051005,60+,25-30,30+,9
EICHERMOT,2014-02-28,514.03,66.34239464815934,65.02694106446603,41.459930937282905,49.25730050737646,0.4135556290488882,0.0,0.4135556290488882,82.0,0.05715619710911812,0.08386670038713695,0.15975721261404985,0.18674007353656408,0.3427815497149973,0.9086045561543103,2.1623835184716844,60+,30+,30+,9
JSWSTEEL,2008-04-21,83.25,43.37100068290236,38.022187258872506,54.51918022340469,36.616165632842794,0.41309309309309317,-0.1409009009009009,-0.11507507507507508,101.0,0.04528528528528519,0.07987987987987988,0.3581981981981981,0.19399399399399408,-0.1334534534534535,-0.6873273273273273,-0.6204204204204204,30-40,30+,30+,9
WIPRO,2005-11-11,45.47,57.01050004469119,55.76421897332072,24.4615884563797,16.171025298912003,0.41257972289421607,-0.03628766219485369,0.08994941719815275,217.0,0.04882340004398511,0.08753023971849583,0.08093248295579492,0.13723334066417414,0.26764899934022446,0.3424235759841654,0.34110402463162526,50-60,20-25,15-20,9
SHRIRAMFIN,2010-07-23,123.79,62.81187333833611,62.30110728195251,19.298183434843246,51.418729056650484,0.41158413442119723,0.0,0.10356248485338071,206.0,0.04515712093060831,0.12012278859358583,0.21261814363034182,0.22950157524840442,0.21302205347766368,0.18022457387511093,0.10865174892963902,60+,15-20,30+,9
BHARTIARTL,2006-11-16,260.22,79.81599665770034,79.23240162602134,39.2988288554368,31.558596382883835,0.4109215279378984,-0.002613173468603569,0.4109215279378984,153.0,0.07720390438859415,0.09219122281146697,0.07236184766735843,0.14545384674506168,0.32026746599031575,0.4440857735762045,0.5809699485051107,60+,30+,30+,9
SUNPHARMA,2020-03-25,347.65,36.62176520838136,36.18554741195947,33.552012541345306,36.64808895799696,0.40917589529699416,-0.04300302027901626,0.36962462246512295,70.0,-0.011793470444412368,0.2561484251402273,0.39666331080109307,0.32072486696390046,0.43952250826981176,0.4487271681288654,0.6561196605781678,30-40,30+,30+,9
SHRIRAMFIN,2023-06-20,311.93,65.25052766989286,61.60270010316596,32.7164646219685,40.7838993369882,0.4082326162921168,0.0,0.3785144102843587,204.0,0.08751963581572797,0.13980700798256018,0.14310903087231108,0.18183566825890418,0.22623665565992357,0.31311512198249614,0.7896643477703331,60+,30+,30+,9
WIPRO,2013-06-07,62.79,36.36434205143324,34.34114403612383,60.67182996610319,36.96087212394814,0.40786749482401663,0.0,0.40786749482401663,82.0,0.007963051441312263,0.0404523013218665,0.06163401815575731,0.3476668259276956,0.40022296544035685,0.46727185857620634,0.5281095715878326,30-40,30+,30+,9
SHRIRAMFIN,2017-10-10,211.48,56.609478915770616,56.23793460740227,22.326637940544895,24.89171679374371,0.40689426896160397,0.0,0.27283903915263874,155.0,0.024777756761868774,0.032390769812748355,0.16852657461698506,0.286977491961415,0.3965386797805939,0.442122186495177,-0.001134859088329776,50-60,20-25,20-25,9
INDIGO,2020-08-04,984.0,44.71561403669851,41.64373275131867,24.876951868784154,19.126161472934257,0.40274390243902425,-0.045477642276422814,0.40274390243902425,69.0,-0.04507113821138209,0.2160569105691057,0.3031504065040649,0.3184959349593497,0.33252032520325203,0.6666666666666667,0.6895833333333332,40-50,20-25,15-20,9
ULTRACEMCO,2008-10-31,355.05,25.324489239287125,25.078835479655098,45.542316508219734,46.09070635578623,0.40121109702858737,-0.2708069286016055,0.32840445007745367,140.0,-0.015349950711167404,-0.09055062667229974,-0.23827629911280102,0.07956625827348263,0.16941275876637096,0.6059709900014083,1.0859033938881848,20-30,30+,30+,9
NTPC,2014-05-09,98.46,38.810020772841085,35.367938744840934,29.967369944659108,39.93596620207955,0.4007718870607353,0.0,0.15488523258175912,139.0,0.11385334145846038,0.35588056063376006,0.3994515539305301,0.2949421084704449,0.19215925248832022,0.22933170830794247,0.22679260613447094,30-40,25-30,30+,9
TATASTEEL,2017-06-28,49.6,61.616646206750104,61.13630401284126,24.12783083449719,33.39568858270703,0.40060483870967745,0.0,0.38971774193548403,182.0,0.056451612903225756,0.07399193548387095,0.0600806451612903,0.22137096774193532,0.2564516129032257,0.38608870967741926,0.10584677419354849,60+,20-25,30+,9
JSWSTEEL,2020-11-10,334.8,71.22710442964285,70.86107137444758,35.70156448190383,37.88337836338322,0.39919354838709675,-0.010752688172043112,0.39919354838709675,141.0,0.018369175627240164,0.018070489844683513,0.08213859020310643,0.1919056152927121,0.24746117084826746,1.265979689366786,0.9784946236559138,60+,30+,30+,9
ONGC,2021-08-30,120.15,53.644579097513216,52.70212026052254,19.573509030345818,21.97091420737857,0.39908447773616307,-0.012484394506866447,0.23012900540990433,127.0,0.012484394506866447,0.02413649604660839,0.20474406991260907,0.24053266749895963,0.19933416562630035,0.3370786516853932,0.15355805243445686,50-60,15-20,20-25,9
BEL,2005-11-09,8.03,52.67204984081286,50.9552884492423,24.07395637349104,19.21275629804799,0.3985056039850563,0.0,0.3985056039850563,76.0,0.06849315068493156,0.027397260273972712,0.17683686176836866,0.24034869240348722,0.40722291407222944,0.7957658779576589,0.4059775840597759,50-60,20-25,15-20,9
ADANIPORTS,2022-07-06,694.35,44.98490122266267,42.49989765857222,26.177165471567488,28.755922799977355,0.3973500396053864,0.0,0.20025923525599465,119.0,0.04666234607906672,0.07085763663858269,0.16691870094332817,0.22546266292215744,0.18535320803629274,0.18427306113631436,0.06581695110535013,40-50,25-30,25-30,9
BAJAJFINSV,2022-05-30,1292.41,33.04932496945169,30.493638981568186,50.123937549714704,44.728347512927186,0.3968864369665972,-0.15415386758072125,0.03484962202397068,249.0,-0.031545716916458355,-0.11901022121463012,-0.14038888587986786,0.16430544486656706,0.2446824150230964,0.27888982598401424,0.13419889972996168,30-40,30+,30+,9
M&M,2022-05-24,946.85,58.658373613343706,56.3162665852133,23.61580926926275,21.888567517208187,0.39610286740243983,-0.019485662987801744,0.38527749907588316,157.0,0.09241168083645768,0.10107197549770275,0.08538839309288693,0.1996092306067485,0.2955589586523737,0.28663463061731,0.34730949992078997,50-60,20-25,20-25,9
HINDALCO,2012-01-05,116.4,38.314450320292025,38.172328816608974,33.995558751999276,31.054500478137147,0.39604810996563566,-0.0803264604810997,-0.04982817869415812,140.0,0.14003436426116833,0.25257731958762886,0.3341924398625429,0.20189003436426112,0.1434707903780068,0.06357388316151202,0.1387457044673539,30-40,30+,30+,9
BAJFINANCE,2022-06-20,547.05,34.10563598091046,32.934852088091986,39.373629516252514,39.47480797570689,0.3957407915181428,-0.012795905310300726,0.3957407915181428,92.0,0.031203729092404764,0.029211223836943745,0.11039210309843717,0.3347408829174665,0.3702769399506445,0.22237455442829734,0.3250708344758251,30-40,30+,30+,9
BAJFINANCE,2016-07-05,81.7,68.53570395049704,66.79831406274123,29.832987183919748,35.56554729093044,0.39449204406364746,-0.009057527539779842,0.39449204406364746,64.0,0.05593635250917983,0.05789473684210522,0.2203182374541004,0.3789473684210525,0.330110159118727,0.06499388004895956,0.71187270501836,60+,25-30,30+,9
ADANIENT,2016-03-02,37.81,30.599236113971656,28.790955281613787,42.110798656217916,32.2130775083383,0.39381116106850045,0.0,0.1959798994974873,99.0,0.06321079079608571,0.05845014546416283,0.21846072467601152,0.39381116106850045,0.16635810632107906,0.16477122454377136,0.4988098386670192,20-30,30+,30+,9
HINDZINC,2014-05-15,113.25,50.62925732965249,50.5163030821235,30.832546457518053,21.75131081801674,0.3932891832229579,0.0,0.3494039735099337,116.0,0.15161147902869754,0.19161147902869757,0.27470198675496693,0.24238410596026472,0.22198675496688725,0.2566887417218542,0.34896247240618106,50-60,30+,20-25,9
BAJAJ-AUTO,2020-03-31,2022.35,25.811028269833674,24.025419560198536,72.07378833989108,43.85403931565421,0.3930575815264421,0.0,0.3223972111652287,80.0,0.12742601429030587,0.1546715454792693,0.29715430068979165,0.3639083244740031,0.4139491185996489,0.46678369223922656,0.8150171829801964,20-30,30+,30+,9
BAJAJFINSV,2011-02-08,41.53,37.279962098308175,35.57470000648344,29.383783979846207,18.88831627026482,0.3929689381170238,-0.015651336383337267,0.24825427401878164,112.0,0.001203948952564371,0.024319768841801093,0.35805441849265573,0.27642667950878885,0.17625812665542973,0.19937394654466645,0.21454370334697792,30-40,25-30,15-20,9
AXISBANK,2007-09-03,127.47,58.003291314373016,58.00172371912655,24.29300978626059,28.70354955819909,0.39122930885698604,0.0,0.39122930885698604,43.0,0.019220208676551165,0.03341962814779942,0.18867184435553463,0.4625402055385581,0.478543971130462,0.47399388091315586,0.19220208676551342,50-60,20-25,25-30,9
GRASIM,2020-03-27,459.07,29.997396783912983,28.702122411804588,65.11769846833542,37.03984561335676,0.3910950399721176,-0.02254558128389994,0.3735160215217723,126.0,-0.013440216089049661,0.18138845927636327,0.08105517677042706,0.15568431829568463,0.3179689371991199,0.5587165356045918,2.0866098852026926,20-30,30+,30+,9
NTPC,2023-11-28,257.55,72.99205535383057,72.87683334398729,51.16337925147387,61.842098431716565,0.3909920403805085,0.0,0.3766258978839061,129.0,0.10832847990681405,0.10036886041545312,0.21879246748204229,0.2601436614249659,0.31081343428460495,0.4352552902349056,0.4338963308095516,60+,30+,30+,9
SUNPHARMA,2014-06-10,609.0,51.80483156190127,49.90663446409154,30.618162882334783,21.85356248429535,0.3907224958949098,0.0,0.3907224958949098,71.0,0.06699507389162562,0.030870279146141044,0.19252873563218387,0.2553366174055829,0.4252873563218391,0.3592775041050902,0.35155993431855515,40-50,30+,20-25,9
BHARTIARTL,2017-10-13,388.35,53.8101003570722,50.29362858045069,27.65809351365595,40.536236602463305,0.3904982618771726,-0.03839320200849761,-0.017973477533153148,136.0,0.1542165572293035,0.12625209218488465,0.28234839706450354,0.21570748036564957,0.19459250675936657,-0.10583236770954041,-0.32442384447019446,50-60,25-30,30+,9
ADANIENT,2012-09-10,102.98,35.15823480736339,28.409988771763295,47.70356589016508,46.614782539600895,0.3864828121965429,0.0,0.35657409205671,80.0,0.13167605360264134,0.16983880365119441,0.24130899203728884,0.32394639735871045,0.5690425325305886,0.4320256360458341,-0.17789862109147414,20-30,30+,30+,9
INFY,2013-05-11,295.24,44.70933518999774,43.592612455492144,30.616956827281,44.564855604650596,0.38636363636363624,-0.012396694214876103,0.38636363636363624,153.0,0.004301585151063492,0.004572551144831127,0.05283836878471737,0.058935103644492504,0.27245630673350485,0.4215553448042271,0.34429616583118805,40-50,30+,30+,9
KOTAKBANK,2008-03-25,31.36,32.36448560571336,29.784789570072036,47.05329754850527,45.49840076334612,0.3848852040816326,-0.021364795918367263,0.00605867346938771,83.0,0.02423469387755106,0.023915816326530503,0.20503826530612246,0.04878826530612246,-0.1026785714285714,-0.013392857142857095,-0.5573979591836735,20-30,30+,30+,9
TATASTEEL,2011-12-26,34.07,33.64129049342232,32.444243276806056,41.14322682799038,34.82220708722166,0.3845024948635163,-0.06222483122982103,0.3193425300851189,98.0,-0.04608159671265044,0.011740534194305763,0.24390959788670385,0.3296154975051364,0.23070149691810982,0.15967126504255935,0.20223070149691802,30-40,30+,30+,9
MARUTI,2013-09-03,1276.05,36.57358191898324,35.85138237384755,32.50192431382197,34.10626874170993,0.3821950550527018,0.0,0.37283021825163587,98.0,0.04749030210414973,0.0781709180674739,0.1068139963167587,0.29305278006347724,0.30198659927118854,0.23992006582814152,1.2793385839112892,30-40,30+,30+,9
TITAN,2012-09-04,225.65,50.33627861264366,48.590658985119646,17.874356718899648,15.09215764106508,0.38134278750276973,-0.02415244848216269,0.2698869931309551,150.0,0.051628628406824806,0.06758253933082203,0.18435630401063596,0.2849545756702858,0.3560824285397739,0.17549302016397061,-0.043208508752492825,40-50,15-20,15-20,9
TVSMOTOR,2019-08-01,358.45,30.228459990521973,29.99223099671496,51.90165643973661,44.448639421329865,0.38052727019110066,-0.01534384153996371,0.31705956200306895,118.0,0.05872506625749763,0.05119263495606097,0.007253452364346602,0.17729111452085378,0.38052727019110066,0.2881852420142279,0.08104338122471755,20-30,30+,30+,9
ONGC,2020-03-13,65.9,18.28900356750107,16.514507000448532,64.44565024945544,56.4259477560134,0.38012139605462814,-0.08952959028831575,0.25037936267071315,112.0,0.09787556904400585,-0.022003034901365792,0.13884673748103182,0.15781487101669178,0.3186646433990894,0.10318664643399078,0.7352048558421849,0-20,30+,30+,9
ADANIENT,2022-03-14,1683.13,52.62730788969141,52.60734936592094,31.504017161293994,14.83243363806044,0.37970329089256305,-0.019986572635506517,0.3028345998229489,112.0,0.03850564127548073,0.09999821760648309,0.2668896638999958,0.18320034697260446,0.19794668266859938,0.9951637722576387,0.0012120275914515588,50-60,30+,<15,9
SBILIFE,2019-05-23,671.4,61.02097857862826,59.72648413291888,22.812506865788322,19.599417595604617,0.37913315460232355,0.0,0.37913315460232355,148.0,0.012660113196306222,0.03716115579386359,0.05838546321120064,0.13516532618409305,0.2354036341971999,0.39492106047065834,0.08720583854632125,50-60,20-25,15-20,9
LT,2005-11-11,175.04,68.25850975666359,66.3071787369951,43.21474962960265,38.980093779276366,0.3788276965265083,-0.016281992687385727,0.3788276965265083,81.0,-0.009940585009140634,0.040562157221206485,0.10843235831809883,0.14436700182815354,0.4674931444241317,0.7862774223034736,0.6978976234003655,60+,30+,30+,9
IOC,2006-07-26,49.01,36.98632624740806,35.6183132814936,31.50395150661852,36.3061242073825,0.3784941848602328,-0.044480718220771265,0.37237298510508077,71.0,-0.007141399714344021,-0.021016119159355307,0.18975719240971234,0.34584778616608847,0.3085084676596612,-0.15792695368292176,-0.30503978779840846,30-40,30+,30+,9
HCLTECH,2020-07-09,588.25,57.11452854485152,57.05025506247804,32.97285746889288,23.188193108887717,0.37798555036124104,-0.010199745006374883,0.36438589035274127,74.0,0.06714832129196768,0.10981725456863578,0.17645558861028476,0.20492987675308116,0.4076498087547811,0.6852528686782831,0.6606034849128772,50-60,30+,20-25,9
EICHERMOT,2005-12-30,22.95,27.93660714395673,26.6469853722502,38.97403118092362,21.49057944251681,0.37777777777777777,-0.0862745098039216,0.2213507625272333,104.0,-0.023093681917211173,-0.02440087145969494,-0.01525054466230924,0.1098039215686275,0.16252723311546835,-0.004793028322440107,0.6278867102396515,20-30,30+,20-25,9
ITC,2020-10-13,160.96,37.83419399179145,37.417956166443595,40.42411507965939,26.318311896270032,0.37736083499005946,-0.037027833001988086,0.31032554671968193,157.0,-0.015842445328031918,-0.01733349900596437,0.10493290258449295,0.2688866799204772,0.19017147117296207,0.2065730616302186,0.46458747514910526,30-40,30+,25-30,9
ULTRACEMCO,2012-06-14,1429.25,53.63074128030598,53.25996604824483,29.081412249288615,29.258998720741857,0.37684100052475067,0.0,0.37684100052475067,106.0,0.025642819660661287,0.06069616931957311,0.0995277243309427,0.19741122966590874,0.23249956270771377,0.38457232814413156,0.3111771908343537,50-60,25-30,25-30,9
ADANIGREEN,2019-02-22,32.7,35.8686761435625,32.697037338197255,14.842799150718255,32.72585038425771,0.37614678899082565,0.0,0.32568807339449535,88.0,0.04587155963302747,0.07033639143730874,0.07492354740061158,0.3516819571865444,0.3272171253822629,0.3486238532110091,4.685015290519877,30-40,<15,30+,9
TVSMOTOR,2015-09-04,223.2,42.51984518047547,42.22551747301333,46.25659666652993,37.29330305812728,0.3754480286738351,-0.021729390681003546,0.2715053763440862,188.0,0.049955197132616425,0.05667562724014341,0.028673835125448077,0.28987455197132617,0.27016129032258074,0.29233870967741926,0.49148745519713266,40-50,30+,30+,9
BAJFINANCE,2023-04-03,571.51,38.24910058238501,36.920397748859806,36.06489117776902,46.42121174336547,0.37539150671029375,0.0,0.27212122272576145,154.0,0.019894665010236068,0.0431138562754807,0.08139840072789628,0.22900736645028075,0.28309215936729015,0.3941313362845795,0.2611152910710224,30-40,30+,30+,9
TCS,2018-04-11,1507.07,59.0912134337805,56.51235107015505,26.498708754832133,25.888836320019543,0.3748531919552509,0.0,0.3748531919552509,140.0,0.048093320151021635,0.15132674660102063,0.14690757562687873,0.16099451253093755,0.24420232636838368,0.37853583443370264,0.340017384726655,50-60,25-30,25-30,9
GRASIM,2022-06-20,1310.79,33.86015913378059,32.686489472711926,40.34716864241867,34.024260310603374,0.37408738241823647,0.0,0.3412598509295921,137.0,0.025305350208652877,0.026442069286460868,0.09547677354877604,0.2202488575591819,0.32928997017066064,0.341793880026549,0.3442961877951465,30-40,30+,30+,9
TITAN,2005-05-25,14.68,71.46544839293864,70.54100605870434,24.888144430795933,52.865804528390626,0.3732970027247957,-0.007493188010899154,0.3732970027247957,43.0,0.042234332425068244,0.06948228882833796,0.21594005449591291,0.6580381471389647,0.5367847411444142,1.0667574931880108,0.9870572207084469,60+,20-25,30+,9
ULTRACEMCO,2014-01-21,1699.75,42.957499317480696,42.80590722980096,32.633227369222446,26.258447281359725,0.3732313575525814,-0.019649948521841543,0.3732313575525814,115.0,-0.0029121929695543614,-0.015090454478599802,0.0013531401676716293,0.1486100897190763,0.30563318135019846,0.48407118693925577,0.797205471392852,40-50,30+,25-30,9
BEL,2023-12-04,153.55,65.36468563935793,63.89861446549247,37.13753864986275,49.97008199429706,0.3725170954086616,-0.010094431781178859,0.370563334418756,93.0,0.05014653207424291,0.12471507652230529,0.18756105503093434,0.2022142624552261,0.36502767828069027,1.0752197981113643,1.032562683165093,60+,30+,30+,9
SBIN,2017-10-23,245.95,29.55453742030809,28.010328225307525,51.4849250685148,29.53684174378121,0.37223012807481193,0.0,0.29335230737954876,92.0,0.26855051839804833,0.33767025818255747,0.36328522057328727,0.30046757471030716,0.2461882496442367,-0.01423053466151658,0.039438910347631806,20-30,30+,25-30,9
LT,2012-01-03,471.49,31.80544776855175,26.59590038667491,42.812598307756055,49.25254743829976,0.37165157267386384,0.0,0.28361152940677425,70.0,0.0687819465948376,0.1947019024793737,0.28397208848543976,0.22445863114806253,0.2560393645676473,0.31928566883709086,0.5549428407813526,20-30,30+,30+,9
ADANIPOWER,2012-09-03,8.05,31.92708567373349,29.212858890293166,41.28439616584599,50.93701638652638,0.3714285714285712,0.0,0.2335403726708074,64.0,0.05341614906832293,0.12919254658385082,0.3093167701863351,0.22857142857142843,0.3527950310559005,0.0931677018633541,-0.18881987577639758,20-30,30+,30+,9
JSWSTEEL,2016-02-23,112.4,61.5080841217288,59.058326304177484,20.493212684485762,23.424159249870357,0.37126334519572946,-0.022153024911032104,0.37126334519572946,140.0,0.01725978647686821,0.05542704626334505,0.09154804270462624,0.19679715302491108,0.17313167259786488,0.572864768683274,0.6459074733096084,50-60,20-25,20-25,9
KOTAKBANK,2008-07-08,24.13,31.075594843423676,29.778912083397763,42.86718005754758,34.23833491490201,0.37049316203895577,-0.07666804807293814,0.2026523000414422,72.0,-0.03854123497720674,0.05760464152507261,0.24575217571487773,0.2880232076253626,-0.0116038126813095,-0.1740571902196436,0.1794446746788232,20-30,30+,30+,9
TVSMOTOR,2022-07-11,854.95,68.71358257931767,68.67084098089393,54.9130201083734,34.63037798361667,0.3701970875489795,-0.021638692321188424,0.20907655418445525,203.0,0.027194572782033966,0.01877302766243627,0.13059243230598283,0.23258670097666512,0.2476168196970583,0.1943388502251593,0.5707351307093982,60+,30+,30+,9
TVSMOTOR,2020-04-09,305.8,29.400135507863297,28.325182991581958,79.45567028329421,41.39238457325758,0.36968606932635706,-0.09679529103989548,0.36968606932635706,119.0,-0.09679529103989548,-0.022727272727272707,0.09156311314584697,0.1535317200784827,0.25882930019620654,0.5421844342707651,0.8574231523871811,20-30,30+,30+,9
BAJFINANCE,2014-11-17,32.78,74.53419900154998,74.35574525617929,42.22369145254106,68.95642755578473,0.3694325808419767,-0.08450274557657111,0.3694325808419767,142.0,-0.06955460646735823,-0.058267236119585064,-0.023489932885906173,0.20134228187919456,0.31360585723001844,0.36089078706528355,0.5954850518608907,60+,30+,30+,9
BAJAJFINSV,2014-11-26,111.71,58.65202707113282,57.766138693373804,32.208624242810316,31.590306438353434,0.3688121027660909,0.0,0.28278578462089365,168.0,0.1142243308566826,0.18028824635216179,0.17232118879240899,0.23122370423417782,0.2800107421000808,0.3262017724465134,0.7681496732611228,50-60,30+,30+,9
LT,2013-09-02,485.1,32.788972696086304,31.183485038287873,36.36998758311237,38.46560948462677,0.3685837971552257,-0.045701917130488545,0.3685837971552257,78.0,0.10931766646052354,0.1384662956091527,0.13881673881673895,0.34982477839620674,0.4705627705627704,0.5083487940630798,1.170500927643785,30-40,30+,30+,9
INDIGO,2018-10-05,766.85,28.826080776998456,27.716747988273994,24.44807217850764,48.42723813095794,0.3684553693681947,-0.055291126035078575,0.3380713307687291,67.0,0.05437830084110318,0.08450153224228973,0.26348047206102887,0.2985590402295102,0.5081828258459933,0.780335137249788,1.3409402099497947,20-30,20-25,30+,9
ICICIBANK,2020-04-03,286.65,29.99603124137902,29.904740909878793,54.88089133043243,57.83308869285192,0.3683935112506542,0.0,0.2515262515262515,125.0,0.1534972963544392,0.31013431013431036,0.17931275074132236,0.21541950113378694,0.2658294086865518,0.23757195185766622,0.9928484214198501,20-30,30+,30+,9
EICHERMOT,2025-08-07,5681.5,58.7388297767315,56.75446982418809,24.897848415050962,18.068123154266356,0.3677725952653348,-0.004136231628971254,0.3677725952653348,188.0,0.014520813165537216,0.051658892898002184,0.1995071724016544,0.2109478130775324,0.19801108862096273,0.26991111502244136,0.4115990495467745,50-60,20-25,15-20,9
TITAN,2006-07-27,30.63,45.9589444961978,41.20212869431052,27.625689241767287,61.919266833774415,0.3646751550767222,-0.01762977473065619,0.2670584394384592,127.0,0.037544890630101246,0.21971922951354883,0.24224616389160958,0.268690825987594,0.2739144629448256,0.5207313091740124,0.842311459353575,40-50,25-30,30+,9
ADANIENT,2017-12-20,97.44,62.01171519194412,60.880791667702525,22.81441671923125,28.453309079014737,0.36340311986863716,-0.05901067323481113,0.0410509031198687,110.0,0.03109605911330049,0.09472495894909683,0.24076354679802958,0.26057060755336625,0.0,-0.04946633825944169,0.5844622331691296,60+,20-25,25-30,9
BAJAJFINSV,2012-07-03,69.21,58.325854633689005,56.487506038866776,32.321267614789164,28.755814582730636,0.36208640369888756,-0.04233492269903183,0.2080624187256177,85.0,-0.02152868082647008,-0.01603814477676635,0.07079901748302286,0.1569137407889034,0.2912873862158649,0.305591677503251,-0.07773443144054326,50-60,30+,25-30,9
COALINDIA,2014-05-09,308.65,60.838343461630735,58.71248246346661,22.432694780462626,26.511483231608512,0.36206058642475303,0.0,0.21853231815972807,117.0,0.11906690426048927,0.2891624817754739,0.3387331929369837,0.2227442086505751,0.1760894216750366,0.13105459258059304,0.20508666774663853,50-60,20-25,25-30,9
ICICIBANK,2011-12-22,132.39,37.4166710167173,33.11389670277798,38.858081963296705,41.02445890869626,0.36143213233627947,-0.05974771508422072,0.11874008610922293,155.0,-0.05793488934209523,0.027418989349649037,0.17659944104539638,0.36143213233627947,0.2828008157715842,0.13550872422388416,0.5435455850139739,30-40,30+,30+,9
RELIANCE,2020-05-28,668.3,54.35555818155896,53.654352237083145,15.59020361295364,34.00988071038301,0.3611850965135419,-0.005326948975011181,0.3611850965135419,55.0,0.07305102498877747,0.04445608259763589,0.17041747718090683,0.4645518479724675,0.4517133024090978,0.33404159808469247,0.422849019901242,50-60,15-20,30+,9
INDIGO,2019-03-08,1243.0,61.77286169929489,60.978184402246995,35.11476627554971,16.424834092544074,0.3606999195494769,0.0,0.27493966210780374,139.0,0.04267900241351574,0.14806918744971842,0.13688656476267114,0.2685036202735318,0.34420756234915517,0.32035398230088497,-0.023974255832662883,60+,30+,15-20,9
ICICIBANK,2007-08-30,158.74,46.11095699589059,44.28174075420263,21.663751155390894,25.846972430101392,0.3601486707824113,0.0,0.3601486707824113,57.0,0.05480660199067655,0.012599218848431404,0.21160388055940538,0.42100289782033506,0.28612826004787695,0.2803956154718408,-0.23043971273781028,40-50,20-25,25-30,9
DMART,2018-10-26,1226.6,33.819101828312135,32.930026615264126,52.80857497987241,40.96714121184094,0.359978803195826,0.0,0.2016142181640308,101.0,0.19232023479536942,0.13871677808576566,0.13623022990379918,0.26760965269851633,0.13447741725093754,0.08523561063101281,0.5629382031632155,30-40,30+,30+,9
TVSMOTOR,2016-08-05,303.15,50.73997795380871,49.646937249431254,34.717244070015234,17.97021251496851,0.35939303974929926,-0.020781791192478805,0.25152564736928906,132.0,-0.0126999835065148,0.028368794326241176,0.0981362361867062,0.24509318819066483,0.2947385782615868,0.3005112980372753,0.9887844301500908,40-50,30+,15-20,9
HINDALCO,2006-03-29,162.38,65.21193330295854,64.42281193233292,26.63634430706415,44.48265502952405,0.3582953565710063,-0.19823869934721028,-0.04329350905283902,86.0,0.04526419509791846,0.07039044217268131,0.19103337849488855,0.054748121689863316,-0.09859588619288084,-0.056410888040399065,-0.2856878925976105,60+,25-30,30+,9
BEL,2020-11-09,31.02,50.967074392429836,48.0709956879531,23.15997127267172,30.637929014636025,0.35815602836879434,0.0,0.35815602836879434,53.0,0.03320438426821393,0.13894261766602178,0.256608639587363,0.41940683430045134,0.5125725338491296,0.5554480980012895,1.372662798194713,40-50,20-25,30+,9
ADANIGREEN,2021-08-09,906.55,36.867806947521935,36.35491058385487,47.310569176470466,36.86226055202578,0.35767470078870445,-0.005570569742430087,0.3555236887099442,93.0,0.02062765429375113,0.029893552479179242,0.27770117478351986,0.2978324416744802,0.35237990182560264,1.233357233467542,1.3881197948265402,30-40,30+,30+,9
ADANIPORTS,2026-04-06,1387.1,44.77323699574993,43.20697908335103,17.69922818731972,30.294593683759675,0.35765265662172885,-0.0043976641914785786,0.2125297383029343,135.0,0.05637661307764397,0.13791363275899382,0.2603993944200129,0.31511787181890294,0.34409919976930303,,,40-50,15-20,30+,9
ASIANPAINT,2009-10-08,149.89,72.30220806597595,70.65211108546599,53.02203421277561,32.07054169106568,0.3575955700847291,0.0,0.3575955700847291,172.0,0.04289812529188075,0.021215558075922347,0.12742677963840165,0.1148842484488628,0.19347521515778232,0.3629328173994264,0.785175795583428,60+,30+,30+,9
COALINDIA,2021-08-31,145.85,48.26956069514063,46.7145380804827,32.06713481546075,25.460573418382413,0.35721631813507027,-0.03531025025711354,0.0023997257456289667,121.0,0.009256085018854998,0.060678779568049235,0.26911210147411735,0.17072334590332527,0.05759341789509764,0.16249571477545444,0.5790195406239289,40-50,30+,25-30,9
MARUTI,2019-08-02,5689.35,32.2978751618064,31.447771326759977,40.806340886587904,34.46115553096144,0.35714976227512807,-0.003339573061949097,0.27633209417596016,140.0,0.07216114318858913,0.05021663283151856,0.06333763962491301,0.19205181611256106,0.32869308444725664,0.23217942295692828,0.08363872850149834,30-40,30+,30+,9
BHARTIARTL,2005-07-26,124.06,68.98104291423465,68.85204560634456,33.99612418889347,44.12377909397784,0.355553764307593,-0.006206674189908057,0.355553764307593,123.0,0.039738836047074066,0.05666612929227788,0.14146380783491863,0.27043366113171063,0.17596324359181037,0.2504433338707077,0.3897307754312429,60+,30+,30+,9
KOTAKBANK,2006-07-06,62.64,49.53929529683313,47.57818993083274,15.275780504362938,39.51612300823548,0.35552362707535123,-0.05715197956577267,0.35552362707535123,95.0,-0.05715197956577267,0.011813537675606778,0.13521711366538947,0.24201787994891433,0.3128991060025541,-0.6803959131545338,-0.4774904214559388,40-50,15-20,30+,9
ULTRACEMCO,2019-02-20,3573.35,43.44738321160334,39.213491295654656,32.637922907223874,34.722581935647,0.3547651363566402,0.0,0.14007863769292128,190.0,0.0883624609959841,0.11342297843760063,0.09973834077266441,0.17672492199196843,0.298431443883191,0.1636559530972337,0.239201309695384,30-40,30+,30+,9
SHRIRAMFIN,2020-05-29,111.94,33.8724592827611,33.167722129914715,35.19667452698387,33.79257442879991,0.3541182776487406,0.0,0.20912989101304258,70.0,0.07450419867786318,0.1959085224227266,0.20671788458102558,0.24227264606038945,0.28711809898159735,0.9028050741468645,1.5545828122208323,30-40,30+,30+,9
HCLTECH,2006-06-20,54.48,35.605078498401795,34.13688867931618,70.96257231075492,47.968972752946364,0.353891336270191,0.0,0.3353524229074891,114.0,0.08865638766519823,0.1345447870778269,0.26486784140969166,0.3401248164464026,0.28854625550660806,0.438876651982379,0.5475403817914832,30-40,30+,30+,9
DIVISLAB,2008-10-24,247.94,35.62789098774128,35.08187668803006,44.88028597826868,38.813358437381176,0.3537146083729934,-0.17722029523271754,-0.08215697346132134,109.0,0.1148664999596678,0.26534645478744867,0.14955231104299416,0.30342018230217005,-0.006533838831975447,-0.09389368395579578,0.14443010405743317,30-40,30+,30+,9
BAJAJ-AUTO,2020-11-11,3023.1,53.72076689472114,53.711162981366144,17.650832166094908,30.166929628170244,0.3527504879097616,-0.0018689424762661222,0.3527504879097616,72.0,0.004895636928980318,0.009311633753432025,0.10074096126492682,0.19656974628692403,0.3743839105553901,0.2796963381958917,0.2404320068803545,50-60,15-20,30+,9
TITAN,2022-06-23,2041.4,38.460445170014964,37.99896695608748,23.35749936277455,30.463215696787973,0.35274811403938466,-0.05155775448221811,0.35274811403938466,130.0,-0.049059468991868416,0.04217693739590467,0.14081022827471323,0.18428529440579977,0.30628490251787976,0.22864210835700982,0.43977172528656805,30-40,20-25,30+,9
BAJFINANCE,2016-12-29,83.34,41.36914727947295,40.1770745393414,29.74164760055048,47.15917455273301,0.35193184545236367,0.0,0.35193184545236367,75.0,0.07967362610991113,0.06935445164386844,0.2656587473002159,0.30981521478281726,0.4168466522678185,0.6198704103671706,1.1078713702903764,40-50,25-30,30+,9
ADANIGREEN,2022-04-06,2197.4,67.73202626978642,66.44866751291177,28.799521496806996,50.07039636796473,0.35182488395376343,-0.22130699918085017,-0.12730954764721947,82.0,0.30349503959224533,0.27917083826340217,0.3082734140347685,-0.17978064985892428,-0.14608173295713112,-0.05613452261763896,-0.6102894329662328,60+,25-30,30+,9
DIVISLAB,2024-05-21,4016.55,58.56739782406007,57.44657762629062,21.22243798290336,27.588034214027036,0.35102264381123094,0.0,0.35102264381123094,112.0,0.09350064109745926,0.07658313726954713,0.12137281995742621,0.12902864398550995,0.1626644757316602,0.43572219939998247,0.6312507002278074,50-60,20-25,25-30,9
INDIGO,2023-11-07,2585.55,55.36820623825737,52.402458526755225,23.50065821514474,21.42583865159259,0.3506023863394636,-0.03241089903502159,0.3506023863394636,140.0,-0.016321478988996607,0.015586625669586684,0.1132447641700991,0.14182669064609077,0.22648952834019842,0.5463827812264315,0.5710197056719071,50-60,20-25,20-25,9
WIPRO,2020-07-13,113.8,58.53670407368483,56.995068413333684,40.51533199106486,32.77558613334173,0.35043936731107217,-0.011423550087873435,0.35043936731107217,64.0,0.18980667838312848,0.1812829525483306,0.2135325131810193,0.2886643233743411,0.6586115992970123,0.9630931458699474,1.3060632688927947,50-60,30+,30+,9
ADANIPOWER,2012-11-29,10.16,50.25547570019131,49.67204714537263,37.18862923219996,20.21888850198081,0.3503937007874016,-0.13385826771653542,-0.010826771653543288,102.0,0.13385826771653542,0.20472440944881898,0.21456692913385833,0.19881889763779514,-0.0718503937007875,0.1279527559055118,-0.2992125984251969,40-50,30+,20-25,9
ASIANPAINT,2020-08-07,1806.25,55.41436772932764,54.22024207073028,19.41823623288047,24.50306582716325,0.3501730103806229,-0.013231833910034685,0.3501730103806229,119.0,-0.002048442906574466,0.08401384083044983,0.09735640138408308,0.1570934256055363,0.23919723183391017,0.35842214532871974,0.6567750865051905,50-60,15-20,20-25,9
MARUTI,2016-07-12,4370.4,61.74749765594818,61.3845740427754,20.825182601765697,28.385187597452063,0.34910992128866924,-0.011211788394654976,0.18235172981878112,167.0,0.02638202452864724,0.023087131612667067,0.11629370309353826,0.2193391909207396,0.30705427420831066,0.2947327475745929,0.7107473000183051,60+,20-25,25-30,9
INFY,2024-05-07,1440.95,38.990840589316164,38.79691571049864,43.525834048546464,40.74076656096026,0.3489017661959124,-0.0328255664665672,0.3489017661959124,115.0,-0.011277282348450712,-0.004719108921197757,0.02172178076963105,0.15316284395711155,0.2157951351538916,0.223949477775079,0.046739997918040066,30-40,30+,30+,9
AXISBANK,2013-09-05,185.5,31.343149492746953,28.503343405225593,39.37180521581128,42.09357273303566,0.34814016172506745,0.0,0.20781671159029647,84.0,0.09967654986522922,0.2293261455525606,0.15563342318059292,0.32291105121293806,0.2841509433962264,0.3946630727762803,1.2423180592991914,20-30,30+,30+,9
ICICIBANK,2014-02-18,188.69,50.41497490698046,46.25297076912385,32.97159531176224,19.613164971156625,0.3477661773278924,-0.02883035666966982,0.3477661773278924,83.0,-0.006465631459006804,0.030155281148974478,0.15703004928719055,0.23530658752451106,0.4149133499390536,0.47495892734114165,0.6496369706926703,40-50,30+,15-20,9
RELIANCE,2017-02-16,240.01,54.705045310528355,51.08906197838475,29.00133986405284,19.174005736140966,0.3475271863672349,0.0,0.32015332694471077,123.0,0.1079538352568643,0.1585350610391234,0.199825007291363,0.3038206741385776,0.26753051956168505,0.46706387233865265,0.7260947460522478,50-60,25-30,15-20,9
AXISBANK,2006-07-20,52.72,41.04554155856407,40.78943366894343,38.48760155912077,47.637156285955825,0.3474962063732929,-0.012329286798179018,0.3281487101669196,68.0,0.12405159332321691,0.21984066767830046,0.25436267071320184,0.3336494688922611,0.5876327769347498,1.090857359635812,1.4453717754172986,40-50,30+,30+,9
BAJFINANCE,2005-11-24,3.11,58.30076372313242,58.2957683947317,21.886510697686283,44.427488064734064,0.347266881028939,-0.009646302250803762,0.347266881028939,64.0,0.067524115755627,0.17041800643086824,0.21543408360128624,0.2958199356913185,0.5819935691318328,0.257234726688103,0.135048231511254,50-60,20-25,30+,9
SHRIRAMFIN,2020-04-08,116.47,36.67328486586322,36.012821633525704,37.4542416129177,40.628514151496574,0.34695629775907966,-0.09650553790675709,-0.04696488366102858,50.0,0.11307632866832651,0.017772817034429567,0.2501931827938526,0.060959903837898066,0.21567785695887354,0.12492487335794644,1.5658109384390828,30-40,30+,30+,9
EICHERMOT,2019-08-02,1690.5,32.348184804610185,28.841965110652506,41.897657148410616,37.81342179999873,0.34594498669032836,-0.09000295770482114,0.34594498669032836,112.0,0.040354924578527074,-0.01801833776989059,-0.06679680567879331,0.05452824608104123,0.33322094055013296,0.19445134575569356,0.22935226264418795,20-30,30+,30+,9
M&M,2005-05-04,57.61,37.490495946074105,35.815474816464274,44.565154641007766,44.309998770272614,0.3457733032459642,0.0,0.3457733032459642,79.0,0.004513105363652015,0.026037146328762306,0.11421628189550415,0.2622808540183996,0.47127234855059896,0.5578892553376149,1.8892553376149972,30-40,30+,30+,9
LICI,2023-12-27,410.7,65.4194503841967,64.83700819918647,47.6127670244262,44.58728187275154,0.34558071585098604,0.0,0.24628682736790863,146.0,0.021134648161675207,0.020939858777696774,0.11468224981738495,0.26754321889457033,0.0925980034088143,0.2362551740930121,0.08582907231555881,60+,30+,30+,9
ONGC,2008-11-07,123.33,40.06400049590322,37.79859154312753,44.109478226975845,35.62081405163321,0.34557690748398606,-0.16054487959134034,0.34395524203356853,194.0,-0.06348820238384822,-0.07070461363820646,-0.10711100300008103,-0.028460228654828557,-0.10321900591907895,0.1983296845860698,0.5768264007135329,30-40,30+,30+,9
SHRIRAMFIN,2014-11-03,183.3,52.46580028785797,51.618428143911615,22.712149490949876,21.335471889048865,0.34457174031642124,-0.17735951991271148,-0.12024004364429908,199.0,0.03284233496999445,0.1224768139661756,0.24053464266230207,0.18036006546644834,0.23666121112929628,-0.11642116748499731,0.015875613747954098,50-60,20-25,20-25,9
ADANIENT,2023-11-24,2157.55,40.196153878289415,36.8164827378202,29.882769367803437,24.315898760033765,0.3443581840513543,0.0,0.31766587101110044,39.0,0.0616718036661954,0.2681282009686914,0.28758545572524397,0.3015596394058073,0.4662418020439849,0.41137864707654503,0.014400593265509354,30-40,25-30,20-25,9
ADANIPORTS,2023-11-29,835.55,56.97508797884287,53.46583772467461,30.601928732585236,24.41325211624306,0.3442642570761776,-0.012028005505355654,0.3442642570761776,36.0,0.21829932379869565,0.2728143139249597,0.2259589491951408,0.432170426665071,0.5911076536413142,0.7134222966908026,0.3974029082640176,50-60,30+,20-25,9
HINDZINC,2013-07-05,89.29,37.38021252691183,36.21215837465526,32.81066918616052,56.28905719292515,0.34348751259939503,-0.04401388733340805,0.31817672751707904,168.0,0.02139097323328487,0.018479113002575875,-0.01567924739612503,0.144921043789898,0.3113450554373389,0.2873782058461194,0.6163064172919699,30-40,30+,30+,9
GRASIM,2010-06-21,291.66,26.342158552080438,24.633164342144212,58.399453035027115,50.81345198178124,0.34204210381951583,0.0,0.34204210381951583,135.0,0.014331756154426278,0.021771926215456316,0.02478913803744076,0.17036960844819315,0.2563944318727285,0.2717547829664677,0.14249468559281353,20-30,30+,30+,9
SBIN,2010-08-03,260.06,68.78484586137718,67.19988308821286,40.96768985222983,40.95771895808293,0.3419595477966624,-0.038375759440129165,-0.0014227485964777298,171.0,0.011151272783203714,0.0837883565331079,0.0609474736599247,0.2534030608321156,0.22990848265784836,0.016073213873721404,-0.12377912789356305,60+,30+,30+,9
ADANIPOWER,2012-01-03,13.31,30.65689122748313,27.205882264723627,43.22910747368096,54.881068401991016,0.34184823441021783,-0.03155522163786628,0.222389181066867,44.0,0.03981968444778361,0.2539444027047333,0.23966942148760317,0.17129977460555978,0.030803906836964767,-0.23140495867768596,-0.043576258452291516,20-30,30+,30+,9
BAJFINANCE,2013-09-06,10.96,43.00910775161701,38.932924740148934,29.33012504727515,28.790412128725972,0.3412408759124086,0.0,0.3412408759124086,88.0,0.04562043795620441,0.17974452554744524,0.15054744525547425,0.2235401459854014,0.32481751824817495,0.4215328467153283,1.3503649635036497,30-40,25-30,25-30,9
HINDALCO,2016-07-13,135.8,72.79213405377598,72.08708724768208,37.93308060838532,39.46076865982012,0.340942562592047,-0.030559646539027985,0.28829160530191444,182.0,0.0007363770250368162,-0.014727540500736325,0.07768777614138433,0.03718703976435922,0.14248895434462439,0.16347569955817365,0.5073637702503679,60+,30+,30+,9
MARUTI,2020-03-27,4646.1,31.63691547192115,27.245020671594595,66.36169388902026,48.13212168106095,0.340210068659736,-0.1365876756849832,0.2628871526656764,115.0,-0.1365876756849832,0.13711499967714835,0.088299864402402,0.1291513312240371,0.24024450614493875,0.3993026409246465,0.47474225694668637,20-30,30+,30+,9
ULTRACEMCO,2014-12-10,2515.75,48.38965147702889,47.94223197318895,15.721309725370574,17.060246432049425,0.33948126801152756,-0.030388552121633605,0.19306369869820128,124.0,-0.030388552121633605,0.04165755738845278,0.084905097883335,0.17768061214349595,0.19932425717976732,0.11690350790022852,0.11821524396303285,40-50,15-20,15-20,9
HDFCBANK,2008-07-04,50.02,31.564680265918355,29.799021330667237,46.641251089216155,40.31128519267442,0.3390643742502999,-0.09676129548180734,0.22331067572970809,76.0,0.06737305077968814,0.03418632546981204,0.10835665733706512,0.3390643742502999,0.27528988404638133,-0.0019992003198721076,0.4234306277489004,20-30,30+,30+,9
ADANIPOWER,2019-06-24,10.03,52.912612799544576,51.118921451972554,20.83504008848221,18.736292873820627,0.3389830508474576,0.0,0.27118644067796627,79.0,0.20239282153539384,0.23828514456630123,0.24725822532402808,0.16849451645064817,0.3140578265204388,0.21635094715852454,-0.2442671984047856,50-60,20-25,15-20,9
HINDALCO,2010-09-06,178.95,57.89510846223489,57.57481473703627,26.547141919371352,35.0693726503785,0.33892148644872866,0.0,0.32718636490639863,113.0,0.06761665269628403,0.08382229673093033,0.176026823134954,0.2989661916736519,0.2369376920927635,0.17351215423302602,-0.13076278290025134,50-60,25-30,30+,9
INFY,2009-05-18,225.01,67.5724150346393,66.76641387905623,47.44584916160089,27.056129767556104,0.3389182702990978,-0.16537042798097856,0.33234078485400653,183.0,-0.1605706413048309,-0.0686636149504466,-0.04924225589973774,0.03679836451713259,0.10132882982978542,0.30656415270432436,0.4606017510332874,60+,30+,25-30,9
ONGC,2014-05-09,231.97,67.42130804516975,66.32459265008572,35.919790642046706,37.9050397780678,0.33823339224899773,0.0,0.15993447428546803,180.0,0.10402207181963186,0.17243609087382006,0.3023235763245249,0.14010432383497884,0.14971763590119402,0.15993447428546803,-0.08320041384661814,60+,30+,30+,9
HINDZINC,2007-09-17,71.21,50.47826767988748,50.45446581030315,15.80288286382563,20.251559774870874,0.3378738941159951,-0.037916023030473145,0.14197444179188312,86.0,0.07260216261760988,0.15924729672798765,0.3257969386322146,0.13495295604549917,0.12722932172447687,-0.24041567195618585,-0.3947479286617047,50-60,15-20,20-25,9
ADANIENT,2009-10-16,215.92,50.53116632113836,49.92506916105863,21.810784366041627,21.58359402755837,0.3378103001111523,-0.016348647647276726,0.3378103001111523,81.0,0.04436828454983344,0.03496665431641355,0.18627269359021859,0.2140607632456466,0.3970452019266395,0.41075398295665067,0.9645702111893295,40-50,20-25,20-25,9
TVSMOTOR,2024-05-13,2068.6,53.81155737765717,53.73066892909925,18.69804652478279,39.188108794129576,0.3376196461374843,0.0,0.3376196461374843,102.0,0.04220245576718562,0.08747462051629129,0.17011505365948,0.1792758387315092,0.24625350478584562,0.18945180315189014,0.3112249830803442,50-60,15-20,30+,9
WIPRO,2011-08-26,59.95,25.694615365504426,25.340178944347212,62.18295441215958,57.84809805287241,0.3369474562135113,0.0,0.3357798165137613,164.0,0.04570475396163465,0.058215179316096766,0.06355296080066708,0.16396997497914922,0.15929941618014998,0.38498748957464546,0.12977481234361976,20-30,30+,30+,9
ITC,2011-02-25,98.57,40.483874931065266,39.47308890017105,40.48766168914756,29.85972840445846,0.3366135741097698,0.0,0.2767576341686111,228.0,0.1030739575935884,0.09637820837983169,0.14334990362179179,0.2262351628284469,0.19651009434919353,0.2920766967637214,0.35832403368164756,30-40,30+,25-30,9
INFY,2008-03-25,186.54,39.82277469773933,37.22833577158347,28.676768210412526,31.385973981591714,0.33585290018226654,-0.047174868660876945,0.09858475394017385,129.0,-0.04642435938672673,-0.016993674278974913,0.13653908009006122,0.2631607162002787,0.2368928916050177,0.09220542510989604,-0.10276616275329686,30-40,25-30,30+,9
BEL,2022-07-15,81.83,56.00509203610964,55.22809592017308,18.88144303760545,14.843647323621006,0.33569595502871796,0.0,0.3265306122448979,53.0,0.08676524502016392,0.12098252474642557,0.19662715385555418,0.3678357570573141,0.23915434437247973,0.22448979591836737,0.5538311132836369,50-60,15-20,<15,9
HINDALCO,2009-07-28,93.75,63.73996695187627,63.10448080076226,20.71011340289737,44.99320162402513,0.3354666666666668,0.0,0.3354666666666668,49.0,0.20426666666666682,0.12480000000000002,0.13119999999999998,0.35360000000000014,0.46453333333333346,0.6981333333333333,0.6885333333333334,60+,20-25,30+,9
POWERGRID,2008-07-07,43.2,33.23072702300076,31.89073696773102,34.707029692151025,40.29745457841607,0.33472222222222214,0.0,0.20254629629629628,56.0,0.09513888888888888,0.19652777777777763,0.3006944444444444,0.21157407407407414,0.1465277777777778,0.07361111111111107,0.3613425925925926,30-40,30+,30+,9
BEL,2009-05-19,11.92,71.29605983759707,70.854256865429,30.569635227387508,33.663607503457285,0.33389261744966436,0.0,0.33389261744966436,135.0,0.09815436241610742,0.10654362416107377,0.1023489932885906,0.28271812080536907,0.21812080536912748,0.3515100671140938,0.5125838926174497,60+,30+,30+,9
HDFCBANK,2016-03-01,246.04,36.72106508744176,35.95098858065407,43.62196242995291,19.82364995221222,0.3338481547715819,0.0,0.1920013006015282,296.0,0.03048284831734671,0.04324500081287597,0.08840026012030577,0.13562835311331511,0.19874817102910103,0.2580474719557795,0.4140383677450823,30-40,30+,15-20,9
HINDZINC,2024-05-13,579.1,76.26711123838834,75.61499790939689,77.63159429832835,52.706282374342535,0.33362113624589873,-0.17708513210153687,-0.15480918666896915,129.0,0.2800897945087204,0.22068727335520633,0.18848212743912973,0.14772923501985824,0.06061129338628901,-0.1260576757036781,-0.25936798480400625,60+,30+,30+,9
ADANIPOWER,2016-11-25,4.89,40.56349673094201,37.78288697590957,35.91303545697153,31.21910600798622,0.33333333333333326,0.0,0.29447852760736204,40.0,0.1922290388548058,0.3006134969325154,0.14110429447852768,0.4396728016359919,0.5664621676891617,0.14519427402862983,0.49693251533742355,30-40,30+,30+,9
BEL,2013-12-27,10.16,27.010763629093397,24.644248986173267,39.61839383432998,46.63935127047411,0.33267716535433056,-0.09744094488188981,0.31791338582677175,138.0,0.008858267716535417,-0.015748031496062964,-0.05807086614173229,-0.06102362204724421,0.10728346456692917,1.0984251968503935,1.7145669291338579,20-30,30+,30+,9
ADANIPOWER,2021-08-30,18.77,46.86751758547444,44.06387036220745,46.72557579828377,35.92874627702624,0.33031433137986155,-0.007991475759190125,0.06393180607352145,129.0,0.04421949920085244,0.07139051678209918,0.04741608950452858,0.07085775173148656,0.04848161960575381,0.31859350026638245,3.4107618540223763,40-50,30+,30+,9
AXISBANK,2005-11-11,48.06,46.19796341289867,45.05846689486832,29.966562230660593,31.856074801434247,0.3300041614648357,-0.0010403662089055743,0.3300041614648357,59.0,0.040782355389096914,0.07178526841448174,0.18143986683312519,0.30149812734082393,0.4267582188930501,0.5574282147315854,0.8805659592176445,40-50,25-30,30+,9
ADANIPOWER,2023-12-04,92.94,70.36056739200865,67.94103850730573,43.780284037975456,37.95225658500284,0.32956746287927685,0.0,0.32956746287927685,121.0,0.13223585108672276,0.16064127394017658,0.171723692704971,0.20378738971379384,0.20486335270066713,0.881859264041317,0.17107811491284708,60+,30+,30+,9
JSWSTEEL,2006-09-27,28.48,52.76599635555358,51.38344003422985,29.58024931078723,20.926940297722354,0.3293539325842696,-0.012289325842696708,0.3293539325842696,86.0,0.009129213483145993,0.02563202247191021,0.21067415730337058,0.1660814606741574,0.3117977528089888,0.651685393258427,1.8883426966292136,50-60,25-30,20-25,9
ADANIGREEN,2022-01-12,1647.55,67.39917876206005,65.41055929764758,32.701856778259405,31.17362576211396,0.32912506448969703,0.0,0.32912506448969703,83.0,0.17656520287699928,0.15944887863797774,0.15784042972899148,0.10612727990045845,0.6948802767746047,0.3397772450001517,0.1470668568480471,60+,30+,30+,9
TCS,2010-09-20,456.13,64.77950091861867,64.28636152524518,24.329226942523622,28.07786096121558,0.3287878455703419,0.0,0.22761054962401084,189.0,0.016815381579812883,0.04772762151141108,0.05590511476991211,0.11305987328173983,0.27891171376581236,0.173788174423958,0.15969131607217246,60+,20-25,25-30,9
KOTAKBANK,2005-11-09,48.53,56.93103189581038,56.304614626321566,41.244544562633976,44.92546729215426,0.3286626828765713,0.0,0.32701421800947883,131.0,0.06655676900886043,0.0799505460539871,0.21780342056459912,0.24891819493097045,0.3286626828765713,0.9410673810014425,0.8295899443643109,50-60,30+,30+,9
BAJFINANCE,2012-01-11,6.33,46.893560773124676,42.98188227964726,44.498880683250114,17.19294304258286,0.3270142180094786,-0.006319115323854652,0.3270142180094786,83.0,0.03949447077409163,0.1200631911532386,0.24644549763033163,0.23064770932069512,0.33175355450236954,0.3996840442338072,1.1579778830963665,40-50,30+,15-20,9
LICI,2023-11-17,307.33,43.453264362444536,42.70533061482698,34.13146664198583,34.85229289385861,0.3263592880616928,-0.009598802590049749,0.27110923111964347,39.0,0.10249568867341297,0.09149773858718646,0.30423323463378127,0.452119871148277,0.7181856636189112,0.6106465362964892,0.46708749552598183,40-50,30+,30+,9
IOC,2008-07-04,28.46,31.825885101990288,31.3475117009882,31.07794757818033,36.02362610887874,0.3260716795502461,0.0,0.25790583274771595,60.0,0.009486999297259269,0.11806043569922697,0.2491215741391426,0.25790583274771595,0.17392832044975393,0.24736472241742802,0.579409697821504,30-40,30+,30+,9
HINDALCO,2017-07-13,204.7,59.115791142417095,55.88715008943337,24.28591253870511,19.365614146227802,0.3258426966292134,0.0,0.3258426966292134,95.0,0.043722520762091044,0.08085002442598932,0.11944308744504162,0.22154372252076215,0.21885686370297996,0.3263312164142649,0.06863702979970698,50-60,20-25,15-20,9
DIVISLAB,2009-05-05,229.1,42.8868292967342,40.35526438578806,22.458541903664713,33.28537647640017,0.32518550851156713,-0.03967699694456572,0.20017459624618072,79.0,0.02597119161938033,0.11479703186381496,0.3249672632038412,0.18734177215189862,0.11676123963334795,0.1402444347446532,0.5304670449585334,40-50,20-25,30+,9
WIPRO,2018-06-29,98.06,38.720464632538075,33.75332045271423,31.092765841463788,34.33547153636651,0.3251070772996125,-0.003365286559249392,0.3251070772996125,207.0,0.00499694064858236,0.07403630430348751,0.04456455231490919,0.1304303487660614,0.2197634101570467,0.24729757291454213,0.4378951662247603,30-40,30+,30+,9
ETERNAL,2022-05-16,56.4,21.681464867158454,20.544778917350353,60.374538665199104,55.367646148393234,0.32446808510638303,-0.04521276595744672,-0.028368794326241176,53.0,0.01152482269503552,0.2597517730496455,0.24468085106382986,-0.04432624113475181,0.1391843971631206,0.23404255319148937,0.1170212765957448,20-30,30+,30+,9
HINDZINC,2008-10-29,27.79,30.188886103565714,23.817347014964565,63.09251681460344,44.273960626591915,0.32385750269881264,-0.07160849226340404,0.010795250089960406,86.0,-0.023029866858582215,0.19431450161928754,0.008636200071968414,0.07268801727240004,0.09751709247930918,0.5394026628283557,1.7578265563152216,20-30,30+,30+,9
LT,2007-06-21,467.88,67.80191197400825,65.74369137221099,29.116750963395482,27.452851701066113,0.3234590065828846,0.0,0.3234590065828846,92.0,0.02282636573480379,0.10720697614773012,0.24677267675472359,0.1160340258185859,0.26812430537744736,0.8824912370693341,0.21789775156022917,60+,25-30,25-30,9
BAJAJFINSV,2019-02-26,645.27,55.92174969566796,53.04884944581346,30.104696129070557,23.579672906005754,0.32310505679792967,-0.005098640879011795,0.08497218218730151,191.0,0.01411812109659527,0.06326034063260355,0.0774714460613386,0.16546561904319113,0.27280053311017083,0.1143862259209325,0.45473987633083834,50-60,30+,20-25,9
ASIANPAINT,2011-03-04,250.82,44.027674099919615,43.44342406604039,26.689511889644855,25.313644578703943,0.32122637748185956,-0.003229407543258067,0.2597081572442388,244.0,0.008532014990830117,0.015190176221991925,0.008532014990830117,0.10557371820428996,0.2379794274778726,0.29977673231799695,0.24946176540945686,40-50,25-30,25-30,9
M&M,2018-03-21,745.35,55.308979599170485,54.0662280006461,14.548257253848409,27.06334206266477,0.3199839001811229,-0.023009324478432958,0.0012745689944320127,223.0,-0.008653652646407828,0.015026497618568335,0.07265043268263227,0.10813711679076943,0.19594821224927883,0.27570939826926955,-0.08928691218890461,50-60,<15,25-30,9
ADANIGREEN,2022-06-28,1909.85,47.86914642951766,45.327884563057225,34.416415247162746,40.0561141410817,0.31934445113490595,-0.017514464486739656,0.11068932115087571,129.0,-0.017514464486739656,0.20153415189674595,0.12257507134068124,0.2241013692174778,0.15734219964918705,-0.017278843888263506,-0.49909678770584076,40-50,30+,30+,9
HINDUNILVR,2017-05-17,992.92,71.09465975135465,70.77419557844814,53.83247069106195,44.83493550488899,0.3193409338113846,-0.018974338315272066,0.3193409338113846,215.0,0.028380937034202303,0.05706401321355181,0.08162792571405553,0.14220682431615828,0.1753011320146638,0.267584498247593,0.5551806792087983,60+,30+,30+,9
TATASTEEL,2007-09-03,58.24,59.89724606106414,57.70220358889252,37.08043851546715,36.49687648356407,0.3188530219780219,-0.013736263736263798,0.3188530219780219,42.0,0.0024038461538462563,0.02043269230769229,0.21531593406593408,0.4680631868131868,0.3777472527472525,0.26442307692307687,0.011675824175824134,50-60,30+,30+,9
ETERNAL,2024-02-13,154.75,72.08825886992597,71.3415383864216,30.44953639074233,49.38049820478219,0.3180613893376414,-0.03941841680129232,0.3180613893376414,139.0,0.04071082390953151,0.042326332794830446,-0.012924071082390909,0.21680129240710833,0.25557350565428116,0.7022940226171244,0.38739903069466886,60+,30+,30+,9
EICHERMOT,2013-04-22,287.31,54.87667123928873,52.50701026277329,21.266277968975203,27.1837976849599,0.3179492534196513,-0.01701994361491066,0.31112735372942124,80.0,0.017716055828199462,0.10563502836657279,0.22181615676447053,0.23967143503532773,0.3247015418885526,0.3381365076050258,1.1115171765688627,50-60,20-25,25-30,9
INDIGO,2021-08-18,1697.45,50.29701190640597,49.66296266088373,27.28629372618166,20.8195277301354,0.3174173024242246,-0.022946183981855217,0.2838669769359923,75.0,0.011517275913870861,0.12875195145659668,0.2937347197266489,0.20937288285369227,0.39291289875990465,0.2326136263218357,0.1911985625497068,40-50,25-30,20-25,9
DMART,2020-01-15,1933.55,58.87650513445403,58.25043834432364,26.879458374808422,28.82044828292882,0.31579219570220585,-0.06457034987458299,0.12241731530087141,83.0,-0.0097489074500271,0.021256238524993032,0.2455586873884823,0.03245325954849898,0.12792531871428214,0.15536189909751497,0.4975304491737995,50-60,25-30,25-30,9
MARUTI,2014-05-19,2214.65,73.67752670612825,70.3442423262837,53.467466314590396,26.848496288539735,0.315241686045199,-0.020522430180841322,0.315241686045199,105.0,0.057187365949472824,0.04951120944618803,0.09949653444110806,0.13995439459959802,0.22075723026211813,0.5086808299279795,0.6737407716794979,60+,30+,25-30,9
DIVISLAB,2006-10-26,127.67,80.05886978050908,77.77225654850524,62.468724025796774,56.35182932739499,0.3151875930132373,-0.02576956215242432,0.3151875930132373,99.0,0.11913527061956608,0.08161666797211553,0.23991540690843594,0.10354821022949778,0.2182971723975875,0.3519229262943526,2.2219785384193624,60+,30+,30+,9
TITAN,2010-04-13,95.3,72.61924649672417,71.23898674173846,44.212381426746695,61.687282762184275,0.31437565582371474,0.0,0.31437565582371474,87.0,0.07544596012591809,0.08530954879328445,0.1731374606505771,0.17481636935991607,0.31615949632738727,0.7686253934942289,1.0386149003147955,60+,30+,30+,9
DMART,2024-02-21,3835.75,50.81521683496598,45.55640541684827,25.56431056254636,25.293243480549638,0.31391514045493074,-0.0003258815094832057,0.31391514045493074,146.0,0.0037150492081079456,0.01379130548132701,0.12040670012383514,0.24043537769666945,0.22685263638141162,0.30422994199309117,-0.055256468747963194,40-50,25-30,25-30,9
AXISBANK,2008-12-03,86.74,35.02504266125504,33.53963156065364,47.252619431967226,40.45515298549868,0.3136961032972101,-0.11390362001383436,0.004496195526861868,57.0,0.06709707170855439,0.1473368688033203,0.249481208208439,-0.08266082545538389,-0.25086465298593486,0.7102836061793867,1.420106064099608,30-40,30+,30+,9
BAJAJFINSV,2017-07-13,436.45,55.581572189629796,54.224709523205746,23.01050109732967,30.973157409669557,0.313621262458472,0.0,0.18535914766869066,130.0,0.07212739145377478,0.13059915225111696,0.19649444380799652,0.313621262458472,0.21461794019933556,0.18144117310115715,0.44907778668805154,50-60,20-25,30+,9
INDIGO,2026-03-20,4149.1,34.375861304132926,34.17934912410994,32.84006719219055,55.96161719021097,0.31353787568388314,-0.04955291509001958,0.2515967318213588,152.0,-0.011954399749343314,0.039382034658118625,0.127521631197127,0.019570509267069935,0.2079246101564194,,,30-40,30+,30+,9
SBIN,2009-09-10,188.16,64.15659855986574,62.56082675513494,26.76823068909893,26.10520035427061,0.3131909013605443,0.0,0.2254464285714286,118.0,0.11702806122448983,0.15183886054421758,0.1547087585034015,0.23203656462585043,0.21912202380952372,0.08662840136054428,0.6733630952380953,60+,25-30,25-30,9
HCLTECH,2020-04-07,451.15,37.53443181093584,35.592145245214596,50.51290910469899,47.160502348082275,0.3123129779452509,0.0,0.27429901363182974,92.0,0.06117699213122019,0.010085337470907785,0.13432339576637498,0.28172448187964094,0.2827219328383024,0.8268868447301343,1.2990136318297685,30-40,30+,30+,9
MARUTI,2014-09-02,2915.05,76.11646657360345,75.52084096282353,58.69097456704364,67.92630627547547,0.3113325671943876,-0.011766522015059788,0.2783485703504227,266.0,-0.001732388809797536,0.012109569304128431,0.00809591602202353,0.12754498207577902,0.1626387197475172,0.2732028610143906,0.3824805749472564,60+,30+,30+,9
WIPRO,2021-06-02,271.5,74.04338366156803,73.12140594032638,50.048788844712234,59.32981310619322,0.31042357274401455,-0.03340699815837933,0.23535911602209936,198.0,0.0022099447513812542,0.022578268876611407,-0.008103130755064414,0.09071823204419882,0.18040515653775335,0.16132596685082867,-0.12677716390423566,60+,30+,30+,9
BHARTIARTL,2013-06-28,262.94,46.13370826991088,45.29309254868462,12.808608431839165,24.72072663653438,0.3101848330417585,-0.01353921046626605,0.15973225830988058,74.0,0.014071651327298929,0.16186202175401232,0.27025176846428844,0.007378109074313466,0.14741005552597541,0.12957328668137214,0.15475013311021524,40-50,<15,20-25,9
ITC,2012-03-06,132.69,55.506087777069936,53.38280346865107,28.291025924304826,17.697587789374516,0.31012133544351506,-0.017107543899314237,0.31012133544351506,213.0,-0.006405908508553715,0.06277790338382716,0.06488808501017429,0.12337026151179442,0.09367699148390995,0.2719119752807295,0.3643077850629286,50-60,25-30,15-20,9
SHRIRAMFIN,2013-09-06,101.02,30.467689821379324,28.943921489357937,69.82282659793783,56.03929571981374,0.30983963571569983,0.0,0.14313997228271647,173.0,0.08433973470599887,0.2311423480498913,0.08146901603642842,0.17194614927737084,0.14442684616907542,0.14878241932290637,0.878439912888537,20-30,30+,30+,9
AXISBANK,2020-04-07,388.85,28.998212337262338,24.360940790861175,60.14901336996306,50.8581698288542,0.3095023788093094,-0.13347048990613353,0.14221422142214202,181.0,0.07316445930307314,0.08177960653208172,0.021859328790021948,0.10646778963610637,0.11611161116111601,0.14221422142214202,0.7699627105567699,20-30,30+,30+,9
TVSMOTOR,2025-08-06,2952.7,61.30183662900307,60.69497266184641,28.56824906098977,16.864748128167207,0.3093439902462154,0.0,0.30900531716733837,189.0,0.022521759745317782,0.09384631015680567,0.17743082602363947,0.18904731262911922,0.17624547024756998,0.23473431096962116,0.48169472008670033,60+,25-30,15-20,9
ASIANPAINT,2013-09-06,425.1,42.11339475456627,40.04604897201588,38.845089357116635,36.584335239627684,0.30933897906374974,0.0,0.16090331686661963,131.0,0.04057868736767811,0.14831804281345562,0.0903316866619619,0.2895789226064456,0.18760291696071518,0.1164431898376852,0.5902140672782874,40-50,30+,30+,9
HINDUNILVR,2006-02-14,224.45,69.77654509702487,65.52604931518205,30.036495943496185,32.34205342384627,0.308754733793718,-0.16974827355758515,-0.025840944531075882,128.0,0.05591445756293156,0.08576520383158837,0.1514813989752728,0.2261082646469148,0.16818890621519267,0.012029405212742317,-0.1069280463354868,60+,30+,30+,9
IOC,2021-08-30,71.57,53.60299869519676,53.01294521094522,18.612615924390383,20.160958437357582,0.30822970518373616,0.0,0.06231661310605019,127.0,0.039541707419309846,0.061897443062735924,0.18722928601369304,0.19184015649014952,0.10660891434958786,0.07125890736342044,-0.0009780634343997674,50-60,15-20,20-25,9
BHARTIARTL,2012-09-05,232.39,39.925563848186435,37.589885084236094,30.927057258371292,25.72668971038088,0.30694091828391956,-0.022290115753689776,0.2809931580532725,125.0,0.011231120099832292,0.0403201514695124,0.030638151383450163,0.060673867205990106,0.2892981625715394,0.22569817978398388,0.1487155213219158,30-40,30+,25-30,9
ULTRACEMCO,2006-08-03,729.85,55.70288754318828,55.23681560127726,30.48622507313255,25.171539464306797,0.30581626361581127,-0.0021237240528876322,0.30581626361581127,125.0,0.009728026306775384,0.06309515653901476,0.05740905665547702,0.19168322257998205,0.20606974035760772,0.3634993491813385,0.2475166130026718,50-60,30+,25-30,9
TITAN,2014-05-12,285.05,69.32127826534295,66.86930118548622,34.884080872672314,31.975920697340328,0.3046833888791438,0.0,0.3046833888791438,112.0,0.07805648131906673,0.12699526398877392,0.15383266093667758,0.15909489563234502,0.1989124714962287,0.32941589194878085,0.2725837572355727,60+,30+,30+,9
TATASTEEL,2007-03-13,37.46,44.18925385051573,42.477959688587774,24.429326713938195,17.48689474895453,0.30352375867592096,-0.048051254671649835,0.24399359316604374,56.0,-0.048051254671649835,-0.007741591030432482,0.11532301121195943,0.3307528029898559,0.3040576615056061,0.5584623598505072,0.9554191137213026,40-50,20-25,15-20,9
TVSMOTOR,2006-02-03,60.45,70.64432854033731,69.55016181452044,32.15213282941411,39.55030711249918,0.3032258064516129,-0.0309346567411084,0.3032258064516129,60.0,-0.0028122415219189456,0.003804797353184508,0.08188585607940446,0.3032258064516129,0.3374689826302728,-0.23606286186931358,-0.38577336641852766,60+,30+,30+,9
GRASIM,2019-02-19,715.51,35.94780753329951,34.70452514706763,35.83924870263748,55.90698796186953,0.30200835767494527,0.0,0.30200835767494527,97.0,0.08721052116672023,0.12778297997232757,0.1416332406255678,0.2026107252169782,0.23935374767648243,0.019482606811924486,0.05400343810708441,30-40,30+,30+,9
INFY,2021-05-27,1402.25,61.131678273764095,57.710731819563314,31.939900666706542,34.95299840615729,0.3012658227848102,-0.016830094490996594,0.3012658227848102,209.0,-0.00898555892315911,0.015724728115528608,0.1209128186842574,0.14380459975040116,0.2376894277054733,0.23865216616152618,0.04214655018719915,50-60,30+,30+,9
TATASTEEL,2010-08-23,52.15,45.5204776841381,45.404462593528805,45.90729254233519,27.915716443061143,0.30067114093959724,-0.04697986577181201,0.23259827420901247,114.0,0.012272291466922436,0.10393096836049853,0.18657718120805367,0.1840843720038352,0.1980824544582933,0.16452540747842748,-0.13135186960690315,40-50,30+,25-30,9
ADANIENT,2011-12-02,205.05,26.536909487540512,18.63691797935352,64.05618630862388,47.882986938641906,0.3005608388198,-0.21141185076810542,-0.11528895391367966,118.0,-0.04150207266520367,-0.07042184832967568,-0.1477688368690564,0.22789563521092404,0.08251645940014618,-0.22633504023408935,-0.23486954401365534,0-20,30+,30+,9
NESTLEIND,2014-07-21,251.93,56.38808442024999,55.56671216885472,23.025112110980604,20.913866211251825,0.30051998571031624,0.0,0.26066764577462,112.0,0.02937323859802321,0.03373953082205383,0.15027983963799474,0.2012463779621323,0.14496090183781196,0.4039614178541657,0.20442186321597267,50-60,20-25,20-25,9
JSWSTEEL,2017-07-04,208.35,60.59122303066144,59.29425263120204,28.711747080928625,24.384929412798545,0.29973602111831066,0.0,0.27333813294936404,170.0,0.025197984161267062,0.037437005039596905,0.07199424046076319,0.22294216462682992,0.1996640268778498,0.2757379409647229,0.4982001439884809,50-60,25-30,20-25,9
LT,2022-06-23,1494.3,34.41511974298274,33.76357889976074,37.08325440108487,35.49099314284116,0.29860135180352,0.0,0.29860135180352,71.0,0.042795957973633225,0.07816368868366452,0.19283276450511955,0.2585491534497759,0.26858729840058904,0.4476678043230944,0.5991099511476947,30-40,30+,30+,9
TCS,2006-06-25,212.54,46.68713147230485,45.591538003156884,39.32140371003889,42.05470000248892,0.29810859132398604,-0.03928672249929421,0.29810859132398604,110.0,0.058765408864213775,0.057636209654653214,0.08643078949844729,0.14143220099745935,0.20636115554719114,0.3573444998588502,0.32417427307800883,40-50,30+,30+,9
BEL,2021-04-29,43.28,52.146625273722,51.980130842232775,16.30687894784712,26.88714191671102,0.2978280961182995,0.0,0.2978280961182995,55.0,0.09681146025877996,0.10397412199630307,0.11991682070240284,0.3382624768946396,0.4630314232902033,0.5880314232902033,0.8373382624768946,50-60,15-20,25-30,9
ADANIENT,2017-01-27,56.06,64.6559519297368,63.675551693726916,30.78183506529512,26.591397786504107,0.2970032108455225,-0.05886550124866219,0.2970032108455225,73.0,0.021048876204067035,0.0026757046022118924,0.037281484124152664,0.12896896182661433,0.23278630039243664,0.5199785943631821,1.3039600428112736,60+,30+,25-30,9
IOC,2007-08-29,32.31,35.06865601733786,33.465138511198376,19.503823483367565,25.341049248587282,0.29681213246672833,-0.010213556174558991,0.210151655834107,62.0,0.028474156607861234,0.017951098731042947,0.21324667285670063,0.15351284432064372,0.3772825750541626,0.36706901887960375,0.009904054472299695,30-40,15-20,25-30,9
EICHERMOT,2016-06-28,1916.64,53.15649061497175,50.46359016211994,19.35560220747194,17.689259089463285,0.2967067367893814,-0.002619166875365342,0.2857500626095668,91.0,0.013826279322147084,0.02664558811253026,0.10087444694882697,0.16391706319392263,0.28839009934051263,0.05772602053593778,0.42044932799065005,50-60,15-20,15-20,9
WIPRO,2023-11-16,198.55,47.23047488001814,43.95882807874006,37.58067923114162,26.719573948151336,0.2956434147569882,-0.004281037522034903,0.2956434147569882,90.0,0.013598589775875025,0.040191387559808556,0.1212792747418785,0.24553009317552243,0.2956434147569882,0.14923193150339964,0.39224376731301924,40-50,30+,25-30,9
ADANIPORTS,2023-02-10,583.95,33.134776621123436,31.708701787059326,64.18188745466615,42.66152122044666,0.2954876273653566,-0.06310471786968064,0.2830721808374004,165.0,-0.009076119530781912,-0.042897508348317626,0.16653823101292908,0.11987327682164572,0.21380255158832084,0.35473927562291285,1.1394811199589001,30-40,30+,30+,9
IOC,2015-06-15,58.88,50.27032115236843,49.50746087602573,16.125178773929264,20.937900987888387,0.294836956521739,-0.004585597826087029,0.13586956521739113,108.0,0.08406929347826075,0.08916440217391286,0.2250339673913042,0.10292119565217384,0.13739809782608692,0.171875,0.17204483695652173,40-50,15-20,20-25,9
SBIN,2014-10-21,258.42,55.20540096657677,52.88080904359431,23.872001136356857,19.65809583007424,0.2947914248123211,-0.006849315068493289,0.05990248432783818,169.0,0.028093800789412482,0.07650336661249124,0.14967881742899158,0.190697314449346,0.21178701338905648,0.11311044036839246,-0.03335655135051463,50-60,20-25,15-20,9
ASIANPAINT,2022-06-23,2758.2,38.91212145748025,37.3700172975581,31.576707203758637,40.951449179268295,0.2945580451018781,-0.022840983249945657,0.12221738815169325,151.0,-0.022840983249945657,0.04829236458559949,0.12571604669712122,0.2144695816111959,0.21675367993619044,0.1174497860923791,0.19559857878326437,30-40,30+,30+,9
TATASTEEL,2022-07-01,87.29,32.4683588818273,29.992584982118633,55.12014355141404,47.10554074557065,0.2945354565242295,-0.020964600756100515,0.21090617481956686,70.0,0.01489288578302217,0.012487111925764571,0.24011914308626414,0.24069194638561098,0.10951999083514696,0.26016725856340917,0.2956810631229234,20-30,30+,30+,9
IOC,2012-12-31,44.98,56.403536277405486,53.212419929429664,44.092137659501944,44.35067962607822,0.294130724766563,-0.012005335704757703,0.11805246776345046,105.0,0.04224099599822151,0.06758559359715433,0.1620720320142286,0.1073810582481105,0.04268563806136072,-0.12338817252112044,-0.20653623832814583,50-60,30+,30+,9
BAJFINANCE,2013-04-22,12.22,46.01590449126162,40.6498862206972,34.97138898831642,34.591291252651516,0.2937806873977087,-0.16857610474631757,-0.10310965630114566,122.0,-0.004909983633387904,0.03109656301145658,0.1816693944353518,0.14402618657937794,0.09738134206219318,0.05482815057283141,0.4443535188216037,40-50,30+,30+,9
BEL,2009-11-26,17.33,65.41934114553952,64.33993247596379,35.93344507087002,43.835726643596956,0.29371032890940585,0.0,0.29371032890940585,113.0,0.07789959607616859,0.11252163877668808,0.09521061742642822,0.13791113675706868,0.1771494518176573,-0.013271783035198936,-0.0005770340450085287,60+,30+,30+,9
HCLTECH,2015-01-13,395.9,48.93553468241139,46.829089541225564,29.75630388485822,30.395770819979127,0.29333164940641576,-0.0030310684516291486,0.28567820156605217,50.0,0.05592321293255886,0.020661783278605794,0.2530942157110383,0.29893912604192985,0.2326850214700682,0.21348825460975007,0.04369790351098768,40-50,25-30,30+,9
GRASIM,2026-04-06,2614.4,42.5642372243838,38.04330091680995,39.36136295385994,29.378334094666112,0.29303090575275403,0.0,0.2507649938800489,135.0,0.03771419828641376,0.05572980416156659,0.11490208078335384,0.18103580171358624,0.22896266829865364,,,30-40,30+,25-30,9
TVSMOTOR,2007-11-15,30.03,48.76475597355051,43.4392047291413,25.811300486393062,27.901704620650037,0.2920412920412918,-0.3889443889443889,-0.3656343656343657,97.0,-0.0016650016650017196,0.03829503829503822,0.17715617715617715,0.12154512154512154,-0.3762903762903763,-0.3106893106893107,-0.5487845487845489,40-50,25-30,25-30,9
SBILIFE,2024-06-10,1432.3,48.05518960853371,46.949621313482986,20.187128716845386,24.953217255775996,0.29183830203169725,-0.0029672554632409476,0.29183830203169725,81.0,0.028799832437338635,0.014277735111359435,0.08831948614117158,0.2044264469733994,0.32775954758081416,0.025832576974097687,0.24659638343922374,40-50,20-25,20-25,9
ASIANPAINT,2019-07-17,1395.9,49.38907317559152,44.48641959651358,32.91120554342468,18.427440022561406,0.2914607063543233,-0.019199083028870412,0.2914607063543233,68.0,0.06268357332187113,0.08969123862740869,0.14438713374883583,0.08983451536643017,0.2917114406476107,0.29300093129880356,0.2129808725553406,40-50,30+,15-20,9
ICICIBANK,2022-06-27,717.35,46.08614987468444,44.879818936499646,29.67835760522889,23.24340419763511,0.29128040705373937,-0.02035268697288639,0.289537882484143,120.0,0.0038335540531122536,0.07269812504356299,0.11591273436955452,0.21398201714644172,0.20032062452080557,0.24513835645082604,0.3049417996793755,40-50,25-30,20-25,9
TVSMOTOR,2026-06-15,3459.5,45.4283097567951,42.394816892372205,28.22853441038195,22.78200700622629,0.29099580864286745,-0.006937418702124609,0.2606156959098136,65.0,0.008440526087584832,-0.0007804596039889811,0.04416823240352663,0.2449775979187745,,,,40-50,25-30,20-25,9
ULTRACEMCO,2010-07-28,856.75,32.18843481431588,32.02302302792018,33.74243822184671,45.95663589913018,0.28987452582433604,0.0,0.2731251823752554,76.0,0.0028012839217974594,0.025620075868106218,0.07259994163991834,0.19579807411730377,0.28409687773562897,0.18791946308724827,0.19754887656842723,30-40,30+,30+,9
KOTAKBANK,2014-10-30,109.4,67.13469634703513,64.621449183509,37.94661558251005,44.18050781597601,0.28765996343692857,-0.014990859232175469,0.28765996343692857,124.0,0.026416819012797133,0.016270566727605074,0.09853747714808048,0.13674588665447884,0.23510054844606953,0.22678244972577688,0.25712979890310783,60+,30+,30+,9
ONGC,2012-11-30,176.63,37.776091791523974,35.854072976642385,52.14891080515009,49.18157243283415,0.287437015229576,-0.033176697050331105,0.20404234841193447,136.0,0.010756949555568163,-0.020551435203532753,0.011549566891241536,0.25799694276170526,0.18309460454056503,0.26422465039913945,0.11306120138141873,30-40,30+,30+,9
ADANIPORTS,2022-03-03,706.7,45.29372025769994,45.093769618445066,23.033934308112357,12.986887943348215,0.28696759586811926,-0.061624451676807745,-0.039550021225413956,124.0,0.03353615395500209,0.047261921607471225,0.15827083628130745,0.2120418848167538,0.042733833309749336,0.19166548747700562,-0.03120135842648941,40-50,20-25,<15,9
INFY,2014-05-12,396.89,38.52625859738721,37.5849592863727,24.34729261509454,43.18144430869704,0.28685529995716696,-0.07893874877169993,0.28685529995716696,175.0,-0.05041699211368389,-0.02527148580211136,0.0057446647685757135,0.04772103101615066,0.12547557257678443,0.31192521857441635,0.22648592809090684,30-40,20-25,30+,9
ONGC,2005-11-14,110.31,53.65508710943058,50.82769304512183,35.218173894109654,45.487427073652924,0.2868280300969992,-0.004170066177137222,0.22998821503036893,123.0,0.029190463239959996,0.052760402502039616,0.1558335599673646,0.22581814885323181,0.18212310760583805,0.37838817876892406,0.3305230713443932,50-60,30+,30+,9
HINDALCO,2022-06-28,343.55,30.326159480510096,27.399297872164258,49.8480827745345,50.85259235483748,0.28656672973366315,-0.014262843836413963,0.19662349003056323,101.0,0.0049483335758986335,0.00975112792897681,0.14219182069567737,0.2522194731480134,0.08688691602386833,0.2893319749672536,0.2231116285839032,20-30,30+,30+,9
ONGC,2010-04-27,174.15,35.37769831290386,33.89562090305144,40.94496619654028,30.46589152487578,0.28641975308641965,-0.018949181739879473,0.28641975308641965,125.0,-0.001033591731266159,-0.014355440712029877,0.0749354005167957,0.2487510766580534,0.20132070054550666,0.2889463106517369,0.1920757967269595,30-40,30+,30+,9
ADANIPOWER,2024-05-21,136.01,65.94843057088627,64.53522222152003,31.830351313305023,27.593401204225174,0.2859348577310492,-0.07771487390633036,-0.041688111168296405,120.0,-0.0016910521285198321,0.06308359679435349,0.09308139107418567,0.023674729799279426,0.024924637894272683,-0.225277553121094,-0.18939783839423563,60+,30+,25-30,9
IOC,2007-10-31,40.15,55.19144636192491,53.46538937725802,19.328623913605014,29.50198262737635,0.28518057285180576,0.0,0.28069738480697404,35.0,0.04557907845579079,0.12154420921544218,0.12752179327521795,0.6500622665006228,-0.013449564134495606,-0.0762141967621418,-0.29788293897882934,50-60,15-20,25-30,9
HINDALCO,2016-05-31,105.25,59.70936793104811,57.14412454712435,31.021698474392142,27.09178552791089,0.28503562945368177,-0.02042755344418057,0.28503562945368177,42.0,0.040380047505938155,0.0983372921615202,0.16722090261282663,0.2978622327790974,0.5040380047505939,0.6973871733966746,0.9068883610451306,50-60,30+,25-30,9
DIVISLAB,2017-05-30,588.0,26.189641571406145,23.69314297031667,46.950644783656315,63.28225056709779,0.2850340136054421,-0.009948979591836826,0.14523809523809517,86.0,0.07185374149659873,0.09787414965986385,0.08401360544217673,0.14438775510204072,0.18180272108843543,0.7707482993197279,0.7883503401360543,20-30,30+,30+,9
ADANIENT,2016-11-17,38.11,38.39943974229461,37.94772130042105,23.941876905465985,29.686975217311243,0.2844397795854108,-0.020729467331409013,0.27079506691157174,69.0,-0.020729467331409013,0.06664917344528987,0.1618997638415114,0.2676462870637628,0.4654946208344266,0.9506691157176594,1.4875360797690895,30-40,20-25,25-30,9
SHRIRAMFIN,2016-01-29,165.14,39.5616263088228,35.95023283626502,53.027202269637726,25.046162757885494,0.284425336078479,-0.07672278067094584,0.284425336078479,103.0,-0.003391062129102451,-0.06824512534818927,-0.0458398934237616,0.09343587259295139,0.14212183601792439,0.4910379072302289,0.15847159985466885,30-40,30+,25-30,9
BEL,2019-02-22,26.18,40.112030050397195,38.52992492941358,34.56858404269468,35.45599857289028,0.28418640183346056,0.0,0.1707410236822,84.0,0.08212375859434684,0.11038961038961048,0.168831168831169,0.12566844919786102,0.3071046600458365,0.1707410236822,0.04354469060351418,30-40,30+,30+,9
INDIGO,2016-03-21,848.95,47.525913522833015,44.66538053153964,21.62938635077358,32.1607435784981,0.28205430237352025,-0.06531597856175275,0.03698686612874735,150.0,0.03728134754696977,0.13911302196831365,0.2006007420931739,0.13375346015666412,0.2623829436362566,0.01878791448259598,0.10141940043583242,40-50,20-25,30+,9
GRASIM,2023-11-20,1964.49,62.92964268624985,61.281018998355215,15.857526023841807,30.067746472285858,0.2812231164322545,-0.011611156076131723,0.2812231164322545,218.0,0.0018274463092202708,0.04089102006118628,0.046266461015327165,0.05940982137857653,0.10389973988159773,0.23917658018111565,0.276743582303804,60+,15-20,30+,9
LT,2023-07-21,2586.25,67.6110121211493,67.54791917736858,49.628806317790605,35.340454999034435,0.28121797970033846,-0.00980183663605605,0.28121797970033846,136.0,0.024475592073465613,0.01571773803769938,0.029386176897051808,0.11744804253262453,0.1810149830836154,0.3807443209279844,0.4118704688255195,60+,30+,30+,9
ADANIPORTS,2025-01-16,1150.75,37.55254316065326,37.12792101799026,38.368650001050945,56.07953112617422,0.2807299587225722,-0.08490115142298504,0.17167064957636313,235.0,-0.04062567890506197,-0.06404518792092118,-0.05896154681729304,-0.011818379317836136,0.07138822507060616,0.2557897023680207,0.23562893764935922,30-40,30+,30+,9
RELIANCE,2006-08-17,119.85,59.955144407612636,57.26803700006374,27.847389766693553,18.8490235148667,0.2802670004171881,-0.00959532749269909,0.26616604088443885,153.0,0.03821443471005437,0.04806007509386734,0.06316228619107234,0.13817271589486868,0.1843137254901961,0.28126825198164385,0.6442219440967878,50-60,25-30,15-20,9
BAJAJ-AUTO,2009-03-16,267.8,61.04355536836969,58.08206559737076,25.048480679232433,28.872986649231848,0.27979835698282307,0.0,0.27979835698282307,57.0,0.08244958924570578,0.13965646004480936,0.18607169529499612,0.4805078416728903,0.8724794622852874,1.3942494398805074,2.401045556385362,50-60,25-30,25-30,9
ULTRACEMCO,2009-11-23,816.3,57.31072545128318,52.90405893747925,27.921625077130773,30.13740999254305,0.278941565600882,0.0,0.2779615337498469,85.0,0.024929560210706914,0.022295724611050005,0.10327085630282995,0.11803258605904698,0.2688962391277716,0.17126056596839412,0.374127159132672,50-60,25-30,30+,9
BHARTIARTL,2011-03-22,294.35,46.03435523519515,45.8684803942681,14.267819294187486,30.08617158954967,0.2782401902497027,0.0,0.1684049600815356,71.0,0.10409376592491926,0.1030405979276372,0.2782401902497027,0.12814676405639536,0.19368099201630717,0.1844742653303888,0.01912688975709198,40-50,<15,30+,9
EICHERMOT,2013-11-07,401.96,63.34771547373742,62.705097252038705,33.036578549705354,24.23422641565496,0.27818688426709115,0.0,0.2470395064185491,111.0,0.045327893322718804,0.04632301721564347,0.16466812618170956,0.24042193253060007,0.130211961389193,0.5913772514678077,2.1535227385809534,60+,30+,20-25,9
TVSMOTOR,2011-07-26,50.75,41.198840696052415,41.054254489543574,16.740535776084826,32.662894705642735,0.27783251231527073,-0.0315270935960591,0.22561576354679813,84.0,0.029556650246305383,0.0472906403940887,0.05221674876847282,0.14975369458128074,0.29655172413793096,0.002955665024630516,-0.2522167487684729,40-50,15-20,30+,9
HINDALCO,2022-10-21,393.75,46.843913310636026,46.7882896730876,14.527540325024926,27.989955315633193,0.2773333333333332,-0.02234920634920634,0.012825396825396851,153.0,0.028444444444444494,0.09346031746031747,0.09346031746031747,0.16076190476190488,0.267047619047619,0.09980952380952379,0.15987301587301594,40-50,<15,25-30,9
ADANIENT,2017-10-19,76.04,51.55154190993551,48.52413265999757,27.559222091542107,27.56861495539782,0.2770910047343502,0.0,0.2770910047343502,61.0,0.043003682272488186,0.06167806417674915,0.2770910047343502,0.273408732246186,0.6284850078905837,0.2647290899526564,1.1514992109416093,40-50,25-30,25-30,9
ADANIENT,2008-12-15,87.45,31.54487280807221,30.618534523637067,31.47209339296856,39.02861228170117,0.2768439108061749,-0.06563750714694117,-0.03762149799885661,59.0,0.14190966266437965,0.05774728416237851,0.11092052601486557,-0.020926243567752967,-0.10440251572327053,1.5801029159519726,1.9975986277873066,30-40,30+,30+,9
HAL,2026-04-06,3752.1,36.44954111265032,32.804715811987236,45.221673908696125,30.34976316524715,0.27611204392207034,0.0,0.17574158471256096,73.0,0.0926947576024093,0.15788491777937685,0.2331494363156632,0.12387729538125303,0.18349724154473512,,,30-40,30+,30+,9
BAJFINANCE,2017-07-17,153.85,74.23939598075755,72.97388782016019,38.09254400436544,37.342024066067935,0.27604809879753,-0.01696457588560274,0.1419564510887228,154.0,0.03828404289892773,0.10698732531686717,0.11888202794930125,0.23678908027299328,0.2260643483912903,0.12980175495612611,0.6049398765030873,60+,30+,30+,9
IOC,2023-04-24,78.25,51.95095714218005,51.740986399067936,18.693272718526984,15.753879276649208,0.27603833865814686,0.0,0.16166134185303527,175.0,0.04984025559105443,0.0638977635782747,0.14568690095846648,0.1412140575079872,0.27603833865814686,0.12396166134185305,1.1482428115015972,50-60,15-20,15-20,9
IOC,2021-05-03,60.97,48.01363826724357,44.733168805662984,29.559849961729,21.676694480263507,0.27603739544038053,-0.0006560603575528345,0.15843857634902414,116.0,0.0841397408561586,0.1153026078399213,0.21207151057897344,0.1858290962768574,0.1535181236673775,0.43956043956043955,0.3760865999671972,40-50,25-30,20-25,9
POWERGRID,2014-05-15,64.38,64.2894938812633,63.409445822426264,33.45596374058295,38.05035800609791,0.27601739670705205,0.0,0.22196334265299789,161.0,0.09568188878533723,0.09257533395464446,0.15159987573780676,0.1703945324634979,0.15594905250077673,0.2899968934451693,0.22367194780987898,60+,30+,30+,9
ADANIPOWER,2016-02-18,5.52,47.284110877104894,45.29683957245529,31.383063978777194,23.55665552554323,0.2753623188405798,-0.019927536231883924,0.08514492753623193,110.0,0.005434782608695787,0.061594202898550776,0.12862318840579734,0.2717391304347827,0.08152173913043481,-0.018115942028985477,0.2626811594202898,40-50,30+,20-25,9
ADANIPOWER,2013-04-03,9.52,41.469675436425796,37.2778080060003,40.00114699171302,36.60052594252052,0.2752100840336136,-0.1785714285714285,-0.16911764705882348,107.0,-0.017857142857142905,-0.006302521008403228,0.025210084033613578,0.21743697478991608,-0.07878151260504207,-0.3224789915966386,0.08613445378151274,30-40,30+,30+,9
ULTRACEMCO,2012-01-19,1199.75,57.18996117216863,56.10193543135473,19.882505396726753,24.18618380650913,0.27505730360491776,-0.008085017712023412,0.18624713481975408,146.0,0.025046884767659927,0.05292769326943114,0.2339237341112732,0.23517399458220467,0.23359033131902485,0.30406334653052713,0.591414878099604,50-60,15-20,20-25,9
SHRIRAMFIN,2022-06-21,234.79,49.397143633670936,46.50781945775939,17.140953442399077,21.032623112211514,0.27475616508369183,-0.007581242812726319,0.01571617189829211,118.0,0.06567571020912322,0.08812129988500361,0.24528301886792447,0.11831849738063793,0.09621363771881253,0.16891690446782226,0.4773627496912134,40-50,15-20,20-25,9
HDFCBANK,2005-06-06,55.33,53.60836265162477,53.12843928070416,17.702869870129973,34.3451796337731,0.27453461051870587,0.0,0.24218326405205137,99.0,0.05241279595156323,0.0818724019519248,0.1686246159407192,0.21850713898427632,0.15705765407554662,0.24236399783119467,0.3059822880896441,50-60,15-20,30+,9
HINDALCO,2013-08-14,98.2,45.71751248186433,44.22166018166672,34.790221674467986,32.156915028392646,0.27393075356415464,-0.04989816700611005,0.0020366598778003286,196.0,-0.04989816700611005,0.03971486761710796,0.14460285132382888,0.12627291242362526,0.13289205702647644,0.08757637474541746,0.8187372708757636,40-50,30+,30+,9
ADANIGREEN,2021-11-11,1230.8,60.42908629351265,59.028987063809176,20.959068052570867,35.840886359335755,0.27392752681182975,0.0,0.27392752681182975,61.0,0.09339454013649662,0.14157458563535918,0.12605622359441027,0.16907702307442318,0.5597985050373742,1.0203932401689957,0.7847741306467337,50-60,20-25,30+,9
AXISBANK,2014-02-19,233.23,48.8836662406718,46.61777766359744,37.32276535673922,19.070213801857005,0.2725206877331392,-0.007117437722419906,0.2725206877331392,49.0,0.06268490331432486,0.12133945032800231,0.1956009089739743,0.2895425116837458,0.5923766239334562,0.6923208849633409,1.423573296745702,40-50,30+,15-20,9
JSWSTEEL,2007-01-17,43.52,72.90537061207498,72.36289474579418,50.49843188065946,37.27124811516636,0.2725183823529411,-0.0728400735294118,0.2725183823529411,86.0,-0.012408088235294268,0.053308823529411686,0.036075367647058876,0.06686580882352944,0.28607536764705865,0.6622242647058822,1.6592371323529411,60+,30+,30+,9
JSWSTEEL,2018-07-30,327.85,54.22546884641137,50.894076133831405,35.90810875536074,25.910832913514366,0.27207564434955,-0.10599359463169133,-0.06832392862589609,141.0,0.02775659600427005,0.04346499923745606,0.21701997864877232,0.1640994357175536,0.03705963092877829,-0.18331554064358702,-0.2976971175842611,50-60,30+,25-30,9
COALINDIA,2022-07-11,193.35,54.781542869511824,52.35967131795078,21.982010214828954,17.5028413430641,0.27204551331781746,-0.006982156710628407,0.27204551331781746,112.0,0.011636927851047307,0.03904835790018102,0.13705715024566856,0.22885958107059734,0.1887768295836565,0.11171450737005428,0.21024049650892174,50-60,20-25,15-20,9
BAJFINANCE,2019-03-26,293.44,66.19286339391257,65.68196281396851,34.62285941190148,18.211378717097944,0.27198064340239925,-0.01789122137404575,0.12210332606324958,163.0,0.04116684841875684,0.02532033805888778,0.04995910577971663,0.17536804798255168,0.20821973827699036,0.3712513631406762,-0.11886586695747003,60+,30+,15-20,9
SUNPHARMA,2005-04-13,46.23,31.87854516581947,31.335778046062757,70.6748078470393,,0.27190136275146015,-0.00151416828898987,0.27190136275146015,79.0,0.01795370971230814,0.043261951113995334,0.0999351070733292,0.18775686783473944,0.30369889682024676,0.39498161367077644,0.8475016223231668,30-40,30+,,9
DMART,2019-09-12,1568.25,62.18046936508346,61.500471577057404,25.541254838903996,27.09484541655843,0.27189542483660145,0.0,0.21626016260162606,103.0,0.03258409054678779,0.19802327435039047,0.16566236250597788,0.2537541846006697,0.09931452255699025,0.3454168659333652,0.4279292204686753,60+,25-30,25-30,9
TATASTEEL,2013-10-31,31.91,60.768479482445336,60.376676643209734,25.4581264771031,29.727169534348974,0.2717016609213412,-0.005014102162331557,0.04481353807583832,140.0,0.03259166405515512,0.12065183328110307,0.21905358821685983,0.2704481353807584,0.0689439047320588,0.2105922908179254,0.462864305860232,60+,25-30,25-30,9
ADANIPOWER,2023-07-31,54.66,58.545479961639444,54.37930532927354,37.511688717359206,19.274484772006726,0.27167947310647667,-0.020490303695572587,0.27167947310647667,37.0,0.0,0.04683497987559471,0.20160995243322377,0.381083058909623,0.3097328942553972,1.087266739846323,1.668313208927918,50-60,30+,15-20,9
BHARTIARTL,2011-12-23,298.0,36.66571165192883,35.94046463269893,30.267185093596655,35.87931049407388,0.2709731543624161,-0.030838926174496684,-0.0030201342281878096,75.0,0.03885906040268461,-0.00030201342281865884,0.06503355704697977,0.08543624161073815,-0.020402684563758378,-0.0613758389261746,-0.06667785234899326,30-40,30+,30+,9
TCS,2008-03-18,204.43,35.33383776673295,35.21960558510683,28.587162285583016,37.20597923712702,0.27080174142738356,-0.10962187545859214,-0.006016729442841151,125.0,0.07190725431688105,0.017903438829917295,0.22403756787164308,0.16920217189257936,0.11382869441862731,-0.06716235386195768,-0.38223352736878147,30-40,25-30,30+,9
SBIN,2007-09-19,166.96,66.32345122332715,64.92511148378892,24.313962105622466,36.869809488018866,0.2707834211787252,-0.05797795879252521,0.2707834211787252,44.0,0.04492093914710105,0.0778629611883086,-0.05797795879252521,0.3009103977000478,0.29935313847628175,-0.019944896981312965,-0.06169142309535225,60+,20-25,30+,9
SBILIFE,2025-03-10,1419.45,39.31285507625102,39.148057251100724,37.7131602573311,23.209610832161527,0.27042164218535336,-0.023882489696713582,0.27042164218535336,78.0,0.010426573672901451,0.10592130754869844,0.043819789355031835,0.19750607629715722,0.2616154144210785,0.25464088203177293,0.38342315685652895,30-40,30+,20-25,9
GRASIM,2006-03-21,323.12,77.05659217049238,75.69955613582616,68.67741115871046,57.29707489487162,0.2696521416192126,-0.20611537509284483,-0.06591978212428817,93.0,0.0015164644714038555,0.06449616241643974,0.18590616489229994,-0.11212552612032689,-0.08458157959891055,0.2635862837335974,0.06112280267392922,60+,30+,30+,9
GRASIM,2014-05-13,474.85,52.77477561281478,52.455764698652075,34.53997812643173,27.547238583005274,0.26924291881646845,0.0,0.19269242918816465,111.0,0.040939243971780614,0.058671159313467225,0.22666105085816568,0.0981783721175109,0.1340633884384541,0.22937769822049048,0.20625460671791074,50-60,30+,25-30,9
HINDZINC,2015-09-02,111.51,29.30574500560507,29.27377698574036,49.42021423390185,30.18511849741968,0.2688548112276925,0.0,0.12232086808357989,92.0,0.055062326248766835,0.0382925298179535,0.11756793112725306,0.217648641377455,0.1480584700923684,0.25325082952201594,1.0249304995067705,20-30,30+,30+,9
COALINDIA,2020-10-19,114.7,34.86299920431111,34.02906613893365,40.72277860199638,27.918824274034662,0.2685265911072363,-0.03356582388840457,0.23539668700959004,84.0,-0.0013077593722755632,0.008718395815169977,0.11813426329555354,0.23539668700959004,0.2092414995640801,0.08631211857018295,0.6085440278988665,30-40,30+,25-30,9
MARUTI,2012-07-31,1134.85,44.409466214786256,43.27445169194547,29.661935609153126,26.261746202198005,0.2670396968762394,-0.012336432127593944,0.2670396968762394,92.0,0.01066220205313484,0.044102744856148623,0.007710270079746229,0.19663391637661376,0.20033484601489193,0.41705952328501583,0.16870070934484738,40-50,25-30,25-30,9
EICHERMOT,2014-07-02,817.69,75.35139487719883,71.89979981184544,44.18696994947966,59.60334637248004,0.26689821325930363,-0.006469444410473479,0.2218689234306399,49.0,0.0014797784001270298,0.04658244567011938,0.028262544485073704,0.2292922745783854,0.46412454597708175,0.8800401130012594,1.599726057552373,60+,30+,30+,9
GRASIM,2007-09-05,498.07,64.30739950313588,64.22109367637968,24.842945982740538,28.688866365879992,0.2664083361776457,-0.11630895255686957,-0.06802256710904087,162.0,0.047001425502439576,0.08956572369345661,0.16256751059088081,0.21384544341156886,0.24749533198144857,-0.09030859116188494,-0.33898849559298894,60+,20-25,25-30,9
HINDALCO,2005-06-09,96.95,36.5104715097908,32.33734781799567,39.268828886761504,33.661575330702526,0.26621970087674063,-0.02454873646209399,0.260443527591542,85.0,-0.012171222279525606,0.05105724600309447,0.08880866425992773,0.1723568849922641,0.29654461062403303,0.1711191335740072,0.49252191851469806,30-40,30+,30+,9
BAJFINANCE,2018-05-18,214.97,64.53885195770839,63.1788850083276,34.54524968037051,29.41877012114351,0.2659440852211936,-0.0403777271247151,0.2659440852211936,63.0,-0.015676606038051877,-0.0336325998976601,0.043494441084802604,0.14862538958924487,0.32883658184863007,0.06712564543889843,0.5851514164767178,60+,30+,25-30,9
GRASIM,2016-12-30,703.11,45.678194663142314,41.6190945831898,32.677285491470556,27.909386623136584,0.26571944645930223,-0.020053761146904492,0.2519235965922828,82.0,-0.008704185689294763,-0.01935685739073545,0.12377864061099975,0.1477151512565602,0.238184636827808,0.3974484789008832,0.6205430160287864,40-50,30+,25-30,9
AXISBANK,2014-05-12,329.31,72.76767643776952,72.23726086796098,39.87990837926459,55.02226876472388,0.2644620570283318,-0.006103671312744807,0.26309556345085183,116.0,0.12939175852540163,0.13749962041845065,0.17870699341046437,0.10330691445750206,0.14405878959035556,0.3983784276213902,0.6165619021590598,60+,30+,30+,9
AXISBANK,2008-07-07,120.79,33.62188690440905,33.49100431015324,28.568149987926052,34.74997283257224,0.26442586306813465,-0.03228744101332892,0.12360294726384624,73.0,0.05033529265667691,0.15473135193310683,0.23031707922841305,0.1379253249441177,0.12260948754035916,-0.07260534812484487,0.35234704859673793,30-40,25-30,30+,9
HINDALCO,2023-11-08,488.05,59.07373624942983,58.006989916886056,26.584246177182955,25.616350772025253,0.2642147320971211,-0.013830550148550391,0.08831062391148436,131.0,0.035549636307755206,0.02499743878700955,0.06618174367380392,0.1835877471570535,0.1984427825017927,0.30888228665095774,0.32793771130007165,50-60,25-30,25-30,9
SBIN,2021-05-10,361.7,56.96893592877404,56.96437841631223,22.137295819312477,28.77334641157247,0.2633397843516727,-0.0034559026817805316,0.19518938346696157,122.0,0.05916505391208182,0.13920376002211787,0.165192148189107,0.171551009123583,0.19823057782692843,0.4466408625933094,0.31379596350566774,50-60,20-25,25-30,9
GRASIM,2009-05-19,372.22,74.85341309519617,74.52963062224788,43.47985786095715,51.175160375295825,0.2631776906130783,-0.08360646929235394,-0.0072806404814358405,177.0,-0.08360646929235394,-0.03336736338724411,-0.047686851861802104,0.21014453817634715,0.12978883456020607,0.023265810542152376,0.12815001880608246,60+,30+,30+,9
SUNPHARMA,2010-09-16,183.86,56.74781340231378,56.68611023371956,44.21423450884039,30.009281317466343,0.26297182638964434,0.0,0.26297182638964434,55.0,0.027085826172087435,0.09893397150005434,0.11448928532579128,0.2543783313390622,0.21413031654519732,0.1629500707059719,0.32154900467747183,50-60,30+,30+,9
ULTRACEMCO,2006-01-06,469.6,55.81285708001141,54.69856051973741,32.12622118711889,30.274493330343795,0.26245741056218064,0.0,0.26245741056218064,59.0,0.06793015332197605,0.08826660988074964,0.1491695059625211,0.28417802385008506,0.5267248722316866,0.5895442930153323,1.324850936967632,50-60,30+,30+,9
INDIGO,2022-07-04,1648.75,41.26220724470659,39.5288072924996,42.16304117588672,31.48539607692965,0.2621076573161487,-0.011705837755875637,0.0688703563305535,116.0,0.027839272175890883,0.09243366186504942,0.19887793783169072,0.23087187263078102,0.08982562547384387,0.23896891584533742,0.5731311599696738,30-40,30+,30+,9
TVSMOTOR,2025-03-18,2311.75,42.501637087765204,42.28886129306965,38.49059963879477,22.53230919760097,0.2617281280415271,0.0,0.2617281280415271,99.0,0.04747485671028451,0.05584513896398824,0.15899210554774523,0.22206120904076987,0.20968962906888722,0.5042283983994809,0.5454958364875095,40-50,30+,20-25,9
GRASIM,2020-08-18,664.46,60.421258229639086,56.89645714251037,26.09086183241528,21.917435214378113,0.26120458718357753,-0.0033711585347500073,0.2570809379044636,88.0,0.009962977455377331,0.026156578274087128,0.08634078800830758,0.15897119465430576,0.26352225867621804,0.8407278090479484,1.2503386208349636,50-60,25-30,20-25,9
TVSMOTOR,2023-09-06,1478.05,76.58184982953347,74.44112023041271,41.99896907369031,46.29440042832196,0.2608842731977945,-0.016000811880518162,0.2608842731977945,84.0,-0.016000811880518162,0.023037109705354997,0.015696356686174306,0.09282500591996223,0.2875071885254221,0.5103345624302289,0.8684753560434355,60+,30+,30+,9
BAJFINANCE,2019-09-06,337.3,52.03249271872261,51.94978678305988,20.014916863647997,30.128671503803517,0.2608064037948412,-0.0032315446190336328,0.2608064037948412,112.0,0.01612807589682763,0.09759857693447982,0.15650756003557653,0.2534242514082419,0.18319003854135762,0.27079750963533944,0.03919359620515861,50-60,20-25,30+,9
BHARTIARTL,2015-03-10,331.62,47.75257423869636,44.45378279515071,15.299026408922984,43.157020805897446,0.26047886134732523,0.0,0.14769917375309105,99.0,0.05053977444062485,0.07038176225800608,0.10665822326759544,0.07677462155479153,0.11576503226584633,-0.05666123876726381,-0.09064592002894878,40-50,15-20,30+,9
M&M,2005-07-25,80.68,68.2573811069416,65.62628248177464,41.886726572300354,43.416127384115185,0.2599157164105106,0.0,0.23128408527516098,109.0,0.06358453148239951,0.049826474962816114,0.06693108577094686,0.08688646504709951,0.11303916707982142,0.644645513138324,0.6384481903817549,60+,30+,30+,9
TCS,2012-12-26,631.1,47.137978744339456,45.56322819173766,28.227781524304604,39.68445550204519,0.2596260497543972,-0.008920931706544066,0.18272856916495006,146.0,0.0008714942164473882,0.011408651560766758,0.06203454286166998,0.167564569798764,0.233037553478054,0.11765171922040873,0.6639993661860244,40-50,25-30,30+,9
SBIN,2016-05-27,195.9,47.69182449266145,45.722741085393295,32.8995465528635,29.061851988031528,0.25957120980091886,0.0,0.25701888718734045,82.0,0.0035732516590096797,0.05130168453292483,0.10847371107708015,0.15722307299642657,0.2769270035732516,0.32031648800408363,0.44971924451250644,40-50,30+,25-30,9
KOTAKBANK,2018-04-05,223.66,55.39580397022872,54.81438986014909,27.475411201381743,21.46573393890301,0.25945631762496646,-0.059107573996244334,0.01739247071447747,188.0,0.01457569525172131,0.03183403380130567,0.1133416793347044,0.166010909416078,0.22082625413574175,-0.017928999374049903,0.19462577125994818,50-60,25-30,20-25,9
NTPC,2023-07-26,201.6,67.29547154600725,65.75358681232696,44.35002410681156,38.89977109210139,0.25942460317460325,0.0,0.25942460317460325,121.0,0.08680555555555558,0.0848214285714286,0.08085317460317465,0.18874007936507953,0.15104166666666674,0.5009920634920637,0.9451884920634921,60+,30+,30+,9
IOC,2020-10-09,51.0,39.68289944220608,37.32822396674188,37.8994718230301,30.658509757763987,0.25941176470588245,-0.030000000000000027,0.2568627450980392,91.0,-0.030000000000000027,0.022941176470588243,0.06137254901960798,0.19019607843137254,0.23529411764705888,0.21176470588235285,0.719607843137255,30-40,30+,30+,9
HDFCBANK,2020-03-27,452.23,28.962549795377296,25.71275493984796,64.20876716673004,53.71039342676002,0.2588284722375782,-0.10017026734183931,0.20034053468367863,147.0,-0.10017026734183931,-0.010061252017778632,0.027906153948212165,-0.057559206598412405,0.13743006877031583,0.1578842624328327,0.7178205780244566,20-30,30+,30+,9
MARUTI,2006-07-27,780.75,47.57788252922579,47.10332481568914,28.570370984621608,35.95430075994452,0.2582772974703811,-0.016074287544028065,0.21927633685558767,127.0,0.012552033301312715,0.016330451488952846,0.06480947806596227,0.18616714697406334,0.21690682036503373,0.1770092859430037,0.06340057636887608,40-50,25-30,30+,9
ADANIPORTS,2021-02-18,664.05,82.26851389979265,80.52441246567393,43.022990716091925,52.844856770380055,0.2582636849634816,-0.015887357879677655,0.2557036367743395,106.0,0.06061290565469468,0.1331225058354042,0.08711693396581577,0.08568631880129529,0.16316542429033953,0.04306904600557182,0.09555003388299088,60+,30+,30+,9
DMART,2022-07-05,3639.05,43.45566914730533,37.90998297882501,33.67773921038527,35.60627506725296,0.25786949890768174,0.0,0.10076805759744989,150.0,0.06577266044709473,0.0803094214149298,0.1648919360822192,0.25786949890768174,0.22112914084719915,0.11917945617674941,0.04975199571316691,30-40,30+,30+,9
BAJFINANCE,2014-08-22,23.75,69.15920023290747,67.15959334380628,33.178933522376845,61.5935113631298,0.25768421052631574,0.0,0.2534736842105263,84.0,0.026105263157894854,0.026105263157894854,0.12926315789473675,0.11326315789473695,0.31200000000000006,0.8185263157894735,1.0509473684210526,60+,30+,30+,9
ADANIPOWER,2017-06-12,5.56,37.72178870334381,37.62881756693102,35.66614327246015,26.869353319328862,0.2571942446043167,-0.03597122302158262,0.07194244604316546,78.0,-0.021582733812949506,-0.025179856115107868,0.05755395683453246,-0.021582733812949506,0.12410071942446055,0.260791366906475,-0.3057553956834532,30-40,30+,25-30,9
DIVISLAB,2018-07-03,1085.8,46.18563485790828,45.31336808151041,25.3038709964983,25.46511528830016,0.25686130042365085,-0.014505433781543564,0.25686130042365085,76.0,0.004650948609320249,-0.01026892613741004,0.10545220114201515,0.1853932584269662,0.21532510591269105,0.3654908822987659,0.5017498618530116,40-50,25-30,25-30,9
EICHERMOT,2024-03-22,3988.4,53.96725897967376,52.932610423448025,37.6680742182309,13.862007833894953,0.2567696319326045,-0.019381205495938247,0.252193862200381,188.0,-0.010467856784675544,0.010743656604152108,0.1199854578277002,0.1716352422023868,0.22277103600441261,0.21611423127068496,0.3599939825493932,50-60,30+,<15,9
AXISBANK,2018-07-09,525.25,45.746755639202874,45.13113157564354,24.724731181542083,17.1821388276598,0.2566396953831509,-0.005997144217039452,0.14640647310804367,115.0,-0.005997144217039452,0.028748215135649735,0.1352689195621133,0.22903379343169905,0.05959067110899552,0.21361256544502627,0.4968110423607808,40-50,20-25,15-20,9
SBIN,2019-09-09,278.0,38.225835963169075,35.90703896615266,47.816948424692434,43.66950414226914,0.2564748201438849,-0.10395683453237414,0.15179856115107904,156.0,0.02410071942446046,0.12859712230215825,-0.06133093525179856,0.13669064748201443,0.13920863309352516,-0.08830935251798566,-0.2660071942446043,30-40,30+,30+,9
ONGC,2008-06-09,146.66,39.28971295930081,38.93555677571429,50.415397596090706,27.630940241740007,0.2561707350334106,-0.09791354152461462,0.25282967407609447,85.0,-0.039683621982817385,0.00552297831719617,-0.003068321287331144,0.20905495704350185,0.24969316787126683,-0.24914768853129687,0.28658120823673805,30-40,30+,25-30,9
INFY,2012-12-28,290.4,44.049479530928,42.96725460444332,26.428112216566593,29.771454594737232,0.25595730027548225,-0.006163911845729952,0.25595730027548225,59.0,0.011329201101928366,0.1673898071625346,0.20981404958677685,0.27403581267217647,0.2436983471074381,0.03281680440771351,0.5075413223140497,40-50,25-30,25-30,9
ULTRACEMCO,2020-04-01,3140.65,35.21799731705982,34.73333366667045,55.585145598089284,34.86350886674152,0.2554089121678633,-0.03153805740849824,0.22907678346839022,117.0,0.03687134828777472,0.1463072930762741,0.0658940028338082,0.21493958257048695,0.23972744495566212,0.24878607931479158,1.1966312705968511,30-40,30+,30+,9
RELIANCE,2005-06-01,49.45,49.34462709105253,46.98440036048161,13.986703369291764,30.31532708856031,0.2552072800808898,-0.020626895854398475,0.2552072800808898,49.0,0.032153690596562035,0.06268958543983816,0.18301314459049545,0.3081900910010109,0.30778564206268944,0.5670374115267947,1.1035389282103134,40-50,<15,30+,9
ULTRACEMCO,2016-01-22,2713.4,41.41476978360345,40.422458561127556,32.82355288982124,27.274997030906324,0.25512272425738924,0.0,0.24248175720498266,138.0,0.04669418441807327,0.04767081889879843,0.07728311343701622,0.18316503280017682,0.20291884720277142,0.3119517947961965,0.300140045699123,40-50,30+,25-30,9
BHARTIARTL,2010-06-02,243.66,38.66684732375866,35.64806825952087,42.00195740130109,22.624873473023552,0.2548222933595994,-0.044406139702864666,0.2548222933595994,93.0,0.006279241566116811,-0.015554461134367537,-0.020930805220389037,0.17643437576951482,0.21082656160223245,0.25281129442666006,0.4097923335795781,30-40,30+,20-25,9
DMART,2025-03-07,3593.6,40.26827870615226,37.49549462937808,27.457327417946864,25.28989966156643,0.25448018699910957,0.0,0.1696070792520037,104.0,0.06447573463935896,0.0830921638468387,0.11953194568121117,0.11478739982190556,0.15580476402493315,0.32415961709706154,0.10368432769367764,30-40,25-30,25-30,9
TATASTEEL,2006-03-23,40.871,68.88998569033129,68.54141054937907,41.86076248381184,31.016174345950297,0.2543612830613391,0.0,0.2543612830613391,27.0,0.07508991705610324,0.11426194612316798,0.34648038951824045,-0.029678745320643074,-0.015243081891805899,0.006165740989944046,-0.09691468278241311,60+,30+,30+,9
TCS,2009-03-06,120.43,41.017814825128724,38.085716716915634,32.08178482600616,22.9845280261584,0.2541725483683466,-0.038860748982811666,0.21215643942539208,49.0,0.05214647513078119,0.05829112347421739,0.20302250269866295,0.3514074566138006,0.46807273935066007,1.2195466245952007,2.166569791580171,30-40,30+,20-25,9
HDFCBANK,2014-09-03,214.16,63.116407677526674,63.04403288861805,39.512972490206316,24.809227451321142,0.2537822189017558,-0.011953679491968683,0.23547814717967874,147.0,0.0007937990287636421,-0.011953679491968683,0.006770638774747928,0.06313036981695941,0.10118602913709385,0.2637280537915576,0.17939858050056046,60+,30+,20-25,9
BHARTIARTL,2022-07-15,651.8,42.34316426270979,41.04081569973854,33.67060971175909,23.32454945524283,0.2536054004295798,0.0,0.2536054004295798,104.0,0.04150046026388465,0.040119668610003156,0.08023933722000631,0.20320650506290283,0.17965633629947853,0.1745167229211415,0.34719239030377436,40-50,30+,20-25,9
HINDALCO,2005-11-11,111.58,48.01157303603148,46.79578985320654,41.8063273551541,38.650699002259756,0.2532711955547591,-0.0026886538806237814,0.2330166696540601,68.0,0.04391468005018817,0.011113102706578282,0.047230686502957475,0.2277289836888332,0.3361713568739919,0.9462269223875246,0.47849076895500997,40-50,30+,30+,9
HINDALCO,2018-04-02,211.25,35.78003844194158,35.49660087492689,43.33997663898122,38.63268948775975,0.2532544378698225,-0.049467455621301726,0.10816568047337283,52.0,0.04781065088757397,0.13349112426035492,0.079526627218935,0.12899408284023672,0.056804733727810586,0.14982248520710062,0.026982248520710073,30-40,30+,30+,9
INFY,2011-08-29,287.03,31.308566310513353,30.156785225183807,52.03995624431122,36.16492117412676,0.2531442706337317,-0.04257394697418382,0.19335957913806912,105.0,-0.01355259032156908,-0.04257394697418382,0.07577605128383791,0.24492213357488768,0.14803330662300107,0.2556875587917642,0.05438455910532003,30-40,30+,30+,9
LICI,2025-02-20,388.25,30.903961015095334,30.476338168056735,42.951530528413514,32.56914705301246,0.25280103026400513,-0.060914359304571786,0.25280103026400513,130.0,-0.045589182227945835,-0.012491951062459816,0.03098518995492583,0.05280103026400518,0.09954925949774629,0.15170637475853188,0.1246619446233097,30-40,30+,30+,9
AXISBANK,2025-01-30,984.7,31.44822247389564,30.49086984538575,53.312109474540826,32.75959873756599,0.25266578653396965,0.0,0.09942114349548081,200.0,0.03655935818015643,0.023865136589824365,0.02290037574895898,0.10246775667716035,0.20341220676348115,0.08073524931451193,0.39169290139128665,30-40,30+,30+,9
KOTAKBANK,2012-01-10,46.65,48.75627752977698,47.4622922905905,26.238203406944255,25.451689838165464,0.2516613076098606,-0.010932475884244286,0.2516613076098606,97.0,0.022079314040728937,0.06280814576634519,0.18156484458735256,0.20450160771704184,0.144694533762058,0.2788853161843514,0.39142550911039664,40-50,25-30,25-30,9
ICICIBANK,2013-08-14,164.72,32.813550884430825,31.443872274235176,54.46540233118415,35.412731006928425,0.25109276347741627,-0.13513841670713933,0.1769062651772706,112.0,-0.084324915007285,-0.12099320058280727,0.03970373967945595,0.10065565808644972,0.11789703739679447,0.06028411850412829,0.6332564351627001,30-40,30+,30+,9
HINDZINC,2011-11-28,101.83,40.73691443095624,38.01090230816419,35.197687350306126,25.204088660157172,0.2508101738191104,-0.013650201315918653,0.07708926642443292,151.0,0.09073946774035146,0.03859373465579896,0.019738780320141425,0.14592949032701563,0.16056172051458328,0.037317097122655296,0.16350780712952973,30-40,30+,25-30,8
SHRIRAMFIN,2021-10-08,266.19,48.47803348227699,48.123071224469555,13.391945053939915,11.48488773776155,0.25076073481347905,-0.11908786956685069,-0.08065667380442543,95.0,0.04827378939855009,0.14098951876479227,0.25076073481347905,0.09962808520229904,-0.08614147789173154,-0.12314512190540594,-0.11510575153086133,40-50,<15,<15,8
ADANIPOWER,2022-04-25,54.41,77.29784219771244,75.95214844391535,67.02876795085298,56.622799378852186,0.2506892115419961,-0.10843594927403044,0.06561293879801511,86.0,0.030509097592354317,0.03510384120566079,0.10034920051461138,-0.027936041168902692,0.07222936960117643,0.23341297555596396,-0.24407278073883465,60+,30+,30+,8
HINDUNILVR,2009-05-18,239.6,44.72116644973609,42.716561470199906,31.96643994885722,24.457708692590955,0.25062604340567596,-0.04215358931552582,0.11456594323873137,140.0,-0.027337228714524153,-0.02900667779632715,0.09181969949916535,0.11331385642737901,0.036727879799666185,0.14482470784641066,0.0018781302170285397,40-50,30+,20-25,8
NTPC,2020-10-22,84.65,41.19063740353938,40.197859038523646,29.05396015724673,20.980686632004563,0.25044300059066726,0.0,0.1848789131718842,109.0,0.021854695806261093,0.025398700531600538,0.10632014176018911,0.1518015357353808,0.16125221500295317,0.17011222681630223,0.711754282339043,40-50,25-30,20-25,8
BHARTIARTL,2021-07-09,526.37,46.757525676478735,46.539788828943365,27.212030439065153,11.601084557068248,0.2504322054828354,-0.020137925793643263,0.24539772403442428,61.0,0.009138058779945668,0.02245568706423251,0.11748389915838664,0.2504322054828354,0.31561449170735423,0.32986302410851676,0.2549157436784011,40-50,25-30,<15,8
ULTRACEMCO,2022-06-21,5418.9,31.766270506799994,29.935282585785355,52.80881402039166,44.75863562055078,0.2502906493937884,-0.001651626713908727,0.24947867648415745,78.0,0.02839137094244215,0.05740094853198996,0.13135507206259578,0.19350790750890412,0.192096181881932,0.30580007012493327,0.5208898484932365,20-30,30+,30+,8
SHRIRAMFIN,2025-01-29,553.5,42.2042885692411,41.42510214235026,29.58754425919926,23.528443421862768,0.24977416440831068,-0.03920505871725388,0.24977416440831068,78.0,0.03215898825654917,-0.011472448057814,0.11526648599819334,0.1516711833785005,0.11056910569105693,0.1444444444444446,0.8478771454381209,40-50,25-30,20-25,8
ICICIBANK,2018-07-23,275.55,41.92559584328541,39.661382202273195,35.31991317941811,20.950151950474023,0.24968245327526772,-0.004354926510615087,0.14552712756305564,95.0,0.11540555253130114,0.14353111957902387,0.2237343494828523,0.15078933043004894,0.18708038468517518,0.3489384866630374,0.49500998003992014,30-40,30+,20-25,8
ADANIGREEN,2025-03-05,848.7,28.021665576095106,25.685960841830955,46.28598685833783,57.17453965431372,0.24955814775539054,-0.028867679981147587,0.19665370566749152,114.0,0.005596795098385732,0.07364204076823366,0.08848827618710953,0.13785790031813372,0.16955343466478134,0.09761988924237053,0.042241074584658866,20-30,30+,30+,8
SBIN,2025-11-19,982.75,77.92726952086828,77.68057917283716,58.582081046394045,47.88791709814699,0.2493513100992113,-0.03525820401933344,0.09921139659119826,149.0,0.0011701857033832308,-0.03225642330195888,-0.0024930043245994238,0.056626812515899294,0.23469854998728068,-0.04411091325362504,,60+,30+,30+,8
LT,2006-07-26,239.76,46.751049597735516,46.278731846037566,26.203866713206803,40.76804226619135,0.2491241241241242,0.0,0.22497497497497498,98.0,0.052010343677010296,0.07503336670003335,0.08871371371371373,0.21016850183516844,0.17671838505171844,0.43827160493827155,1.3585251918585253,40-50,25-30,30+,8
BAJAJFINSV,2010-08-05,43.53,56.02507818847552,55.79861488856215,16.14241217237826,27.15844059498549,0.24856420859177586,-0.0025269928784745765,0.08453939811624167,117.0,0.10452561451872255,0.10199862164024798,0.18217321387548813,0.18378130025269934,0.10291752814151156,-0.048931771192281204,0.15001148633126582,50-60,15-20,25-30,8
EICHERMOT,2011-02-08,107.69,41.92140326519837,41.809635884010596,32.28937177147177,33.244336209769436,0.2483981799609991,-0.04438666542854486,0.2048472467267155,97.0,0.016807503017921777,-0.023957656235490732,-0.03946513139567276,0.1781038165103539,0.19741851611105954,0.2328907048008173,0.6422137617234656,40-50,30+,30+,8
GRASIM,2013-08-30,368.38,25.053125242213184,24.62209588314074,58.58953580381084,51.887073074825935,0.2481405070850753,-0.03947011238395137,0.17853846571475107,95.0,0.04489928877789251,0.11851892067973302,0.1707475975894457,0.2374721754709812,0.16273956240838272,0.1356208263206471,0.5374070253542538,20-30,30+,30+,8
M&M,2006-10-30,197.6,72.49812209486954,68.51289765133703,27.141837550362677,20.568584582980776,0.2477732793522267,-0.10273279352226716,-0.011133603238866363,143.0,-0.032135627530364363,0.06346153846153846,0.03674089068825914,0.14934210526315805,0.17074898785425097,-0.01604251012145741,-0.06523279352226719,60+,25-30,20-25,8
SHRIRAMFIN,2024-06-11,506.6,55.82774326489899,54.0550556318813,17.030408394903798,20.09192349098426,0.24747335175681018,0.0,0.24747335175681018,70.0,0.11715357283853134,0.1803592577970785,0.08132649032767447,0.1749309119621003,0.3090011843663638,0.2265692854322936,0.3542242400315829,50-60,15-20,20-25,8
SUNPHARMA,2007-10-15,99.3,49.85290582959084,46.12737847083894,29.945030701830376,21.94720194281483,0.24723061430010063,-0.06797583081571001,0.09788519637462234,115.0,-0.003625377643504568,0.06354481369587117,0.1459214501510575,0.1465256797583081,0.1117824773413898,0.28429003021148036,0.39375629405840895,40-50,25-30,20-25,8
ADANIGREEN,2018-10-31,39.65,50.98702494688664,49.13995688000246,21.20142693218509,30.559408356082486,0.24716267339218168,-0.23707440100882726,-0.22194199243379564,113.0,0.1361916771752838,0.0769230769230771,0.17906683480453967,0.05548549810844894,-0.11979823455233296,0.010088272383354413,1.2622950819672134,40-50,20-25,30+,8
RELIANCE,2007-04-13,158.73,61.651226296867335,59.703789013446396,19.926119418173297,22.211544348307037,0.24714924714924735,0.0,0.24714924714924735,38.0,0.09172809172809182,0.09009009009009006,0.1474831474831475,0.2032382032382034,0.21766521766521785,0.8544068544068546,0.8497448497448499,50-60,15-20,20-25,8
HAL,2024-04-24,3946.7,76.67625296417032,76.14047085803772,54.81593673171129,52.70582888045653,0.24691514429776773,-0.05870727443180379,0.24691514429776773,28.0,0.00012668811918814527,-0.022854536701548134,0.3091063420072466,0.34924113816606295,0.23042035117946646,0.14385435933818136,0.08951782501836991,60+,30+,30+,8
MARUTI,2010-08-16,1256.55,42.19610292954587,41.224965280935024,44.56935519770236,33.34270988471426,0.24690621145199154,-0.030122159882217114,0.1284071465520673,135.0,-0.009112251800565074,-0.01687159285344797,0.08921252636186394,0.20878596156141827,0.1435279137320442,-0.025824678683697422,-0.025028848832119754,40-50,30+,30+,8
EICHERMOT,2012-01-04,152.58,50.76652297576528,50.43708235849112,28.92748545714138,42.4536097063025,0.24636256390090416,-0.029558264516974853,0.24636256390090416,72.0,-0.016974701795779312,0.03873377900117969,0.14929872853585002,0.0949665749115216,0.39539913488006273,0.30115349324944285,0.8745576091230827,50-60,25-30,30+,8
IOC,2014-01-13,34.56,45.7199085893203,44.23771026955933,27.364866425179997,17.93669225329742,0.24623842592592582,-0.006076388888888951,0.2201967592592593,50.0,0.08391203703703698,0.07841435185185186,0.23958333333333326,0.29716435185185164,0.28443287037037024,0.5784143518518516,0.6403356481481479,40-50,25-30,15-20,8
M&M,2020-11-11,633.2,58.68103758453086,56.6746454660097,25.54385042412907,26.94245701973286,0.246209728363866,-0.005290587492103649,0.23160138976626654,62.0,0.11457675300063164,0.1370025268477575,0.14900505369551476,0.246209728363866,0.4134554643082753,0.23254895767530015,0.46043903979785217,50-60,25-30,25-30,8
ONGC,2017-07-04,159.9,29.81592835329465,28.909622992179873,50.12000263518889,32.06092439617174,0.24609130706691684,-0.01844903064415271,0.17573483427141956,169.0,0.002188868042526604,0.011257035647279423,0.03627267041901172,0.011882426516572897,0.06722951844903058,0.20293933708567846,-0.024390243902439046,20-30,30+,30+,8
EICHERMOT,2008-10-31,19.49,32.40151571500618,28.339950896353105,59.077849843617976,37.210262798858864,0.24576706003078508,0.0,0.18778860954335563,96.0,0.1313494099538226,0.1369933299127759,0.08773730118009238,0.18830169317598777,0.10364289379168823,0.05028219599794759,1.4633145202668034,20-30,30+,30+,8
RELIANCE,2019-09-20,564.04,45.638025514419624,41.25856717377977,24.877305815735735,21.53755612513052,0.24491170838947585,-0.012073611800581419,0.24491170838947585,66.0,0.043613928090206366,0.042851570810581,0.12740231189277362,0.2036203106162684,0.2834905325863415,-0.22789163889085873,0.8154740798524929,40-50,20-25,20-25,8
HAL,2022-07-25,951.73,65.93103999776429,62.75771704963267,37.192446160498775,29.6176873288244,0.24483834701018137,-0.010402109842077012,0.24483834701018137,39.0,0.06605865108801856,0.13438685341430867,0.16487869458775073,0.28124573145745124,0.2687211709203241,0.3262479905015079,1.0154665714015532,60+,30+,25-30,8
ITC,2022-03-07,212.8,49.40869111777241,47.204927612369616,33.52548439743852,19.85455958811669,0.24473684210526314,0.0,0.21583646616541352,115.0,0.06245300751879701,0.08693609022556381,0.1540413533834586,0.18538533834586457,0.22161654135338327,0.4618890977443606,0.744407894736842,40-50,30+,15-20,8
ASIANPAINT,2016-12-23,874.0,31.52309144574519,29.886910443992555,52.61357628178724,57.15281289987331,0.24433638443935912,-0.007093821510297582,0.2282608695652173,98.0,0.019508009153317962,0.06350114416475972,0.10377574370709386,0.13443935926773465,0.21464530892448508,0.32196796338672784,0.3166475972540046,20-30,30+,30+,8
GRASIM,2009-11-13,373.18,47.1696156986182,42.904567384555406,39.08352676955767,41.12054304833958,0.24363577898065292,-0.006458009539632381,0.20325312181788946,110.0,0.013505546921056988,0.03563963770834455,0.073369419583043,0.22142129803312072,0.18382549975882934,0.1370384264965967,-0.002786858888472077,40-50,30+,30+,8
ONGC,2022-01-05,150.35,57.14024440264309,55.233674627673956,22.531221134374288,28.27723182870409,0.2434319920186232,-0.04356501496508136,0.023944130362487437,152.0,0.09710675091453269,0.13235783172597282,0.1280345859660792,0.2434319920186232,0.14299966744263393,-0.1619554373129365,-0.02560691719321584,50-60,20-25,25-30,8
WIPRO,2024-06-06,230.5,44.028739016293436,43.70509559298832,26.666355984237374,33.17552750951919,0.24338394793926255,0.0,0.14177874186550987,76.0,0.046854663774403615,0.06377440347071572,0.1739696312364427,0.05206073752711493,0.12616052060737526,0.26529284164859,0.07848156182212573,40-50,25-30,30+,8
TCS,2008-10-17,113.46,27.285222188672297,26.816498507416174,46.69765692432227,49.050652644260275,0.24308126211880832,-0.016834126564427954,0.02062400846113177,139.0,0.09915388683236381,0.18438216111404904,0.14357482813326294,0.056231270932487254,0.12471355543803986,0.27295963335096074,1.6828838357130267,20-30,30+,30+,8
POWERGRID,2020-10-21,92.11,42.94660478704772,41.89018523425722,18.115996451583246,24.88878787532462,0.24307892736944958,0.0,0.24307892736944958,82.0,0.05558571273477364,0.08153294973401382,0.17164260123765063,0.13277602866138327,0.21919444142872657,0.2287482358050159,0.5800673108240146,40-50,15-20,20-25,8
LT,2006-02-01,253.7,77.38266457898271,75.07595083394838,47.39276469961698,50.4209394568978,0.2428064643279464,-0.1959006700827749,-0.048797792668506146,142.0,-0.03460780449349621,0.037130469057942594,0.055262120614899546,0.09385100512416233,0.19341742215214808,-0.03228222309814743,0.4032715806070162,60+,30+,30+,8
LICI,2022-10-25,297.78,24.222237261359652,24.212338087060154,54.131853840773246,64.2328006203432,0.24246087715763331,-0.04667875612868555,0.009302169386795844,128.0,0.016186446369803376,0.06001074618846136,0.04818993888105316,0.15521525958761506,0.17687554570488295,-0.07750688427698293,0.026025925179662845,20-30,30+,30+,8
HINDALCO,2007-08-30,144.38,49.57219694038931,49.06455481084855,31.492813682880584,22.080140224208854,0.24151544535254188,-0.03331486355450897,0.21575010389250604,57.0,-0.02611164981299341,-0.03331486355450897,0.08228286466269563,0.22108325252805106,0.15826291730156528,0.24525557556448252,-0.15223715196010523,40-50,30+,20-25,8
HYUNDAI,2025-06-09,1952.2,58.483897381767264,56.560419998751065,31.11888409274403,21.24293449708656,0.24136871222210843,-0.02264112283577502,0.24136871222210843,70.0,-0.00655670525560903,0.02428029914967711,0.07109927261551063,0.08610798073967829,0.3100092203667657,0.16535191066489086,-0.02745620325786302,50-60,30+,20-25,8
BAJAJ-AUTO,2015-03-09,2109.85,28.869153464238888,28.834512556149434,65.61793740779336,51.431118601400485,0.24127307628504413,-0.07640353579638359,0.0884186079579119,190.0,-0.039979145436879304,-0.0370168495390667,-0.0049055620067777195,0.006256368936180534,0.05419816574637992,0.038983814015214335,0.10256653316586495,20-30,30+,30+,8
SUNPHARMA,2024-01-04,1312.95,75.32558323464156,74.30814399365619,45.82718779359166,44.349774172333845,0.2409078792033208,-0.010624928595910021,0.1506911915914544,161.0,0.002513423968924844,0.017365474694390537,0.11489394112494766,0.1821470733843633,0.23374842911001936,0.16078296964850147,0.40877413458242895,60+,30+,30+,8
ADANIPORTS,2010-01-05,115.19,54.73408653292486,54.157489590623044,29.800277083872366,12.9164620490574,0.24073270249153556,0.0,0.24073270249153556,57.0,0.08724715687125606,0.09783835402378682,0.12284052435107218,0.2735480510460977,0.3038458199496483,0.2727667332233703,0.3681743206875596,50-60,25-30,<15,8
EICHERMOT,2023-04-03,3004.3,36.599008368839144,33.7906000171516,41.77450791329001,38.18955696931546,0.24068834670305894,-0.02348300768897915,0.12022767366774278,119.0,-0.011267183703358663,0.07479279699097963,0.11451918916220083,0.23136837200013316,0.20855107678993434,0.11553440069234089,0.3055287421362711,30-40,30+,30+,8
ULTRACEMCO,2013-09-06,1601.05,36.81392385650704,34.550753958105254,48.8380186761466,40.50862714204928,0.24065457043814997,0.0,0.07363917429187095,136.0,0.0748258955060741,0.1582399050623029,0.19009400081196715,0.21863776896411724,0.16901408450704225,0.18544080447206523,0.6976671559289218,30-40,30+,30+,8
BAJAJFINSV,2024-08-21,1620.95,48.91183495481098,47.33466678581306,29.88472868978361,16.253972402298256,0.2404454178105433,-0.031894876461334376,0.014281748357444668,106.0,0.05709614732101542,0.15481661988340178,0.18251642555291636,0.08479595299053022,-0.015176285511582788,0.1689749838057928,0.2215059070298282,40-50,25-30,15-20,8
KOTAKBANK,2014-02-19,68.59,46.19910365428158,40.88129344696515,38.384997703058254,22.36229051922683,0.2404140545268989,-0.023472809447441345,0.2404140545268989,79.0,-0.0007289692374981005,-0.007435486222481469,0.08485201924478769,0.16839189386207898,0.3166642367692083,0.4096807114739758,0.9059629683627348,40-50,30+,20-25,8
ICICIBANK,2008-07-09,113.04,31.444083433658164,29.70152885996017,45.79507571646409,38.37944543427181,0.24035739561217273,-0.4150743099787686,-0.3383757961783439,103.0,-0.1640127388535032,0.1881634819532909,0.17675159235668803,0.1587933474876151,-0.2198336871903751,-0.19594833687190383,0.022027600849256812,20-30,30+,30+,8
WIPRO,2020-03-26,91.3,29.50821058415117,28.460492013886267,47.69945043590606,38.12784551773762,0.240197152245345,-0.026506024096385583,0.2163198247535596,106.0,-0.014238773274917849,0.07721796276013149,-0.0029572836801752267,0.033953997809419656,0.19496166484118294,0.7100766703176342,1.2119386637458924,20-30,30+,30+,8
NTPC,2019-02-15,113.54,32.56253766132216,30.851973213771416,50.38690206006314,40.38025754867927,0.24009159767482835,-0.01867183371499037,0.15289765721331694,103.0,0.02536550995243969,0.04958604896952612,0.16514003875286232,0.2114673242909988,0.10753919323586403,0.03575832305795301,-0.028536198696494708,30-40,30+,30+,8
HCLTECH,2024-05-23,1353.55,39.496794737661155,39.344560608498824,33.99245895239455,50.28821070388543,0.24007240220161807,-0.036939898784677294,0.24007240220161807,88.0,-0.016031916072549945,0.03247017103173144,0.0644970632780466,0.16515828746629224,0.239148904732001,0.34501865464888626,0.21768682353810354,30-40,30+,30+,8
SBIN,2012-09-07,189.21,38.86415878702195,38.10095019581255,40.7162933322605,30.17643426105976,0.2397336293007768,-0.01818085724855978,0.16489614713810052,87.0,0.04196395539347808,0.16970561809629503,0.1994080651128376,0.14851223508271238,0.21938586755456901,0.14613392526822055,-0.1366735373394642,30-40,30+,30+,8
GRASIM,2016-05-11,695.08,70.75167519995091,69.30509779062825,50.13155976217331,41.443603667791635,0.23955515911837488,-0.013538010013235957,0.1416671462277721,133.0,0.0002733498302351922,0.018515854290153566,0.010948380042585137,0.07026529320365982,0.21616216838349533,0.07702710479369279,0.35689417045519933,60+,30+,30+,8
ULTRACEMCO,2006-04-04,695.75,75.06896702772494,74.79376732733111,49.63915566689006,40.50686177933453,0.2393819619116062,-0.22608695652173905,-0.01825368307581754,76.0,0.051527128997484795,0.1067912324829321,0.1309378368666907,-0.107294286740927,0.0473589651455264,0.25008983111749905,-0.024721523535752854,60+,30+,30+,8
HINDALCO,2010-06-16,145.15,43.524424657862326,42.61077613726422,30.403300398524866,33.26055821167894,0.23871856699965566,-0.024112986565621775,0.17430244574578002,79.0,0.047192559421288305,-0.004478126076472688,0.034447123665173995,0.13434378229417843,0.2845332414743367,0.5266965208405097,0.1929038925249742,40-50,30+,30+,8
HINDALCO,2024-03-19,533.65,52.57760474911316,51.608397116576505,17.032853329323387,27.791371173651857,0.23742153096598906,-0.01086854680033722,0.23742153096598906,60.0,0.046847184484212434,0.07036447109528732,0.14831818607701663,0.23742153096598906,0.2719010587463695,0.2838939379743277,0.3090040288578657,50-60,15-20,25-30,8
TATASTEEL,2007-05-09,47.36,62.396843567694916,62.29161701706816,25.415977118381754,32.18097775984081,0.23733108108108114,0.0,0.23733108108108114,65.0,0.047508445945946054,0.1729307432432432,0.04138513513513509,0.11402027027027017,0.13766891891891908,0.7685810810810811,0.7839949324324325,60+,25-30,30+,8
IOC,2010-05-03,50.91,41.50066305669318,36.52490420662089,37.975003271948154,21.24294474356594,0.23728147711648018,-0.0200353565114908,0.23728147711648018,53.0,-0.010410528383421602,0.04321351404439211,0.1583186014535456,0.31369082694951866,0.1720683559222158,0.38440384993125143,0.12021213906894523,30-40,30+,20-25,8
ADANIENT,2017-04-11,73.43,83.02606834756898,82.50478106817032,65.68502252876772,61.07231679011231,0.23709655454174028,-0.1017295383358302,0.07803350129374897,62.0,0.19460710881111254,0.23627944981615134,-0.009396704344273643,0.07803350129374897,0.11180716328476081,-0.016478278632711563,0.35707476508239133,60+,30+,30+,8
MARUTI,2008-07-17,599.3,33.93081604298106,32.36421810069838,39.52468534935704,30.08470660939535,0.23652594693809448,-0.06198898715167689,0.20674119806440872,88.0,0.033121975638244594,-0.039462706490906,0.06807942599699657,0.2025696646087103,0.13741031203070264,-0.019689637910895952,0.9713832804939098,30-40,30+,30+,8
ULTRACEMCO,2007-08-30,925.15,55.950300554919195,53.54552752693277,17.037554137725714,29.734399343353534,0.23650218883424312,-0.18413230286980498,-0.056963735610441435,148.0,0.08604010160514508,0.07896016862130484,0.14386856185483432,0.11365724477111816,0.06912392584986216,-0.014213911257633827,-0.36113062746581637,50-60,15-20,25-30,8
IOC,2014-05-12,50.33,64.67180859532456,63.26405392657334,25.710467953163082,29.591639037026155,0.23564474468507846,0.0,0.17603814822173658,100.0,0.1845817603814821,0.22948539638386656,0.16332207430955692,0.10530498708523761,0.0902046493145241,0.25273196900456973,0.10053645936817013,60+,25-30,25-30,8
M&M,2023-04-10,1188.6,42.196859274010215,37.09814711281217,41.15368644644516,34.43856511327312,0.23502439845196044,0.0,0.23502439845196044,84.0,0.02048628638734651,0.016111391553087717,0.05052162207639266,0.1531633854955412,0.3052330472825173,0.27477704862863894,0.7591283863368672,30-40,30+,30+,8
ASIANPAINT,2015-06-22,747.7,42.63279890369483,41.72447543886883,34.017455268660306,18.445107337581444,0.23485355088939408,-0.014711782800588491,0.12297712986491893,101.0,-0.014711782800588491,0.04794703758191776,0.12785876688511433,0.1859703089474387,0.10966965360438685,0.16824929784672982,0.313427845392537,40-50,30+,15-20,8
POWERGRID,2023-12-06,224.4,68.34165941145477,65.12425551117778,50.597905752108296,55.56784737844721,0.23484848484848486,0.0,0.23484848484848486,58.0,0.05592691622103385,0.01225490196078427,0.07508912655971467,0.2606951871657752,0.31461675579322645,0.5046791443850267,0.4632352941176472,60+,30+,30+,8
TITAN,2021-09-03,2019.3,72.77170072713363,70.8432029530066,41.75113436364521,51.73193057639934,0.23438815431089988,0.0,0.23438815431089988,39.0,0.005620759669192399,0.037785371168226556,0.06735007180706187,0.2152478581686723,0.18184519387906706,0.28393502698955086,0.3011191997226761,60+,30+,30+,8
BAJFINANCE,2018-02-26,167.5,44.677343672760756,43.10035846480561,26.409228195586742,27.384429275517952,0.23373134328358214,-0.03379104477611938,0.23373134328358214,80.0,-0.02268656716417916,-0.005791044776119358,0.055283582089552086,0.1350447761194029,0.25074626865671634,0.7616716417910447,0.5867462686567162,40-50,25-30,25-30,8
BHARTIARTL,2016-12-28,299.5,47.164647436029234,44.39680719389284,16.75984354176615,42.13159079337802,0.23372287145242066,-0.08383973288814695,0.07592654424040068,119.0,-0.05542570951585979,-0.02878130217028385,-0.025776293823038476,0.07038397328881474,0.025375626043405708,0.11776293823038397,0.598931552587646,40-50,15-20,30+,8
ONGC,2024-07-04,277.05,56.60722916924155,54.97517794490263,18.350753325027572,42.19027479651599,0.23353185345605487,-0.1259700415087529,-0.06912109727486027,144.0,0.0999819527161161,0.19725681284966612,0.11983396498826915,0.17740480057751307,0.05414185165132657,-0.13643746616134278,-0.11481682006857963,50-60,15-20,30+,8
NESTLEIND,2018-04-30,469.83,71.05905057009736,70.84566488382164,49.97223486314315,38.38142295781131,0.23259476832045634,-0.044164910712385375,0.018389630291807846,179.0,-0.03233084307089795,0.01860247323499986,0.014196624310921058,0.044015920652150875,0.07724070408445605,0.03050039375944502,0.16056871634420955,60+,30+,30+,8
ASIANPAINT,2005-07-06,42.65,71.77899764357822,70.98755176133125,57.89040495794092,51.908951462557724,0.23259085580304806,-0.019226260257913297,0.23259085580304806,145.0,-0.014067995310668269,0.07526377491207503,0.07502930832356403,0.12567409144196962,0.19812426729191102,0.38335287221570935,0.362016412661196,60+,30+,30+,8
AXISBANK,2022-06-30,636.8,38.272886592742594,37.40603388411312,31.512778011334348,32.37038090453104,0.23249057788944727,0.0,0.23249057788944727,71.0,0.03352701005025138,0.04938756281407053,0.1476130653266332,0.14431532663316604,0.12507851758793986,0.4638819095477389,0.5506438442211057,30-40,30+,30+,8
M&M,2007-08-30,169.25,42.78628571112368,40.50484877138934,30.922921575838448,27.50280784845686,0.23225997045790248,0.0,0.07763663220088612,92.0,0.06652880354505175,0.046676514032496286,0.1276809453471197,0.17518463810930585,0.04933530280649934,-0.06641063515509604,-0.14528803545051705,40-50,30+,25-30,8
TITAN,2021-05-19,1521.15,53.68869117712407,52.509285321205454,23.816139673245406,18.960104753588567,0.23225848864346044,-0.0002629589455347414,0.23225848864346044,90.0,0.04062715708510001,0.04243499983565058,0.12500410873352386,0.10465766032278201,0.23225848864346044,0.6693948657265885,0.3883903625546459,50-60,20-25,15-20,8
GRASIM,2005-06-08,179.44,30.707034157276702,29.416373452226377,43.10970067809325,28.679417081279208,0.23222246990637552,-0.04213107445385644,0.23222246990637552,96.0,0.015771288452964827,-0.0001671868033883417,-0.03700401248328122,0.11847971466785556,0.16300713330361116,0.27179001337494424,0.42955862683905477,20-30,30+,25-30,8
M&M,2021-09-24,779.45,48.839050347869616,44.15581260493107,28.425609965132168,22.450439069205345,0.23202258002437604,0.0,0.23202258002437604,53.0,0.06209506703444734,0.1261787157611134,0.1427288472640964,0.15639232792353575,0.060812111103983435,-0.006863814227981324,0.5862467124254283,40-50,25-30,20-25,8
SHRIRAMFIN,2012-01-05,95.77,35.55673238030473,30.229958324739286,46.691860947738995,38.44826135237051,0.23180536702516452,-0.018064111934843807,0.17093035397306044,42.0,0.06244126553200391,0.11882635480839521,0.22689777592147853,0.09000730917823963,0.25070481361595487,0.1271797013678606,0.5317949253419652,30-40,30+,30+,8
TATASTEEL,2019-08-27,35.09,28.37016529657606,26.830914943678245,78.01524390916063,49.66081828732502,0.23140495867768585,-0.0743801652892564,0.15588486748361352,106.0,-0.05557138785978921,0.04616699914505551,0.07096038757480749,0.04018238814477049,0.19549729267597593,0.18409803362781396,0.21117127386719847,20-30,30+,30+,8
ADANIPOWER,2010-03-11,21.88,63.349101828135396,62.78093786734039,22.616556295093257,40.89552804651457,0.23126142595978072,0.0,0.2276051188299817,145.0,0.046617915904936025,0.05073126142595985,0.06992687385740415,0.09414990859232186,0.050274223034735055,0.256398537477148,0.021023765996343702,60+,20-25,30+,8
DIVISLAB,2007-10-01,334.15,59.54005161150784,58.74188236221208,15.6607850837613,32.63952913555559,0.23103396678138566,-0.019961095316474498,0.23103396678138566,25.0,-0.010145144396229155,0.08573993715397288,0.28804429148585964,0.215292533293431,0.40365105491545705,-0.05069579530151125,-0.0010474337872211636,50-60,15-20,30+,8
GRASIM,2016-02-10,558.31,40.495687334163215,40.15143861678949,18.25542043148384,32.66790571085206,0.23074994178861208,-0.03643137325141932,0.23074994178861208,90.0,0.008883953359244856,-0.016818613315183306,0.04585266249932829,0.1697802296215365,0.23074994178861208,0.5432107610467305,0.4226863212193943,40-50,15-20,30+,8
TVSMOTOR,2008-07-09,14.1,32.00110341304536,30.086091623053875,46.0745556369131,31.244887773316933,0.23049645390070927,-0.10992907801418428,0.09929078014184389,70.0,-0.10992907801418428,0.015602836879432758,0.17021276595744683,0.22340425531914887,0.2290780141843971,-0.16524822695035457,0.4836879432624115,30-40,30+,30+,8
ADANIENT,2008-10-28,105.83,32.792854026635695,30.886309362754407,40.7977916769159,28.927769237006004,0.23046395162052358,-0.21383350656713596,-0.17282434092412358,45.0,0.23046395162052358,0.15874515732778982,-0.11140508362468104,-0.12595672304639516,-0.13531134838892556,0.2595672304639518,1.1132004157611264,30-40,30+,25-30,8
ASIANPAINT,2012-01-03,265.23,33.71054520106702,32.71883646399009,43.235055634268285,51.24810267695133,0.23040380047505926,0.0,0.23040380047505926,90.0,0.0015835312747425334,0.031406703615729725,0.1190287674848245,0.18157825283716011,0.23040380047505926,0.47837725747464455,0.6483806507559475,30-40,30+,30+,8
ULTRACEMCO,2005-06-14,322.45,44.49474937100544,43.57092589659416,31.426384301574362,20.45466135493832,0.2302682586447511,-0.007753140021708793,0.2214296790200032,57.0,0.025740424872073175,0.04853465653589706,0.17584121569235545,0.29058768801364554,0.3457900449682121,0.3312141417273997,0.7844627073964956,40-50,30+,20-25,8
TITAN,2009-03-17,36.76,38.16588426163724,36.89417051432904,49.73858728779618,35.42737953577795,0.22986942328618065,-0.01332970620239382,0.07426550598476611,48.0,-0.008161044613710478,0.0633841131664854,0.08759521218715993,0.2859085963003265,0.614254624591948,0.7007616974972799,1.4583786724700762,30-40,30+,30+,8
RELIANCE,2018-07-11,467.11,57.021548564518554,55.97529454704064,35.31735332529216,25.55734658265992,0.22979597953372877,0.0,0.22979597953372877,44.0,0.05174370062726119,0.07351587420521932,0.15923444156622635,0.208965768234463,0.04934597846331701,0.06349682087730923,0.23369227805013804,50-60,30+,25-30,8
ITC,2023-04-20,378.68,69.5746991021092,68.7176841379245,46.79641407135751,45.34054916988202,0.22945494876940953,0.0,0.11978451462976669,174.0,0.0392415760008451,0.060710890461603384,0.06108059575367064,0.13317312770677092,0.1962342875250871,0.13277701489384164,0.06108059575367064,60+,30+,30+,8
HCLTECH,2022-07-21,924.45,34.46259280356118,31.883027401562362,37.72545301267668,43.952307563937836,0.22927145870517607,-0.03093731407864142,0.16588241657201563,176.0,0.02341933041267774,0.0364000216344853,0.03786034939693872,-0.02882795175509767,0.0770187679160581,0.20184974849910753,0.206609335280437,30-40,30+,30+,8
HDFCBANK,2011-12-23,109.39,44.11751942277922,43.649137322451104,31.359317333330942,36.87548638950821,0.22872291799981714,-0.024499497211810994,0.22872291799981714,117.0,-0.024499497211810994,0.036017917542736866,0.10613401590638993,0.21592467318767694,0.152390529298839,0.22086113904378846,0.5452052289971661,40-50,30+,30+,8
HCLTECH,2012-01-03,100.8,43.653528456364484,42.842845662929726,21.22689199895951,23.480520753167568,0.22867063492063489,-0.013492063492063444,0.22738095238095246,64.0,0.04136904761904758,0.055059523809523725,0.14444444444444438,0.1950396825396825,0.24325396825396828,0.2014880952380953,0.5507936507936508,40-50,20-25,20-25,8
NTPC,2022-03-22,132.85,51.71859578715558,51.456949487002966,15.69783160852066,16.978843472720943,0.2284531426420775,0.0,0.08995107263831392,111.0,0.011290929619871992,0.12231840421528051,0.22468949943545358,0.1302220549491908,0.03312006021829128,0.2871659766654122,0.31238238614979297,50-60,15-20,15-20,8
KOTAKBANK,2008-11-26,16.23,36.45467757020868,35.17605737997481,32.22113862073083,33.42400846670887,0.22797288971041274,-0.21072088724584104,-0.18052988293284045,72.0,0.014171287738755423,0.11398644485520637,0.04313000616142948,-0.1990141712877388,-0.23043746149106592,1.1096734442390637,1.4158964879852127,30-40,30+,30+,8
SUNPHARMA,2006-06-27,76.32,48.37564296840332,47.004754662195424,17.55743890763227,40.84188692721737,0.22785639412997916,-0.04323899371069184,0.21711215932914052,80.0,-0.008254716981132004,-0.012578616352201144,0.09080188679245293,0.158805031446541,0.2161949685534592,0.28970125786163536,0.329140461215933,40-50,15-20,30+,8
NESTLEIND,2012-01-17,202.84,39.64852838843484,39.516915932802895,39.44476403696224,25.2807104569565,0.2272727272727273,-0.004634194438966621,0.11546046144744615,181.0,0.022283573259712197,0.04417274699270357,0.08159140209031746,0.08026030368763548,0.17955038453953853,0.11546046144744615,0.19286136856635783,30-40,30+,25-30,8
NESTLEIND,2023-03-17,942.91,39.399036419927846,38.884229103245886,38.152527835645486,18.824097927570364,0.22694636815814895,-0.002036249482983532,0.1761355802780753,180.0,0.005037596377172715,0.044882332354095444,0.07350648524249404,0.1549564645618351,0.21783627281500895,0.1761355802780753,0.36829601976858894,30-40,30+,15-20,8
MARUTI,2013-04-08,1420.15,48.32769455180459,42.43715952807918,36.63838930873152,41.46555703052829,0.22680702742668024,-0.06608456853149325,-0.016336302503256683,127.0,0.0019364151674119423,0.08470936168714571,0.1835721578706473,0.09488434320318273,0.0921733619688061,-0.007006302151181254,0.3607717494630849,40-50,30+,30+,8
KOTAKBANK,2017-01-06,143.37,35.8934490830232,35.088221735816845,36.58913706106745,35.658261654235474,0.22668619655436983,-0.01060193903885065,0.22194322382646292,87.0,0.015205412568877863,0.00864895026853607,0.06954035014298676,0.13970844667643156,0.24761107623631173,0.3389830508474576,0.4035014298667783,30-40,30+,30+,8
MARUTI,2016-12-27,5224.0,52.20115034801984,51.49359946555906,17.389458482059116,31.185397611364365,0.22632082695252675,0.0,0.22632082695252675,120.0,0.05444104134762617,0.08630359877488525,0.13244640122511475,0.139261102603369,0.14582695252679945,0.3750669984686066,0.846114088820827,50-60,15-20,30+,8
HCLTECH,2023-12-12,1375.3,69.06270135494873,67.5179132916821,30.05381990715913,42.66450305479898,0.22620519159456132,-0.045371918854068105,-0.023449429215443907,162.0,0.08216389151457859,0.0602414018759545,0.07961899221987934,0.21206282265687504,0.19148549407402027,0.03159310695848183,0.403984585181415,60+,30+,30+,8
NESTLEIND,2019-08-21,629.71,65.18389661970009,62.95478944460328,46.40536834212979,22.90159112843442,0.22591351574534313,-0.0161026504263867,0.22591351574534313,149.0,-0.006098045131886165,-0.009004144765050737,0.07187435486176175,0.19261247240793367,0.12092868145654334,0.31714598783567016,0.28725921455908265,60+,30+,20-25,8
GRASIM,2009-04-28,291.45,69.17887688077664,68.1034476543729,37.356924905877335,44.288120112065656,0.22587064676616908,-0.03242408646423056,0.22587064676616908,20.0,0.0011665808886602846,-0.00792588780236747,0.21746440212729445,0.2946646079945101,0.6132441242065536,0.21410190427174491,0.5673700463201237,60+,30+,30+,8
SBIN,2022-06-23,451.4,40.93240332353064,40.44938205274468,19.80345579084301,33.93560198018184,0.2258529020824105,0.0,0.2258529020824105,78.0,0.032122286220646945,0.07831191847585295,0.1470979175897209,0.13269827204253448,0.2620735489587951,0.33905626938413835,0.22862206468763846,40-50,15-20,30+,8
BAJAJFINSV,2021-05-18,1139.68,67.76630766609134,67.63049761519675,41.389708385217226,29.856771777930454,0.2258353221957039,-0.020181103467640016,0.2258353221957039,71.0,-0.0018426224905238042,0.03800189526884745,0.03700161448827721,0.11619928400954649,0.27661273339884884,0.590841288782816,0.11979678506247371,60+,30+,25-30,8
BAJAJFINSV,2014-04-28,83.11,73.1382353917091,71.21737551809943,42.1422495390851,36.34023610937151,0.22572494284682953,-0.02394417037660923,0.22572494284682953,120.0,-0.02394417037660923,0.009986764528937542,0.0874744314763567,0.1138250511370471,0.12501504030802546,0.2845626278426183,0.5947539405607025,60+,30+,30+,8
BAJFINANCE,2006-10-18,3.5,50.25687028624114,46.7013987166938,70.24919587377377,13.860712610293103,0.22571428571428576,-0.04571428571428571,-0.014285714285714235,63.0,-0.0028571428571427804,0.0942857142857143,0.02571428571428558,-0.02857142857142858,0.08857142857142852,0.17999999999999994,-0.06857142857142862,40-50,30+,<15,8
BAJFINANCE,2011-02-08,5.72,36.75874166395035,36.730740026069086,25.63733297341981,41.99527800114674,0.22552447552447563,-0.0402097902097901,0.07517482517482521,114.0,0.03846153846153855,0.10139860139860146,0.12762237762237771,0.21503496503496522,0.0874125874125875,0.15209790209790208,0.3968531468531469,30-40,25-30,30+,8
ADANIPORTS,2013-09-02,130.4,41.76625700378477,40.312411899852926,23.84988234270373,38.56612360948814,0.22546012269938664,-0.06480061349693256,0.1855828220858895,78.0,-0.0076687116564416735,0.044861963190184095,0.0801380368098159,0.11081288343558282,0.2246932515337421,0.3163343558282208,1.2151073619631902,40-50,20-25,30+,8
INFY,2020-10-12,1132.1,78.11335114149823,75.32508017972626,53.80568233999718,55.22234919154933,0.22528928539881643,-0.06315696493242651,0.22250684568501033,155.0,-0.0054765480081263584,-0.017357123928981366,-0.008479816270647422,0.027471071460118512,0.21561699496510922,0.2593852133203782,0.48851691546683185,60+,30+,30+,8
ONGC,2024-01-15,233.5,71.35909218150749,69.00411154900638,56.394692540269,51.219633118522175,0.22526766595289094,-0.015417558886509641,0.17644539614561028,170.0,-0.015417558886509641,0.0813704496788008,0.15139186295503215,0.10813704496788001,0.19850107066381173,0.3811563169164882,0.11507494646680949,60+,30+,30+,8
BEL,2015-06-18,34.02,51.73828676665798,50.77317324646009,19.39429756359599,33.634675595344696,0.22516166960611383,-0.06290417401528525,0.017636684303350858,97.0,0.00029394473838917357,0.014403292181069727,0.08465608465608443,0.12580834803057006,-0.04115226337448574,0.048794826572604144,0.11992945326278659,50-60,15-20,30+,8
MARUTI,2009-07-28,1389.05,79.16935877192442,79.1461174972314,50.107678595004046,66.44300918657929,0.22486591555379576,-0.10114826680105105,0.12324970303444793,118.0,0.07451135668262476,-0.06677225441848744,0.019329757748101306,0.17951117670350247,0.09250926892480482,0.04114322738562337,-0.13422842950217784,60+,30+,30+,8
KOTAKBANK,2013-04-16,65.32,48.647055576059984,47.305444457337856,25.226511031182532,11.89712434701495,0.22458665033680347,-0.07118799755052041,-0.07118799755052041,134.0,0.059246785058175266,0.08251684017146355,0.19105939987752607,0.15768524188609945,0.15967544396815692,0.06950398040416417,0.20070422535211296,40-50,25-30,<15,8
HDFCBANK,2008-12-01,44.94,38.665140975003204,37.95466848557905,26.568920830096854,31.340078733187564,0.22429906542056077,-0.029372496662216308,-0.0004450378282152556,67.0,-0.0008900756564307333,0.05051179350244772,0.11081441922563418,0.029817534490431674,-0.05896751223854024,0.5950155763239877,0.9913217623497996,30-40,25-30,30+,8
NTPC,2008-11-04,126.58,40.32050865569174,37.831958649366854,37.69347103373273,27.11273275242336,0.22420603570864284,-0.1046768841839153,0.22420603570864284,77.0,-0.005530099541791733,-0.08295149312687633,0.08658555854005368,0.19031442565966183,0.1929214725865065,0.2738979301627429,0.3901090219623955,30-40,30+,25-30,8
INDIGO,2025-01-29,4293.9,49.7912661003891,46.35690086255404,27.395101627072027,25.625558516023716,0.22406204150073372,-0.016441929248468656,0.22138382356366026,77.0,0.028295954726472505,0.01015393930925268,0.04271175388341608,0.17096345979179772,0.22592514963087185,0.3419036307319687,0.07617783367102171,40-50,25-30,25-30,8
M&M,2010-09-13,332.42,63.21480602356223,63.18546898432175,21.469969572204636,25.226704540546013,0.22384333072618956,-0.10474700679862825,-0.0008122254978643051,169.0,0.034534624872149644,0.04461223753083443,0.10679261175621191,0.16292641838637856,0.15576680103483542,-0.005083929968112577,0.175922026352205,60+,20-25,25-30,8
ADANIPOWER,2014-12-24,8.49,40.348329469991064,40.18502508926715,41.37665887880901,18.42282022056009,0.22379269729093054,0.0,0.1637220259128387,49.0,0.043580683156654754,0.04004711425206131,0.19787985865724367,0.34275618374558303,0.08598351001177851,-0.3404004711425207,-0.29917550058892817,40-50,30+,15-20,8
TVSMOTOR,2023-11-30,1864.5,82.53973753931314,81.63527936371219,71.29868448347844,67.01433072118029,0.2233306516492357,0.0,0.10675784392598553,162.0,0.029873960847412118,0.09882005899705004,0.08289085545722719,0.05374094931617068,0.12338428533118817,0.207642799678198,0.3056851702869401,60+,30+,30+,8
SHRIRAMFIN,2008-07-24,56.56,39.004379026872115,36.39988896007236,23.375640375749978,20.104991047195384,0.22294908062234797,-0.3016265912305517,-0.2588401697312588,103.0,0.00866336633663356,0.08345120226308333,0.17751060820367726,0.10820367751060811,-0.2625530410183876,-0.3274398868458275,0.026166902404526127,30-40,20-25,20-25,8
RELIANCE,2025-04-16,1239.3,45.264266897110744,43.5149506162114,27.08125927246601,24.782309436057858,0.22278705720971526,0.0,0.21084483175986435,75.0,0.04897926248688789,0.13370451061082878,0.1751795368353104,0.16017106431049788,0.1985798434600179,0.10949729686113141,0.08391834099895101,40-50,25-30,20-25,8
JSWSTEEL,2010-08-20,113.84,51.85754263408228,50.782345697823594,17.198894442295558,23.87968267725051,0.2227687983134221,-0.08591004919184819,0.023102600140548102,118.0,-0.02134574841883352,0.02275122979620514,0.1321152494729445,0.13404778636683057,0.12227687983134228,-0.2113492621222769,-0.41681307097680953,50-60,15-20,20-25,8
COALINDIA,2021-04-30,133.05,48.7050093401931,44.63996659197351,28.307738825308732,24.349887364314654,0.22247275460353255,-0.0063885757234124485,0.07929349868470492,122.0,0.028560691469372346,0.10334460729049222,0.11010898158586979,0.0860578729800825,0.06839534009770754,0.3047726418639607,0.41037204058624566,40-50,25-30,20-25,8
DIVISLAB,2015-08-06,998.15,62.9594022822602,61.53839672038463,29.20075548116509,26.28559058670351,0.22221109051745747,-0.01300405750638678,0.15598857887091122,85.0,0.09320242448529781,0.20427791414116103,0.04904072534188231,0.14176226018133553,0.17792916896258082,0.12658418073435862,0.18634473776486504,60+,25-30,25-30,8
DMART,2021-09-20,4355.9,85.65495006196907,84.64767279539147,53.955434545468265,69.03348541823603,0.2221928878073418,-0.08635414036134892,-0.06492343717716198,151.0,0.006852774397943184,-0.02262448632888714,0.05521247044238842,0.10845060722238808,0.060389356964117624,-0.05984985881218574,-0.0015151862990425702,60+,30+,30+,8
ADANIPORTS,2011-12-23,124.9,41.06006892607773,39.95033177472554,33.7330098085354,31.14811303513899,0.22217774219375497,-0.08166533226581263,0.1501200960768614,66.0,-0.03883106485188159,0.022417934347477964,0.20136108887109683,0.22217774219375497,0.008006405124099336,-0.05964771817453962,0.08366693354683741,30-40,30+,30+,8
HINDUNILVR,2011-10-26,337.4,55.6137900123452,55.210609310252764,19.68356184991934,33.4173203402708,0.22213989330171913,0.0,0.13761114404267927,142.0,0.13716656787196224,0.1454653230586842,0.09561351511558991,0.22213989330171913,0.1460580912863072,0.21603438055720225,0.6441612329579136,50-60,15-20,30+,8
BHARTIARTL,2007-09-21,415.14,55.84383272224338,54.77643500851225,38.72860122643792,19.980993063947984,0.2218769571710748,-0.09464277111335928,-0.00705785999903652,69.0,0.02025822614057904,0.07941899118369711,0.009779833309245145,-0.017632605867899942,-0.002481090716384804,-0.15575468516644975,-0.12205521029050437,50-60,30+,15-20,8
AXISBANK,2007-05-04,96.02,50.65975971695825,48.278805984195905,18.984379382947846,20.312651477070624,0.22130806082066234,0.0,0.21860029160591554,40.0,0.0840449906269527,0.11799625078108722,0.19943761716309116,0.2985836284107477,0.2921266402832743,0.9107477608831493,0.9719850031243491,40-50,15-20,20-25,8
TVSMOTOR,2012-05-25,33.95,30.020212825274143,28.099269137241905,29.73841239062147,40.71017851428879,0.22091310751104554,-0.044182621502209085,0.1384388807069219,111.0,-0.022091310751104598,-0.03387334315169388,0.0014727540500736325,0.14874815905743732,0.1472754050073637,0.10898379970544902,0.08100147275405001,20-30,25-30,30+,8
ADANIGREEN,2025-09-09,943.7,45.9403757912793,45.58711273911631,20.928487736418496,16.10954443883631,0.2208858747483311,0.0,0.08710395252728631,114.0,0.046783935572745516,0.19895093779802897,0.1142312175479494,0.10342269789127889,0.05308890537246991,-0.09489244463282831,,40-50,20-25,15-20,8
JSWSTEEL,2014-03-06,90.83,55.68673034772365,53.3483992296807,24.602498673050953,43.264087284989756,0.2208521413629858,0.0,0.2208521413629858,47.0,0.022239348232962586,0.044478696465925394,0.16536386656391056,0.21622811846306278,0.40217989650996366,0.45315424419244765,0.05658923263239024,50-60,20-25,30+,8
JSWSTEEL,2011-10-10,58.28,32.07697953677289,29.225970387788248,43.42549629517481,50.549142597411276,0.22083047357584085,-0.05422100205902547,0.04924502402196285,49.0,-0.00514756348661638,0.006005490734385832,0.15185312285518182,0.006005490734385832,-0.018016472203157274,0.17964996568291003,0.2748798901853122,20-30,30+,30+,8
ONGC,2014-02-14,184.27,47.27832316114834,46.031702440227534,26.45578899639636,13.05266464718496,0.21994898789819284,-0.0007597547077659028,0.20838986270147064,83.0,0.00195365496282629,0.05405112063819395,0.17561187388071842,0.15536983773810165,0.36956639713463924,0.4543875834373472,0.23172518586856228,40-50,25-30,<15,8
KOTAKBANK,2011-02-11,37.81,34.34145301359803,34.22314926908813,60.45410596426724,40.86035978081855,0.21978312615710105,0.0,0.17058979106056582,67.0,0.08040201005025116,0.06850039672044428,0.1269505421846071,0.205765670457551,0.09071674160275056,0.21422903993652453,0.4990743189632372,30-40,30+,30+,8
GRASIM,2007-03-23,339.3,38.472450297519515,35.79532552619251,29.986194390890052,43.19484916309647,0.21971706454465068,-0.013999410551134739,0.2046861184792219,90.0,0.005393457117595091,0.059504862953138726,0.15372826407309148,0.21971706454465068,0.2046861184792219,0.5994105511346888,0.2579428234600647,30-40,25-30,30+,8
HCLTECH,2025-04-15,1426.5,30.06764239733205,29.37330776219246,46.48682319895601,51.557339866239516,0.2196985629162287,0.0,0.05229582895198037,120.0,0.037434279705573115,0.09989484752891697,0.18892393971258326,0.20785138450753582,0.13550648440238344,0.04780932351910283,0.017385208552400888,20-30,30+,30+,8
ASIANPAINT,2026-03-18,2262.1,34.071293695631375,31.487717509593416,40.073898318521664,41.54351444932433,0.21939790460191877,-0.062243048494761366,0.21449095972768673,135.0,0.0035807435568719903,-0.01604703594005563,0.08925334865832646,0.15556341452632516,0.2148446134123161,,,30-40,30+,30+,8
BAJFINANCE,2011-06-28,5.88,42.04739212900968,40.61965551976154,20.19139802632592,30.70589646917828,0.2193877551020409,0.0,0.054421768707483054,84.0,0.022108843537415046,0.04421768707482987,0.1445578231292517,0.010204081632653184,0.054421768707483054,0.04591836734693877,0.44727891156462585,40-50,20-25,30+,8
ITC,2024-07-04,405.88,49.81301023512984,48.56234135122265,18.74426455907998,22.07460875418694,0.21838967182418445,0.0,0.106878880457278,147.0,0.06898590716467923,0.0960382379028284,0.13274859564403263,0.18879964521533465,0.19508229033211788,0.12725436089484576,0.016433428599586186,40-50,15-20,20-25,8
HINDUNILVR,2014-07-25,652.91,62.43999302306127,61.05439537744988,27.832893708745686,44.16382942029409,0.21829961250402063,0.0,0.21829961250402063,129.0,0.04489133264921663,0.05771086367186906,0.07978128685423713,0.1179641910829976,0.14343477661546,0.4191389318589087,0.3560827679159455,60+,25-30,30+,8
HINDZINC,2020-06-01,173.05,46.578654987902624,46.03852747039139,20.62105651544411,25.4116332767187,0.21814504478474417,-0.009534816527015377,0.21814504478474417,57.0,-0.0008668015024559939,0.009245882692863194,0.14562265241259742,0.21381103727246464,0.3094481363767696,0.31522681305980926,0.8928055475296157,40-50,20-25,25-30,8
LT,2021-07-15,1609.35,62.42530910004976,61.137844226028406,21.082107379451823,34.766130597655106,0.21785192779693685,-0.01777114984310435,0.203933264982757,173.0,0.02038089912076324,-0.008295274489700799,0.029048994935843675,0.038742349395718856,0.08866933855283188,0.21859757044769634,0.04691335011029296,60+,20-25,30+,8
ULTRACEMCO,2006-12-07,956.95,69.40225090630352,68.38525154879702,28.508386193611393,41.423807033980474,0.21756622603061815,-0.29092429071529347,-0.22859083546684777,123.0,0.03746277234965234,0.06233345524844558,0.1408642039813992,0.15774073880558026,-0.17116881759757574,-0.12492815716599615,0.02298970688123725,60+,25-30,30+,8
M&M,2022-03-16,773.65,40.65234062214583,38.827164767761964,33.13123310490483,25.783306228505733,0.21747560266270272,-0.011503910036838372,0.21747560266270272,68.0,0.0005816583726492297,0.025463710980417664,0.12983907451690047,0.16764686873909396,0.31745621405028124,0.6765333160990112,0.5084986751114846,30-40,30+,25-30,8
ITC,2005-05-10,30.95,64.4150595054846,63.418575171683315,22.238948269478062,22.893905685986358,0.2174474959612278,-0.003554119547657497,0.2174474959612278,118.0,0.004523424878836835,0.0206785137318255,0.0704361873990309,0.15864297253634896,0.17059773828756053,0.28529886914378033,1.0891760904684977,60+,20-25,20-25,8
TITAN,2013-07-05,232.05,44.28089698893445,43.93784382302548,40.56874777206388,31.5948279490116,0.2174100409394526,-0.08489549666020257,-0.018961430726136652,63.0,0.0751993104934281,0.12669683257918551,0.20814479638009065,-0.07886231415643186,0.03210514975220846,-0.0053867700926524265,0.5401853048911871,40-50,30+,30+,8
BAJAJ-AUTO,2024-08-23,10406.45,65.0666872315679,62.797374452667604,31.785093761159263,36.1035933091759,0.21716819856915648,-0.14553474047345638,-0.13930783312272688,117.0,0.046615320306156116,0.04071032869037938,0.18570213665563173,-0.003661190896030897,-0.08662416097708636,-0.18516881357235182,-0.1591272720284055,60+,30+,30+,8
AXISBANK,2006-01-10,62.55,61.90099343745145,61.43541296300765,27.547478344503716,38.75771637056892,0.21678657074340535,0.0,0.1736211031175059,119.0,0.03629096722621905,0.07609912070343738,0.09624300559552346,0.14948041566746606,0.11702637889688261,-0.123101518784972,0.47593924860111914,60+,25-30,30+,8
TITAN,2005-07-08,21.82,82.11609929936043,81.81340650534813,43.12853698313586,69.18191085500372,0.21677360219981678,-0.1186984417965169,0.21127406049495878,122.0,0.12465627864344642,0.11182401466544456,0.1241979835013749,0.06736938588450947,0.10265811182401463,0.8913840513290561,0.37671860678276814,60+,30+,30+,8
ADANIENT,2012-11-30,145.14,60.13672892173899,57.47306059384772,35.2349817588197,37.41924629595188,0.21668733636488913,-0.12326030039961411,-0.051054154609342706,97.0,0.09804326856827905,0.12367369436406239,0.13180377566487556,0.029833264434339313,-0.10052363235496742,-0.08426346975334154,0.11078958247209592,50-60,30+,30+,8
HINDZINC,2025-05-14,438.95,46.998419429762485,45.19178058478009,20.98570750751931,21.599476520944215,0.2166533773778334,-0.03679234536963205,0.009682196149903177,69.0,0.007062307779929444,0.03109693586968909,0.17154573413828467,-0.005923225879940652,-0.03531153889964689,0.10399817746896,0.5246611231347533,40-50,20-25,20-25,8
ADANIPORTS,2024-01-05,1154.25,72.11688726095878,71.48328095145439,40.44538886863039,49.60066503047739,0.21650422352176757,-0.029153129737925165,0.19402209226770628,138.0,0.045787307775611685,-0.001559454191033094,0.09036170673597566,0.1594541910331384,0.18418886722980288,0.3087719298245615,0.007623998267273002,60+,30+,30+,8
KOTAKBANK,2017-04-05,177.97,71.33880657466463,69.69495174301328,59.86540356736502,52.14680604249462,0.21632859470697308,-0.018823397201775505,0.21632859470697308,191.0,-0.01174355228409285,-0.016013934932853857,0.020733831544642367,0.08670000561892466,0.07748496937686133,0.1311456987132662,0.2567286621340674,60+,30+,30+,8
TVSMOTOR,2007-08-27,30.28,48.61430121117024,44.74779999598111,25.7171126673759,46.27935724370495,0.21631439894319682,-0.10501981505944513,-0.04062087186261565,79.0,0.09577278731836181,0.2031043593130779,0.18394980184940546,-0.06109643328929992,0.03368560105680318,-0.3186922060766183,-0.46334214002642005,40-50,25-30,30+,8
TVSMOTOR,2012-12-03,40.0,49.76927936441497,46.26442547636457,23.269416561706173,22.499224857062174,0.21625000000000005,-0.20499999999999996,-0.14749999999999996,122.0,-0.01750000000000007,-0.0012499999999999734,0.05125000000000002,0.0625,-0.04875000000000007,-0.10375000000000001,0.3587500000000001,40-50,20-25,20-25,8
TATASTEEL,2005-06-17,28.701,37.416623596726346,36.29900714459387,28.113529743745755,30.953372289184358,0.21584613776523476,-0.0030660952580049416,0.1882512804431904,80.0,0.06515452423260504,0.009825441622243192,0.06383052855301208,0.201874499146371,0.21494024598446027,0.10961290547367697,0.3978955437092784,30-40,25-30,30+,8
HAL,2018-11-02,378.33,36.86981036221819,35.55653639654736,33.99731047017714,27.636046871306235,0.2157375835910449,-0.009462638437343074,0.014669732772975896,42.0,0.2157375835910449,0.08965717759627845,0.037586234239949334,0.05542780112600121,-0.06047630375598023,-0.124705944545767,0.02854650701768291,30-40,30+,25-30,8
NESTLEIND,2026-04-07,1222.8,44.80976992202389,42.4575320256676,30.730550651593507,28.34699638525539,0.21532548249918215,-0.007441936539090532,0.20518482172064134,90.0,0.027641478573765088,0.12847562970232262,0.20706575073601585,0.14401373895976466,0.20518482172064134,,,40-50,30+,25-30,8
DIVISLAB,2005-07-05,54.74,49.91473629581296,48.329269481721276,21.87889930544803,27.78253277557931,0.21519912312751166,0.0,0.21519912312751166,44.0,0.03379612714651081,0.17683595177201306,0.1503470953598831,0.37230544391669707,0.4603580562659846,0.4006211180124224,0.2780416514431858,40-50,20-25,25-30,8
ITC,2020-05-12,156.14,33.91468272320374,33.146706679524556,36.440939645921645,49.769646112522125,0.21506340463686446,-0.007621365441270678,0.16235429742538754,43.0,0.03452030229281422,0.16145766619700286,0.17689253234276925,0.19687459971820176,0.20475214551043952,0.04694504931471766,0.23139490201101598,30-40,30+,30+,8
SHRIRAMFIN,2006-07-28,18.51,37.561458028125756,33.92220894625672,48.60197248485492,44.24779231138429,0.215018908698001,-0.0653700702323069,0.20043219881145302,75.0,-0.03565640194489461,0.05294435440302525,0.08914100486223653,0.17720151269583995,0.21447866018368433,0.41274986493787114,0.6893571042679631,30-40,30+,30+,8
IOC,2009-05-18,41.77,56.598746797876814,54.46813089673991,30.540722375163018,18.61682402914206,0.2149868326550155,-0.11108451041417289,0.13598276274838406,91.0,0.12927938711994247,0.17859707924347612,0.12185779267416796,0.10390232224084262,0.13598276274838406,0.1802729231505864,0.26262868087143887,50-60,30+,15-20,8
LT,2008-07-04,529.22,34.335878007142476,29.86589174902855,39.18908067777863,32.82963399884042,0.2146177393144626,-0.04937455122633316,0.0775291939080156,59.0,-0.01146971013945064,0.06974415177053017,0.11588753259513984,0.128623256868599,-0.026642984014209614,-0.3501946260534372,0.2296209515891312,20-30,30+,30+,8
EICHERMOT,2016-01-22,1647.24,41.03403926074717,40.67966557638071,38.762720911989774,31.88069167541298,0.21439498797989365,-0.031167285884266982,0.20785677861149576,82.0,0.0045045045045044585,0.09997328865253396,0.14850902115053044,0.1071064325781308,0.23411281901847936,0.20503387484519564,0.3803088803088801,40-50,30+,30+,8
ICICIBANK,2008-10-21,78.37,35.79087443851924,35.24995224493184,43.006693859334014,32.06811096077422,0.21436774275870873,-0.2842924588490494,-0.04861554166135007,100.0,-0.22164093403087926,0.062141125430649424,-0.2587724894730127,0.03406915911700903,-0.0427459487048617,-0.01020798775041487,1.155544213346944,30-40,30+,30+,8
EICHERMOT,2007-09-21,41.35,63.71362928137639,61.96723605626278,38.870055226352,36.87003558605293,0.2142684401451027,-0.07787182587666264,0.2065296251511488,75.0,0.01862152357920177,0.16565900846432902,0.1678355501813784,0.13760580411124534,-0.04401451027811365,-0.3830713422007255,-0.3555018137847643,60+,30+,30+,8
GRASIM,2007-06-22,407.07,53.56359522549149,52.791524514790666,30.475500681502087,21.35138687373466,0.21421377158719634,-0.012995307932296751,0.2096445328813228,74.0,0.05546957525732665,0.10990738693590796,0.21421377158719634,0.09163043211241306,0.3523718279411403,0.42992605694352326,-0.14049180730586874,50-60,30+,20-25,8
HINDZINC,2020-07-29,208.35,61.24305013176085,60.33559682803547,34.18238976782644,32.11445742449013,0.21406287497000243,-0.04919606431485479,0.060235181185505304,82.0,0.04991600671946239,0.11135109191264703,0.09767218622510199,0.007199424046076208,0.03047756179505634,0.28653707703383735,0.552915766738661,60+,30+,30+,8
WIPRO,2008-03-25,49.05,43.699245151030595,38.540367766247705,25.681446386006087,32.340675567024626,0.21345565749235496,-0.1600407747196737,-0.0648318042813456,121.0,-0.06095820591233425,-0.0507645259938837,0.031396534148827815,0.0982670744138634,0.09785932721712554,-0.04892966360856266,-0.44362895005096836,30-40,25-30,30+,8
MARUTI,2025-08-13,12834.0,59.00289188707746,56.651550412901734,14.363756487147887,11.162227017544316,0.21341748480598421,0.0,0.21341748480598421,34.0,0.10807230793205558,0.14944678198535133,0.1940938133083996,0.27185600748013083,0.2190275829827022,0.16705625681782754,0.08345021037868161,50-60,<15,<15,8
ICICIBANK,2016-02-05,190.36,28.390817521330398,27.53810023530618,53.599409605095566,44.889669149701746,0.21322756881697824,-0.12607690691321705,0.07238915738600538,109.0,-0.0756986761924775,-0.05058835889892843,0.03561672620298362,0.0773797016179869,0.025110317293548956,0.15617776843874753,0.38637318764446316,20-30,30+,30+,8
SUNPHARMA,2023-05-26,969.9,43.42075053986862,39.89172314642409,32.22783539915367,26.459600882993378,0.21321785751108369,-0.010619651510464956,0.21321785751108369,166.0,0.030621713578719456,0.014486029487576157,0.02582740488710189,0.12903392102278577,0.15300546448087426,0.2414681925971749,0.5115475822249715,30-40,30+,25-30,8
ADANIPOWER,2017-12-22,7.74,63.32148105525493,60.723398612061324,22.294106010260887,17.43416018436681,0.21317829457364335,-0.3875968992248062,-0.3527131782945737,103.0,0.07751937984496116,0.19896640826873369,-0.02842377260981921,-0.18992248062015515,-0.35012919896640826,-0.5051679586563307,0.3126614987080103,60+,20-25,15-20,8
ULTRACEMCO,2007-06-19,819.55,47.50928167206233,45.095179215320115,20.28291251132659,22.165958268329238,0.2127997071563663,-0.009334390824232819,0.12177414434750777,71.0,-0.005673845402965005,0.08205722652675251,0.17997681654566522,0.06412055396254046,0.19260569824903917,0.205112561771704,-0.2285400524678176,40-50,20-25,20-25,8
ICICIBANK,2010-09-09,190.95,64.9307869728929,63.48948375863827,37.7707787557871,24.902091311249308,0.21246399581042175,-0.09395129615082487,-0.0472898664571878,155.0,0.050798638387012485,0.047656454569259044,0.07844985598324183,0.19528672427337002,0.051584184341450845,-0.028227284629484095,-0.14611154752553013,60+,30+,20-25,8
JSWSTEEL,2017-01-02,163.43,46.867117917497474,46.62924959637232,29.68759795599306,25.090543555352337,0.21244569540476044,-0.002325154500397719,0.19806645046809024,93.0,0.07721960472373501,0.15860001223765519,0.20724469191702877,0.12586428440310837,0.1558465398029738,0.2546656060698771,0.6187358502110996,40-50,25-30,25-30,8
HINDZINC,2008-04-02,54.11,37.50028049758755,35.56347810353796,41.610442904786446,45.651479062457845,0.21234522269451106,-0.22324893734984286,-0.1833302531879505,97.0,-0.004250600628349588,-0.11070042506006283,0.007022731472925647,0.008316392533727734,-0.20680096100535938,-0.2731472925522085,-0.24062095730918487,30-40,30+,30+,8
SBILIFE,2023-03-22,1113.1,40.309956735580506,36.462898120322315,53.33977830963894,42.66006865721558,0.21224508130446496,-0.019584942952115658,0.20514778546401957,170.0,-0.012936843050938673,-0.006782858682957471,-0.005884466804420008,0.03386937382086064,0.16373191986344438,0.23412092354685132,0.3188841972868566,30-40,30+,30+,8
SHRIRAMFIN,2018-10-12,203.42,34.4546033851553,33.59147664508675,49.8272610730184,38.823914760546174,0.21207354242454035,-0.03333005604168715,0.08966669943958316,47.0,-0.029053190443417587,0.030577131058892926,0.16994395831285036,0.10058008062137458,0.14074328974535466,0.1509192803067545,0.004522662471733385,30-40,30+,30+,8
SHRIRAMFIN,2016-12-27,158.11,30.196456804193268,29.271379410205622,56.46037826920874,46.14421727969806,0.21206754790968296,0.0,0.15508190500284602,69.0,0.10467396116627659,0.1622288280311175,0.18942508380241585,0.15489216368351144,0.2628549743849218,0.22408449813421027,0.798304977547277,20-30,30+,30+,8
ULTRACEMCO,2024-05-17,9890.35,51.471997749367546,50.958406970941176,17.93421875632677,21.888649847266663,0.21173669283695729,-0.010206918865358738,0.16148063516457967,117.0,0.03445277467430374,0.002542882708903127,0.12423220614032848,0.17879549257609684,0.1420930502965012,0.09017375522605375,0.20612516240577938,50-60,15-20,20-25,8
KOTAKBANK,2005-05-11,33.26,56.16645702549878,54.51480707358776,34.68196321032697,35.34003784025814,0.21136500300661454,-0.00871918220084178,0.21136500300661454,57.0,0.027961515333734255,0.054419723391461394,0.17979555021046312,0.2778111846061335,0.49609140108238137,0.47624774503908607,1.7763078773301264,50-60,30+,30+,8
EICHERMOT,2014-11-14,1399.29,78.51385470995797,77.2694139970462,25.135908770754586,54.54541029731569,0.21113564736402046,-0.010533913627625457,0.12780052741032955,175.0,0.03715455695388381,0.037576199358245965,0.01560791544283191,0.05762207976902589,0.1733021746742991,0.2927699047374026,0.09071028878931453,60+,25-30,30+,8
MARUTI,2024-01-31,10186.9,47.464607127838526,44.60678310842394,34.192383549436556,22.515755019467928,0.21113390727306647,0.0,0.21113390727306647,51.0,0.07350616968852175,0.08256191775711952,0.14077393515200898,0.2338984381902247,0.25823361375884724,0.2517596128360935,0.17798348859810154,40-50,30+,20-25,8
INFY,2015-07-14,485.63,37.34567214806442,37.25665230859653,25.98027750572236,35.5228431893973,0.2103453246298621,0.0,0.1402302164199083,70.0,0.14558408665033062,0.09431048328974723,0.1922657166978976,0.1323023701171675,0.15612709264254687,0.08693861581862738,0.22912505405349748,30-40,25-30,30+,8
HINDZINC,2017-05-31,240.35,36.95400952417014,36.05736734417274,44.37844224895788,31.668108450102807,0.2103182858331598,-0.03494903266070315,0.2103182858331598,77.0,-0.03328479301019349,0.011857707509881354,0.09694195964218832,0.17703349282296643,0.18202621177449574,0.2700228832951945,0.23299355107135433,30-40,30+,30+,8
ICICIBANK,2010-07-06,156.15,46.123641530402836,46.069045710645184,27.559711925834332,26.406169067183722,0.21031059878322123,-0.014729426833173354,0.19654178674351575,64.0,0.047326288824847795,0.032660902977905915,0.11245597182196598,0.21031059878322123,0.3462055715658021,0.33301312840217734,0.2522574447646493,40-50,25-30,25-30,8
NESTLEIND,2018-02-20,378.63,50.76168209782488,49.75195617893779,45.94970892242461,34.84606140614494,0.20988828143570237,-0.0038560071837941967,0.19665636637350437,66.0,0.024747114597364117,0.015344795710852344,0.03541716187306876,0.1760029580329081,0.2527269365871696,0.4316086945038691,0.38945672556321487,40-50,30+,30+,8
BAJAJFINSV,2018-05-21,572.21,60.426101982438055,59.906629830761986,29.376219371811132,22.273688476415998,0.2098879781898253,0.0,0.19321577742437213,64.0,0.05019136331067253,0.0046136907778613345,0.03940860872756491,0.16460739938134594,0.23444190070079163,0.0006640918543892038,0.43048880655703314,50-60,25-30,20-25,8
NTPC,2005-06-23,70.29,48.24482520671131,46.97462424181494,26.800310958802836,27.053029220958713,0.2098449281547874,-0.017783468487693854,0.2098449281547874,69.0,-0.01593398776497379,0.033859724000568914,0.15293782899416697,0.14767392232180954,0.2804097311139564,0.31298904538341166,0.3646322378716744,40-50,25-30,25-30,8
ETERNAL,2026-06-12,243.8,45.2266999137189,44.99072421317465,17.85633108108318,20.850061086432284,0.20918785890073832,0.0,0.14848236259228864,42.0,0.08408531583264978,0.06398687448728446,0.16981132075471694,0.30434782608695654,,,,40-50,15-20,20-25,8
IOC,2019-08-26,83.67,28.79988067421598,28.476701739993075,63.73063895672477,31.71248785593664,0.20915501374447243,-0.06573443289111991,0.15011354129317556,64.0,-0.06573443289111991,0.009083303454045621,0.12107087367037161,0.13218596868650656,0.04254810565316136,-0.11915859925899364,-0.29640253376359516,20-30,30+,30+,8
ICICIBANK,2019-09-13,413.4,47.423913578355126,47.22164851039116,24.592343852908176,23.267169876590287,0.20911949685534603,-0.06482825350749866,0.20416061925495899,73.0,0.009917755200774092,0.08659893565553944,0.037373004354136485,0.17501209482341573,0.2949927431059507,0.12639090469279157,-0.1202225447508466,40-50,20-25,20-25,8
HAL,2020-11-10,363.93,43.16366827787626,41.52788097373111,38.79559548040176,27.587952528853606,0.20910614678646988,0.0,0.1626686450691066,51.0,0.07108509878273295,0.08702222954963879,0.19075096859286123,0.24743769406204486,0.42156458659632357,0.3306954634132937,0.8889621630533344,40-50,30+,25-30,8
GRASIM,2006-02-02,245.16,62.7923664872037,62.469515576724646,22.653113499853905,32.10171716005796,0.20904715287975217,0.0,0.20904715287975217,27.0,0.0472752488170991,0.12954805025289606,0.1984826235927557,0.4250285527818569,0.6177598303148966,0.3821178006200032,0.8689019415891663,60+,20-25,30+,8
M&M,2025-04-16,2634.6,40.05638706954336,39.95485459188202,26.72234279588145,21.898580537898024,0.20868443027404537,0.0,0.18993395581872008,68.0,0.10749259849692572,0.11166780535944754,0.19016169437485764,0.147650497229181,0.18750474455325294,0.31317847111515973,0.2230699157367344,30-40,25-30,20-25,8
TATASTEEL,2025-01-20,131.66,35.50117759842755,35.176072206970346,54.34762507452648,27.800493577959216,0.20795989670363046,-0.04017924958225727,0.07914324775938031,105.0,-0.04017924958225727,0.0012152514051344543,0.03114081725656992,0.1945921312471517,0.057116816041318685,0.2381892754063497,0.3941971745404831,30-40,30+,25-30,8
BAJAJFINSV,2018-10-26,539.92,38.956259679067834,35.147495146497285,35.367269135234935,46.63529176465366,0.20795673433101225,-0.002352200325974163,0.1795821603200476,80.0,0.02335531189805895,0.05597125500074096,0.0627315157801156,0.19260260779374727,0.1867128463476071,0.4146355015557861,0.4819788116758039,30-40,30+,30+,8
HINDALCO,2026-04-08,951.8,56.23346422826899,55.14831969824392,24.499776470757755,26.598895319261935,0.20792183231771388,-0.01617986972052954,0.019541920571548577,113.0,0.06267072914477834,0.09256146249212027,0.097289346501366,0.11620088253834848,0.018596343769699653,,,50-60,20-25,25-30,8
DIVISLAB,2008-03-26,314.79,38.82611901265081,37.77954823785766,36.16042131900984,51.513519696672056,0.2078210870739221,-0.016455414720925043,0.12833952793926096,64.0,-0.0017471965437275694,0.04618952317417957,0.11588678166396638,0.11826932240541299,0.07795673306013517,0.12408272181454305,-0.2678293465484928,30-40,30+,30+,8
JSWSTEEL,2009-09-17,79.93,69.56620968758318,68.6609054180875,35.158223076894245,33.7507037015204,0.20780683097710484,-0.15400975853872134,0.20780683097710484,62.0,0.052170649318153295,0.06818466157888148,0.14300012510947058,0.15688727636682076,0.22332040535468534,0.5000625547353934,0.5725009383210307,60+,30+,30+,8
HCLTECH,2008-04-16,65.13,43.13801072872407,39.90361337646084,29.834286057157197,31.525651592731457,0.2075848303393215,-0.024566252111162257,0.11315829878704142,49.0,0.007369875633348677,0.10717027483494546,0.13772455089820368,0.1248272685398435,-0.18501458621219102,-0.3479195455243359,-0.5310916628281898,30-40,25-30,30+,8
BHARTIARTL,2009-11-27,255.64,33.621279752345444,32.69989096211778,48.58632041378972,32.74892302619956,0.20712721013925828,0.0,0.10401345642309501,74.0,0.09325614144891259,0.16887028634016588,0.1491550618056643,0.13839774683148187,-0.02609137850101706,-0.07048975121264267,0.1941010796432483,30-40,30+,30+,8
WIPRO,2015-01-02,104.49,48.947810954815196,46.609330867573824,24.253350389119888,20.584020169411964,0.2066226433151499,-0.06115417743324725,-0.037324145851277524,132.0,-0.006794908603694028,-0.0040195233993683965,0.12173413723801318,0.2066226433151499,0.1146521198200785,-0.008134749736816826,0.0007656235046415993,40-50,20-25,20-25,8
SBIN,2014-05-14,228.26,76.81873878024616,74.85686324792533,64.30372588727957,47.857703481865464,0.20629983352317538,-0.0014457197932181698,0.1021203890300535,114.0,0.07741172347323233,0.14352054674493986,0.1425129238587577,0.05629545255410506,0.06418119688074997,0.2001664768246736,0.2308332603171821,60+,30+,30+,8
HINDUNILVR,2005-05-27,138.2,49.230271229761215,45.15691674333151,28.138134075504272,24.706480500137236,0.20586107091172234,0.0,0.20586107091172234,63.0,0.06222865412445744,0.05571635311143286,0.1754703328509406,0.18704775687409558,0.17185238784370482,0.24674384949348793,0.7471056439942114,40-50,25-30,20-25,8
SBIN,2020-04-01,186.55,30.995774828028097,30.775596409884272,62.444720280077306,49.13116307974168,0.20530688823371745,-0.1913696060037524,0.026534441168587497,190.0,-0.01902975073706792,-0.02251407129455918,-0.0412757973733584,-0.08844813722862499,-0.043419994639506965,0.0037523452157597337,0.9868667917448404,30-40,30+,30+,8
POWERGRID,2026-01-22,259.25,37.89591489862976,36.39082306677983,29.612989823651937,26.329848658999953,0.2052073288331726,-0.030472516875602706,0.2052073288331726,83.0,0.004821600771456103,0.11610414657666346,0.17010607521697207,0.16528447444551597,0.23336547733847635,0.10588235294117632,,30-40,25-30,25-30,8
JSWSTEEL,2006-08-10,24.33,45.31991149929246,44.70559281480994,25.231153554595785,35.94522133514336,0.20509658857377722,-0.002055076037813297,0.12864775996711897,47.0,0.13357994245787097,0.18906699547883288,0.12289354706124134,0.23674475955610363,0.3748458692971641,0.8984792437320182,1.5778873818331278,40-50,25-30,30+,8
TITAN,2011-02-23,171.81,50.470458392307634,49.99347082383991,31.360525024355496,27.96946351868025,0.20505209242768174,-0.04807636342471333,0.20505209242768174,86.0,0.004830917874395935,0.016529887666608456,0.02223386298818464,0.19783481753099363,0.24602758861533092,0.18182876433269324,0.31075024736627666,40-50,30+,25-30,8
NTPC,2021-09-15,124.2,55.551463902425354,55.05910995686145,26.861513562692526,22.735582989728112,0.20491143317230276,-0.02375201288244766,0.01449275362318847,110.0,0.0016103059581320522,0.13244766505636063,0.20410628019323673,0.10426731078904994,0.01731078904991934,0.06400966183574885,0.4098228663446053,50-60,25-30,20-25,8
SUNPHARMA,2015-01-12,835.3,51.778324036664614,51.12857456374432,21.472273062442717,39.904962665043215,0.20471686819106916,-0.017538608883036044,0.20471686819106916,51.0,0.033161738297617704,0.09421764635460317,0.10840416616784387,0.2110618939303246,0.37788818388602907,0.09601340835627914,-0.05644678558601701,50-60,20-25,30+,8
ULTRACEMCO,2018-06-08,3715.15,37.45809544299841,36.33073569865329,22.980468120317894,20.982730585655872,0.20466199211337366,-0.09999596247796183,-0.030550583421934507,146.0,-0.0063254511930878055,-0.019945358868417085,0.049553853814785276,0.13230959718988466,0.11790910192051451,0.06834178969893556,0.23759471353781136,30-40,20-25,20-25,8
TITAN,2019-08-19,1088.95,46.35754306625073,44.63743371240814,30.987110610410024,44.26026126633705,0.20464667799256153,-0.04752284310574406,0.1469305294090637,56.0,0.012397263418889803,-0.026906653198034758,0.06588915928187711,0.194361540933927,0.06414435924514428,0.20854952017998984,0.051976674778456244,40-50,30+,30+,8
ITC,2016-12-01,220.89,44.225799413278075,43.345749355411385,26.191300126760005,25.568719280249766,0.20449092308388805,-0.0376658065100276,0.20449092308388805,106.0,-0.0008601566390511461,-0.016252433337860306,0.03191633844900177,0.09679025759427784,0.14989361220517017,0.33383131875594185,0.09294218841957536,40-50,25-30,25-30,8
LT,2012-05-21,529.89,43.63026213251602,42.694504251991816,29.061985718684557,18.49768300673854,0.204363169714469,-0.0480854516975221,0.17854649078110563,79.0,0.010360640887731476,-0.015739115665515557,0.12623374662665832,0.1662043065541905,0.23025533601313475,0.3071580894147843,0.3466568533091774,40-50,25-30,15-20,8
TITAN,2020-07-17,997.85,50.20831404136915,47.39823728173529,15.581093175224815,20.219561406508237,0.2039384677055669,0.0,0.20253545122012317,81.0,0.05987873928947218,0.04549782031367444,0.12627148368993324,0.17708072355564464,0.21621486195319917,0.5090444455579495,0.6839705366538056,40-50,15-20,20-25,8
ADANIPOWER,2025-09-19,141.88,66.25951158450096,65.7071002507368,23.63432783009791,19.077733839262727,0.20369326191147463,-0.06364533408514239,0.012263884973216843,137.0,0.03080067662813657,0.03876515365097255,0.200310121229208,0.0540597688187201,-0.004087961657738837,0.08591767691006491,,60+,20-25,15-20,8
TITAN,2009-12-24,70.98,58.87604147139922,56.49989572309794,25.193037109236222,21.104866996684564,0.20357847280924202,0.0,0.17652859960552258,40.0,0.0026768103691179324,0.0641025641025641,0.05846717385178901,0.24189912651451118,0.25063398140321214,0.5540997464074386,1.4485770639616793,50-60,25-30,20-25,8
ADANIPORTS,2019-03-07,340.9,47.054976920486745,46.0922857893002,25.291394164426237,31.086794952007814,0.20343209152244057,0.0,0.20343209152244057,78.0,0.07362863009680276,0.058228219419184546,0.11440305074802004,0.11410970959225586,0.2505133470225873,0.059841595775887546,0.0014667057788206872,40-50,25-30,30+,8
ULTRACEMCO,2017-01-02,3371.35,43.590374269645736,37.45041503595621,36.995627393926895,44.217561994450236,0.20324202470820296,-0.02725910985213642,0.19440283565930572,91.0,-0.023581058033132152,-0.009239622109837309,0.12113841636139822,0.12766399216930902,0.19440283565930572,0.18612721906654595,0.26130481854450016,30-40,30+,30+,8
HINDZINC,2016-01-22,126.32,46.21070445325349,44.85577248886189,28.79072168349518,16.929067290988115,0.20289740341988605,0.0,0.20289740341988605,46.0,0.11075047498416724,0.1607821405953136,0.13006649778340718,0.1728150728309057,0.37864154528182414,0.5393445218492716,1.3361304623179229,40-50,25-30,15-20,8
HAL,2023-06-06,1706.55,69.10477236674726,65.10597417200522,50.9921465539068,36.590489974885784,0.20288300958073324,0.0,0.1820046292227009,154.0,0.06624476282558378,0.1276259119275731,0.09315871202132953,0.09931147637045501,0.1620696727315345,0.4763118572558671,1.5577334388092936,60+,30+,30+,8
BHARTIARTL,2014-07-30,336.3,56.56209403169203,54.91319272293476,13.205725851745095,56.75072103811884,0.20279512340172468,-0.021558132619684756,0.20279512340172468,35.0,-0.014719000892060574,-0.012191495688373521,0.007106749925661626,0.08067201903062737,0.09259589652096345,0.056437704430567726,0.11739518287243511,50-60,<15,30+,8
JSWSTEEL,2017-12-22,264.5,57.52860952866132,57.28350795031275,23.370100671080024,26.265815000775135,0.20264650283553887,0.0,0.1771266540642722,109.0,0.020037807183364897,0.07788279773156903,0.05349716446124764,0.1553875236294897,0.08128544423440465,0.2671077504725896,0.10472589792060494,50-60,20-25,25-30,8
M&M,2024-04-09,2090.9,72.9384749735606,71.7020170633748,48.03913690081284,47.149915455178295,0.20264001147831068,-0.0315414414845282,0.19742694533454475,39.0,-0.028504471758572958,-0.013534841455832503,0.05818068774212071,0.34274714237887993,0.36369505954373715,0.46358027643598443,0.20670524654455003,60+,30+,30+,8
ONGC,2023-07-03,162.9,57.75852908992425,55.79050290297014,25.60172353649358,20.570137770670343,0.20257826887661134,-0.010435850214855824,0.20257826887661134,130.0,-0.0009208103130755596,0.021485573971761873,0.08011049723756902,0.11571516267648851,0.13321055862492326,0.26058931860036827,0.687231430325353,50-60,25-30,20-25,8
DIVISLAB,2012-03-12,373.1,47.852352812473356,47.35284403233741,24.725423589984736,17.471429037662997,0.20254623425355134,-0.03390511927097306,0.20254623425355134,64.0,-0.03390511927097306,-0.003618332886625608,0.03832752613240409,0.10152774055213087,0.23430715625837562,0.560305548110426,0.39514875368533886,40-50,20-25,15-20,8
M&M,2013-09-06,384.73,35.163521383430954,34.420659245248174,32.99490439580214,34.84319429609778,0.20253164556962022,0.0,0.16359524861591246,68.0,0.07906843760559346,0.1361214358121281,0.1241649988303486,0.17830686455436262,0.22727627167104192,0.23273464507576724,0.812881761235152,30-40,30+,30+,8
NTPC,2007-10-04,188.62,72.47528822769179,69.10600253714922,47.36852598221421,40.06995346431507,0.20236454246633429,-0.11817410666949413,0.20236454246633429,40.0,-0.016753260523804436,-0.07952497084084398,0.04729084932668859,0.06123422754744978,0.13588166684338887,-0.13784328279079627,-0.2407485950588485,60+,30+,30+,8
COALINDIA,2025-12-04,379.05,45.8428339100634,45.70615197086849,26.694693701807367,17.924392226789728,0.20234797520116077,-0.004484896451655396,0.17860440575122016,97.0,0.013058963197467355,0.01648858989579205,0.12768764015301404,0.11726685133887349,0.14800158290462995,0.24561403508771917,,40-50,25-30,15-20,8
BAJAJ-AUTO,2010-08-02,1362.75,78.01956356010537,76.37223925012448,60.37995573488116,55.2250414888749,0.20231150247660978,-0.11638231517152808,-0.11216290588882771,192.0,-0.007411484131351953,-0.02373876352962756,0.008680975967712223,0.1355347642634379,0.12328013208585586,-0.08570904421207115,0.08956154833975405,60+,30+,30+,8
ITC,2016-05-17,208.44,52.455360822791704,50.484856584162664,26.301878836034362,20.03747177069731,0.20226444060640958,-0.017127230857800768,0.09057762425638072,170.0,0.053060832853578876,0.06217616580310881,0.07378622145461522,0.12962962962962976,0.1577432354634427,0.07791210900019196,0.27825753214354254,50-60,25-30,20-25,8
ASIANPAINT,2014-11-18,700.9,64.5325961853107,60.48464219377346,26.00054627253543,45.04817863432927,0.2022399771722072,-0.02539591953203013,0.2022399771722072,57.0,-0.013054644029105389,0.09865886717078043,0.06284776715651308,0.18690255385932364,0.19011271222713644,0.09395063489798838,0.17242117277785707,60+,25-30,30+,8
BEL,2024-04-09,228.15,73.17062915916,72.00225138960944,44.006493953654015,40.611595432946295,0.2016217400832785,-0.014902476440938006,0.2016217400832785,42.0,0.023230330922638487,0.027175104098180913,-0.008547008547008628,0.24216524216524205,0.4665790050405436,0.1718167872014027,0.2279202279202277,60+,30+,30+,8
MARUTI,2024-12-27,10941.05,38.84661220541175,36.7806747495155,33.061774151850486,27.505867046775567,0.20097705430466006,-0.01298778453621896,0.06014048011845308,105.0,0.09077739339460122,0.06306981505431386,0.09622476818952497,0.14032474031285846,0.07137340566033434,0.16688983232870713,0.5119207023091934,30-40,30+,25-30,8
EICHERMOT,2013-09-10,332.39,48.41865103461588,47.725039772355956,20.394855640621344,31.38672877174988,0.20072806041096314,0.0,0.1987123559673878,57.0,0.07458106441228685,0.08159090225337717,0.18493336141279837,0.2593640001203408,0.40843587352206745,0.6727338367580253,2.3215499864616866,40-50,20-25,30+,8
NTPC,2020-08-11,88.25,43.818592357575845,41.06587503096791,23.636652333399407,19.05211403715944,0.20056657223796037,-0.10481586402266285,-0.06742209631728047,71.0,0.07705382436260622,0.1762039660056658,0.02606232294617561,-0.062322946175637384,0.013597733711048221,0.13654390934844196,0.32521246458923514,40-50,20-25,15-20,8
GRASIM,2008-07-10,283.7,23.059514129708766,20.419674055579822,52.20199292865052,62.73447587776723,0.20007049700387736,-0.4531547409235108,-0.36718364469510045,116.0,-0.009094113500176193,0.04941839971801221,0.18988367994360233,0.15636235459992953,-0.09636940430031715,-0.2330983433204089,0.3804370814240394,20-30,30+,30+,8
SHRIRAMFIN,2013-04-22,136.17,48.13070448661553,46.39670874523427,27.38368375988152,21.908744946739414,0.20004406256884777,-0.13931115517367987,-0.10391422486597635,102.0,0.014320334875523422,0.0672688551075864,0.13336270837923214,0.034001615627524684,-0.04832195050304755,-0.20070500110156408,0.12396269369170909,40-50,25-30,20-25,8
INDIGO,2018-12-12,1023.95,52.83005203906119,52.36358321142682,20.98123116548746,29.930856795792828,0.19996093559255823,0.0,0.19258752868792417,85.0,0.12451779872064073,0.129205527613653,0.032716441232482074,0.15928512134381556,0.2400019532203721,0.6187313833683286,0.30807168318765576,50-60,20-25,25-30,8
BEL,2006-03-07,12.26,68.1954493261633,65.49267085462711,38.32029751105204,46.49197588843433,0.19983686786296917,-0.31484502446982054,-0.15089722675367045,106.0,0.027732463295269127,0.10195758564437196,0.10685154975530176,0.1761827079934748,-0.15742251223491022,-0.04567699836867867,0.18189233278955963,60+,30+,30+,8
DIVISLAB,2007-06-19,293.3,83.52320139551892,83.05654400532222,54.847237501047886,53.60493191360254,0.19979543129901112,-0.13692465052846925,0.0399931810433003,101.0,0.026150698943061768,0.0559495397204226,0.18598704398227084,-0.042925332424139206,-0.006887146266621347,0.47957722468462305,0.3259120354585747,60+,30+,30+,8
AXISBANK,2025-09-03,1054.7,38.249605686679445,38.19170684893878,34.88852698070362,33.39983887256377,0.19977244714136733,-0.004076988717170771,0.19977244714136733,76.0,0.014601308428936921,0.06760216175215694,0.11974969185550388,0.16971650706361996,0.1927562340001896,0.301128282924054,,30-40,30+,30+,8
HINDALCO,2015-09-04,73.9,23.87282825866662,22.046707551151947,59.38612750745234,48.501139196798015,0.19959404600811914,-0.09810554803788907,-0.07036535859269288,153.0,0.029769959404600588,0.02706359945872805,0.0013531799729362692,0.11434370771312574,0.07171853856562915,0.01420838971583227,1.1447902571041948,20-30,30+,30+,8
HDFCBANK,2014-02-18,165.1,49.437817426473266,47.9872025785445,26.344627433097067,15.50344679969843,0.19951544518473652,0.0,0.19951544518473652,83.0,0.016232586311326402,0.017141126589945488,0.10569351907934599,0.08485766202301637,0.2294367050272561,0.2603876438522108,0.6274984857662023,40-50,25-30,15-20,8
HINDZINC,2021-01-05,256.9,61.52845117663479,59.96603828165777,21.823033077890443,31.632625854599404,0.19949396652393925,0.0,0.18606461658232787,42.0,0.13137407551576485,0.163098481899572,0.14733359283768022,0.20358115998442972,0.15706500583884786,0.3129622421175555,0.29213701829505645,50-60,20-25,30+,8
TATASTEEL,2019-12-12,41.87,52.088986975287405,51.38872269527948,25.18994524264752,33.766123041316035,0.19918796274182005,-0.39312156675423926,-0.35610222116073553,110.0,0.06711249104370687,0.11750656794841174,0.18414139001671836,0.059947456412706046,-0.2839742058753283,-0.20659183186052066,0.48483401003104865,50-60,25-30,30+,8
TITAN,2008-07-09,53.57,46.49299453415901,43.878261708845784,23.340628781149594,22.444413238868393,0.19917864476386016,-0.2505133470225873,-0.0660817621803248,104.0,-0.04498786634310259,0.05656150830688822,0.19245846555908153,0.1409370916557775,-0.10229606122829937,-0.10322941945118536,0.10621616576442028,40-50,20-25,20-25,8
BEL,2018-10-04,27.42,32.90217419855988,31.634637152565404,51.723899176485816,53.81051916391203,0.19912472647702417,-0.07731582786287383,0.0018234865061996786,71.0,0.03209336250911732,0.010211524434719177,0.15609044493070745,0.03574033552151712,0.09044493070751258,0.22611232676878168,0.2757111597374178,30-40,30+,30+,8
POWERGRID,2025-02-18,266.95,30.51877107174037,29.186863015348454,48.44103944503889,35.06380402078061,0.19872635324967236,-0.06031091964787416,0.12567896609852047,111.0,-0.041955422363738504,-0.04851095710807263,0.050196666042330085,0.19872635324967236,0.13897733657988387,0.08765686458138244,0.12586626709121562,20-30,30+,30+,8
ITC,2010-06-21,94.32,66.43017708590459,65.95086601014282,26.465599257139413,24.78542420726213,0.198579304495335,-0.025975402883799736,0.14472010178117056,190.0,-0.004877014418999126,0.010178117048346147,-0.0225826972010178,0.08789228159457174,0.1811916878710773,0.11630619168787115,0.23600508905852435,60+,25-30,20-25,8
ONGC,2025-12-31,240.38,44.20518028307806,42.32446393779187,38.089657924322964,28.467466141366273,0.19831100757134545,-0.03727431566686079,0.19831100757134545,91.0,-0.0054913054330643085,0.03265662700723859,0.11889508278558947,0.17397454031117388,0.19831100757134545,-0.02633330559946745,,40-50,30+,25-30,8
BAJAJ-AUTO,2014-05-26,1961.2,50.32927947609932,49.946493610592896,25.14597286714188,17.571406868763745,0.19814399347338374,-0.010197838058331632,0.08836426677544362,84.0,0.006730573118499006,0.10225882112992046,0.16043748725270235,0.07115541505200884,0.14807260860697524,0.3640118294921475,0.18361207424026116,40-50,25-30,15-20,8
BAJAJFINSV,2013-06-19,63.44,27.918597703113246,26.653050284729606,43.2367828677355,39.95283916413211,0.1981399747793191,-0.11034047919293821,0.10860655737704916,244.0,-0.0070933165195459225,0.006147540983606481,-0.006462799495586369,-0.08716897856242123,-0.08764186633039084,0.06557377049180313,0.48502522068095844,20-30,30+,30+,8
WIPRO,2020-09-16,156.08,76.13911708638058,74.69089091762986,57.36954674572696,54.10467232223801,0.19810353664787272,-0.023898001025115412,0.19810353664787272,23.0,0.008649410558687842,0.004484879548949161,0.08809584828293193,0.11705535622757557,0.12986929779600187,0.365838031778575,1.1394797539723216,60+,30+,30+,8
IOC,2019-02-22,91.47,45.37610559271496,43.286239308326266,40.938547203626214,32.62836170029494,0.1978790860391384,0.0,0.14277905324149986,91.0,0.0790423089537553,0.08374330381545869,0.1978790860391384,0.08888160052476213,0.12386574833278674,-0.11774352246638242,-0.1942713457964359,40-50,30+,30+,8
SUNPHARMA,2021-07-26,703.4,60.60560068755354,60.311338530811526,31.258410140832016,25.344978227261805,0.19782485072504974,-0.022177992607335884,0.08608188797270411,147.0,0.10179129940290021,0.12141029286323568,0.09333238555587142,0.09532271822576077,0.1560989479670174,0.13854137048620996,0.23350867216377602,60+,30+,25-30,8
HCLTECH,2025-10-06,1417.7,36.39730072664511,34.266200534909615,33.11670225767622,32.862832136317266,0.19771460816815956,0.0,0.19771460816815956,102.0,0.05431332439867398,0.05480708189320738,0.07667348522254369,0.1871340904281582,0.13394935458841783,-0.010157297030401469,,30-40,30+,30+,8
BAJAJ-AUTO,2025-03-17,7486.05,28.77358506146975,28.641911535918364,49.7287634090788,45.166851679753535,0.1972936328237187,-0.023944536838519603,0.0924987142752185,142.0,0.08542555820492792,0.06772597030476679,0.0635114646575965,0.13310758009898405,0.139385924486211,0.20557570414303927,0.2169301567582369,20-30,30+,30+,8
HINDZINC,2025-08-19,428.65,47.17279770653546,46.063474973981414,28.541846737706383,15.134130771826946,0.19724717135191905,-0.021929312959290792,0.15630467747579613,105.0,0.003499358450950618,0.028578094016097122,0.06112212760993829,0.13472530036160046,0.1288930362766827,0.3859792371398578,0.2994284381196781,40-50,25-30,15-20,8
WIPRO,2005-04-26,36.0,43.98007530501638,41.84734482247315,30.445360749438283,33.11285831495572,0.1972222222222222,-0.019722222222222197,0.17944444444444452,132.0,-0.019722222222222197,0.012222222222222134,0.11916666666666664,0.17888888888888888,0.11444444444444435,0.16472222222222221,0.7152777777777777,40-50,30+,30+,8
TITAN,2026-06-15,4283.5,50.53309173657298,49.101394251573836,18.076422647187645,20.265671170577193,0.19715186179526079,-0.0014707598926112508,0.18314462472277349,65.0,0.020777401657523065,-0.0014707598926112508,0.0690790241624839,0.18038986809851743,,,,40-50,15-20,20-25,8
TATASTEEL,2017-01-06,39.97,55.060044764277386,54.45723656995645,30.768823995948665,18.98063807511971,0.19714786089567182,0.0,0.0883162371778834,130.0,0.06404803602702036,0.08331248436327243,0.1283462596947711,0.14886164623467613,0.1956467350512885,0.310983237428071,0.8323742807105328,50-60,30+,15-20,8
SBIN,2008-06-13,133.52,26.788504077945667,26.053943439082847,66.46428699162128,47.74488124733613,0.19674955062911903,-0.23210005991611748,0.05137807070101852,77.0,-0.06463451168364298,-0.13031755542240864,-0.05789394847213902,0.1654433792690233,0.15263630916716586,-0.10942180946674662,0.22970341521869364,20-30,30+,30+,8
NESTLEIND,2010-08-25,148.35,54.17887764977071,53.068646494480795,35.14837599236206,31.39408946259862,0.196629592180654,0.0,0.196629592180654,68.0,0.03444556791371767,0.0815638692281766,0.11668351870576332,0.16036400404448936,0.24401752612066074,0.16717222783956864,0.47758678800134824,50-60,30+,30+,8
HINDZINC,2026-04-08,559.35,47.717343784514014,46.23458598099277,30.322831458503224,32.499630244667145,0.1964780548851346,-0.001519620988647552,0.15741485652990073,48.0,0.037811745776347605,0.08116563868776261,0.13542504692947177,-0.005989094484669777,-0.0505050505050505,,,40-50,30+,30+,8
DIVISLAB,2026-07-14,7188.5,63.96954254199737,59.93243456263262,41.84102093160976,23.879079526505013,0.19635528969882454,0.0,0.19079084649092293,36.0,0.01968421784795149,0.03289977046671777,0.18244418167907073,,,,,50-60,30+,20-25,8
JSWSTEEL,2016-07-13,155.69,77.00057049013205,75.17606383781049,36.00681047684468,47.71993764154874,0.1963517245808979,0.0,0.09024343246194366,139.0,0.040208105851371245,0.11715588669792543,0.10996210418138608,0.12088123835827602,0.13835185304129993,0.1307726893185177,0.3709936412100969,60+,30+,30+,8
HCLTECH,2021-08-02,1035.4,58.57430623738655,57.88602081105128,31.727470684057856,30.229342587453548,0.19630094649410856,0.0,0.19630094649410856,43.0,0.014632026270040344,0.08523276028587978,0.1248309831949006,0.2302008885454896,0.14854162642457025,0.06181186015066631,-0.08146610005794874,50-60,30+,30+,8
MARUTI,2014-03-10,1801.1,54.54396275538117,52.53013977712247,32.81870369855629,28.078117201054162,0.1949086669257678,-0.03478429848425957,0.1949086669257678,67.0,0.037255010826717117,0.047304425073566136,0.07295541613458445,0.09646882460718453,0.35203486758092284,0.6188162789406475,1.0247348842374104,50-60,30+,25-30,8
AXISBANK,2010-02-23,219.63,61.91328325852514,60.946159877689595,27.98651594706613,26.327922837729158,0.19432682238309895,-0.003961207485316254,0.1731548513408916,139.0,0.05176888403223612,0.017757137003141743,0.05158675955015268,0.16523243637025908,0.09124436552383552,0.25779720438920006,0.14283112507398799,60+,25-30,25-30,8
M&M,2014-05-09,551.28,67.61118347978504,66.30900465220857,42.957529063292256,36.88175597326257,0.19382165142940067,-0.015527499637207898,0.19382165142940067,96.0,0.011010738644608997,0.051462051951821186,0.11014366565084899,0.10152735452038897,0.13318096067334229,0.1392577274706137,0.08317007691191414,60+,30+,30+,8
BAJFINANCE,2017-04-11,125.6,71.04438812025592,68.26380078474,50.91860792114254,42.18677209886336,0.19378980891719744,-0.025159235668789748,0.19378980891719744,94.0,-0.01584394904458597,0.06823248407643301,0.06664012738853509,0.08678343949044587,0.12484076433121016,0.5456210191082802,0.5324044585987262,60+,30+,30+,8
HINDALCO,2012-11-29,113.1,46.17892917151799,45.00445748636369,32.45336802867816,27.38200977919532,0.19363395225464197,-0.22192749778956666,-0.18921308576480989,123.0,0.08664898320070735,0.023872679045092937,0.15384615384615397,0.046861184792219346,-0.09593280282935446,-0.02696728558797523,0.08488063660477452,40-50,30+,25-30,8
HDFCBANK,2016-12-23,296.56,42.85245081070335,41.19208391860877,52.369029687227965,41.08601681865202,0.19331669813865648,-0.009475316967898606,0.1892365794442945,81.0,0.01682627461559205,0.006238198003776674,0.04923118424602113,0.19331669813865648,0.20626517399514444,0.43202050175343953,0.5750269759913675,40-50,30+,30+,8
BHARTIARTL,2008-03-19,350.48,38.26253585390952,37.321450589835614,24.907849291530653,35.980182828115126,0.1932492581602372,0.0,0.0914174845925586,56.0,0.033354257018945344,0.05829148596210909,0.10046222323670384,0.06665144944076684,0.07044624514950915,-0.014922392147911467,-0.26623487788176214,30-40,20-25,30+,8
INDIGO,2022-11-11,1766.1,43.481956698217786,42.49885037988888,29.902012088574086,22.113097003022787,0.1932223543400713,-0.009880527716437215,0.1932223543400713,61.0,0.009540796104410942,0.07975199592322069,0.16298624086971292,0.15743729120661354,0.15491761508408364,0.25907366513787444,0.42956231243983933,40-50,25-30,20-25,8
SHRIRAMFIN,2019-08-02,191.39,38.50413962891565,38.18910817764308,34.836263978934255,24.743738213575643,0.1930090391347512,-0.01593604681540306,0.12038246512356987,77.0,0.06510266994095826,0.05486180051204337,-0.01593604681540306,0.06813313130257592,0.16369716286117364,0.1316160718950834,-0.2988139401222635,30-40,30+,20-25,8
WIPRO,2007-11-30,51.82,44.180312254709804,41.65142278226975,31.138989375004254,24.321764228573404,0.1929756850636819,-0.11327672713238124,0.008490930142802,66.0,0.09243535314550355,0.07950598224623695,0.14125820146661527,-0.10439984561945204,-0.028753377074488662,0.10208413739868782,-0.49266692396758005,40-50,30+,20-25,8
HINDZINC,2007-06-15,66.93,44.70107077356973,44.112134089250794,17.13813693180712,25.864861977740965,0.19288809203645596,0.0,0.04781114597340497,76.0,0.07963544001195277,0.052741670401912355,0.17077543702375597,0.06110862094725822,0.04885701479157323,0.2150007470491555,-0.23263110712684898,40-50,15-20,25-30,8
HINDALCO,2013-04-02,93.15,34.823801281426384,33.07193669167602,36.13649687272113,42.74011553219446,0.1926999463231347,-0.04991948470209351,0.07139023081052054,87.0,-0.024691358024691468,-0.0032206119162642155,0.030059044551798086,0.08856682769726243,0.09393451422436927,0.20128824476650564,0.46001073537305404,30-40,30+,30+,8
ASIANPAINT,2006-01-03,59.44,75.24239702949382,72.76038346149106,42.636560326015406,34.94177138722664,0.19246298788694483,-0.03213324360699865,0.09337146702557186,122.0,-0.02523553162853298,-0.03213324360699865,0.09370794078061917,0.13139300134589504,0.08445491251682369,-0.025067294751009328,0.24629878869448185,60+,30+,30+,8
SHRIRAMFIN,2019-02-22,210.04,46.128243886297184,42.28908429213314,22.014125872307847,40.871146642706265,0.19229670538944976,-0.08031803466006482,-0.008379356313083175,89.0,0.08017520472290984,0.13649780994096372,0.11721576842506187,0.08579318225099986,-0.009236335936012141,-0.05770329461055035,0.24376309274423935,40-50,20-25,30+,8
RELIANCE,2014-03-04,182.78,41.354484412579964,40.353188769793405,42.75214972578976,17.66933455173949,0.19203413940256042,-0.007331217857533656,0.19039282197176943,49.0,0.07599299704562856,0.10269176058649743,0.17184593500382972,0.16467884888937512,0.33121785753364685,0.24740124740124747,0.09213261844840792,40-50,30+,15-20,8
HINDALCO,2007-06-05,132.54,46.1776940980659,44.09695730993076,55.6514376440295,32.830487677970204,0.1919420552286102,0.0,0.1919420552286102,38.0,0.09068960313867525,0.10676022332880652,0.060208239022182086,0.07801418439716312,0.09853629093103966,0.31303757356269823,0.2206880941602536,40-50,30+,30+,8
TATASTEEL,2019-01-30,46.75,31.83145799169332,29.80753109660001,48.290419317289896,38.87905841808694,0.19187165775401072,-0.009625668449197877,0.04385026737967901,120.0,0.03764705882352937,0.0352941176470587,0.08577540106951864,0.1448128342245989,0.19187165775401072,-0.07272727272727275,-0.040427807486630996,20-30,30+,30+,8
KOTAKBANK,2013-08-29,64.75,41.06549557648118,41.03826673312973,23.001349328158856,30.039015736374278,0.19181467181467182,-0.07227799227799225,0.07320463320463322,40.0,0.022393822393822482,0.08185328185328178,0.047258687258687315,0.0942084942084942,0.1538223938223937,0.04370656370656367,0.6185328185328185,40-50,20-25,30+,8
ITC,2007-03-28,45.2,34.183544047408596,33.571265992529206,67.90117594637839,46.05361701509098,0.19181415929203527,0.0,0.12345132743362819,65.0,0.034955752212389335,0.11969026548672557,0.12079646017699108,0.1608407079646017,0.07544247787610603,0.3090707964601769,0.39601769911504414,30-40,30+,30+,8
HINDZINC,2010-06-10,84.04,39.35483959281366,36.94528238103221,41.011395146119504,36.092778011201176,0.19181342217991415,-0.024512137077582152,0.14064731080437887,96.0,0.048548310328415,0.010947168015230657,0.008329366968110374,0.15790099952403613,0.1371965730604472,0.20859114707282234,0.39064731080437887,30-40,30+,30+,8
HDFCBANK,2007-03-01,49.02,30.010781996114076,29.85318717929798,44.106269984569934,52.00066501467401,0.19175846593227241,-0.08057935536515715,0.1193390452876375,119.0,-0.00632394940840475,-0.06323949408404739,-0.08057935536515715,0.04467564259485912,0.12607099143206857,0.17360261117911047,0.4859241126070992,20-30,30+,30+,8
SHRIRAMFIN,2012-11-30,131.1,61.271456168207564,59.9490018959264,26.580111459185705,31.613063545033103,0.1916857360793287,0.0,0.06720061022120527,123.0,0.05652173913043468,0.09244851258581233,0.13005339435545404,0.1537757437070939,0.037909992372235024,0.23127383676582758,-0.10320366132723113,50-60,25-30,30+,8
SBIN,2018-07-23,266.35,50.130710147658455,48.76011697098692,24.407196554255933,20.22119712060335,0.1916651023089917,0.0,0.13422188849258498,25.0,0.11657593392153154,0.15825042237657216,0.13553594893936527,0.015956448282335334,-0.02252675051623798,0.09799136474563541,0.28477567110944224,40-50,20-25,20-25,8
ADANIPOWER,2022-01-07,20.04,47.889241833599726,47.82374889946961,18.70009734492283,15.19607545183575,0.19161676646706582,0.0,0.07385229540918159,33.0,0.16916167664670656,0.09730538922155696,0.11477045908183636,0.18463073852295397,1.3208582834331337,1.621756487025948,1.8712574850299402,40-50,15-20,15-20,8
BHARTIARTL,2016-01-25,297.5,43.710592248504305,41.092899435638195,25.264810485953074,24.69490964112312,0.19159663865546217,-0.12178151260504211,0.16470588235294126,143.0,-0.10147899159663865,0.04537815126050426,-0.018621848739495905,0.0596974789915965,0.08742857142857141,0.12678991596638656,0.06386554621848739,40-50,25-30,20-25,8
NTPC,2020-03-27,83.0,28.129199977581738,25.32952816744059,73.58422274793585,41.544519671389395,0.191566265060241,-0.04156626506024097,0.12048192771084332,84.0,-0.04156626506024097,0.06807228915662655,0.11265060240963853,0.12048192771084332,0.1578313253012047,0.025301204819277112,0.2975903614457831,20-30,30+,30+,8
BAJAJFINSV,2019-09-06,717.59,47.32277958320754,44.863017458346576,25.614014783192367,47.51134337302742,0.19152998230187146,-0.003539625691550974,0.13355815995206166,40.0,0.029668752351621253,0.07214426065023205,0.14550091277749133,0.23270948591814267,0.24939032037793152,0.22628520464331991,-0.12713387867723913,40-50,25-30,30+,8
SBILIFE,2022-07-04,1117.65,46.81581173553763,46.74074968662373,27.398310534078167,17.53823351809754,0.19138370688498174,-0.005949984342146553,0.12101283943989616,115.0,0.026618351004339402,0.05323670200867903,0.1484364514830223,0.15259696685008728,0.10701024470988219,0.10951550127499643,0.153536438062005,40-50,25-30,15-20,8
ADANIENT,2024-05-18,2966.4,51.5537804327458,50.9256438998467,35.36799792717079,29.53286303176068,0.1913531553398058,-0.03873044768069034,0.022549217907227526,73.0,0.0749393203883495,0.1913531553398058,0.08147586299892118,0.010605447680690494,0.01602953074433655,-0.07613605717367855,-0.16967030744336564,50-60,30+,25-30,8
ADANIGREEN,2021-05-17,1142.45,53.08375446065892,51.92728137823898,27.67180099642124,30.560800333813397,0.1912556348199046,-0.23309554028622703,-0.20298481333975238,81.0,0.1912556348199046,0.11007046260230213,0.035275066742527006,-0.11711672283250918,-0.19011772944111338,0.14232570353188323,1.0007877806468555,50-60,25-30,30+,8
ULTRACEMCO,2020-09-30,4049.55,52.21560045957292,52.041246491665504,26.670918155832055,22.619042997778585,0.1911940832932053,-0.0005926584435307358,0.1911940832932053,42.0,0.04044893877097455,0.09712190243360386,0.1295205640132855,0.21260386956575417,0.27094368510081357,0.6756429726759763,0.8264004642491141,50-60,25-30,20-25,8
NESTLEIND,2023-10-04,1149.31,56.86300920079623,56.1311293704225,30.69294483822777,31.643143499003177,0.19081883912956465,-0.004541855548111484,0.19081883912956465,89.0,0.009388241640636563,0.012042007813383826,0.04406121934029983,0.06162828131661624,0.18432798809720619,0.12484882233688044,0.16368081718596383,50-60,30+,30+,8
JSWSTEEL,2015-11-17,89.46,47.81896812358969,47.32736129560324,28.276120763736667,16.37279641798792,0.19081153588195843,-0.02515090543259557,0.16778448468589313,48.0,-0.008830762351889065,0.054996646545942385,0.17124972054549525,0.10775765705343177,0.16409568522244578,0.4482450257098145,0.898390342052314,40-50,25-30,15-20,8
BHARTIARTL,2015-10-05,312.06,44.4897529938236,43.045714839896114,12.963103550822538,34.578033515123934,0.19047619047619047,-0.04217137729923737,-0.030314683073767834,42.0,0.11997692751393951,0.05040697301800945,0.00044863167339603827,-0.07206947381913742,-0.056175094533102654,0.11677241556111007,0.03826187271678516,40-50,<15,30+,8
SBIN,2019-03-05,276.45,46.53476830993629,45.01715679415838,22.34996934762563,18.120873104178344,0.19008862362090806,0.0,0.1548200397901971,73.0,0.03780068728522323,0.09621993127147777,0.16404413094592152,0.11683848797250862,0.2857659612949901,-0.029119189726894645,0.03201302224633751,40-50,20-25,15-20,8
TITAN,2014-01-30,222.8,42.820287646231165,42.6764371987515,31.35885028043087,13.287638334597851,0.19008078994613986,-0.012791741472172435,0.19008078994613986,61.0,0.012342908438061073,0.02939856373429084,0.1187163375224416,0.17908438061041276,0.143850987432675,0.5379263913824055,0.9326750448833034,40-50,30+,<15,8
BAJFINANCE,2015-06-12,46.76,62.26829967851438,61.088034647427165,28.132654792803717,41.4216679505697,0.1899059024807528,0.0,0.1785714285714286,49.0,0.1030795551753636,0.1625320786997435,0.08960650128314818,0.16595380667236959,0.08105218135158254,0.17707442258340467,0.6041488451668093,60+,25-30,30+,8
INFY,2009-03-02,152.38,45.61142314110215,45.254460119282705,30.72090426198713,25.965223901875078,0.18985431158944754,-0.03045019031368934,0.18834492715579487,53.0,-0.013912586953668482,0.05643785273657964,0.12691954324714527,0.33567397296233104,0.3752460952880956,0.7481953012206326,1.1664916655729098,40-50,30+,25-30,8
ITC,2009-07-08,66.05,58.01415978760555,57.83633274139332,28.277481809807803,47.94000565803988,0.18970476911430745,0.0,0.1818319454958366,90.0,0.03724451173353538,0.0407267221801666,0.09613928841786534,0.103103709311128,0.1818319454958366,0.21090083270249815,0.4472369417108253,50-60,25-30,30+,8
LT,2016-01-20,744.07,20.275640375540114,20.025431723255004,66.65259695961052,58.64761038527859,0.18963269584850884,-0.05594903705296539,0.15724327012243466,126.0,-0.007432096442539171,-0.006545083123899675,0.030816993024849637,0.10039378015509293,0.13426156141223267,0.4106334081470826,0.298668136062467,20-30,30+,30+,8
ADANIENT,2019-08-13,126.32,44.69816435172449,44.07258022276972,30.927187640922227,20.230830100623354,0.18959784673844227,-0.026044965167827727,0.18959784673844227,63.0,0.041086130462318016,0.05264407853071562,0.09792590246991772,0.12895820139328706,0.6182710576314123,0.8765041165294492,0.5173369221025965,40-50,30+,20-25,8
DIVISLAB,2014-08-26,788.3,65.76837808262809,64.36006610966271,32.55475359000503,37.7573970923912,0.18958518330584817,-0.009679056196879365,0.09302296080172523,127.0,0.014715209945452168,0.05864518584295331,0.09321324368895101,0.14381580616516554,0.0959660027908158,0.06888240517569466,0.3685145249270583,60+,30+,30+,8
EICHERMOT,2011-09-07,146.54,60.705458352694734,59.13068304715458,25.742603473279523,27.023119610179652,0.18929984987034265,-0.04428824894226824,0.06837723488467318,118.0,-0.008120649651972123,0.10215640780674229,0.10024566671216051,0.1841817933669989,0.10399890814794599,0.14009826668486425,0.4095810017742596,50-60,25-30,25-30,8
BAJAJFINSV,2015-07-02,160.23,61.21902651889142,60.27968184987128,17.84590897992546,27.19489679892063,0.1889783436310304,0.0,0.1889783436310304,32.0,0.0664669537539786,0.08643824502277986,0.1889783436310304,0.12950134182113215,0.07938588279348435,0.20146040067403104,0.4696373962429008,60+,15-20,25-30,8
IOC,2007-12-06,50.02,62.86652763727977,61.961680051437796,24.196657395745472,43.79638330213505,0.18892443022790872,-0.015393842463014895,0.18892443022790872,21.0,0.12255097960815653,0.047381047580967506,0.26169532187125144,-0.12594962015193933,-0.12215113954418244,-0.27728908436625355,-0.3606557377049181,60+,20-25,30+,8
ADANIPOWER,2017-01-05,6.52,58.910882554991154,55.51207843967773,29.31792903736379,29.733851251365977,0.1886503067484664,0.0,0.18404907975460127,54.0,0.11809815950920255,0.1886503067484664,0.14110429447852768,0.18251533742331305,0.2929447852760736,-0.11503067484662577,0.4233128834355828,50-60,25-30,25-30,8
ADANIGREEN,2023-07-10,959.45,46.4454444086839,45.80990013269512,31.527701603289767,13.435578425538752,0.18859763406118102,-0.03210172494658403,0.048621606128511186,58.0,0.00609724321225702,0.030955234769920237,0.012350825994059011,0.043514513523372766,-0.02136640783782373,0.7510552920944289,0.8305279066131637,40-50,30+,<15,8
AXISBANK,2008-04-09,159.54,43.54844331421797,40.835121111494786,42.357527143407594,34.449602013124625,0.1885420584179518,-0.1456687977936566,-0.07766077472734101,68.0,-0.014980569136266664,0.12473360912623788,0.04782499686598962,-0.11859094897831257,-0.23912498432994855,-0.15005641218503196,-0.4413940077723454,40-50,30+,30+,8
JSWSTEEL,2007-12-05,112.96,68.3354075285633,65.72311376978192,18.1812455722102,34.46813727046469,0.18829674220963177,-0.229284702549575,0.009029745042492987,71.0,0.0982648725212465,0.07666430594900864,0.18174575070821541,0.019830028328611915,-0.1076487252124646,0.01487252124645888,-0.8058604815864022,60+,15-20,30+,8
ASIANPAINT,2018-10-25,1200.05,40.08956931619905,39.85747612267239,41.378189525812836,35.34688183396571,0.18811716178492555,-0.008124661472438621,0.14291071205366435,68.0,0.014791050372901182,0.07962168242989875,0.12453647764676479,0.13082788217157626,0.16374317736760968,0.19245031457022632,0.49685429773759426,30-40,30+,30+,8
ITC,2021-09-02,198.42,50.6194710570437,50.20231671911663,21.136818402242284,24.898496328813287,0.1880858784396735,-0.002116722104626434,0.1880858784396735,41.0,0.013859489970769134,0.10014111480697507,0.12801128918455795,0.08154419917347044,0.057957867150488784,0.026459026307831923,0.5406713032960389,50-60,20-25,20-25,8
HDFCBANK,2010-02-18,84.19,52.33875667472115,48.62606917365007,27.82514642807044,23.69328784821927,0.18802708160114023,0.0,0.17187314407886922,116.0,0.00427604228530698,0.05784534980401479,0.09110345646751394,0.1487112483667894,0.10975175198954745,0.2596507898800333,0.292433780734054,40-50,25-30,20-25,8
BHARTIARTL,2014-01-24,282.23,45.195190664788434,44.27006809009963,18.063720959879124,38.83383463721786,0.18697516210183185,-0.09708393863161258,0.10983949261240822,116.0,0.11611097331963283,0.0076533323884773186,-0.09690677815965709,-0.058427523650923074,0.09116677886829883,0.13155936647415234,0.25883144952698145,40-50,15-20,30+,8
ONGC,2016-09-08,164.2,63.47322593452053,61.20069138083529,40.74865379138005,31.37553085928775,0.1869671132764923,0.0,0.17783191230207085,48.0,0.008952496954933054,0.0535931790499391,0.08386114494518893,0.08483556638246048,0.20627283800243612,0.19610231425091373,-0.01431181485992683,60+,30+,30+,8
ICICIBANK,2010-02-17,152.9,49.90133699457546,48.555113222262406,23.384743963774604,27.072731334090307,0.18652714192282516,-0.03760627861347288,0.015107913669064832,117.0,0.000261608894702281,0.08011772400261608,0.1374754741661215,0.09378678875081747,0.05735775016350542,0.13812949640287764,0.25689993459777627,40-50,20-25,25-30,8
BAJFINANCE,2006-12-21,3.54,50.76370264843644,47.13274532913897,33.7689600947348,22.77277398726849,0.18644067796610164,-0.011299435028248594,0.18644067796610164,50.0,0.0,0.016949152542372836,0.07062146892655363,0.16384180790960445,0.16666666666666652,0.04237288135593209,0.01412429378531077,40-50,30+,20-25,8
HAL,2021-08-25,624.13,62.941404452867026,61.28771625738979,40.22151170548388,24.21155890721957,0.1859708714530628,0.0,0.13958630413535644,82.0,0.08142534407895807,0.09589348372935125,0.07461586528447617,0.059923413391440805,0.12604745806162176,0.04229888004101712,0.7790043740887314,60+,30+,20-25,8
LT,2005-05-05,114.77,54.32831186627892,53.14573194624877,28.514552599180526,27.029285676876366,0.1855014376579247,-0.030060120240480992,0.1855014376579247,64.0,-0.01733902587784264,0.010891347913217775,0.058377624814847096,0.13243879062472774,0.25015247887078496,0.3727454909819641,1.646858935261828,50-60,25-30,25-30,8
JSWSTEEL,2022-06-07,572.1,41.865926995485985,40.80635792127523,39.91779335362855,33.17907390472793,0.18545708792169213,-0.04588358678552695,0.15609159237895454,87.0,-0.017829050865233453,0.007166579269358486,0.004369865408145435,0.16972557245236852,0.19201188603391017,0.32249606712113255,0.27556371263765067,40-50,30+,30+,8
HINDALCO,2025-12-23,863.85,67.96423345029059,67.57994964819946,34.58647159206352,33.687088543004975,0.18544886264976546,-0.027319557793598404,0.10493719974532612,105.0,0.02349945013601884,0.0907564970770387,0.09330323551542508,0.06060079874978297,-0.027319557793598404,0.17404642009608162,,60+,30+,30+,8
TATASTEEL,2018-07-24,52.74,38.222184158228785,37.92197391876644,33.09336803791346,23.495378038493012,0.18543799772468716,0.0,0.055365946150929046,100.0,0.06769055745164954,0.08684110731892303,0.0839969662495259,0.15225635191505504,0.03299203640500559,-0.10561243837694345,-0.15434205536594614,30-40,30+,20-25,8
BEL,2022-04-01,71.7,53.27518734488929,52.09500464472774,14.116807776709937,15.62395378923458,0.18521617852161776,0.0,0.1440725244072525,61.0,0.11394700139470015,0.18521617852161776,0.107112970711297,0.0913528591352859,0.08828451882845179,0.38284518828451874,0.3472803347280333,50-60,<15,15-20,8
WIPRO,2006-06-19,49.03,40.102241317422774,39.26510559575782,60.923411629872405,37.894496777527195,0.18498878237813576,-0.032021211503161284,0.07791148276565374,36.0,0.06445033652865595,0.15296757087497448,0.05160106057515801,0.1751988578421373,0.17887007954313683,0.3377523964919438,0.196614317764634,30-40,30+,30+,8
HINDUNILVR,2012-08-09,480.28,69.24195184888293,66.91750338964266,50.5026255963707,32.92857936379155,0.18493378862330312,0.0,0.09032231198467566,147.0,0.0133047389023071,0.06583659531939712,0.10793703672857502,0.14703922711751471,0.09481968851503297,-0.054801365869909247,0.2609311235112852,60+,30+,30+,8
HINDALCO,2021-07-29,458.1,65.96395600774993,63.22420399872698,40.095171976900346,30.4382417264681,0.18489412791966808,-0.11886051080550109,-0.00534817725387482,133.0,-0.03274394237066147,-0.045514079895219384,-0.02193844138834322,0.05086225714909398,0.047478716437459045,0.06035800043658579,-0.09397511460379837,60+,30+,30+,8
ITC,2023-01-23,319.51,52.06274086609015,50.63509654678085,17.22492957913902,27.708347123783085,0.18475165096554114,0.0,0.18062032487246116,86.0,0.020875715940033235,0.13517573784858072,0.13649025069637877,0.1212481612469094,0.21007167224812995,0.3955744734124127,0.3598948389721761,50-60,15-20,25-30,8
BAJAJFINSV,2023-03-17,1301.75,34.745660009451896,34.51942596683159,25.35011840832302,43.58386679119856,0.18452083733435765,-0.060380257345880484,0.1830996735164201,108.0,-0.0469368158248511,-0.027078932206644923,0.030266948338774746,0.09725369694641817,0.13285961206068753,0.1928557710773957,0.2114845400422507,30-40,25-30,30+,8
AXISBANK,2014-12-04,499.95,72.54227768463961,71.75924645805102,52.97748325630819,39.52224642559559,0.1843184318431843,-0.05590559055905586,0.1843184318431843,54.0,-0.01890189018901889,-0.02400240024002398,0.03520352035203511,0.23472347234723467,0.22562256225622557,0.10631063106310634,-0.0789078907890789,60+,30+,30+,8
ADANIENT,2019-02-22,124.14,38.42427800330642,34.950397186872564,37.59924075783043,29.388975799485177,0.18430803931045592,-0.08313194780087008,-0.06830997261156757,84.0,0.04535202191074594,0.07926534557757359,0.04921862413404221,0.034799420009666626,0.2577734815530852,0.03012727565651674,0.9309650394715645,30-40,30+,25-30,8
BHARTIARTL,2015-12-18,287.55,42.65226881954011,41.44541639849337,22.9806316636239,23.496628506797922,0.18414188836724033,-0.06378021213701979,-0.06378021213701979,35.0,0.039784385324291405,0.18414188836724033,-0.05894627021387577,-0.01175447748217695,0.06798817596939677,0.10293861937054416,0.06242392627369142,40-50,20-25,20-25,8
JSWSTEEL,2009-11-19,95.89,65.27657815134839,63.27819835147953,41.907563593257045,33.35210811293291,0.1835436437584732,-0.017207216602356912,0.1835436437584732,47.0,0.022212952341224224,0.06267598289706955,0.003962874126603344,0.219000938575451,0.10835332151423516,0.19960371258733955,0.2875169465011993,60+,30+,30+,8
DMART,2026-03-25,3910.8,44.968209575035736,44.782092125483864,15.049750360892563,26.684825267650414,0.18351743888718408,-0.0019433364017593657,0.09632300296614504,84.0,0.09212948757287509,0.11711158842180636,0.1362125396338345,0.04766288227472626,0.12327401043264796,,,40-50,15-20,25-30,8
LT,2005-07-11,138.56,69.01376020287248,67.59896033317477,67.85757959646745,40.862634212844426,0.18338625866050795,-0.0145063510392609,0.18338625866050795,79.0,0.03363163972286376,-0.002742494226327885,0.06170612009237875,0.07195438799076204,0.19161374133949205,0.46593533487297933,0.7411951501154734,60+,30+,30+,8
HAL,2022-03-31,742.45,58.99072527611162,55.89354404400065,16.67070441107329,18.646782335414915,0.18337935214492562,0.0,0.18337935214492562,50.0,0.06283251397400491,0.17042225065660976,0.06081217590410115,0.22695130985251533,0.20122567176240813,0.5370462657418007,0.8392484342379956,50-60,15-20,15-20,8
TITAN,2006-12-27,40.43,55.848044640209864,54.70173585947063,18.716971049569587,20.887673221192017,0.18327974276527348,-0.011625030917635337,0.18327974276527348,33.0,0.10734603017561217,0.051941627504328514,0.18327974276527348,0.10116250309176356,0.004452139500370933,0.45510759337125894,0.8261192184021766,50-60,15-20,20-25,8
TCS,2005-05-13,143.58,40.17692065098136,39.743584578219114,27.106360472501926,45.74792232340567,0.18317314389190686,-0.00515392115893587,0.11819194873937877,88.0,0.018317314389190598,0.10495890792589502,0.10711798300598963,0.11951525282072706,0.14298648836885364,0.26828249059757603,0.7071319125226354,30-40,25-30,30+,8
BEL,2024-05-22,283.6,74.10570992519507,73.26809372853216,38.73350350562499,40.3003508868252,0.18300423131170662,-0.0989069111424542,0.007404795486600779,145.0,0.030148095909731776,-0.0819816643159379,0.07528208744710851,0.10119887165021146,0.06893511988716483,-0.019569816643159377,0.35190409026798286,60+,30+,30+,8
BAJAJ-AUTO,2011-02-11,1255.9,37.29316452533939,33.801615811133075,36.71134954479464,46.1079461324526,0.18289672744645258,0.0,0.057329405207420914,108.0,0.06624731268413075,0.02098096982243791,0.1014411975475753,0.11374313241500111,0.041842503384027285,0.18325503622899908,0.3919499960187913,30-40,30+,30+,8
HAL,2021-01-01,428.4,53.22785325066787,53.06758298510953,28.309399212131506,17.77963165649807,0.1827264239028945,0.0,0.1827264239028945,35.0,0.06500933706816059,0.12873482726423902,0.060924369747899165,0.29166666666666674,0.20875350140056037,0.1925770308123249,0.43989262371615334,50-60,25-30,15-20,8
MARUTI,2016-03-02,3612.65,34.47349014106826,32.974521788857345,40.58433347757945,50.26767274722277,0.18252529306741594,-0.0503785309952528,0.18252529306741594,131.0,-0.010034185431746834,0.015141239810111617,0.030600805502885686,0.06039887617123152,0.15195216807606604,0.3639295254176296,0.6383402765283102,30-40,30+,30+,8
ONGC,2006-03-20,135.35,60.21836191655909,58.67409532655972,27.785380356260312,32.6348749783478,0.18204654599187298,-0.002068710749907665,0.18204654599187298,50.0,0.03435537495382346,0.07920206871074997,0.09183598079054311,0.057406723309937346,-0.16357591429626894,-0.050314000738825304,-0.02622829700775753,50-60,25-30,30+,8
ETERNAL,2025-07-22,299.8,61.394541611195976,60.21452853643154,36.23028935236091,31.61744856076688,0.18195463642428278,-0.07571714476317537,-0.053368912608405594,163.0,0.02251501000667111,0.007838559039359483,0.07338225483655769,0.1402601734489659,0.12791861240827207,-0.061541027351567634,-0.05136757838559047,60+,30+,30+,8
INFY,2012-07-31,278.37,34.84481598879265,32.50067122767736,39.42706278274681,30.23241214546292,0.18191615475805567,-0.009519703991090922,0.05517835973704077,113.0,0.011818802313467769,0.04598196644753383,0.07443330818694527,0.17185759959765767,0.04874806911664331,0.262097208750943,0.3335129503897689,30-40,30+,30+,8
DIVISLAB,2011-03-04,307.85,41.70472025613404,39.67076231731821,25.24705468196813,19.80579300782116,0.18141952249472126,-0.008120838070488912,0.18141952249472126,77.0,0.012993340912782259,0.008867955172973785,0.12343673867143079,0.16355367873964588,0.27247035894104266,0.18733149261003712,0.1967516647718044,30-40,25-30,15-20,8
HINDALCO,2014-10-27,147.35,42.2373923547464,41.599601586492184,29.73110567158322,50.23782329489656,0.18120122158126928,-0.0176450627757041,0.06582965727858858,63.0,0.10994231421784884,0.031557516118086326,0.14794706481167297,0.031557516118086326,-0.03291482863929418,-0.11740753308449259,-0.4272141160502205,40-50,25-30,30+,8
NTPC,2008-06-13,134.38,32.811316351760425,32.45418460679495,43.92192060113654,47.211231801696336,0.18105372823336818,-0.06481619288584606,0.07590415240363169,84.0,0.010194969489507377,-0.06481619288584606,0.035645185295430704,0.14816192885846102,0.07441583568983479,0.04740288733442477,0.371707099270725,30-40,30+,30+,8
TCS,2023-11-17,3502.45,52.81103911291554,51.40869039762229,33.54182102036624,26.99910825153277,0.18088766434924142,-0.012948079201701601,0.18088766434924142,81.0,-0.012948079201701601,0.002626732715670599,0.10185727133863431,0.1024568516324289,0.17152279118902491,0.10791017716170126,0.14762523376493597,50-60,30+,25-30,8
HINDUNILVR,2018-03-28,1311.58,54.190173076718175,52.15164986886399,18.62956303208125,28.10257000162499,0.18055322588023626,0.0,0.18055322588023626,49.0,0.018069808932737574,0.056847466414553516,0.10544534073407652,0.18711782735326854,0.21629637536406476,0.19282087253541547,0.26290428338340033,50-60,15-20,25-30,8
GRASIM,2025-03-06,2393.65,40.54127228524697,40.507349961883655,28.340709037350003,28.457423349019574,0.1801224072023897,-0.009796753911390677,0.11286111169135005,99.0,-0.009796753911390677,0.031124015624673707,0.04823177991769878,0.15100369728239293,0.0651933240030913,0.1613226662210432,0.13567146408205044,40-50,25-30,25-30,8
NESTLEIND,2016-02-19,260.49,31.00225534473207,27.564904109214943,36.796724993631024,46.533275169751064,0.18004529924373291,-0.0387346923106453,0.1750163154055817,84.0,-0.018925870474874262,0.01447272448078607,0.004184421666858507,0.158585742254981,0.16933471534415911,0.284962954432032,0.20622672655380225,20-30,30+,30+,8
ASIANPAINT,2025-10-20,2516.0,54.3598179585501,48.91013975293245,40.63546858463567,23.72842591910309,0.17984896661367245,-0.06319554848966613,-0.034936406995230596,123.0,0.0011128775834658988,-0.0015103338632751484,0.1501192368839428,0.11283783783783785,0.09459459459459452,0.00031796502384739966,,40-50,30+,20-25,8
AXISBANK,2014-10-21,423.05,58.65922740714625,57.28026446072673,36.72413546847072,24.637678942498802,0.17964779576882162,0.0,0.17964779576882162,43.0,0.0027183548043965278,0.0824961588464721,0.10306110388842926,0.1778749556789978,0.25032502068313445,0.2250325020683135,0.20966788795650637,50-60,30+,20-25,8
SUNPHARMA,2009-08-27,121.57,51.43081570511894,49.97545775611067,23.15147433718242,23.705953550144496,0.17956732746565773,-0.03166899728551442,0.1543966439088591,75.0,-0.024594883606152806,-0.010199884840009776,0.14715801595788447,0.12182281812947271,0.19404458336760722,0.29176606070576616,0.45858353212141156,40-50,20-25,20-25,8
BAJAJ-AUTO,2009-09-16,693.73,70.74894543124711,70.49269660396872,26.151928821740636,43.458428286121105,0.17956553702449063,0.0,0.1318956942902858,75.0,0.06328110359938299,0.07733556282703646,0.06525593530624296,0.08757009211076361,0.2557190837934067,0.3186686463033168,1.0911593847750565,60+,25-30,30+,8
MARUTI,2020-07-21,6130.85,54.26445200136483,53.769274066990604,18.317046688323632,25.956391505096672,0.1795509594917506,-0.021228704013309785,0.15835487738241838,133.0,0.02478449154684914,0.037205281486253794,0.13763996835675307,0.08091863281600431,0.11761827479060805,0.2772535619041403,0.19062609589208668,50-60,15-20,25-30,8
DIVISLAB,2020-01-30,1959.15,70.07455523486516,69.1512489406037,37.004405375386916,31.076233579321418,0.1795421483806754,-0.07855447515504177,0.1795421483806754,70.0,0.032590664318709495,0.10037516269810887,0.07661485848454674,-0.03330525993415512,0.2096317280453257,0.1951866881045352,0.7200571676492356,60+,30+,30+,8
HCLTECH,2017-12-07,431.75,49.4394818384713,47.07118117648277,23.941564095008076,17.168702137726356,0.1794557035321367,0.0,0.15441806601042263,132.0,0.022397220613781244,0.03099015634047486,0.04284887087434863,0.15015634047481186,0.09964099594672837,0.024944991314417964,0.11402431962941528,40-50,20-25,15-20,8
ULTRACEMCO,2011-02-21,961.25,40.58156543113367,37.857925794409205,21.47341773452165,22.140795417112244,0.17945383615084531,-0.03167750325097529,0.06803641092327717,112.0,-0.03167750325097529,0.04936280884265276,0.06273081924577362,0.07755526657997391,0.07495448634590374,0.06309492847854359,0.5400780234070222,30-40,20-25,20-25,8
KOTAKBANK,2021-08-31,350.74,47.48897254190911,45.97164608615735,27.521273300562534,20.443422348706285,0.17933512003193242,-0.004020071848092721,0.1492558590408848,50.0,0.0063579859725153565,0.065033928265952,0.14358214061698127,0.18406797057649538,0.1516222843131665,0.05077835433654565,0.08504875406283863,40-50,25-30,20-25,8
AXISBANK,2012-09-18,214.68,50.878049616971374,44.71909882065929,44.52109351505616,23.670319159503606,0.17924352524687892,-0.027016955468604498,0.17924352524687892,69.0,0.02659772684926387,0.03726476616359231,0.12013228991988067,0.131265138811254,0.2661170113657536,0.23448854108440464,0.005776038755356705,40-50,30+,20-25,8
COALINDIA,2017-07-03,248.85,25.833379960540704,24.22601098651331,59.80317365828668,54.44224568119913,0.17882258388587524,-0.0520393811533052,0.08519188266023714,183.0,0.03998392605987555,-0.007434197307614965,0.00803697006228643,-0.04098854731766122,0.09302792847096653,0.07152903355434992,0.04822182037371925,20-30,30+,30+,8
ICICIBANK,2013-04-12,190.06,44.60496310576176,43.22686423373585,23.258605299788627,22.832556311651505,0.17852257181942544,-0.01836262232979069,0.014416500052615078,91.0,0.09865305692939064,0.09486477954330219,0.09896874671156475,0.02983268441544773,0.012048826686309466,-0.0908134273387351,0.16657897506050712,40-50,20-25,20-25,8
TCS,2018-01-08,1357.2,58.34215140428767,56.57984703078253,28.153406697704405,28.63981005473323,0.17847774830533458,-0.0019893899204244114,0.08222811671087515,92.0,0.011678455643972852,0.1480990274093723,0.08866047745358085,0.11777925139994094,0.07718096080165049,0.38741526672561144,0.3951886236368993,50-60,25-30,25-30,8
BEL,2025-02-24,256.35,40.477385698195434,39.71927349394277,32.06641577297389,30.214854027982728,0.17846693973083672,-0.03939925882582418,0.1117612638970158,46.0,0.004056953384045103,0.06233664911254122,0.1684805929393407,0.16091281451141026,0.5000975229178857,0.4513360639750341,0.697093817047006,30-40,30+,30+,8
JSWSTEEL,2009-07-30,68.76,70.22969045598964,69.08743700634776,25.147374671377918,41.270990781224484,0.17844677137870857,-0.03475858057009895,0.17844677137870857,48.0,0.04493891797556704,0.05700988947062258,0.0023269342641070168,0.1913903432228039,0.08260616637579976,0.3961605584642234,0.6249272833042465,60+,25-30,30+,8
TATASTEEL,2022-10-24,101.2,47.37192261171844,46.388222319190604,11.724006421264095,24.75427509994243,0.17835968379446632,0.0,0.17835968379446632,70.0,0.0034584980237153395,0.05434782608695654,0.041996047430830075,0.01037549407114624,0.2055335968379446,0.052371541501976315,0.1991106719367588,40-50,<15,20-25,8
JSWSTEEL,2019-08-14,227.75,32.44869570659032,30.240460274469854,57.31223923633094,40.54316555771145,0.17804610318331515,-0.09659714599341385,0.16092206366630069,126.0,-0.03841931942919863,-0.09659714599341385,-0.0068057080131723735,-0.02766190998902307,0.09220636663007675,0.22019758507135,0.13545554335894638,30-40,30+,30+,8
BEL,2021-09-01,63.28,64.61547951166159,64.59490779773401,34.53116152000645,41.02895030200853,0.17778128950695327,0.0,0.13859039190897593,125.0,0.0382427307206068,0.09465865992414657,0.06273704171934269,0.05641592920353977,0.07332490518331225,0.1085651074589129,0.6845764854614411,60+,30+,30+,8
BAJAJFINSV,2026-06-16,1787.3,44.94774006524086,39.76520220000028,43.35995542399725,34.8657766800359,0.17775415431097197,-0.015666088513400123,0.12572036032003586,64.0,-0.012476920494600807,-0.003972472444469299,0.028702512169193728,0.12180383819168572,,,,30-40,30+,30+,8
TCS,2010-07-08,388.4,49.98353434172941,48.27159219557569,25.09731338907471,21.946276428149766,0.1776519052523171,-0.003012358393408743,0.17636457260556138,71.0,0.006822863027806436,0.08612255406797131,0.13264675592173036,0.1011071060762101,0.23540164778578787,0.47368692070030893,0.5083161688980435,40-50,25-30,20-25,8
AXISBANK,2006-09-27,74.03,62.46068575834961,61.54082185990656,15.40905543702663,21.92917944651741,0.17763069026070522,0.0,0.17763069026070522,34.0,0.036876941780359385,0.04606240713224374,0.13048764014588676,0.3401323787653654,0.25246521680399825,0.4036201539916249,1.076725651762799,60+,15-20,20-25,8
GRASIM,2012-06-08,376.1,40.34851658329417,38.70926149689668,32.084587156665094,33.86658577087973,0.1775325711247009,0.0,0.14629088008508373,48.0,0.0772932730656739,0.09500132943366113,0.1414783302313214,0.26952938048391384,0.2697420898697154,0.42725339005583596,0.20600904014889654,30-40,30+,30+,8
TITAN,2016-06-16,371.5,58.295524035585494,55.54124385490259,28.316770881456,21.65476448006563,0.17752355316285318,-0.18358008075370114,-0.12920592193808877,167.0,0.044818304172274503,0.09353970390309563,0.11386271870794085,0.08896366083445484,0.11588156123822335,-0.13849259757738897,0.39004037685060555,50-60,25-30,20-25,8
EICHERMOT,2023-11-08,3550.3,54.907303081574504,51.21108330673188,30.025397785059454,17.73714293408519,0.17746387629214433,-0.0026899135284342846,0.09893530124214855,98.0,0.0839365687406699,0.07985240683885864,0.14215700081683225,0.09406247359378073,0.11106103709545656,0.295383488719263,0.3739683970368701,50-60,30+,15-20,8
SBIN,2007-06-25,136.77,65.92706474085406,65.92088472050162,30.417122637516083,40.34908646435228,0.17737807998830135,-0.02412809826716389,0.16911603421803023,85.0,0.05586020326094898,0.08357095854354002,0.08254734225341798,0.011259779191343133,0.2651897345909189,0.6104408861592452,-0.11764275791474743,60+,30+,30+,8
EICHERMOT,2009-06-17,31.32,67.24701608709452,66.29951180883164,21.618969272660305,38.05376166944294,0.17720306513409945,-0.03512132822477654,0.17113665389527455,42.0,-0.010536398467433039,0.07886334610472545,0.05427841634738195,0.3090676883780332,0.6634738186462326,0.9348659003831419,1.9939335887611747,60+,20-25,30+,8
HCLTECH,2026-05-20,1169.8,31.901270705539616,29.499807642464766,50.084636640049276,48.27733327128809,0.17712429475123947,-0.11591725081210458,0.13250128227047364,91.0,-0.003932296118994594,0.00786459223798941,-0.032569670029064746,0.044024619593092895,0.10959138314241756,,,20-30,30+,30+,8
TATASTEEL,2014-03-21,34.57,47.08926673919771,46.40867235078219,19.504902867433294,21.658480919230755,0.177032108764825,-0.001446340757882525,0.177032108764825,53.0,0.05148973098061904,0.10789702053803873,0.1671969916112237,0.2875325426670523,0.43158808215215516,0.3734451836852761,-0.08678044547295338,40-50,15-20,20-25,8
TVSMOTOR,2014-07-03,171.1,84.87304286233424,83.35389054000001,54.45984942238958,74.4302965736236,0.17679719462302756,-0.16364699006428984,0.17679719462302756,61.0,-0.07247223845704265,0.012857977790765807,-0.06633547632963177,0.13062536528345992,0.33781414377556995,0.5663354763296318,0.5058445353594387,60+,30+,30+,8
SUNPHARMA,2024-06-26,1521.15,52.4147891818164,50.42778518964229,23.58988877381671,33.4513898834487,0.17634684284916013,-0.00322124708279925,0.17634684284916013,62.0,0.008414686257108173,0.05088255596095048,0.1269434309568418,0.16520395753213024,0.22808401538309808,0.19291325641784174,0.0977221181343062,50-60,20-25,30+,8
RELIANCE,2011-08-23,172.05,27.00782272614198,25.2028398255083,52.252601911562856,48.61412527402642,0.17611159546643407,-0.06765475152571931,-0.013949433304272008,121.0,0.022667829119441985,0.07352513804126692,0.027608253414705075,0.10619006102877049,0.027608253414705075,0.1023539668700959,0.05562336530078471,20-30,30+,30+,8
DIVISLAB,2010-02-26,311.5,52.1205105706312,50.36387308632741,26.4506887842147,26.61514074874632,0.17601926163723913,-0.009630818619582704,0.17601926163723913,91.0,0.053932584269662964,0.02825040128410916,0.07457463884430182,0.11091492776886036,0.15354735152487953,0.1990369181380418,-0.0537720706260032,50-60,25-30,25-30,8
ITC,2022-07-01,269.0,62.0044951018956,59.91733395147871,28.487280180938157,32.91333853264246,0.17598513011152406,0.0,0.17598513011152406,74.0,0.030594795539033548,0.03234200743494409,0.08141263940520438,0.1271003717472119,0.17126394052044613,0.17598513011152406,0.6291078066914499,50-60,25-30,30+,8
SHRIRAMFIN,2010-03-26,101.29,61.69157064822506,60.87643763719163,19.999722585297853,37.70779963273173,0.17563431730674295,0.0,0.12123605489189448,69.0,0.021127455819923036,0.07917859611017874,0.063579820317899,0.03159245730081928,0.16003554151446342,0.4890907295883109,0.5314443676572218,60+,15-20,30+,8
COALINDIA,2014-03-06,257.1,41.0384598353224,40.90100287271196,29.144423021109368,21.84442652700637,0.1756126021003499,-0.0052508751458577585,0.1425515363671721,63.0,0.031116297160637796,0.013029949436016874,0.10462854920264486,0.1530532866588874,0.5182808245818746,0.4134577985219756,0.3897316219369895,40-50,25-30,20-25,8
BHARTIARTL,2005-06-14,102.5,56.325100647647886,55.443314299927614,29.67753253023359,24.60809126747918,0.1756097560975609,0.0,0.1756097560975609,41.0,0.04058536585365857,0.06107317073170737,0.11268292682926817,0.3999999999999999,0.47541463414634144,0.5422439024390244,0.4362926829268292,50-60,25-30,20-25,8
ITC,2005-09-06,38.41,67.95988667552557,67.02169291410819,23.286970532573484,59.45480763401541,0.17521478781567312,-0.05206977349648534,0.04764384274928424,65.0,0.037490236917469444,0.05623535537620428,0.04842488935173139,0.035667794845092526,0.10179640718562877,0.4647227284561313,0.552460296797709,60+,20-25,30+,8
MARUTI,2023-04-03,8503.05,42.53219789341886,39.597213639946204,25.273270754538633,21.98742957797761,0.1751430369102851,-0.006585872128236359,0.15210424494740127,149.0,0.0037751159877925655,0.02018099387866701,0.034605229888099,0.11552325342083147,0.13759180529339488,0.21684572006515324,0.47622911778714716,30-40,25-30,20-25,8
ASIANPAINT,2023-02-07,2758.05,33.28711916508959,31.515976837088377,56.01905809727095,28.706973724681724,0.1749968274686824,-0.018890157901416016,0.15833650586465065,125.0,0.006870796396004408,0.021410054204963558,0.034625913235800665,0.006635122640996194,0.09477710701401332,0.21208825075687532,0.08089048421892264,30-40,30+,25-30,8
IOC,2017-08-03,129.01,42.89279463916763,39.336906252689666,26.55085281472254,31.974447006421766,0.1748701651034803,0.0,0.07200992171149534,70.0,0.06015037593984984,0.10146500271296799,0.10851871947911018,0.050383691186729695,0.0768932640880553,0.0754980234090381,-0.12898224943802794,30-40,25-30,30+,8
HAL,2018-07-11,419.68,23.665855260353794,22.211306016543716,35.34118275508569,43.40519556140633,0.17482367518109032,-0.07882195958825766,0.03085684330918803,57.0,-0.04193671368661844,-0.06361990087685854,0.1637438048036599,0.1085350743423561,-0.08239611132291269,-0.05945005718642771,-0.19169367136866178,20-30,30+,30+,8
TATASTEEL,2006-02-21,33.935,55.41271680206572,54.835154617372794,23.029057812828725,17.485979829060838,0.17459849712686037,0.0,0.16466774716369525,29.0,0.06963312214527773,0.1621924266980992,0.20439074701635485,0.6216885221747461,0.16864594076911743,0.26085162811256835,0.1292176219242669,50-60,20-25,15-20,8
LT,2013-11-20,651.0,57.25282805731618,57.05867382285962,25.921095440185827,26.20731750703454,0.17450076804915526,-0.029078341013824782,0.04188940092165905,90.0,0.0307834101382487,0.06427035330261144,0.08663594470046077,0.022995391705069146,0.04188940092165905,0.5612442396313364,0.684546850998464,50-60,25-30,25-30,8
MARUTI,2008-02-25,800.55,37.44526646726655,36.61201496607903,24.678359018590026,33.51876457612198,0.17444257073262137,-0.0976828430454062,-0.0730123040409717,65.0,0.09006308163137855,0.11804384485666097,0.056273811754419034,-0.07819624008494153,-0.048466679158078785,-0.21841234151520816,-0.19905065267628497,30-40,20-25,30+,8
NESTLEIND,2022-06-20,848.36,43.29455506511506,41.382784341110536,19.960406328507084,19.996172194908073,0.17437172898297892,-0.011315950775614203,0.13750058937243614,108.0,0.02304446225658907,0.060552124098260274,0.09724645197793391,0.14579895327455317,0.10596916403413648,0.18355415153944077,0.35293978971191464,40-50,15-20,15-20,8
M&M,2024-05-21,2522.65,79.9868853899643,79.36201045964191,58.9341590701281,61.26525015739833,0.1741224505975858,-0.011555308901353811,0.16974213624561463,122.0,0.011951717439993681,0.01991952906665606,0.13816819614294484,0.111826848750322,0.09612907062018117,0.1285354686539948,0.22517987037440768,60+,30+,30+,8
TCS,2021-08-06,3309.8,58.13203931781602,56.232702240882084,25.229743355874138,18.032371020787068,0.1740588555199709,0.0,0.1740588555199709,39.0,0.046407637923741696,0.07544262493201992,0.16381654480633268,0.15816665659556461,0.060079158861562565,0.16508550365580987,0.019532902290168463,50-60,25-30,15-20,8
HINDUNILVR,2018-10-22,1559.02,45.913066369999925,45.569602584907386,34.326509680245486,40.039214469955674,0.17392336211209614,-0.02072455773498738,0.14925401855011478,106.0,-0.020192172005490616,0.0347975009942143,0.0662788161793948,0.13792638965503978,0.10221164577747555,0.09776654565047282,0.34225988120742534,40-50,30+,30+,8
ASIANPAINT,2018-03-08,1127.6,43.43426475743231,42.531896721567705,26.770858930793644,24.96022276100179,0.17390918765519703,-0.022215324583185536,0.146106775452288,78.0,0.029443064916637063,-0.018180205746718747,0.026472153245832075,0.07773146505853146,0.11990067399787163,0.16291238027669386,0.22592231287690678,40-50,25-30,20-25,8
POWERGRID,2014-03-04,54.08,44.36893941346719,42.051758802415165,23.274808967410316,12.373996447630415,0.17381656804733736,0.0,0.1649408284023668,71.0,0.028106508875739733,0.055288461538461675,0.13054733727810652,0.09319526627218933,0.30232988165680497,0.3772189349112427,0.6065088757396448,40-50,20-25,<15,8
ITC,2018-07-05,257.79,49.22299398033536,44.83370287508838,19.730414028609587,20.52787269282119,0.1737460723844988,-0.026804763567244705,0.055937002986927276,111.0,0.017223321308041495,0.002909344815547499,0.10749059311842957,0.149346367198107,0.08328484425307403,0.03739477869583774,0.02548586058419633,40-50,15-20,20-25,8
AXISBANK,2016-01-21,409.15,32.206430302286634,30.153873159235197,47.59323352732398,40.854791032192715,0.1736526946107786,-0.08163265306122447,0.12782598069167794,106.0,-0.008554319931565413,-0.06452401319809353,-0.029329096908224384,0.08639863130881098,0.12208236588048416,0.3820114872296225,0.10167420261517779,30-40,30+,30+,8
DIVISLAB,2023-02-21,2918.6,36.44681316194073,35.72988452008217,37.61418882510934,22.445059551274262,0.17359350373466742,-0.055351881038854134,0.15916877955183995,92.0,-0.03186459261289665,-0.02881518536284522,-0.03957376824504899,0.09396628520523542,0.11868704173233735,0.25582471047762634,0.25029123552388133,30-40,30+,20-25,8
ONGC,2019-08-27,125.6,27.141707555766224,25.922990088755974,69.77310870182454,45.69421279652647,0.17356687898089174,-0.06727707006369421,0.0031847133757962887,119.0,-0.06727707006369421,0.0011942675159235527,0.09116242038216571,0.11345541401273884,0.04259554140127375,-0.21934713375796178,-0.3519108280254777,20-30,30+,30+,8
WIPRO,2010-09-14,78.36,51.338195442480874,50.77528573625318,17.885369282174132,15.525985191498492,0.17355793772332806,-0.04083716181725372,0.02322613578356303,80.0,0.041602858601327286,0.05640632976008164,0.17355793772332806,0.03662582950484938,0.0723583460949464,0.09175599795814193,-0.18070444104134753,50-60,15-20,15-20,8
HDFCBANK,2009-09-15,75.71,63.02074920737624,61.292941586020305,38.25010860389529,39.6959988867128,0.17355699379210154,0.0,0.17355699379210154,70.0,0.021265354642715728,0.0641923127724211,0.13749834896314894,0.13829084665169744,0.16061286487914428,0.19706775855237102,0.5687491744815745,60+,30+,30+,8
BHARTIARTL,2017-07-10,365.64,57.23163115922494,57.11124363762311,11.69505296982144,57.590675653610546,0.1732851985559567,-0.07036976260802963,-0.013428508915873438,94.0,0.006782627721255929,0.035362651788644506,0.025516901870692665,0.10354446997046285,-0.0659391751449514,0.2727272727272727,-0.09342522699923417,50-60,<15,30+,8
BHARTIARTL,2006-10-18,222.27,74.34324931582398,72.76534271678051,28.394948649186983,39.229628330014634,0.17316776892968,-0.004948935978764668,0.17316776892968,28.0,0.020290637512934584,0.0970441355108651,0.1776218113105681,0.255455077158411,0.35803302290007655,0.6267602465469924,1.056282899176677,60+,25-30,30+,8
JSWSTEEL,2023-11-09,750.85,45.83137741948684,45.417698002010574,25.437758770406308,20.12403757746156,0.17307052007724577,0.0,0.10308317240460818,104.0,0.024372377971632053,0.03289605114203886,0.12552440567357004,0.0946926816274889,0.11420390224412325,0.14183924885130184,0.32702936671771976,40-50,25-30,20-25,8
HINDUNILVR,2022-06-24,2266.28,50.616745516450024,50.395805466099695,23.617113436221977,26.18073617769812,0.17283389519388592,-0.03181866318371962,0.10644757046790332,153.0,-0.0093545369504211,0.08374958081084416,0.1387648481211501,0.12537285772278794,0.1687787916762271,0.15725329615051953,0.15113313447588106,50-60,20-25,25-30,8
JSWSTEEL,2022-03-03,654.7,46.09888840076202,43.15603407891534,33.92854006132552,21.875954628277945,0.17282724912173508,-0.19283641362456083,-0.11562547731785555,95.0,-0.00603329769360017,0.04643348098365663,0.11913853673438224,0.11799297388116692,-0.13013594012524832,0.018634489078967365,0.0421567129983198,40-50,30+,20-25,8
IOC,2022-10-07,67.45,37.61877937163542,36.39229714821134,34.47681166847387,35.047200824937015,0.17272053372868768,-0.022238695329873992,0.17272053372868768,90.0,-0.017049666419570175,0.000741289844329085,0.039288361749443945,0.12379540400296496,0.17272053372868768,0.1438102297998518,0.2965159377316531,30-40,30+,30+,8
ULTRACEMCO,2014-05-29,2392.1,65.76796428865508,65.05581029259727,51.53075869443296,41.58506038623504,0.1726516449981188,-0.0041386229672673025,0.1141465657790226,81.0,0.10049747084152005,0.15743488984574228,0.08354583838468277,0.007629279712386694,0.0846118473307973,0.03139500856987576,0.24380251661719843,60+,30+,30+,8
ADANIPORTS,2023-07-26,752.65,57.27777697755748,56.78485912557471,23.10410256224419,18.635273178269617,0.17245731747824355,-0.0051816913572044765,0.07114860825084701,106.0,0.011692021523948881,0.051086162226798626,0.07168006377466285,0.09699063309639278,0.021856108416926867,0.5107951903275094,0.9756859097854249,50-60,20-25,15-20,8
ADANIPORTS,2018-10-15,321.25,34.654813508004345,34.41831203150227,42.36029915800807,29.214529041321086,0.17214007782101182,-0.05338521400778207,0.17214007782101182,72.0,-0.018210116731517623,0.016031128404669248,0.033463035019455356,0.14739299610894951,0.16560311284046692,0.20482490272373544,0.28793774319066157,30-40,30+,25-30,8
BHARTIARTL,2008-07-10,334.25,41.38797551514973,40.834917631458936,27.105913702323818,20.515075368530958,0.17211667913238582,-0.0427225130890051,0.09160807778608837,43.0,0.01038145100972332,0.07808526551982053,0.13995512341062066,0.10525056095736729,-0.01130890052356015,-0.1142557965594615,0.048406881077038166,40-50,25-30,20-25,8
HINDUNILVR,2007-03-09,183.75,30.86052248728117,30.372974073071646,52.299582896080715,50.46402841104201,0.17197278911564617,-0.03755102040816327,0.059591836734693926,74.0,-0.03700680272108847,0.08054421768707498,0.11374149659863941,0.05877551020408167,0.0424489795918368,0.1556462585034013,0.21795918367346956,30-40,30+,30+,8
POWERGRID,2020-03-27,90.0,38.338340556302484,36.57564100982876,40.95761222791998,29.841194649025415,0.17155555555555546,-0.03433333333333333,0.12277777777777765,117.0,-0.023777777777777787,-0.0003333333333332966,-0.0024444444444444713,-0.016555555555555546,0.12088888888888882,0.024333333333333318,0.3834444444444445,30-40,30+,25-30,8
HINDALCO,2025-01-16,602.6,39.28634500165245,37.29013025444803,43.75833446881614,33.276327963876554,0.1715068038499834,-0.06770660471291079,0.036591437105874425,104.0,0.009376037172253548,-0.02447726518420179,0.013690673747095872,0.12968801858612666,0.012114171921672634,0.1132592100896117,0.5510288748755392,30-40,30+,30+,8
INFY,2018-06-13,637.4,67.90464786500533,67.47490097480389,47.30648076703742,52.194734986582574,0.17139943520552237,-0.02871038594289288,0.03710385942892991,169.0,-0.024819579541888848,-0.003765296517100669,0.03341700658926894,0.10508315029808601,0.15202384687794157,0.04989017885158464,0.16512394101035466,60+,30+,30+,8
ADANIPORTS,2008-07-14,106.98,43.011976582323285,42.29969152353977,31.49196642528072,29.922689780287016,0.17124696204898116,-0.3467937932323799,-0.2503271639558796,95.0,-0.10945971209571892,0.10011217049915855,0.1492802392970649,0.05206580669283967,-0.2893998878295009,-0.3085623481024491,-0.01832118152925788,40-50,30+,25-30,8
DIVISLAB,2025-04-16,5754.0,48.67346167991239,46.30788156333268,21.32566124833042,23.106848825235428,0.17083767813694828,-0.019812304483837306,0.16770941953423701,56.0,0.02963156065345851,0.05787278415015651,0.09132777198470632,0.16223496697949247,0.18004866180048662,0.1393812999652415,0.0937608620090371,40-50,20-25,20-25,8
HINDUNILVR,2024-07-08,2544.9,61.2081300507236,58.45135218994413,33.999811776040474,47.54570530071851,0.17061181185901209,-0.07898542182404034,-0.041726590435773536,141.0,0.012813863020157967,0.05726354670124567,0.06064678376360555,0.09732798931195719,0.09518252190655829,-0.08153562026012806,-0.07515815945616722,50-60,30+,30+,8
ADANIPORTS,2011-08-25,140.4,45.62217213356055,45.348668515968875,39.804704133631034,21.775688840856855,0.1705840455840455,0.0,0.11467236467236464,60.0,0.1217948717948718,0.14494301994301995,0.08475783475783483,0.11467236467236464,-0.12001424501424507,0.08725071225071224,-0.20227920227920226,40-50,30+,20-25,8
HDFCBANK,2011-02-11,102.97,41.52337635183296,38.016562832751006,24.727735440132943,29.0839602069873,0.17053510731280963,-0.008351947169078389,0.12052053996309597,108.0,0.05671554821792757,-0.008351947169078389,0.07545887151597541,0.15033504904341077,0.08779256094007959,0.1651937457511896,0.267262309410508,30-40,20-25,25-30,8
IOC,2025-01-15,126.95,33.24204443193936,32.96432263017292,49.14186664792061,39.730426927221316,0.1702244978337928,-0.10602599448601813,0.13997636864907448,121.0,0.028121307601417955,-0.026073257187869237,-0.07640803465931467,-0.022371012209531305,0.046632532493107615,0.18235525797558094,0.27073651043717994,30-40,30+,30+,8
NTPC,2007-09-03,154.46,60.68857834626513,59.287849984165824,22.49709546120487,26.64542865529349,0.16968794509905472,-0.022141654797358634,0.16968794509905472,30.0,0.031011265052440784,-0.009711252104104617,0.16968794509905472,0.26705943286287703,0.29593422245241463,0.01968147093098538,-0.044283309594717046,50-60,20-25,25-30,8
HINDUNILVR,2021-08-13,2365.23,52.665316498609705,51.77361244640312,15.43064404976524,26.08607417223167,0.16966214702164262,-0.0407571356696812,-0.026927613804999972,118.0,0.08937820000591912,0.11372678344177944,0.1588090798780668,0.11297844184286499,-0.011766297569369533,-0.05275174084549916,0.09981693112297751,50-60,15-20,25-30,8
TATASTEEL,2015-11-17,22.35,40.721299837890626,39.17170942042757,27.451258398905395,41.32076376166184,0.16912751677852333,-0.043847874720358004,0.08680089485458597,69.0,-0.043847874720358004,0.012527964205816478,0.09574944071588343,0.005816554809843444,0.05145413870246074,0.39149888143176725,0.6742729306487696,30-40,25-30,30+,8
BHARTIARTL,2020-04-13,502.76,53.59054527669559,52.576583720282294,36.7447916144945,43.248886065377405,0.16906675153154582,-0.05183387699896569,0.07486673561938106,142.0,-0.04276394303444986,-0.03544434720343703,0.08540854483252458,0.09352374890603854,0.1456559789959424,-0.18967300501233197,0.04676187445301938,50-60,30+,30+,8
ADANIPORTS,2014-05-20,235.8,72.22147270882559,70.36628450552507,46.40522310624901,43.46748107968028,0.1685750636132315,-0.1013570822731128,0.1685750636132315,45.0,-0.09054283290924525,0.01908396946564883,-0.04177268871925366,0.22179813401187443,0.16030534351145032,0.2557251908396947,0.4548346055979644,60+,30+,30+,8
DMART,2020-10-21,2081.35,45.0174292433151,43.96452438170096,37.260404570573186,15.623910389767005,0.16854445432051324,0.0,0.09986306964229952,37.0,0.0763206572657169,0.10063180147500428,0.1447377903764384,0.28877891752948814,0.33490282749177225,0.3696639200518894,1.172267999135177,40-50,30+,15-20,8
HDFCBANK,2020-11-05,634.6,61.33633575910735,60.10882232459265,32.88834127800327,26.048979825121897,0.16853135833595956,0.0,0.16853135833595956,74.0,0.08075953356444998,0.0828553419476834,0.08120075638197277,0.11566341002206104,0.240781594705326,0.09388591238575472,0.2608414749448471,60+,30+,25-30,8
LICI,2023-04-10,274.65,33.141163129214775,32.412192059593686,44.48706916071539,31.508726200333435,0.16832332058984179,-0.00855634443837594,0.1650464227198254,112.0,-0.00855634443837594,0.00018204988166758973,0.015474239941744017,0.09586746768614618,0.12608774804296385,0.15656289823411607,0.7827416712179138,30-40,30+,30+,8
HINDZINC,2009-07-27,61.15,67.08801152761811,66.32362024760688,45.78646314128718,55.85189897839229,0.16827473426001638,-0.03679476696647588,0.14897792313982028,44.0,0.05233033524121011,0.02649223221586272,0.06312346688470982,0.16843826655764516,0.30858544562551105,0.757318070318888,0.4233851185609159,60+,30+,30+,8
SUNPHARMA,2015-12-04,755.4,38.78650621186645,32.36392024004786,43.01080827472576,29.73165169819923,0.16818903891977777,-0.001588562351072187,0.10279322213396869,131.0,0.003177124702144596,0.0460021180831347,0.057850145618215665,0.10557320624834521,0.1528991262907069,-0.0011252316653428407,-0.055996822875297836,30-40,30+,25-30,8
M&M,2019-08-16,527.85,34.8600403408467,32.561156313133814,52.448407492550515,33.50011875352419,0.16804016292507318,-0.041962678791323316,0.014303305863408111,125.0,0.010230179028132946,0.0017997537179121892,0.01723974614000201,0.10523823055792358,0.0958605664488017,0.0059676044330776445,0.18139622998958038,30-40,30+,30+,8
SUNPHARMA,2007-03-16,101.24,55.219601799960884,54.834247465360725,20.462040609974803,24.319458708646252,0.16801659423152904,-0.03457131568549976,0.07704464638482822,67.0,0.017680758593441315,0.04355985776372995,0.08415645989727394,-0.008593441327538476,0.04800474120900833,-0.005630185697352741,0.23834452785460303,50-60,20-25,20-25,8
BAJAJ-AUTO,2010-03-29,991.88,64.3295225759813,63.15421249748805,28.46259950334082,37.41196248640245,0.1679134572730574,-0.0013912973343549462,0.1679134572730574,84.0,0.05652901560672663,0.045539783038270665,0.04108359882243828,0.09055530910997311,0.23931322337379513,0.4675162318022341,0.4184175505101424,60+,25-30,30+,8
ONGC,2019-02-18,137.1,38.78285040598621,38.12985767024099,33.259520929452115,29.31754687825112,0.16776075857038664,0.0,0.14113785557986858,56.0,0.07768052516411372,0.1305616338439095,0.10758570386579147,0.15171407731582787,0.2837345003646974,-0.07877461706783373,-0.2757111597374179,30-40,30+,25-30,8
INFY,2018-01-15,540.58,69.94760727307496,67.54110986240809,46.434927565996205,40.13867452972342,0.16763476266232558,0.0,0.16402752599060255,148.0,0.06367235191830978,0.09410263050797285,0.015353879166820628,0.08392837322875435,0.0481334862555034,0.23280550519812038,0.34411187983277225,60+,30+,30+,8
HINDALCO,2014-06-09,169.6,69.52633066197092,69.15752944841633,33.07491731857488,44.53815179505512,0.1674528301886793,-0.17777122641509435,-0.11998820754716977,136.0,-0.04952830188679247,-0.025353773584905537,0.005601415094339757,0.08461084905660377,0.022700471698113178,-0.06161556603773577,-0.29186320754716977,60+,30+,30+,8
BAJAJ-AUTO,2026-07-10,10156.0,54.591234929066474,53.415351809152085,26.542756963596567,22.207067000787756,0.1673887357227255,0.0,0.14661283970066963,40.0,0.028259157148483594,0.09590389917290265,0.14976368649074434,,,,,50-60,25-30,20-25,8
NTPC,2006-02-08,101.87,67.60925653089024,64.70102605048973,37.421242619053466,29.70710825806175,0.1673701776774319,-0.18072052616079326,-0.10385785805438297,128.0,0.015215470697948374,0.06056738981054277,0.1202513006773338,0.1202513006773338,0.05850593894178857,-0.013055855502110525,0.16776283498576605,60+,30+,25-30,8
BAJAJFINSV,2009-09-22,29.55,45.724964864457256,43.26735924224073,46.938199379781054,36.73217980150411,0.16717428087986463,-0.058206429780033875,0.059560067681895035,52.0,-0.058206429780033875,0.010152284263959421,0.11099830795262267,0.11742808798646376,0.1001692047377325,0.07580372250423006,0.7813874788494077,40-50,30+,30+,8
TVSMOTOR,2009-12-30,33.5,63.31879433773396,56.9261496145273,29.8421067209961,32.52209077389093,0.16716417910447756,-0.102089552238806,0.16328358208955218,76.0,0.01582089552238819,0.16507462686567176,0.09940298507462675,0.15223880597014938,0.15910447761194035,0.5940298507462687,1.0656716417910448,50-60,25-30,30+,8
TATASTEEL,2014-06-02,46.96,66.70586999373303,66.22128805567236,28.378061456461595,34.20938359470494,0.16716354344122664,-0.10924190800681433,-0.08666950596252132,140.0,0.16716354344122664,0.06431005110732535,0.10264054514480403,0.11328790459965932,0.06324531516183973,-0.06431005110732546,-0.3473168654173765,60+,25-30,30+,8
SBIN,2018-03-26,246.5,31.418777935514214,28.703289710145544,42.95416366678831,38.06261160784813,0.16713995943204862,-0.053955375253549764,0.06085192697768771,116.0,-0.0014198782961459822,0.057403651115618626,-0.0377281947261664,0.08296146044624741,0.08904665314401616,0.07241379310344831,0.2312373225152129,20-30,30+,30+,8
ASIANPAINT,2014-02-26,477.15,44.64117336600534,42.64525254371413,27.46804412649055,12.012851770609915,0.16713821649376515,-0.00880226343917001,0.13936917112019276,105.0,-0.005344231373781705,0.035942575709944524,0.1314052184847534,0.049041182018233265,0.09766320863460143,0.2671067798386253,0.659645813685424,40-50,25-30,<15,8
WIPRO,2013-12-10,96.88,67.49685795396695,63.75377463745705,38.79222501237091,40.75143345291042,0.16711395540875307,-0.011663914120561447,0.10724607762180027,127.0,0.0023740710156896494,0.04531379025598681,0.046862097440132144,0.09000825763831544,0.07844756399669706,-0.009599504541700998,0.06864161849710992,60+,30+,30+,8
AXISBANK,2021-12-09,693.95,41.02676087346815,38.61052337114505,38.60794101226428,26.438591658565635,0.1669428633186827,-0.04049283089559774,0.04078103609770145,105.0,0.022624108365155937,-0.021831544059370378,0.07039412061387695,0.13783413790618915,-0.028460263707759892,-0.04049283089559774,0.3454859860220476,30-40,30+,25-30,8
HCLTECH,2008-08-04,54.97,41.17169250126469,36.48775831705937,31.812893115909503,33.61264648259077,0.16663634709841735,-0.04311442605057303,-0.03238129889030383,45.0,0.06694560669456062,0.04093141713661996,0.14444242313989442,-0.05712206658177188,-0.20247407676914675,-0.48462797889758047,0.14808077132981623,30-40,30+,30+,8
SUNPHARMA,2017-08-24,483.0,36.076633431072786,33.75588913050088,47.364257786262606,40.42460747606497,0.16656314699792962,-0.0321946169772257,0.10817805383022772,90.0,-0.0038302277432712417,-0.005279503105590111,0.047515527950310554,0.11884057971014483,0.10817805383022772,0.15838509316770177,0.3039337474120083,30-40,30+,30+,8
ULTRACEMCO,2023-11-30,9003.65,59.750874332045086,59.09935063714516,27.38796866658908,35.281754196720065,0.16653246183492243,0.0,0.11489784698427852,124.0,0.038973083138504894,0.10658455182065052,0.1621953318931768,0.14109833234299418,0.08899724000821907,0.1305303960060642,0.24417874972927645,50-60,25-30,30+,8
JSWSTEEL,2023-06-06,712.85,50.893062939144116,48.41403300774168,18.97397396590685,21.485459116140294,0.16644455355264087,0.0,0.10843796030020325,133.0,0.061443501437890014,0.0845900259521637,0.1160131865048748,0.14056253068668023,0.13600336676720204,0.14975099950901316,0.23223679595987923,40-50,15-20,20-25,8
HINDUNILVR,2024-04-19,2195.16,34.4509224559325,30.696875428194357,49.827844047413215,45.40217543127006,0.16631589496893162,-0.006518887005958485,0.14133366132764813,77.0,-0.004013374879279885,-0.006518887005958485,0.03544616337761264,0.1141101332021357,0.22709961916215682,0.24630095300570343,0.05350407259607515,30-40,30+,30+,8
ADANIGREEN,2024-01-03,1697.25,69.76800649835823,67.67564020344925,32.61539594886186,46.64129871712201,0.16629842392104877,-0.07453233171306528,0.09550743850346133,139.0,0.015318898217705046,-0.04846074532331712,-0.013551333038739122,0.14343791427308883,0.11512741198998389,0.04689939608189708,-0.3834143467373693,60+,30+,30+,8
HINDUNILVR,2008-02-18,217.1,51.4963315542119,49.2500861488702,23.66255446734703,33.80208232739867,0.1662828189774297,-0.0955780746199908,-0.0029940119760479833,142.0,-0.006448641179180092,0.06794104099493325,0.03915246430216479,0.08728696453247364,0.11169967756794108,0.11239060340856755,0.16282818977429758,40-50,20-25,30+,8
DMART,2023-05-29,3503.3,45.76328690227514,44.630848198321715,31.415170307249753,29.406953406263035,0.1662147118431192,-0.009148517112436916,0.04597094168355542,92.0,0.009576684840007843,0.035994633631147854,0.1313904033339992,0.060114748950989005,0.02557588559358326,0.11670425027830889,0.27721005908714624,40-50,30+,25-30,8
BAJAJFINSV,2016-03-04,167.05,41.0570768398011,38.91130559539944,43.30114697136383,37.557621483946434,0.1659982041304997,-0.015324753067943786,0.12349595929362467,95.0,-0.014666267584555581,-0.012630948817719312,0.048368751870697224,0.1659982041304997,0.10829093085902408,0.7762945225980245,1.2853636635737802,30-40,30+,30+,8
BEL,2007-08-28,17.29,48.18694662813898,46.959136985398594,42.18006604156637,32.31826628195623,0.16599190283400822,-0.025448235974551592,0.1208791208791209,120.0,0.034123770965876155,0.026026604973973466,0.0665124349334878,0.1104684788895316,0.058993637941006316,-0.16078658183921335,-0.45459803354540196,40-50,30+,30+,8
HAL,2023-04-10,1408.1,57.62978328436099,55.66420386257465,24.53978469777121,22.938830961638814,0.16593281727150067,-0.014217740217314145,0.16593281727150067,56.0,0.005418649243661644,0.0033378311199490085,0.049073219231588805,0.3255095518784179,0.3409772033236276,0.36414317164974075,1.5186776507350332,50-60,20-25,20-25,8
DIVISLAB,2006-01-23,80.46,62.49022092661432,62.13910722800661,29.594924755480672,28.02638145542572,0.16592095451155875,-0.001491424310216094,0.16592095451155875,67.0,0.04039274173502361,0.08762117822520521,0.07357693263733545,0.05257270693512317,0.1574695500869998,-0.12117822520507082,0.9236887894606016,60+,25-30,25-30,8
HDFCBANK,2024-05-24,758.6,50.38949690067105,48.6774141685565,34.9598272851358,20.046012467005685,0.16573952016873195,-0.022436066438175528,0.08350909570261011,110.0,0.00946480358555224,0.0370155549696809,0.10229369891906148,0.06670181914052198,0.0752043237542841,0.1476403901924599,0.27880305826522545,40-50,30+,20-25,8
HCLTECH,2010-12-02,104.82,53.093451097440365,48.7651491685076,42.550935274031744,21.858726006014475,0.16571265025758453,0.0,0.16571265025758453,47.0,0.014596451058958237,0.07088341919481023,0.0831902308719712,0.1704827323029956,0.09816828849456227,0.22781911848883807,-0.005914901736309819,40-50,30+,20-25,8
SUNPHARMA,2008-02-21,114.0,53.44523045995454,53.29202927197843,17.218393067120545,27.519638092234597,0.16535087719298236,-0.031140350877192913,0.16535087719298236,60.0,0.10017543859649125,0.15657894736842093,0.12324561403508771,0.16535087719298236,0.15982456140350876,0.28929824561403494,-0.10315789473684212,50-60,15-20,25-30,8
NTPC,2016-05-31,119.29,57.21340286973499,56.76615994835968,31.711159127478847,23.010758122091083,0.16522759661329522,0.0,0.044345712130102966,143.0,0.03705256098583276,0.035627462486377715,0.09187693855310575,0.11350490401542457,0.11459468522089034,0.148126414619834,0.11912146868974771,50-60,30+,20-25,8
ADANIPOWER,2025-02-27,99.45,41.83213710393791,38.30556318263719,21.864108904440698,26.68454106630442,0.1652086475615886,-0.03680241327300149,0.05620915032679741,64.0,0.011865258924082411,0.02966314731020625,0.014982403217697282,0.11161387631975872,0.10749120160884873,0.19074912016088486,0.4088486676721972,30-40,20-25,25-30,8
POWERGRID,2008-11-05,40.73,39.19192968619144,37.073755144713665,32.87567882605672,24.95299315052204,0.16498895163270322,-0.044193469187331136,0.08077584090351109,75.0,0.008838693837466494,-0.033881659710287115,0.07242818561257058,0.1387183893935675,0.17309108765038062,0.2987969555610117,0.47139700466486634,30-40,30+,20-25,8
SBIN,2013-04-12,208.18,39.72573230003556,39.6548927816117,27.21720651409907,32.89542402654268,0.16480929964453828,-0.10020174848688645,-0.09871265251224903,89.0,0.11783072341243161,0.09900086463637225,0.09410125852627527,-0.0404938034393314,-0.08190027860505333,-0.22711115380920355,-0.056537611682198174,30-40,25-30,30+,8
BHARTIARTL,2019-11-19,431.25,62.27765730692577,57.50330620922809,31.88665295449155,19.101177456946104,0.16480000000000006,-0.04255072463768117,0.16480000000000006,63.0,-0.015930434782608693,0.04496231884057966,0.023002898550724682,0.15784347826086953,0.28565797101449286,0.22464927536231882,0.08888115942028985,50-60,30+,15-20,8
HINDZINC,2021-10-13,332.85,50.72003004514596,48.053749859836174,31.124762982928402,18.328681064406222,0.16463872615292163,-0.06459366080817186,-0.013219167793300346,33.0,0.08126783836563001,-0.02703920684993244,-0.02643833558660058,0.10545290671473628,-0.018326573531620927,0.04716839417154861,-0.13129037103800523,40-50,30+,15-20,8
ETERNAL,2021-11-09,137.65,44.88675062345886,41.72568940211083,23.37639612659282,18.126422005617638,0.1645477660733745,-0.08063930257900476,-0.0018162005085361477,52.0,0.14493280058118407,0.08027606247729735,0.06247729749364317,-0.054122775154377134,-0.3203777697057756,-0.5877224845622957,-0.5256084271703596,40-50,20-25,15-20,8
TVSMOTOR,2021-01-29,560.7,66.05691761350478,65.9286702252575,35.47553916229097,24.65834972488104,0.1645264847512038,-0.04975922953451062,0.15177456750490448,89.0,0.12056358123773836,0.13509898341359006,0.09960763331549827,0.025860531478508975,0.13028357410379865,0.026663099696807357,0.08132691278758686,60+,30+,20-25,8
BHARTIARTL,2006-09-04,188.63,61.545171648777234,60.557284600358884,11.836077077606877,25.691807645442815,0.1645019350050363,-0.0015374012617292987,0.1645019350050363,43.0,0.006573715739808028,0.06043577373694542,0.10263478767958434,0.3079573768753645,0.5080315962466202,0.6405131739383978,1.050416158617399,60+,<15,25-30,8
BEL,2021-01-04,43.77,65.63440443144172,64.45791074975364,33.100287135028715,33.72377886137641,0.16449623029472238,-0.09184372858122003,-0.01919122686771768,114.0,0.025131368517249175,0.01713502398903355,0.05940141649531627,0.11948823395019414,0.0006854009595611554,0.3646333104866346,0.6461046378798261,60+,30+,30+,8
SBIN,2008-12-04,116.89,43.472021215459584,40.37003225369669,26.965071671510106,36.73046140225779,0.16417144323723165,-0.10899135939772431,-0.06347848404482848,63.0,0.025665155274189333,0.10873470784498251,0.16417144323723165,-0.06253742835144149,-0.18136709727093847,0.6313628197450594,0.9917015997946788,40-50,25-30,30+,8
TVSMOTOR,2016-03-11,287.95,54.08061587546888,53.56406073205823,19.33598466016421,18.037869110091574,0.16409098801875333,-0.014238583087341383,0.018579614516409215,98.0,-0.0019100538287897262,0.09446084389650977,0.09411356138218441,0.03872200034728257,0.006772009029345272,0.14828963361694725,0.5172773050876889,50-60,15-20,15-20,8
HDFCBANK,2013-04-05,155.24,43.756629842494625,43.457379235224366,28.740317575047644,21.307231716150554,0.16400412264880182,-0.0005797474877609066,0.15298892038134504,54.0,0.03665292450399371,0.1245812934810615,0.08786395258953861,0.09997423344498824,0.055076011337284125,0.024542643648544304,0.1681267714506569,40-50,25-30,20-25,8
DMART,2018-02-21,1237.8,57.20619932119759,57.201365941090764,17.540861381357267,30.61740233206645,0.16375828082081112,0.0,0.16375828082081112,47.0,0.0891501050250445,0.04928098238810796,0.034981418645984697,0.20334464372273398,0.11532557763774443,0.3040475036354824,0.18036031669090313,50-60,15-20,30+,8
SBILIFE,2018-10-12,552.5,37.18793079516081,34.318690291313715,32.14881393298896,29.523454954161608,0.163710407239819,-0.02497737556561075,0.04714932126696825,139.0,0.021085972850678703,0.0323981900452488,0.040814479638008994,0.01837104072398188,0.1488687782805429,0.12461538461538457,0.4999095022624436,30-40,30+,25-30,8
DIVISLAB,2009-08-27,265.48,51.195596472984455,46.57085908680299,20.787299738898618,16.885818458898854,0.16362814524634617,-0.034955552207322715,0.09379237607352708,76.0,-0.03352418261262635,-0.021960222992315925,0.0588368238662047,0.06881874340816618,0.12727889106524026,0.09511074280548448,0.40266686756064485,40-50,20-25,15-20,8
TCS,2024-06-10,3858.7,48.37897150770055,46.69900398568696,27.899191877146958,19.97772112375874,0.16360432269935465,-0.018516598854536492,0.16360432269935465,70.0,-0.011299142198149648,-0.010858579314276695,0.013074351465519607,0.09590017363360714,0.15312151760955772,0.15379531966724547,-0.10257340555109229,40-50,25-30,15-20,8
IOC,2010-08-17,64.43,62.753868984547104,62.292495304107035,41.62303518366134,34.778066370405654,0.1634331832997049,-0.12758031972683537,-0.028558125097004505,119.0,0.05509855657302487,0.06363495266180341,0.11330125717833295,0.05028713332298618,0.03197268353251581,-0.15117181437218696,-0.18904237156604076,60+,30+,30+,8
SHRIRAMFIN,2015-09-03,169.39,45.69051108159079,40.557848777973916,38.886862007543314,22.4928777451343,0.1633508471574474,-0.08684101776964392,-0.026270736170966313,109.0,0.005785465493830966,0.04905838597319789,0.0912096345711082,0.0856012751638231,0.024381604581144245,-0.018359997638585424,0.40474644311942853,40-50,30+,20-25,8
EICHERMOT,2014-08-21,999.22,75.1212772657053,75.00344967214734,58.39230757496962,64.72622776460737,0.16328736414403244,-0.023638437981625682,0.16328736414403244,21.0,-0.023638437981625682,0.09466383779347876,0.1763675667020277,0.16454834771121485,0.47568103120433936,0.6960529212785973,1.048077500450351,60+,30+,30+,8
SHRIRAMFIN,2017-03-07,186.25,44.462435443567145,44.34470129669562,27.254830237096016,18.963368458065574,0.16316778523489917,-0.007838926174496663,0.07119463087248312,85.0,0.06442953020134223,0.10233557046979858,0.14893959731543638,0.04902013422818796,0.07242953020134224,0.12456375838926159,0.3915704697986577,40-50,25-30,15-20,8
KOTAKBANK,2016-03-01,127.69,41.5826858006072,40.76042162807303,48.170136922040335,27.54810959667429,0.16312945414676183,-0.002584384055133504,0.16312945414676183,90.0,0.018952149737645918,0.0016446080350849268,0.06609758007674826,0.12491189599812036,0.16312945414676183,0.22390163677656827,0.2908606782050278,40-50,30+,25-30,8
BHARTIARTL,2018-03-09,362.44,41.35412847134703,41.08544494335943,18.996572153546147,26.77272782617061,0.1629511091491005,-0.11276349188831258,-0.06265864694846035,77.0,0.03630945811720565,0.026238825736673688,-0.054326233307581906,-0.002483169628076265,-0.05520913806423133,-0.07485376889967998,-0.16995916565500502,40-50,15-20,25-30,8
INFY,2005-10-04,164.24,67.45473593695584,65.52047188056108,38.93599563997313,34.63053141706138,0.16268874817340473,-0.08085728202630293,0.1169629810034094,160.0,0.020944958597174823,-0.03701899659035568,0.004018509498295186,0.06070384802727724,0.13376765708718952,0.1956892352654651,0.3698855333658062,60+,30+,30+,8
DIVISLAB,2008-07-22,343.15,46.72973893344539,46.286933639074135,29.734712251277873,25.30873957924551,0.16252367769197162,0.0,0.11207926562727688,38.0,0.009704210986449135,0.05603963281363833,0.09814949730438594,0.031181698965467186,-0.2814512603817573,-0.19108261693137107,-0.21687308757103296,40-50,25-30,25-30,8
TCS,2020-09-09,2327.65,64.33496130005568,64.13987673336068,29.781344438677685,46.26332989166652,0.1624599918372609,0.0,0.1624599918372609,26.0,0.07533349085988017,0.06006057611754323,0.20849354499172978,0.17139604321955604,0.2017700255622623,0.2918394088458316,0.6288531351362963,60+,25-30,30+,8
INFY,2023-05-03,1269.15,34.238809549353874,31.836117162086122,46.54422462265257,36.67356099274089,0.16235275578142838,-0.01887089784501439,0.08604183902611973,93.0,-0.004648780679982756,-0.017531418666036358,0.023519678524996923,0.050860812354725615,0.0756805736122601,0.08501753141866586,0.11448607335618322,30-40,30+,30+,8
KOTAKBANK,2005-07-08,41.41,68.43153052121323,67.99798625198436,30.41694827934781,31.0286688025845,0.16227964259840633,-0.030427432987201075,0.16227964259840633,28.0,-0.006520164211543,0.02583916928278196,0.20840376720598908,0.1678338565563875,0.12170973194880474,0.441197778314417,0.44361265394832183,60+,30+,30+,8
ADANIENT,2016-06-10,45.19,50.629101995065,49.43625349340603,22.31846709969251,17.978189541922266,0.1622040274396992,-0.05554326178358038,-0.0026554547466253187,90.0,0.05576454967913258,-0.0059747731799070225,0.12126576676255829,0.039610533303828355,-0.0026554547466253187,-0.06417348971011283,0.7517149811905288,40-50,20-25,15-20,8
RELIANCE,2008-03-25,260.11,41.14783819848603,38.34601674353002,30.122199378681902,45.50112306117264,0.1621237168890084,-0.12452423974472349,-0.10534004844104417,100.0,0.013609626696397648,0.029372188689400502,0.11618161547037786,0.08723232478566767,-0.12452423974472349,-0.11871900349851994,-0.33778016992810733,30-40,30+,30+,8
SHRIRAMFIN,2016-05-12,219.01,66.29506409560187,64.39868448225118,38.77637642145373,41.47994306381383,0.16200173508059001,-0.04438153508972198,0.08364914844071047,145.0,-0.016802885712981053,0.0687183233642299,0.03529519200036546,0.1428701885758643,0.14035888772202187,-0.05648143920368931,-0.11597643943198932,60+,30+,30+,8
HINDALCO,2018-07-27,213.4,41.89584803703222,39.01615344354291,33.41302882738525,22.987755208296527,0.16190253045923142,-0.02577319587628868,0.1382380506091847,66.0,-0.008434864104967299,0.043580131208997175,0.07895970009372077,0.13894095595126532,0.04194001874414233,-0.03725398313027184,-0.09442361761949392,30-40,30+,20-25,8
DMART,2021-08-18,3650.6,74.67170836772065,74.11138594278678,33.172914666005646,52.60691155407515,0.16135703719936445,-0.0020544568016216402,0.16135703719936445,30.0,0.0381033254807428,0.08710896838875803,0.16135703719936445,0.3416424697310032,0.3919629649920562,0.09016326083383563,0.2219772092258807,60+,30+,30+,8
TCS,2020-03-27,1824.5,40.37056889224816,36.58790109220805,34.75619092972613,40.10184457219109,0.16133187174568375,-0.09334064127158126,0.16133187174568375,91.0,-0.09334064127158126,-0.03576322280076738,0.0066319539599890565,0.06494930117840503,0.10501507262263621,0.3523979172375993,0.7311866264730065,30-40,30+,30+,8
LT,2010-06-02,725.14,53.46777669007287,52.89179748532557,15.185224900744183,13.54840823322276,0.16104476376975474,-0.0025374410458670615,0.16104476376975474,47.0,0.006867639352400978,0.05495490525967406,0.09467137380367929,0.11077860826874808,0.11160603469674824,0.20431916595416055,0.024836583280470004,50-60,15-20,<15,8
SBIN,2024-02-07,675.25,62.20342488568559,59.94674464686396,26.667257897341784,25.44762559355471,0.16097741577193636,0.0,0.1609033691225472,28.0,0.10092558311736388,0.14253980007404654,0.1457978526471677,0.1378008145131433,0.18756016290262867,0.20199925953350606,0.11403184005923728,50-60,25-30,25-30,8
COALINDIA,2021-12-31,146.05,43.37692940009874,42.401607467712665,26.97087289527105,30.360170594618815,0.16090380006846972,0.0,0.16090380006846972,59.0,0.07463197535090704,0.1280383430332077,0.09414584046559393,0.265320095857583,0.2533378979801437,0.2923656282095173,0.5388565559739813,40-50,25-30,30+,8
BAJAJ-AUTO,2009-12-01,818.95,71.13509754809753,69.67304173854812,35.409662698364755,28.374921274493538,0.16066914952072775,-0.008669637951034925,0.16066914952072775,94.0,0.004981989132425646,0.06371573356126747,0.07137187862506855,0.0461322425056474,0.12855485682886614,0.3488979791196043,0.9185542462909824,60+,30+,25-30,8
TITAN,2013-03-21,249.0,42.01885401997869,39.774215606852614,29.04582604090173,21.167147904826113,0.1606425702811245,-0.03875502008032128,0.1606425702811245,67.0,0.029718875502007913,0.0008032128514054993,0.09879518072289173,0.0893574297188755,-0.06967871485943777,-0.10923694779116466,0.024096385542168752,30-40,25-30,20-25,8
SUNPHARMA,2010-03-04,158.68,59.68718848308906,58.92869577905564,30.199452548709733,44.37906585859219,0.1606377615326442,-0.03642551046130582,0.03043861860347863,84.0,0.06705318880766309,0.06995210486513725,0.1606377615326442,-0.00844466851525083,0.06031005797832112,0.11066296949836141,0.36236450718427027,50-60,30+,30+,8
HAL,2023-02-14,1233.65,48.03802659493347,47.95391695986905,21.09881908929428,30.809881271037952,0.1604831191991245,0.0,0.12181737121549863,51.0,0.06280549588619144,0.043367243545576084,0.10353828071170912,0.14759453653791588,0.2257771653224172,0.5721071616747051,1.3970331941798726,40-50,20-25,30+,8
ASIANPAINT,2014-06-12,549.3,57.94663870709728,54.391783833583396,31.068602584903235,27.25907508196984,0.16038594574913523,-0.017203713817585897,0.16038594574913523,43.0,0.03404332787183706,0.06462770799198991,0.07318405243036596,0.11742217367558716,0.19042417622428554,0.42326597487711637,0.28463498998725667,50-60,30+,25-30,8
BAJAJ-AUTO,2012-01-20,1561.35,45.830944887630544,42.7067912534179,42.93435428705753,35.69411659328863,0.16027796458193233,-0.013834181957920966,0.09908092355974008,89.0,-0.013834181957920966,0.03234380504050982,0.15877285682262143,0.08162807826560359,0.1078233579914818,-0.025907067601754763,0.3181541614628367,40-50,30+,30+,8
IOC,2016-12-28,105.4,59.557660933649544,58.46808834458009,30.846959322240032,32.03668059335184,0.1600569259962048,0.0,0.1600569259962048,27.0,0.08462998102466779,0.10407969639468684,0.21451612903225792,0.22039848197343437,0.16707779886148,0.23462998102466792,0.23975332068311173,50-60,30+,30+,8
TITAN,2007-04-04,43.82,51.53725430000962,50.83957967203431,21.595021073228473,25.576461338544014,0.15997261524418072,0.0,0.13852122318576,37.0,0.07279780921953449,0.1348699224098584,0.11706983112733926,0.2749885896850752,0.5324052943861253,0.6581469648562299,0.17640346873573698,50-60,20-25,25-30,8
ADANIENT,2006-09-28,40.07,53.687643936199684,52.979975288305056,12.921584136792859,22.35858719608096,0.15997005240828543,0.0,0.15997005240828543,42.0,0.14474669328674805,0.11679560768654862,0.0683803344147742,0.5817319690541554,0.8512602944846521,0.5657599201397554,3.3401547292238583,50-60,<15,20-25,8
DIVISLAB,2006-09-18,106.68,67.57760220640425,67.0603708645708,18.93643453453475,39.42524217610471,0.15991751031121093,-0.009467566554180795,0.15991751031121093,35.0,-0.009467566554180795,0.03749531308586418,0.12167229096362941,0.36389201349831257,0.3592050993625795,0.3627671541057367,1.7693100862392201,60+,15-20,30+,8
RELIANCE,2019-01-15,507.97,48.34463135292455,48.322262212847605,20.534203716448673,20.492954069588393,0.15987164596334402,0.0,0.12166072799574779,52.0,0.09339134200838628,0.07169714746933864,0.08368604445144401,0.1950902612358998,0.18632990137212824,0.12963363978187692,0.34895761560722094,40-50,20-25,20-25,8
HINDZINC,2010-09-28,98.37,54.137344772108065,52.5961651062709,24.943887206785917,22.373904142816855,0.1598048185422385,-0.044220799024092816,0.07929246721561456,83.0,0.025414252312697005,0.07176984853105628,0.09616753075124529,-0.01138558503608833,0.12452983633221515,0.21378469045440673,0.07197316254955788,50-60,20-25,20-25,8
HINDUNILVR,2017-02-21,848.66,51.599434817148385,49.48175098246609,20.886861844851566,20.20300028947182,0.15954563665071997,-0.00521999387269334,0.15954563665071997,84.0,0.003652817382697515,0.010781702919897329,0.04549525133740251,0.04845285508919939,0.18064949449720746,0.3809888530153418,0.5422784153842528,40-50,20-25,20-25,8
INFY,2022-10-04,1429.4,43.554839718093,39.96990446934577,36.40089794621551,24.607174724984112,0.15929760738771503,-0.0066461452357632345,0.06723100601651044,104.0,-0.003917727717923647,0.05197985168602215,0.0709038757520637,0.14715964740450538,0.06618161466349504,-0.012977473065622025,0.010458933818385141,30-40,30+,20-25,8
SUNPHARMA,2018-05-28,499.7,41.43174147079216,38.35359701466882,40.0519932825472,34.94515900899437,0.15929557734640776,-0.05243145887532519,0.14998999399639779,65.0,-0.042225335201120595,0.07204322593556145,0.15449269561737045,0.1147688613167901,0.2443466079647787,0.022113267960776506,-0.1740044026415849,30-40,30+,30+,8
ITC,2007-08-28,52.8,51.5717069550799,50.506819105446326,32.06725417783203,22.151847017267595,0.15928030303030316,0.0,0.13143939393939408,79.0,0.03162878787878798,0.09791666666666665,0.10757575757575766,0.09053030303030307,0.12102272727272734,0.2054924242424243,0.09867424242424239,50-60,30+,20-25,8
BAJAJ-AUTO,2010-06-22,1165.33,71.96023195627086,71.63996311547665,26.290429443177405,41.66492159891043,0.15918237752396314,0.0,0.15332137677739355,38.0,0.06544927188006833,0.04601271742768143,0.06858143186908428,0.1907785777419273,0.25213458848566517,0.24556992439909742,0.15199128143959229,60+,25-30,30+,7
ETERNAL,2023-02-06,47.75,34.732778236160584,34.43059928727567,49.46632911243178,32.27429192186142,0.15916230366492146,0.0,0.0680628272251309,53.0,0.08481675392670152,0.1434554973821991,0.14764397905759163,0.12984293193717278,0.35916230366492163,1.0439790575916228,1.9308900523560206,30-40,30+,30+,7
ADANIENT,2025-03-03,2052.51,33.65083128125759,33.190880980740886,46.11316284231279,54.654341990312815,0.15894197835820512,0.0,0.08364880073665892,60.0,0.05252105958070841,0.0640484090211495,0.11917116116364834,0.08364880073665892,0.18973841783962064,0.07892775187453416,0.011688128194259573,30-40,30+,30+,7
BAJAJFINSV,2021-08-24,1646.17,77.84029520505803,76.7612978065317,67.5137876220508,57.207595823670715,0.15884750663661706,-0.03860476135514568,0.040931374037918244,133.0,0.04173931003480802,0.0194086880455846,0.1240576611164097,0.09873828340936841,0.0371832799771592,-0.027305806812176203,-0.00776347521823384,60+,30+,30+,7
ASIANPAINT,2012-04-23,347.1,65.88372852354603,63.88260029363299,43.4675588529516,38.57381952446204,0.15859982713915288,-0.014030538749639887,0.07859406511091893,106.0,0.01607605877268803,0.04995678478824539,0.05949294151541329,0.1210890233362143,0.03791414577931418,0.1320080668395276,0.33952751368481704,60+,30+,30+,7
SUNPHARMA,2022-09-22,908.0,53.655861117072995,52.23281300583287,21.549429417067984,15.516819186099532,0.1585352422907489,-0.011949339207048437,0.13749999999999996,112.0,0.025000000000000133,0.05055066079295156,0.08700440528634368,0.10479074889867834,0.1074889867841411,0.05308370044052868,0.24708149779735677,50-60,20-25,15-20,7
INDIGO,2020-03-27,1027.3,32.66699955024042,31.428656970093794,54.847026773005126,34.62387026173584,0.15832765501800838,-0.1520490606444076,-0.07154677309451962,129.0,-0.07208215711087307,0.04000778740387445,-0.1520490606444076,-0.08303319380901386,0.01718095979752765,0.2486128686849023,0.5432687627762096,30-40,30+,30+,7
JSWSTEEL,2010-03-02,111.28,60.26816937149876,59.89493837226269,39.650950918624346,26.61589741706999,0.15824946081955416,-0.10639827462257367,-0.06640905823148813,108.0,0.07242990654205617,0.07746225736879953,0.12392163910855492,0.09795111430625458,-0.004223580158159601,0.024352983465133038,-0.13713156002875637,50-60,30+,25-30,7
INFY,2006-06-21,182.7,48.347825265450815,45.70932979894857,27.677118163687737,41.11923849334393,0.15818281335522721,-0.007881773399014746,0.12643678160919558,35.0,0.017569786535303722,0.09266557197591685,0.09611384783798571,0.23021346469622328,0.24274767378215678,0.5219485495347564,0.3399562123700055,40-50,25-30,30+,7
ADANIENT,2025-09-08,2240.39,43.824850108907526,43.35129735750371,27.570100610080534,28.485908029476484,0.15816442672927478,0.0,0.09891581376456782,70.0,0.03137400184789252,0.13786885319073927,0.0922607224634997,0.025317020697289472,-0.010797227268466658,-0.10765536357509176,,40-50,25-30,25-30,7
ULTRACEMCO,2015-06-23,2895.9,49.96410682909806,48.18218164293278,23.09414035691233,17.168513719211585,0.15813736662177558,-0.07683276356227775,-0.027020960668531324,107.0,0.033685555440450266,0.09171587416692573,0.11852964536068233,-0.018560723781898547,0.0035567526502986446,-0.03133740805967056,0.14340964812320856,40-50,20-25,15-20,7
TVSMOTOR,2025-01-21,2291.9,40.20562420331037,40.08772708632356,34.38579491328366,32.359259928451586,0.15788210654915136,-0.02897159561935514,-0.01095161219948515,55.0,0.019154413368820622,0.1538025219250403,0.05556525153802516,0.0666695754614075,0.19359483398054,0.23718312317291335,0.5716217985077883,40-50,30+,30+,7
BEL,2019-05-20,33.1,56.453137118941264,51.3795601112628,26.477900692729655,20.092846478681317,0.157703927492447,-0.07401812688821763,-0.06042296072507558,94.0,0.13806646525679755,0.11993957703927483,0.08368580060422959,-0.007552870090634434,-0.014501510574018273,0.10664652567975841,-0.37250755287009063,50-60,25-30,20-25,7
DIVISLAB,2005-08-19,71.55,67.0905082852075,66.29782442608192,29.996739601551447,44.03072250300197,0.1576519916142558,-0.09392033542976941,-0.018169112508735097,96.0,0.01956673654786867,0.049336128581411565,0.0436058700209645,0.004751921733053832,-0.020265548567435454,0.2525506638714188,0.262753319357093,60+,25-30,30+,7
ULTRACEMCO,2006-03-07,603.05,70.46438730145395,68.45667783884124,47.88365385747958,27.649704081714326,0.157615454771578,-0.03308183401044673,0.157615454771578,27.0,0.02321532211259436,0.049995854406765794,0.18887322775889248,0.3216151231241191,0.02993118315230925,0.27974463145676154,0.3152309095431556,60+,30+,25-30,7
NTPC,2006-07-26,93.08,44.479260044453746,43.847474965615184,38.33797533268538,56.553636450606014,0.15760636012032658,0.0,0.15760636012032658,49.0,0.07788998710786421,0.08422862054146973,0.12000429737859908,0.13654920498495926,0.13343360550064465,0.24000859475719816,0.5053717232488184,40-50,30+,30+,7
SBIN,2010-04-20,209.84,49.01871806846861,48.82007756245783,29.866398499187575,19.663346889762703,0.15759626382005343,0.0,0.15759626382005343,84.0,0.05690049561570709,0.08658978269157447,0.08058520777735412,0.13791460160122004,0.17008196721311464,0.5095787266488752,0.3320148684712161,40-50,25-30,15-20,7
RELIANCE,2025-10-14,1375.9,46.91277242799125,46.78914838716565,15.212221301186402,13.820401829688661,0.15727887201104718,-0.021004433461734195,0.0490587978777528,114.0,0.06490297259975275,0.08067446762119346,0.09811759575550538,0.1310415001090195,0.07798531870048686,-0.04418925794025741,,40-50,15-20,<15,7
HCLTECH,2021-12-09,1168.55,52.446953116572764,52.36524425937165,23.872159032841935,36.528931922017804,0.15711779555859828,-0.07770313636558124,-0.012280176286851185,88.0,-0.007530700440717131,0.05040434726798182,0.10230627700996964,-0.009584527833640055,0.012109024004107738,-0.12464164990800564,-0.12070514740490346,50-60,20-25,30+,7
SHRIRAMFIN,2018-07-18,242.21,40.884470365154975,39.449775310091994,44.90203322831364,31.43846837235411,0.1570537962924734,-0.05301184922174973,0.07889847652863202,41.0,0.03662111390941747,0.12625407704058467,0.07150819536765596,-0.033194335493992866,-0.13385079063622485,-0.055901903307047696,-0.1512324016349449,30-40,30+,30+,7
ADANIPOWER,2021-01-11,11.22,68.4071261891554,65.99327015933406,34.97767859352758,49.991216419738954,0.1568627450980391,-0.12655971479500894,0.1568627450980391,51.0,-0.045454545454545414,-0.08734402852049916,-0.07130124777183611,0.34670231729055256,0.6541889483065952,0.928698752228164,0.9349376114081995,60+,30+,30+,7
M&M,2011-08-30,369.08,53.479077706466,51.8457026884263,19.61914013560996,18.484753216239383,0.1567139915465483,0.0,0.15069903543947105,57.0,0.08011813157039116,0.05911997398937907,0.10260648097973335,0.17229326975181536,-0.03319063617643869,-0.056220873523355364,0.045572775550016154,50-60,15-20,15-20,7
JSWSTEEL,2025-01-20,919.2,46.02786906940999,43.62133840432039,32.47902885049468,19.877630279148818,0.1566579634464751,-0.0033181026979983708,0.08463881636205395,154.0,0.0001631853785899473,0.016046562228024364,0.06326153176675375,0.1517624020887729,0.12489120974760648,0.12576153176675353,0.26196692776327235,40-50,30+,15-20,7
HINDALCO,2023-06-02,420.75,46.44005084614649,43.90730471332144,21.623808783373214,20.397108407631677,0.15662507427213312,-0.02911467617349972,0.15662507427213312,94.0,-0.013547237076648844,0.01473559120617951,0.0116458704693998,0.10303030303030303,0.09292929292929308,0.22982768865121828,0.6540701128936424,40-50,20-25,20-25,7
SBIN,2005-07-26,70.91,63.45327959428549,61.92005948634732,22.014305388922285,18.615262346186434,0.156254406994782,0.0,0.156254406994782,48.0,0.06910167818361312,0.03384571992666774,0.03990974474686215,0.21689465519672835,0.14990833450853214,0.20081793823156135,0.0035255958256945608,60+,20-25,15-20,7
DIVISLAB,2012-05-16,443.35,63.57188234608047,62.79994785829263,46.27258687922954,32.96118113530678,0.15615202435998654,0.0,0.15615202435998654,44.0,0.06457651967971123,0.047750084583286334,0.041051088304950856,0.19375211458215857,0.28735761813465643,0.34036314424269754,0.27375662569076353,60+,30+,30+,7
IOC,2007-02-20,37.12,29.584485916149266,27.300392949744854,42.54026551778203,45.68585794828563,0.1559806034482758,-0.1325431034482757,-0.0078125,127.0,-0.061422413793103314,-0.09186422413793094,-0.055495689655172264,-0.08459051724137934,0.13092672413793105,-0.1400862068965516,0.19881465517241392,20-30,30+,30+,7
MARUTI,2022-01-04,7630.1,55.15748314605125,51.94944853123083,18.51049742985338,25.646587610193865,0.1559743646872256,0.0,0.1270428958991363,35.0,0.06733201399719535,0.03735861915309102,0.12628274858782973,-0.11284911075870563,0.01896436481828534,0.10658444843448978,0.10389116787460173,50-60,15-20,25-30,7
LT,2020-03-27,837.05,25.42764404759386,23.609337795451296,75.06875199993308,50.31790174143154,0.15596439878143498,-0.07490591959859016,0.09862015411265768,115.0,-0.0745475180694104,0.03392867809569333,0.021743026103578034,-0.013738725285227904,0.1266949405650799,0.028134520040618893,0.700674989546622,20-30,30+,30+,7
M&M,2026-06-12,3042.9,42.17984552607463,41.27504537557421,32.264432706036324,24.472167304169815,0.15580531729600056,-0.001840349666436647,0.12228466265733351,68.0,0.010483420421308676,0.016464556837227695,0.03861447960826836,0.13710605014952826,,,,40-50,30+,20-25,7
TITAN,2023-11-20,3345.85,62.781554781577924,62.59082937120543,32.406251022093315,33.5604228088236,0.15565551354663243,-0.029932603075451758,0.011357353138963244,184.0,0.02885664330439197,0.04260501815682116,0.062241283978660134,0.1389034176666617,0.1043680977927881,0.004991257826860274,-0.036209035073299756,60+,30+,30+,7
HINDUNILVR,2022-03-14,2025.67,33.40104427855013,32.156958994155005,41.66083098253147,52.276198298616386,0.15563739404740162,-0.051617489521985416,0.09387017628735195,101.0,-0.003934500683724362,-0.040885237970646804,0.045091253758015926,0.06545982316961796,0.06681739868784153,0.25304713995863093,0.1860569589321064,30-40,30+,30+,7
TCS,2006-11-22,287.03,67.74561323304818,65.43491305294103,39.334551751674745,30.657119261782526,0.15524509633139405,-0.02403929902797608,0.088945406403512,146.0,0.014319060725359822,0.04396752952653027,0.005086576316064573,0.14399191722119653,0.13190258857959103,0.07744835034665365,-0.17238616172525512,60+,30+,30+,7
BAJAJ-AUTO,2017-09-01,2916.35,49.452934953666215,46.67013050126011,25.524301223856774,14.948404885660139,0.15521113720918267,-0.0004114732456665937,0.135563289728599,146.0,-0.0003086049342500008,0.03746121007423664,0.0843005812059594,0.11684125705076553,0.133437344625988,0.03574673821729224,-0.04953109194712557,40-50,25-30,<15,7
HINDZINC,2008-07-09,45.23,35.52950637132276,35.104295302948515,42.41889671380741,44.85230561269213,0.1552067212027417,-0.5368118505416759,-0.4625248728719876,111.0,0.021003758567322617,0.0634534600928589,0.14216228167145695,0.09639619721423842,-0.34379836391775365,-0.25956223745301776,0.11651558699977893,30-40,30+,30+,7
JSWSTEEL,2012-05-31,62.87,44.45156273968492,42.71073714717099,20.69250658891213,15.738120803665808,0.1550819150628282,-0.04485446158740258,0.07078097661841887,48.0,0.0316526165102593,0.0022268172419277477,0.08080165420709418,0.061555590901861024,0.09591219977731846,0.17178304437728653,0.08795928105614781,40-50,20-25,15-20,7
M&M,2010-05-31,286.35,53.138087370860006,51.82763082149706,18.090548724524734,21.413047935817573,0.15505500261917216,-0.014737209708398868,0.14475292474244794,101.0,0.013200628601361952,0.0750829404574822,0.09540771782783297,0.15505500261917216,0.06397764972935227,0.3453116815086432,0.1735638204993888,50-60,15-20,20-25,7
ASIANPAINT,2016-05-09,906.6,55.716223870919585,51.95635605552427,25.18029200335498,10.453217454299361,0.15491947937348316,-0.009099933818663142,0.15491947937348316,74.0,0.05079417604235603,0.044120891242003024,0.12293183322303092,0.11482461945731304,0.2666556364438559,0.14422016324729747,0.2853518641076549,50-60,25-30,<15,7
DIVISLAB,2021-03-30,3584.25,51.339837550766305,49.026418110869656,37.423413977341376,33.198391277904875,0.1548580595661575,0.0,0.14954314012694425,59.0,0.02897398339959545,0.037441584710887765,0.09112087605496266,0.17011927181418707,0.2037106786635976,0.3761735370021624,0.2662621189928158,40-50,30+,30+,7
HYUNDAI,2025-04-15,1653.9,41.9095088351847,41.54214689324703,24.141380282164874,22.328246694338148,0.15484612128907416,-0.010641513997218799,0.12527964205816544,52.0,0.0301106475603119,0.013725134530503613,0.11010339198258645,0.17262228671624635,0.29923211802406446,0.4413809782937299,0.07709051333212402,40-50,20-25,20-25,7
DIVISLAB,2014-06-10,664.33,48.630113754024855,45.201537441951544,41.909676559151535,38.71347879466635,0.15477247753375578,-0.003763189980882986,0.11969954691192619,36.0,0.014179699847967075,0.013502325651407965,0.11146568723375427,0.13673927114536433,0.2679391266388693,0.251862779040537,0.3331175771077626,40-50,30+,30+,7
AXISBANK,2016-05-26,519.0,64.08130770667601,62.63491067686569,35.78170638129802,31.825136125199023,0.1545279383429674,-0.016377649325626242,0.1545279383429674,99.0,0.010308285163776576,0.04547206165703277,-0.008766859344893962,0.03680154142581893,0.12408477842003851,-0.09296724470134876,-0.014547206165703264,60+,30+,30+,7
AXISBANK,2023-03-21,855.6,45.151487663476516,44.30151410840608,24.749672545404856,33.49412505502838,0.15410238429172507,-0.02705703599812992,0.14451846657316492,155.0,-0.02705703599812992,0.005726975222066333,0.01536933146330055,0.07240532959326784,0.12862318840579712,0.1976975222066386,0.20938522674146798,40-50,20-25,30+,7
TVSMOTOR,2012-09-14,39.95,51.295574091537986,50.829129034641994,15.748812409582921,21.66399099253433,0.15394242803504365,-0.0763454317897373,-0.02377972465581979,77.0,0.06883604505632035,0.0588235294117645,0.04755944931163958,-0.007509386733416834,-0.03879849812265346,-0.03754693366708384,-0.153942428035044,50-60,15-20,20-25,7
TITAN,2023-03-16,2450.35,45.95220120178649,42.003854286796035,28.81841718834799,22.047972319487744,0.15381476115656945,0.0,0.15381476115656945,77.0,0.028036811067806644,0.02634317546472964,0.0633582957536678,0.1343481543452978,0.18638153733140173,0.300140796212786,0.4827269573734365,40-50,25-30,20-25,7
NTPC,2006-11-06,111.17,59.616972779909275,58.002914993507524,26.42710394284247,23.01470989415211,0.15363857155707472,-0.037510119636592676,0.1101915984528199,25.0,0.034091931276423404,0.015741656921831382,0.10974183682648198,0.034451740577494006,0.05882882072501561,0.16866060987676512,0.8009355041827833,50-60,25-30,20-25,7
M&M,2012-09-24,419.55,68.18413083017157,65.51286041376301,38.8959616591886,27.003977630004417,0.15361697056369916,-0.018281492074842087,0.055416517697532974,164.0,0.029269455368847508,0.0317006316291264,0.02240495769276607,0.13698009772375164,0.11745918245739473,0.030222857823858806,0.03861279942795859,60+,30+,25-30,7
ADANIPOWER,2020-07-28,7.1,44.82135118736739,43.19510182347377,21.918915834307107,18.100794852890886,0.1535211267605634,-0.014084507042253502,0.012676056338028374,97.0,0.012676056338028374,0.06056338028169028,0.11126760563380289,0.04647887323943656,-0.00985915492957734,0.44225352112676064,1.7338028169014086,40-50,20-25,15-20,7
BAJFINANCE,2024-08-21,673.54,45.852279828755094,43.8156884144978,27.037936658802316,23.019438548538517,0.15336876800190047,-0.04004216527600424,-0.023680850432045486,100.0,0.024438043768744366,0.08375152181013767,0.1257683285328266,0.006755352317605601,-0.020800546366956718,0.2510912492205364,0.3296908869554891,40-50,25-30,20-25,7
TITAN,2018-03-14,865.0,61.62305595775993,57.45280533488217,21.76372224463845,32.03545506635944,0.15329479768786136,-0.06537572254335255,-0.039075144508670445,124.0,0.008381502890173476,0.08936416184971097,0.14121387283236997,0.06358381502890165,0.04589595375722544,-0.00861271676300579,0.2558959537572254,50-60,20-25,30+,7
JSWSTEEL,2007-04-16,57.94,75.89500311452916,73.64036357763582,46.038517697313424,21.230142439415893,0.1530894028305143,-0.04142216085605799,0.1530894028305143,86.0,0.023127373144632424,0.004832585433206749,0.05730065585088018,0.011908871246116837,0.24853296513634815,0.7033137728684846,0.2877114256127029,60+,30+,20-25,7
HINDALCO,2007-03-16,117.62,32.7127288858248,31.414272006990256,45.88887018348889,43.10285206948828,0.1526951198775719,-0.016493793572521676,0.13076007481720797,80.0,0.044720285665702963,0.004676075497364263,0.11418126169018872,0.12344839313041978,0.2649209318143173,0.19741540554327486,0.26645128379527283,30-40,30+,30+,7
INFY,2013-10-14,415.54,70.87940670598877,67.90975047716086,36.63862157960256,55.70416539886456,0.1526928815517159,-0.05224527121336098,-0.043172739086489886,198.0,0.0033450450016845323,-0.00026471579150022517,0.0023343119795926626,0.014896279539875712,0.10249314145449295,-0.01939644799537954,0.1786831592626461,60+,30+,30+,7
BAJFINANCE,2026-04-06,850.85,38.5739574661395,36.840396465830764,33.62240577350612,33.52273174054958,0.1526708585532115,0.0,0.07721690074631238,46.0,0.05653170359052706,0.0786272550978433,0.1526708585532115,0.04530763354292766,0.20949638596697406,,,30-40,30+,30+,7
TVSMOTOR,2017-02-13,411.45,64.861883195181,63.34509904872432,55.83297678464342,28.462212511811636,0.15250941791226147,-0.0035241220075342694,0.15250941791226147,56.0,0.03463361283266497,0.05905942398833397,0.06756592538583073,0.14922833880179853,0.27524608093328484,0.3460930854295785,0.5895005468465184,60+,30+,25-30,7
GRASIM,2012-07-27,440.01,57.72419169068625,56.34252134665243,23.67815141750745,30.568076479523498,0.15240562714483752,0.0,0.15222381309515698,55.0,0.07829367514374663,0.10936115088293441,0.12313356514624663,0.20408627076657337,0.2676302811299742,0.1259062294038773,0.005727142564941667,50-60,20-25,30+,7
ADANIPORTS,2019-08-28,365.95,41.82176450556002,40.71869261132051,39.16059463657158,34.1364882208963,0.15234321628637804,-0.012706653914469124,0.010247301543926834,105.0,-0.004372181992075341,0.020221341713348995,0.11654597622626062,0.09249897526984574,0.012160131165459775,-0.010110670856674386,-0.04208225167372581,40-50,30+,30+,7
BAJAJ-AUTO,2021-12-24,3152.05,30.041424188387335,27.823064229087436,51.33393253559889,38.48470205926064,0.15231357370600085,0.0,0.09533478212591806,80.0,0.030837074284989052,0.07628368839326782,0.07304769911644793,0.14233594010247286,0.13700607541124032,0.15342396218334087,0.12694912834504524,20-30,30+,30+,7
TATASTEEL,2011-10-07,39.99,31.94846389887196,28.20227214458203,51.00645858602368,41.07777464175117,0.15228807201800443,-0.10677669417354341,-0.08227056764191043,54.0,0.04326081520380076,0.03150787696924229,0.11352838209552396,-0.005251312828207122,-0.13603400850212566,0.13303325831457857,-0.028757189297324293,20-30,30+,30+,7
GRASIM,2017-07-18,1065.8,69.136485348999,68.3646073318673,67.37150866492179,43.48627466847529,0.15206417714392928,-0.018727716269469008,0.15206417714392928,55.0,0.005151060236442184,0.027444173390880122,0.02865453180709321,0.14921185963595418,0.06772377556764875,0.16150309626571602,-0.11816475886657907,60+,30+,30+,7
BAJFINANCE,2015-12-18,58.14,63.76133123016604,63.16074672748935,29.78463066792513,18.989129483515224,0.1520467836257311,-0.0534915720674235,0.11351909184726505,88.0,0.015823873409012812,0.0485036119711042,-0.0534915720674235,0.033883728930168555,0.1320949432404539,0.3159614723082216,0.4153766769865841,60+,25-30,15-20,7
HDFCBANK,2023-11-03,741.88,36.04651834942156,35.71598535967632,26.894937380541997,33.92082653333333,0.15197875667223815,-0.06719415538901174,-0.019854963066803233,109.0,0.005216477058284319,0.014382379899714248,0.08467676713215089,0.1451312880789346,-0.011726963929476475,0.03268722704480509,0.15524073974227637,30-40,25-30,30+,7
BAJAJ-AUTO,2019-08-02,2600.55,36.20663642374403,33.95945718411181,34.28951328231376,30.87207936871052,0.15173713252965704,0.0,0.11468727769125753,70.0,0.04116436907577237,0.057833919747745544,0.06292899578935218,0.11899405894906834,0.24871661763857644,0.18892157428236334,0.12185883755359428,30-40,30+,30+,7
ADANIENT,2020-04-13,141.55,43.35913293351011,39.38886117903935,28.652283239070712,53.81059417897433,0.15167785234899323,-0.09897562698693041,0.10067114093959728,98.0,0.00473330978452835,-0.07813493465206645,-0.03327446132108802,0.04309431296361699,0.06880960791239832,1.15987283645355,6.577534440127162,30-40,25-30,30+,7
BHARTIARTL,2019-02-21,279.3,46.55913822919307,44.600589132739984,22.604107144480306,11.511164503680313,0.15134264232008587,-0.007268170426065312,0.14042248478338704,62.0,0.02631578947368407,-0.007268170426065312,0.05517364840673089,0.12746151092015734,0.17783745076978175,0.2583243823845327,0.8622627998567847,40-50,20-25,<15,7
HDFCBANK,2006-07-26,78.11,49.637958067746254,46.83682465426302,32.476526250992244,39.155150124242724,0.15132505441044697,-0.0016643195493534213,0.15132505441044697,63.0,-0.0016643195493534213,0.035590833440020564,0.08820893611573433,0.12443989245935216,0.2799897580335424,-0.32377416463961084,-0.22084240174113434,40-50,30+,30+,7
HINDALCO,2010-02-26,162.65,60.545741108280836,57.54322588290694,29.576591233352538,28.872247402994727,0.15124500461112822,-0.18751921303412233,-0.11005225945281283,109.0,0.03289271441746067,0.014755610205963832,0.1328004918536736,0.12972640639409772,-0.08761143559790963,0.006148170919151541,0.23793421457116493,50-60,25-30,25-30,7
M&M,2007-12-03,187.9,49.65864195771264,47.889620696044794,16.947921423729724,19.66025996815219,0.15103778605641294,-0.22969664715274074,-0.14236295902075569,77.0,0.031293241085683876,0.021287919105907438,0.13932943054816405,-0.10723789249600857,-0.08488557743480585,-0.21234699308142635,-0.6688664183076105,40-50,15-20,15-20,7
JSWSTEEL,2012-12-17,76.67,54.32738925159296,54.24467911929483,29.216701911516637,23.45645643719239,0.15103691143863318,-0.21781661666884056,-0.08999608712664675,106.0,0.055171514281987744,0.05921481674709783,0.0945611060388678,0.0373027259684362,-0.10421286031042121,-0.09847397939220026,0.20568670927350974,50-60,25-30,20-25,7
MARUTI,2026-04-02,12631.0,34.55572995569894,32.499180391086455,42.183207209019415,49.47485209700398,0.15097775314701933,0.0,0.09270841580239098,117.0,0.07584514290238298,0.055735887894861946,0.07513261024463613,0.024938643021138462,0.1396564009183754,,,30-40,30+,30+,7
ICICIBANK,2006-10-18,135.37,72.07970105321999,71.76396886591955,27.839099890147054,30.7631933231416,0.15091970155869094,-0.032208022456969854,0.15091970155869094,27.0,0.019871463396616607,0.04513555440644157,0.1772918667356136,0.19154908768560253,0.28942897244588917,0.19302651990839914,0.392110511930265,60+,25-30,30+,7
ADANIGREEN,2021-02-22,1141.45,68.8900699976475,67.49697063403434,21.49205412635685,35.90725219507439,0.15086074729510712,-0.10731963730342986,-0.04678260107757681,81.0,-0.00039423540233918253,0.026413771956721677,0.1313241929125235,-0.07801480572955444,0.192299268474309,-0.1820491480134917,0.7275833369836611,60+,20-25,30+,7
TITAN,2018-10-08,813.55,38.35273788408486,37.846715901406995,39.00267253497131,28.206566516747873,0.15082047815131228,-0.07872902710343554,0.11498985925880412,63.0,-0.007805297769036823,-0.047630754102390704,0.04498801548767739,0.12666707639358377,0.1604080880093417,0.3575072214369124,0.5122610779915187,30-40,30+,25-30,7
SUNPHARMA,2025-09-09,1591.7,40.68656424627825,39.21775594655746,19.177098233534,30.60714150500915,0.15071935666268765,-0.0031412954702518814,0.07080479989947852,148.0,0.01181127096814727,0.02481623421499024,0.04196770748256573,0.066658289878746,0.1284789847333041,0.13551548658666834,,30-40,15-20,30+,7
NESTLEIND,2013-09-06,250.42,49.12252816589794,48.944330140067834,28.927670911072983,26.116123499733998,0.1507068125549078,-0.031067806085775862,0.06453158693395089,104.0,-0.009983228176663195,0.003274498841945528,0.012379202939062361,0.1446370098234966,0.01737081702739407,-0.046202380001597265,0.2778132737001837,40-50,25-30,25-30,7
INFY,2025-04-15,1426.0,27.68330052953533,27.006486446428763,50.31848613148523,47.935544219763486,0.15056100981767173,-0.009046283309957937,0.049228611500701236,127.0,-0.0022440392706872814,0.05014025245441789,0.13113604488078545,0.1387096774193548,0.10119214586255265,0.04712482468443202,-0.08464235624123428,20-30,30+,30+,7
ASIANPAINT,2021-05-17,2782.75,61.20928588401324,55.63567832967985,23.02341490065002,23.446653375620475,0.15042673614230528,0.0,0.15042673614230528,106.0,0.013098553589075523,0.06998472733806493,0.0847902254963615,0.07422513700476152,0.06779265115443356,0.13869373820860642,0.09603809181565004,50-60,20-25,20-25,7
JSWSTEEL,2022-10-31,673.95,55.110618164960854,53.80221420537915,29.603924622466817,23.79049979293368,0.1503820758216483,-0.02396320201795399,-0.02069886490095707,148.0,0.05349061503078856,0.06743823725795672,0.10304918762519466,0.1396246012315452,0.04117516136211874,0.0948883448327027,0.09258847095481859,50-60,25-30,20-25,7
TVSMOTOR,2023-05-02,1157.95,58.62834587282718,58.14466219172881,23.885910047582694,23.362752801747504,0.15030873526490773,-0.0006045166026167337,0.15030873526490773,35.0,0.062178850554859944,0.07439872187918284,0.09857938598385063,0.1385206615138821,0.18891143831771662,0.3893518718424802,0.7901895591346775,50-60,20-25,20-25,7
MARUTI,2010-05-27,1238.15,34.944930184094446,33.31447556865129,60.5244452304058,41.706704357549306,0.15030489036061856,-0.0377175624924283,0.008884222428623412,78.0,0.04736905867625074,0.08722691111739289,0.12647902112021958,-0.0377175624924283,-0.014618584178007654,0.1642369664418688,-0.013285950813714087,30-40,30+,30+,7
LT,2018-10-29,1261.3,41.013550352966384,39.358605510629566,27.16500075513388,24.43906896801228,0.150241814001427,-0.03539998414334411,0.012090700071355043,114.0,0.07044319353048456,0.08396099262665513,0.11266153968128134,0.14120352017759474,0.031039403789740794,0.06917466106398162,0.1584079917545389,30-40,25-30,20-25,7
RELIANCE,2011-12-23,167.82,41.842019301113666,41.53280196576678,32.88949030843999,25.755242764007598,0.15004171135740685,-0.07162435943272538,-0.004171135740674514,111.0,-0.07162435943272538,-0.03867238708139664,0.03366702419258738,0.13013943510904546,-0.013466809677034841,-0.012096293647956169,0.0995113812418067,40-50,30+,25-30,7
NTPC,2011-12-22,136.17,44.68454131574667,44.159995153585776,22.320054871080767,20.445134511045516,0.14988617169714358,-0.04039068811045021,0.027539105529852392,118.0,-0.016890651391642697,-0.04039068811045021,0.07431886612322836,0.13916427994418745,0.07586105603290005,-0.08415950649922888,-0.06278916060806328,40-50,20-25,20-25,7
GRASIM,2005-11-09,204.05,52.08309058378782,47.31770120082538,42.4668285193468,41.17538914947285,0.14966919872580253,-0.011565792697868282,0.14966919872580253,56.0,0.013379073756432103,0.04670423915706934,0.10693457485910307,0.16172506738544468,0.23317814261210468,0.9489830923793188,1.1521685861308502,40-50,30+,30+,7
SUNPHARMA,2013-09-11,561.35,57.39998482904808,56.81910619948067,26.08431014935998,35.424979490407864,0.14963926249220627,-0.030016923488019986,0.03268905317538073,114.0,-0.02146610848846542,0.013627861405540065,0.11507971853567289,0.061904337757192396,0.04373385588313883,0.06350761556960904,0.4648614946112051,50-60,25-30,30+,7
LT,2017-12-22,1266.15,61.36114111159713,59.99496693991998,23.655476692769078,30.794590056353698,0.14962682146665074,-0.012952651739525423,0.055127749476760135,101.0,-0.006239387118429973,0.038502547091576744,0.10480590767286646,0.01931050823362157,0.02377285471705548,0.03206571101370281,0.10950519290763316,50-60,20-25,30+,7
DMART,2020-12-01,2426.7,56.94966455073179,56.231091739703075,48.301151316313806,23.990940989767914,0.14933860798615406,0.0,0.14933860798615406,31.0,0.09288333951456718,0.08791774838257727,0.1388305105699097,0.15877529154819303,0.19852062471669352,0.2648452631145177,0.9341904644166976,50-60,30+,20-25,7
BAJFINANCE,2018-10-24,231.18,44.76236599592035,44.56306401864427,30.66223770242005,49.71836758393293,0.14927761917120863,-0.014793667272255506,0.13954494333419842,91.0,0.030625486633791832,0.015831819361536548,0.03581624708019726,0.10948178908210049,0.1341379012025261,0.29392681027770573,0.7415866424431179,40-50,30+,30+,7
LT,2012-09-14,662.22,57.477073347856354,55.19633045182873,33.07050980233796,21.66350109230963,0.14927063513635952,0.0,0.1238410196007369,83.0,0.06393645616260435,0.07169822717525909,0.0980338860197516,0.07826704116456762,0.09176708646673304,0.003669475400924105,-0.1660324363504576,50-60,30+,20-25,7
HDFCBANK,2019-03-12,542.75,58.723892279115205,55.96525556219234,23.55587711635035,11.741716449763501,0.14923998157531093,-0.0038139106402580447,0.03922616305849824,167.0,0.04456932289267623,0.06465223399355136,0.03985260248733291,0.05352372178719467,0.12399815753109156,0.03620451404882541,0.026070935052970867,50-60,20-25,<15,7
SBILIFE,2025-10-16,1835.7,56.47049841950107,54.3870730405798,22.29574409326206,15.142796547783137,0.1492073868279129,-0.033611156507054596,0.0031050825298251095,173.0,0.009260772457373223,0.0722885002996132,0.08732363675981913,0.10851446314757318,0.12698153293021752,0.07370485373427038,,50-60,20-25,15-20,7
SHRIRAMFIN,2015-05-22,161.3,35.22715673586608,33.35035041525692,47.034212135404815,35.12243139161463,0.14910105393676365,-0.039801611903285905,0.04457532548047105,69.0,-0.001239925604463843,0.0011159330440171367,0.08078115313081224,0.0652820830750156,0.031742095474271315,0.032486050836949554,0.3523248605083693,30-40,30+,30+,7
RELIANCE,2010-09-07,216.36,37.590406536111274,36.98834946954579,42.214690118562004,28.773233688858102,0.14901090774634862,-0.0039286374560918436,0.14901090774634862,59.0,0.026853392493991324,0.07570715474209644,0.0798668885191347,0.15538916620447396,0.06008504344610843,0.015298576446662882,-0.13385098909225368,30-40,30+,25-30,7
NESTLEIND,2011-02-18,172.53,48.48120137692558,48.06374359568702,33.83310042426976,37.506330830703604,0.14895960122877172,-0.0007534921462933886,0.06793021503506647,46.0,0.026024459514287335,0.06369906682895743,0.04167391178345792,0.08085550339071457,0.18164956819103928,0.2014722077319886,0.27038775865066955,40-50,30+,30+,7
HAL,2022-01-07,628.3,48.00302902079014,46.10178013890584,29.644661442784965,27.360994587055632,0.14889384052204369,0.0,0.09920420181441991,66.0,0.08678975011936996,0.12856915486232712,0.10361292376253384,0.054989654623587514,0.2559286964825722,0.3903390100270572,0.9862326913894639,40-50,25-30,25-30,7
DMART,2019-05-20,1318.1,35.08730047364399,33.22647165028919,29.795272964760247,27.34917840273466,0.14877475153630226,-0.03489871785145282,0.10833775889537978,85.0,-0.02135649798953032,0.01684242470222297,0.013352552917077709,0.06369016007890149,0.141567407632198,0.3879447689856612,0.7733859342993705,30-40,25-30,25-30,7
DIVISLAB,2009-11-23,299.38,56.597683459277356,55.66458431829752,23.848325220042877,22.155251306087873,0.14870732847885626,-0.019640590553811177,0.14870732847885626,44.0,0.010922573318190798,0.11931324737791438,0.11530496359142228,0.042487808136816074,-0.021377513527957692,0.2015832720956645,0.07779410782283391,50-60,20-25,20-25,7
HINDALCO,2023-03-24,388.4,38.18595838450774,38.177240610227514,38.36006546273633,37.356426793205166,0.14868692070030898,0.0,0.04621524201853777,69.0,0.04364057672502586,0.059346035015447995,0.1014418125643668,0.05638516992790943,0.08148815653964991,0.23146240988671485,0.4383367662203914,30-40,30+,30+,7
SHRIRAMFIN,2024-08-21,631.81,63.16887058750377,60.769500096473436,32.194077682109295,36.66025200597016,0.1485889745334834,-0.11296117503679892,-0.03651414190975122,99.0,0.01354837688545607,0.026875168167645347,0.1180892989981166,0.04882797043414944,-0.10582295310298973,-0.12893116601509935,-0.019008879251673716,60+,30+,30+,7
INFY,2026-06-29,1036.7,33.23233442929932,32.5841431088526,32.24479214521997,39.048952712702146,0.14854827819041194,-0.049580399344072656,0.0801581942702807,51.0,0.005305295649657538,0.06356708787498788,0.1146908459535061,,,,,30-40,30+,30+,7
HDFCBANK,2022-03-14,721.28,41.786795818070104,37.73393654957627,34.823553144243306,32.01231762466934,0.1485137533274179,-0.10779447648624663,-0.10779447648624663,66.0,0.030459738243123313,-0.006765749778172125,0.01552795031055898,-0.10481366459627328,-0.08038487133984029,0.03535381543921923,0.08443322981366452,30-40,30+,30+,7
M&M,2014-02-10,447.1,48.70654730133755,47.90302840312034,19.31079738227257,19.788764768525763,0.1485126369939611,0.0,0.1340863341534333,56.0,0.037910981883247485,0.05580407067770077,0.10854394989935123,0.1244687989264146,0.2634309997763362,0.46343099977633617,0.2751062402147171,40-50,15-20,15-20,7
GRASIM,2018-07-20,935.38,32.11073808450416,30.29180966495057,37.816759435538835,49.57546716901851,0.14838889007676026,-0.018847954841882397,0.13268404284889557,56.0,0.09195193397335832,0.07145758942889535,0.1072826017233639,0.13604096730740456,-0.06851760781714389,-0.12011161239282431,-0.049990378241997924,30-40,30+,30+,7
SUNPHARMA,2019-10-16,399.7,42.386837865457125,40.61311597066874,34.51529124080101,22.48910487159919,0.14823617713284953,0.0,0.08819114335751821,78.0,0.013760320240180146,0.07493119839879903,0.03840380285213918,0.08869151863897917,0.11583687765824369,0.15674255691768835,0.2266700025018764,40-50,30+,20-25,7
WIPRO,2021-04-19,236.38,62.60250540448589,59.870187518152804,26.645479095177098,47.983842251397235,0.14815128183433446,-0.0056265335476773926,0.14815128183433446,43.0,0.015948895845672162,0.0308824773669516,0.0822827650393434,0.16295794906506456,0.21372366528471098,0.5013114476690075,0.12204924274473306,50-60,25-30,30+,7
ADANIPOWER,2015-12-22,6.01,51.725428002273134,49.836874647184814,31.58148554423644,25.611634106569998,0.1480865224625625,-0.19800332778702157,-0.0765391014975042,57.0,0.01331114808652245,0.14143094841930126,-0.11647254575707155,-0.06821963394342767,0.03660565723793696,-0.011647254575707033,0.016638935108153063,40-50,30+,25-30,7
TVSMOTOR,2008-02-21,19.93,34.91782137057454,33.71702609652857,52.409024010604895,45.10335839592974,0.14801806322127442,-0.20471650777722028,-0.11189162067235325,117.0,0.08379327646763679,-0.0015052684395384652,-0.20471650777722028,-0.015052684395383875,0.08529854490717503,-0.19618665328650275,-0.5358755644756648,30-40,30+,30+,7
HAL,2022-09-05,1188.75,74.88408002602718,74.43285905249166,57.28001227255268,49.782059822478814,0.1479116719242901,-0.04001682439537324,0.1434952681388011,79.0,0.09947423764458474,0.043575184016824364,0.04143007360672968,0.07716508937960054,0.17068349106204006,0.14017245005257628,0.6626119873817036,60+,30+,30+,7
EICHERMOT,2022-07-06,2907.95,59.69995765804075,57.614309924750415,26.975043535846545,18.065564107944436,0.14790488144569203,0.0,0.14790488144569203,41.0,0.020443955363744326,0.04712942106982587,0.06246668615347595,0.1693804914114756,0.22251070341649615,0.11035265393146387,0.10806581956361017,50-60,25-30,15-20,7
NESTLEIND,2013-04-16,230.97,45.11550377258588,43.6403119006775,26.625566547451292,22.727734543200885,0.14781140407845172,0.0,0.12841494566393896,86.0,0.007836515564791924,0.07836515564791968,0.06663203013378372,0.09789150106074396,0.20461531800666766,0.10261072866606047,0.03459323721695462,40-50,25-30,20-25,7
RELIANCE,2021-05-17,889.86,46.64005266643117,44.654596777693385,17.48592801446226,14.579010928709833,0.147753579214708,0.0,0.07659631852201465,87.0,0.012912143483244654,0.10199357202256532,0.12816622839547787,0.07756276268177009,0.10873620569527787,0.31497089429797964,0.2901580023823971,40-50,15-20,<15,7
SBIN,2006-02-28,82.78,48.206489784711096,48.20468554549493,22.645901358469157,14.617457501997764,0.1477410002416042,0.0,0.09048079246194729,69.0,0.030442135781589608,0.0870983329306596,0.10050736892969314,0.040589514375453106,0.004952887170814213,0.04723363131191105,0.1873640976081179,40-50,20-25,<15,7
TITAN,2015-07-29,338.55,34.71468356325178,34.64199291423129,23.03673657697743,28.851424627703494,0.1476886722788362,-0.06675527987003405,0.02673164968246944,177.0,-0.05331561069265989,-0.02495938561512323,0.009009009009009139,-0.03677447939743017,0.005464480874316946,0.04696499778466978,0.2600797518830307,30-40,20-25,25-30,7
INFY,2007-09-19,231.45,42.815742106021524,41.040604795602334,43.32894795744861,36.36546035478032,0.14767768416504645,-0.17282350399654356,-0.13454309786130914,72.0,-0.014301144955713996,0.08096781162238065,0.031367465975372655,-0.1251242168934974,-0.12620436379347588,-0.2774681356664507,-0.17615035644847687,40-50,30+,30+,7
DIVISLAB,2012-07-02,522.45,71.10750971020802,70.08675025772921,54.12730216849799,51.617094500130634,0.147631352282515,-0.029859316681022152,0.147631352282515,121.0,-0.029859316681022152,0.013015599578906967,0.055928797014068055,0.09095607235142111,0.07384438702268148,0.05694324815771834,-0.06274284620537851,60+,30+,30+,7
M&M,2016-12-06,587.7,34.69063613244417,33.229211107945346,45.66226736271055,29.8941316187385,0.1474902160966478,-0.022715671260847392,0.11233622596562864,140.0,-0.006806193636208935,0.0027224774544833963,0.04418921218308647,0.07699506550961366,0.13135953717883253,0.21124723498383524,0.16338267823719588,30-40,30+,25-30,7
DIVISLAB,2009-02-26,208.57,35.70278973400136,35.0903388455919,48.51187261756897,36.56030818577205,0.1472886800594524,-0.033465982643716696,0.06952102411660355,67.0,-0.019178213549407852,0.04377427242652354,0.12576113535024214,0.04808937047514017,0.3762765498393825,0.15860382605360313,0.49350338016013806,30-40,30+,30+,7
ASIANPAINT,2008-07-23,111.08,44.65140756022798,40.748902947064074,36.76725035862551,31.200781873794682,0.14719121353979125,-0.16654663305725603,-0.12855599567879006,98.0,0.07138998919697515,0.11406193734245584,0.08588404753330936,0.03664025927259629,-0.0694994598487576,-0.15988476773496585,0.1597047173208499,40-50,30+,30+,7
KOTAKBANK,2010-09-13,45.47,62.51126757334325,61.70773586734075,32.395312556934336,38.60008402304651,0.14712997580822518,-0.25665273806905653,-0.20167143171321755,150.0,0.04420497031009463,0.06993622168462732,0.14712997580822518,0.051462502749065386,0.03188915768638667,-0.0628986144710798,0.019133494611832003,60+,30+,30+,7
KOTAKBANK,2018-10-11,223.11,36.74869120746777,36.31150303219946,63.89937257900057,37.79943011098379,0.14710232620680386,-0.005378512841199501,0.13630047958406166,102.0,0.07476132849267159,0.06297342118237625,0.03419837748195964,0.07422347720855171,0.10999058760252778,0.20250100847115782,0.4232889606023933,30-40,30+,30+,7
AXISBANK,2005-06-22,48.23,57.74587480817775,55.502574778083044,26.61466425077598,33.60470865443849,0.1470039394567697,-0.015343147418618974,0.1470039394567697,41.0,0.008915612689197605,0.05266431681526029,0.03566245075679042,0.06551938627410325,0.16213974704540735,0.22890317229939883,0.17271407837445585,50-60,25-30,30+,7
HINDUNILVR,2007-11-23,206.8,51.4468725896842,49.1477770972429,24.76876297542295,26.419703849594022,0.14700193423597674,-0.11000967117988392,0.02103481624758219,84.0,-0.00024177949709869306,0.008704061895551174,0.046663442940038546,-0.11000967117988392,0.06479690522243708,0.13974854932301728,0.14119922630560922,40-50,20-25,25-30,7
EICHERMOT,2022-03-25,2336.85,41.825251698213904,41.39845408254791,24.789175461396894,25.5075018998089,0.1468215760532341,0.0,0.12029013415495204,52.0,0.06177118770995138,0.09343774739499744,0.11010548387786989,0.1636604831289985,0.20634614973147625,0.5756467038962707,0.23480326079979474,40-50,20-25,25-30,7
EICHERMOT,2010-02-26,58.4,52.71408299462603,52.502090386585884,26.77775150528527,34.06488634477628,0.1467465753424657,0.0,0.10462328767123297,32.0,0.08904109589041109,0.07414383561643834,0.06523972602739736,0.19434931506849318,0.4044520547945205,0.814041095890411,0.8136986301369864,50-60,25-30,30+,7
M&M,2011-03-03,335.92,42.25805251359715,40.6937800451661,35.03664827521214,31.62840877362458,0.14670159561800422,-0.06063943796141935,-0.02735770421528938,112.0,-0.002976899261728949,-0.023279352226720618,0.10740652536318174,0.10392355322695868,0.005953798523457898,0.0987139795189329,0.01208621100261964,40-50,30+,30+,7
HCLTECH,2007-04-13,77.05,47.52601064954938,41.131173636163496,45.93132188433617,33.26777230544305,0.14665801427644376,-0.03439325113562608,0.03413367942894241,119.0,0.08773523685918239,0.06048020765736539,0.07125243348475019,0.10032446463335498,0.08773523685918239,0.0686567164179106,-0.20506164828033746,40-50,30+,30+,7
HINDALCO,2008-04-09,156.8,48.39760164741263,47.257808954883714,42.736401164485635,24.2791375146234,0.1466198979591835,0.0,0.11224489795918369,35.0,0.02085459183673466,0.08820153061224478,0.0029336734693876654,0.015625,-0.1596301020408163,-0.3848852040816326,-0.6240433673469388,40-50,30+,20-25,7
BAJAJ-AUTO,2025-08-07,8229.0,46.84249336816467,46.30217738844232,24.185958720804837,20.39252865004733,0.1463725847612103,-0.003949447077409185,0.11198201482561676,71.0,-0.001883582452302801,0.05535301980799612,0.1463725847612103,0.06841657552558034,0.05972779195528011,0.16605905942398835,0.41718313282294317,40-50,20-25,20-25,7
BHARTIARTL,2023-03-08,766.55,43.52287614482212,41.121198919358505,26.02514401287816,38.23006824823965,0.14637009979779547,-0.02993933859500353,0.14637009979779547,114.0,-0.012915008805687744,-0.012849781488487255,0.004174548300828418,0.03548366055704144,0.08205596503815804,0.128823951470876,0.5650642489074427,40-50,25-30,30+,7
NESTLEIND,2015-01-12,323.14,60.01292394106389,59.55719645195456,22.64697856198861,22.88673916080024,0.14631429101937243,0.0,0.08798044191372156,123.0,0.094572012130965,0.13727796001732995,0.0647087949495575,0.1293866435600668,0.09837841183388019,-0.07847991582595781,-0.15829052423098344,50-60,20-25,20-25,7
M&M,2008-07-08,129.66,34.68173790891188,32.85725736770376,35.49184051303598,41.75108587471794,0.14630572265926278,-0.04874286595711852,0.0816751503933364,78.0,0.0031621163041801736,0.05344747801943539,0.10920869967607594,0.1456115995681011,-0.02876754588924868,-0.42873669597408615,0.4217954650624711,30-40,30+,30+,7
TCS,2017-05-09,1176.28,46.66060292980871,45.78630370283757,33.53739375243188,23.83428442008513,0.1459856496752474,-0.008764919917026548,0.05238548644880492,63.0,0.03255177338728865,0.07189614717584236,0.07185364028972696,0.03501717278199079,0.06413438977114305,0.13304655354167383,0.4831927772299114,40-50,30+,20-25,7
SHRIRAMFIN,2020-08-10,134.87,46.19085850995119,45.50031119050478,13.281652407187568,15.197983019749216,0.1459182916882924,-0.1638614962556536,-0.08156002076073254,51.0,0.006895529027952874,0.014754949210350699,-0.052643286127382005,-0.04930673982353384,0.23867427893527093,1.104989990361088,0.8914510269148068,40-50,<15,15-20,7
HCLTECH,2020-09-22,821.0,78.059659703282,77.7354771754958,62.104818858640115,49.68221466823292,0.1457978075517663,-0.03982947624847755,0.1457978075517663,99.0,-0.010048721071863609,0.009926918392204609,0.05511571254567604,0.02216808769792933,0.06023142509135204,0.19214372716199746,0.6023142509135202,60+,30+,30+,7
EICHERMOT,2020-11-12,2350.75,62.396439124823175,58.822924908265094,36.339900864637,26.462375986734887,0.14571945123896635,0.0,0.12532170583856206,55.0,0.08529192810805064,0.08441986600021267,0.021142188663192618,0.18138891843028815,0.23420185047325326,0.051238966287354915,0.15835371689886202,50-60,30+,25-30,7
BHARTIARTL,2013-10-17,314.22,55.567539359484684,53.494225453929175,18.81048954153616,29.934921095676586,0.1456940996753866,-0.1012348036407612,-0.0544841194067851,74.0,0.0028642352491883294,0.052924702437782356,-0.009738399847240786,-0.1012348036407612,0.054993316784418544,-0.06711857933931653,0.135669276303227,50-60,15-20,25-30,7
M&M,2006-09-26,166.36,58.44813600025987,58.03395671724056,28.95028519893667,29.28683792983924,0.14546766049531135,-0.013885549410916131,0.14546766049531135,31.0,0.027891320028853084,0.04742726616975235,0.09942293820629944,0.25504929069487847,0.3236354893003124,0.18502043760519338,0.13254388074056256,50-60,25-30,25-30,7
TATASTEEL,2012-11-30,36.79,43.21426272658188,43.211322252457805,36.68752525284619,41.43426428919793,0.14541995107366135,-0.13318836640391407,-0.06985593911388965,98.0,0.020929600434900886,0.027996738244087993,0.10954063604240294,0.03316118510464805,-0.11552052188094586,-0.1853764609948355,0.057352541451481276,40-50,30+,30+,7
SUNPHARMA,2021-12-21,778.55,51.47646643196588,49.27348509739219,22.27609371952503,25.553691901760917,0.14539849720634512,0.0,0.14539849720634512,42.0,0.04694624622696053,0.07597456810737913,0.053239997431121955,0.08387386808811259,0.1737203776250722,0.03435874381863724,0.2916318797765076,40-50,20-25,25-30,7
SUNPHARMA,2006-02-01,72.21,62.03084738428693,58.136435071102674,28.01550943599214,22.590080144426757,0.14527073812491365,0.0,0.14527073812491365,49.0,0.10898767483728022,0.07436643124221032,0.08184461985874547,0.20329594239025073,0.21451322531505346,0.13072981581498433,0.44813737709458534,50-60,25-30,20-25,7
ULTRACEMCO,2007-04-10,735.25,36.84726553112507,35.922009212325165,38.60077629776134,41.05763144887539,0.14512070724243453,-0.01999319959197554,0.09574974498469913,69.0,0.085889153349201,0.11506290377422657,0.09105746344780696,0.09071744304658291,0.21176470588235308,0.4106766405984359,0.10649438966337965,30-40,30+,30+,7
DMART,2021-05-18,3056.3,56.12527781276604,51.8313064675062,25.947499987259718,17.647436493685163,0.14497922324379142,-0.011190000981579074,0.1414128194221771,71.0,0.015558027680528719,-0.003762719628308764,0.07500899780780679,0.09007623597159964,0.18885580603998298,0.643588652946373,0.19885155253083786,50-60,25-30,15-20,7
MARUTI,2018-05-30,8588.2,43.43252106303924,43.21671337802795,33.37363439232752,22.918102148420385,0.14487902005076725,-0.21992384900211925,-0.1994247921566802,134.0,0.029592929833958115,0.04414778416897591,0.027642579353065688,0.0924175030856289,0.09777951142264962,-0.12033953564192734,-0.20033301506718526,40-50,30+,20-25,7
ASIANPAINT,2007-03-23,71.63,50.33773217256427,49.0399280402259,27.4633323432259,43.929393923237505,0.14477174368281465,0.0,0.14477174368281465,60.0,0.06463772162501757,0.09967890548652791,0.10386709479268452,0.14477174368281465,0.18679324305458622,0.30196844897389385,0.6303224905765741,40-50,25-30,30+,7
RELIANCE,2021-02-05,873.25,45.815439450610796,45.30764282628729,27.425515897500468,31.18557773771267,0.14468937875751497,-0.011749212711136603,0.033736043515602665,81.0,0.0612539364443172,0.08137417692527915,0.13897509304322941,0.031468651588892005,0.003767535070140271,0.09356999713713154,0.2044660750071572,40-50,25-30,30+,7
WIPRO,2006-07-26,53.59,47.00496555808941,46.3809531460262,30.4369275396073,33.26121583383799,0.14461653293524912,0.0,0.14461653293524912,78.0,0.0550475835043851,0.06251166262362373,0.07221496547863393,0.07072214965478629,0.16943459600671762,0.3052808359768613,0.07911923866392967,40-50,30+,30+,7
ICICIBANK,2020-08-07,357.95,47.45479724624164,47.05882779333053,17.35108532000217,23.34240213559041,0.14457326442240537,-0.06215951948596177,0.04232434697583476,59.0,0.009638217628160417,0.03687665875122215,0.04316245285654419,0.06327699399357467,0.22503142897052664,0.7386506495320577,0.9635423941891328,40-50,15-20,20-25,7
SUNPHARMA,2016-06-10,741.4,36.10405166853772,35.49322007032592,41.95653280803413,29.187801850338122,0.14452387375236042,-0.006878877798759175,0.051052063663339586,89.0,0.0024278392230916435,0.018006474237928227,0.06420285945508497,0.11862692203938496,0.08989749123280277,-0.10439708659293223,-0.2816967898570273,30-40,30+,25-30,7
HINDUNILVR,2020-01-14,1976.0,53.92323354184276,47.85588543397836,50.907588264806876,30.03545920696856,0.1442155870445343,-0.0848785425101215,0.072327935222672,80.0,0.02319838056680168,0.02578441295546563,0.13669534412955464,-0.03330465587044529,0.16808198380566797,0.12766194331983827,0.18097672064777326,40-50,30+,30+,7
TITAN,2008-11-21,44.15,39.139227037508775,36.697382627350876,32.76011559693878,43.46137145680186,0.14405436013590034,-0.20453001132502835,-0.15990939977349938,115.0,0.0591166477916194,-0.05821064552661381,0.14405436013590034,0.056398640996602634,-0.1286523216308041,0.21336353340883352,0.5327293318233297,30-40,30+,30+,7
COALINDIA,2016-04-22,287.8,42.930987632992405,39.94967287362822,43.97946191845266,33.830639634294464,0.14402362751911046,-0.030576789437109175,0.14402362751911046,89.0,0.0008686587908268706,-0.020500347463516477,-0.025364836692147397,0.08756080611535788,0.1582696316886727,0.08599722029186929,-0.037004864489228795,30-40,30+,30+,7
ONGC,2018-07-09,157.4,35.948481774139694,35.732221922113965,51.070444936437234,42.36890181749689,0.14390088945362134,-0.022871664548919868,0.10482846251588307,71.0,-0.022871664548919868,-0.005400254129606097,0.09593392630241415,0.0921219822109276,-0.04828462515883092,-0.06067344345616277,-0.02541296060991105,30-40,30+,30+,7
ULTRACEMCO,2025-03-18,10698.1,42.07205143536529,41.94849332786841,39.45901056993778,34.148423721820585,0.1438479730045521,0.0,0.06617062842934729,92.0,0.06759144147091534,0.06361409969994658,0.11244052682251993,0.11505781400435589,0.07448986268589741,0.1623559323618211,0.051308176218206825,40-50,30+,30+,7
TVSMOTOR,2013-04-05,36.15,39.3088942361926,38.55700149958844,36.752396771870195,39.8982872693703,0.14384508990318134,-0.13692946058091282,-0.10373443983402486,97.0,-0.015214384508990264,0.009681881051175623,0.13001383125864452,0.006915629322268302,-0.09405255878284924,0.06915629322268324,1.6417704011065006,30-40,30+,30+,7
LT,2008-10-31,358.69,32.24437508275703,28.017089298099634,45.17071549684621,36.41169531095639,0.14380105383478758,-0.20976330536117538,-0.20976330536117538,88.0,0.0784521453065321,-0.018706961443028747,-0.12896930497086623,-0.04354735286737854,-0.18090830522177925,0.0896038361816609,0.8908528255596755,20-30,30+,30+,7
TITAN,2025-03-20,3193.1,43.627891324427125,38.876488837180425,36.838013787668416,16.481647673507634,0.14377877297923636,-0.06456108483918455,0.14377877297923636,97.0,-0.0330243337195828,-0.02052863987974063,0.04478406564153947,0.13297422567410977,0.08602925057154498,0.11390185086592974,0.28608562212270217,30-40,30+,15-20,7
EICHERMOT,2021-12-22,2486.85,42.20137959765205,42.16710723479521,28.09949933628614,26.95584771871973,0.1437360516315822,-0.019683535396183838,0.08830448157307424,56.0,0.030319480467257742,0.1173170878822607,0.09017431690693045,0.0853087238876491,-0.042805155115909654,0.05484850312644518,0.2892011983030742,40-50,25-30,25-30,7
BAJAJFINSV,2025-01-02,1700.65,44.07751713185098,40.851181478984515,40.10133215142093,26.691449066118885,0.143709758033693,-0.017052303531002844,0.143709758033693,82.0,-0.0060859083291683325,-0.0019404345397349143,0.03137035839237923,0.08108664334225146,0.13541881045482596,0.20765589627495373,0.19860053508952458,40-50,30+,25-30,7
NTPC,2013-08-30,109.08,40.320834400946566,40.23853799636473,40.717223499054775,30.947404052212804,0.14365603226989365,-0.02172717271727176,0.10047671433810046,59.0,0.026035936927025993,0.07792445911257784,0.1264209754308765,0.11578657865786579,0.12990465713237986,-0.11798679867986805,0.06729006233956736,40-50,30+,30+,7
HINDALCO,2012-09-11,109.3,41.68818341385171,39.13660499500961,37.58301410544506,24.38721791116445,0.14364135407136325,-0.03385178408051237,0.029277218664226945,77.0,0.0480329368709973,0.09377859103385178,0.0800548947849955,0.03247941445562663,0.12580054894784998,-0.07868252516010976,0.047118023787740215,30-40,30+,20-25,7
GRASIM,2015-01-02,569.77,50.70396442874153,48.66987806807914,19.12759382107202,15.665790160166578,0.14363690612001334,-0.03450515120136188,0.0774172034329641,95.0,-0.026080699229513726,0.04027941099039967,0.08942204749284799,0.14363690612001334,0.05790055636484892,0.005949769205117805,0.04621162925390965,40-50,15-20,15-20,7
POWERGRID,2009-12-04,58.36,43.293025224714825,42.88289749543629,46.20311240887606,21.276933963465755,0.14359150102810125,-0.00239890335846471,0.043351610692254905,91.0,0.013536668951336539,0.0077107607950650525,0.08344756682659349,0.09595613433858818,0.04866346812885536,0.006339958875942298,-0.03906785469499663,40-50,30+,20-25,7
ICICIBANK,2017-05-05,271.41,56.60568693402202,55.16903117655591,23.518199335321658,22.058370103895374,0.14347297446667406,-0.0499613131424782,-0.017906488338675808,172.0,-0.006705721970450829,0.028480896061309213,0.07099959470911155,0.06665192881618198,0.08949559706716759,0.15471058546111038,0.06775726760252021,50-60,20-25,20-25,7
ULTRACEMCO,2011-08-22,1021.9,50.054045193084384,48.06462939477507,19.69612999201731,19.318289874768798,0.14340933555142388,0.0,0.1394461297582934,67.0,0.04452490458949021,0.08053625599373726,0.14340933555142388,0.09673157843233193,0.08606517271748704,0.4486740385556318,0.6820628241510913,40-50,15-20,15-20,7
ADANIPOWER,2015-02-12,10.39,54.63605137020595,52.37596502686885,29.228888935529035,22.016427693781264,0.1434071222329163,-0.22425409047160727,-0.1934552454282964,95.0,0.0654475457170356,0.05678537054860433,-0.029836381135707413,-0.04716073147256983,-0.2088546679499519,-0.4793070259865255,-0.523580365736285,50-60,25-30,20-25,7
INFY,2023-11-16,1444.9,50.60289448632135,48.72741281847446,27.677622769969815,22.0245643879284,0.14340092739982002,-0.005744342169008321,0.1351650633261816,62.0,0.0030105889680946962,0.0070939165340162536,0.08267008097446182,0.14340092739982002,0.1531593881929545,-0.01398020624264662,0.2536853761505986,40-50,25-30,20-25,7
KOTAKBANK,2023-02-02,352.35,37.947164231467156,36.604721117895174,36.02873489016332,27.640020179583697,0.14338016177096624,-0.0644245778345397,0.06127430112104437,161.0,0.005193699446572886,0.014871576557400124,-0.006101887327941036,-0.009110259684972477,0.09604086845466142,0.05009223783170147,0.03473818646232418,30-40,30+,25-30,7
EICHERMOT,2015-05-11,1687.16,54.6869266818168,50.5412250281752,24.95623780772213,30.3412614898382,0.14327627492354011,0.0,0.14327627492354011,37.0,0.10231394769909197,0.13643045117238417,0.042740463263709394,0.23077242229545525,0.20703430617131735,-0.05447616112283371,0.19960169752720547,50-60,20-25,30+,7
BHARTIARTL,2006-07-24,164.59,47.29159410127117,46.34013316533205,22.940155131580486,31.205700252119435,0.14320432590072296,0.0,0.13129594750592366,39.0,0.04872714016647439,0.0740628227717357,0.11161066893492921,0.28464669785527663,0.36387386840026714,0.8519351114891549,1.553192782064524,40-50,20-25,30+,7
HINDUNILVR,2010-09-09,279.05,64.46034256542801,61.275269211352935,36.783494400214416,29.620586784272486,0.14316430747177922,-0.003583587170757907,0.09191901092994081,111.0,-0.003404407812219956,0.08690198889087974,0.056620677297975375,0.09890700591291868,0.06217523741264985,-0.006808815624440134,0.17437735172908075,60+,30+,25-30,7
BAJFINANCE,2025-08-25,900.8,50.653959878787816,50.21162559293735,28.79343755438046,22.509552801724695,0.14315053285968027,-0.02725355239786853,0.12000444049733572,42.0,-0.012710923623445725,0.048290408525754946,0.14315053285968027,0.20975799289520425,0.10346358792184729,0.1445381882770871,,50-60,25-30,20-25,7
ADANIGREEN,2023-01-10,1895.2,39.88303178731712,38.1916504109403,36.34799188601791,29.842595895629888,0.14296644153651328,-0.7561207260447447,-0.7177078936260025,51.0,0.14296644153651328,0.011397214014351897,-0.5977469396369777,-0.6217813423385394,-0.5255645842127481,-0.4937473617560152,-0.0907292106373998,30-40,30+,25-30,7
EICHERMOT,2021-04-30,2421.65,44.596663925024075,44.27882987907536,37.95981483607731,23.666149644018446,0.14291908409555454,-0.022154316271963403,0.12821836351248117,97.0,-0.0018582371523547803,-0.002663473251708681,0.10509363450539921,0.11704829351888169,0.043978279272396836,0.06699977288212589,0.054033406974583365,40-50,30+,20-25,7
ADANIGREEN,2019-07-01,45.5,56.69506982219693,55.014312656673795,29.11348456647147,21.31837290790461,0.1428571428571428,-0.04615384615384621,0.06153846153846154,72.0,-0.014285714285714235,0.06593406593406592,0.02857142857142847,0.01978021978021971,0.2802197802197801,2.4846153846153847,6.886813186813187,50-60,25-30,20-25,7
BHARTIARTL,2018-10-25,266.37,34.56272169987818,31.810550391074006,53.197989828955414,26.692188863722002,0.14277133310808265,-0.017944963772196676,0.05278372189060332,105.0,-0.0069452265645530975,0.014190787250816461,0.1319593047265082,0.04583849532605022,0.027555655666929413,0.16631001989713567,0.3824379622329841,30-40,30+,25-30,7
HINDALCO,2025-09-03,742.95,63.49720750890852,60.893678798164025,32.62973379928652,18.806939174223643,0.14267447338313488,-0.005653139511407335,0.14267447338313488,55.0,0.000269197119590725,0.00962379702537186,0.05033986136348334,0.14031899858671504,0.08600847970926706,0.26522646207685563,,60+,30+,15-20,7
IOC,2005-07-20,51.97,34.68737832346915,33.917397826638165,30.357313360353338,21.67259319888887,0.14258225899557453,-0.037906484510294325,0.1331537425437752,112.0,-0.027708293246103466,0.04483355782182019,0.03944583413507807,0.08947469694054266,0.09082162786222825,0.3346161246873196,-0.11872233981142966,30-40,30+,20-25,7
TATASTEEL,2010-03-02,60.89,54.849642802613054,54.24876190722426,23.920612821246678,26.136035309366896,0.1425521432090655,-0.2586631630809657,-0.2222039743800296,101.0,0.009525373624568845,0.030054196091312102,0.07111184102479884,-0.0031203810149449396,-0.17769748727213008,-0.13302676958449666,-0.022992281162752426,50-60,20-25,25-30,7
DIVISLAB,2013-03-22,500.0,36.439876215191774,32.6625419880329,35.20723132940919,49.45122385971298,0.14240000000000008,-0.06365999999999994,-0.03195999999999999,89.0,-0.0042999999999999705,0.010399999999999965,0.060699999999999976,0.006460000000000132,-0.031000000000000028,-0.007099999999999995,0.4144000000000001,30-40,30+,30+,7
BEL,2007-02-06,15.27,67.92453808616243,65.19183883907479,47.13658599544176,32.982889231449725,0.14210870988867064,-0.06417812704649639,0.13686967910936487,62.0,0.045186640471512884,0.09495743287491809,-0.007203667321545426,0.13686967910936487,0.12049770792403414,0.1191879502292077,0.005893909626718985,60+,30+,30+,7
BAJAJ-AUTO,2023-09-11,4806.4,58.45345322394296,57.284902653027906,36.42544738032564,31.35081004764702,0.14208139147802945,0.0,0.14208139147802945,39.0,0.07703270639147797,0.04141353195739028,0.05367842876165119,0.12184795272969384,0.27713049267643153,0.8016394806924101,1.2860664946737685,50-60,30+,30+,7
ITC,2017-05-24,283.71,63.65777898115715,62.41481486041928,38.32600395445568,45.37134875174007,0.14204645588805476,-0.09555532057382521,-0.059708857636318724,98.0,0.039653166966268305,0.041168799125868016,0.03700962250185058,-0.022205773501110082,-0.05671284057664505,-0.13573719643297733,-0.08353600507560532,60+,30+,30+,7
INFY,2005-05-09,131.04,49.72367873943935,47.032274776714665,26.94262113799055,24.2320180633207,0.14194139194139188,-0.030372405372405265,0.11935286935286937,113.0,-0.008928571428571286,0.018086080586080522,0.09523809523809534,0.11362942612942617,0.08302808302808296,0.2583943833943836,0.543956043956044,40-50,25-30,20-25,7
NTPC,2025-01-15,321.35,29.74884395435261,28.770187160304094,50.042924762587916,48.48622006634936,0.14190135366422885,-0.06534930760852653,0.02707328458067515,155.0,0.0032674653804261045,-0.0003111871790882903,-0.06534930760852653,0.032052279446086684,0.1280535241948031,0.06457133966080586,0.07779679477205548,20-30,30+,30+,7
HCLTECH,2013-12-11,294.1,66.9934522130475,64.6325422424371,38.252185534083814,50.17358710754829,0.14189051343080572,-0.005168310098606077,0.1308398503910233,35.0,0.01788507310438625,0.05824549472968377,0.10353621217273035,0.2038082284937095,0.23645018701122056,0.16259775586535197,0.31934716082964965,60+,30+,30+,7
INFY,2019-01-03,669.15,49.57065317565022,48.489213767126856,18.341866254900836,31.969595702753878,0.14174699245311229,-0.01210490921318097,0.11163416274377957,85.0,0.015766270641859093,0.09594261376373026,0.1296420832399312,0.09467234551296433,0.12575655682582387,0.10588059478442813,0.11484719420159917,40-50,15-20,30+,7
HINDUNILVR,2018-05-17,1544.17,70.57773827192682,68.97053321693207,57.14709488339449,45.93845355601714,0.14173309933491773,-0.03653742787387404,0.005472195418898096,155.0,-0.005543431098907647,0.026532052818018848,0.024679925137776282,0.11558312880058552,0.10676285642124883,0.06452657414662877,0.10638077413756264,60+,30+,30+,7
SHRIRAMFIN,2006-03-08,23.81,55.49199440032838,54.91402988441901,23.70692989732074,29.253434052118983,0.14153716925661497,-0.3494330113397731,-0.1839563208735825,107.0,0.12473750524989513,0.10121797564048718,0.13901721965560698,0.10037799244015133,-0.048299034019319564,-0.12011759764804697,0.013859722805543928,50-60,20-25,25-30,7
AXISBANK,2011-02-14,254.01,42.48995739680245,39.10958323846639,26.984937939870587,40.027206637558564,0.14145112397149728,-0.06960355891500325,-0.019526790283846962,105.0,0.029053974252982062,-0.040549584662021076,0.03822684146293476,0.12586118656745815,-0.03594346679264593,-0.04535254517538667,-0.11054682886500522,30-40,25-30,30+,7
TCS,2009-11-25,351.4,73.9562520963976,73.6711430821215,43.01004854718495,71.80604191337132,0.14143426294820727,-0.04601593625498002,0.12635173591348892,106.0,-0.026323278315310228,0.005549231644849328,0.05492316448491752,0.07598178713716575,0.08437677859988635,0.021058622652248227,0.45389869095048385,60+,30+,30+,7
EICHERMOT,2019-02-04,2012.83,33.52859417604438,32.441603350147936,44.64297430935501,40.45346257258784,0.14129856967553134,-0.012877391533313687,0.04067904393316879,64.0,0.0310458409304315,0.0013364268219373532,0.06834655683788515,0.04232846291042969,0.011009374860271315,-0.18005991564116186,-0.03058380489162027,30-40,30+,30+,7
RELIANCE,2015-06-12,200.07,50.127714255627154,50.00561084828466,15.79372563390679,15.628472856762604,0.14125056230319388,0.0,0.1363022941970311,33.0,0.12000799720097977,0.12455640525815981,0.13165392112760532,0.08557005048233113,-0.02569100814714842,0.02928974858799438,0.10251412005797977,50-60,15-20,15-20,7
ONGC,2006-10-18,129.65,49.32323602204666,48.627867962464116,28.12448280132183,14.761340588875399,0.1412263787119168,-0.01565753952950255,0.12425761666023893,70.0,-0.01110682607018898,0.03370613189355964,0.09086000771307368,0.09849595063632832,0.18264558426532984,0.1571924411878134,0.4059390667180871,40-50,25-30,<15,7
HYUNDAI,2026-04-08,1778.9,23.709449046918166,23.57969782324698,54.71275001555372,26.309808236513774,0.14121086064421817,-0.018382146270166988,0.11563325650682987,110.0,0.0014053628646917282,0.03968744729889262,0.04154252628028554,0.0650964078925178,0.11332846140873576,,,20-30,30+,25-30,7
AXISBANK,2022-10-13,802.0,59.029112231745835,58.98045485665406,31.87100748201988,23.832512932627566,0.14108478802992508,-0.0018703241895261513,0.10692019950124698,43.0,0.029738154613466294,0.14108478802992508,0.061097256857855387,0.17038653366583545,0.18422693266832924,0.0639650872817954,0.23946384039900237,50-60,30+,20-25,7
ONGC,2007-03-22,142.05,49.24961789039058,43.502211047423714,32.48551574976484,32.20806339512707,0.1410770855332628,-0.030763815557902197,0.07398803238296359,89.0,0.026399155227032622,-0.007180570221753002,0.09827525519183378,0.09419218585005273,0.08257655755015825,-0.0019711369236184995,0.17191129883843703,40-50,30+,30+,7
AXISBANK,2006-11-01,88.27,74.22802867946679,73.49923779627579,52.291150413904255,35.60907669812751,0.1410445224878214,-0.03738529511725386,0.1410445224878214,20.0,-0.02039197915486568,0.05811714059136741,0.1181601903251388,0.06015633850685398,0.21128356179902585,0.0608360711453495,1.0796420074770592,60+,30+,30+,7
TITAN,2015-01-16,387.2,52.24669908500823,51.009072000396635,18.268897458382735,16.218254859258266,0.14101239669421495,0.0,0.05010330578512412,81.0,0.03008780991735538,0.11208677685950419,0.07825413223140498,0.04455061983471076,0.04919938016528924,-0.09413739669421484,-0.1367510330578512,50-60,15-20,15-20,7
WIPRO,2010-12-06,80.75,51.405346885361105,49.97807645144297,31.8190735543259,22.87074576461369,0.1409287925696594,-0.029473684210526208,0.047306501547987434,77.0,0.04061919504643963,0.1089783281733745,0.12767801857585148,0.01399380804953565,0.038513931888544795,0.033436532507739924,-0.06167182662538706,40-50,30+,20-25,7
HINDALCO,2012-05-25,111.9,38.10921815186678,37.14601002244839,33.37205947301902,39.61436140296053,0.14075067024128685,0.0,0.07327971403038425,67.0,0.041554959785522705,0.07596067917783733,0.025469168900804195,0.04602323503127792,0.01072386058981234,-0.043789097408400424,-0.011617515638963516,30-40,30+,30+,7
SBILIFE,2021-04-23,922.85,55.339177203820995,55.318449901693725,15.97489109120061,21.859483491057578,0.1406512434306768,0.0,0.1406512434306768,81.0,0.006339058351844784,0.08387061819363928,0.04296472882917057,0.09118491629192182,0.11177331093893916,0.2664571707211356,0.18247819255567,50-60,15-20,20-25,7
INDIGO,2024-11-22,4142.65,43.15652336011003,40.355878119940485,35.62250736501509,39.34513217307667,0.14057427009281498,-0.03564143724427593,0.03375858448094826,67.0,0.05702871350464078,0.078826355110859,0.0717656572483798,-0.03206884482155126,0.08661122711307989,0.3183590213993459,0.40139765608970124,40-50,30+,30+,7
ITC,2008-03-27,63.1,51.16893057937674,49.17476619095014,27.710008688520137,24.159234448760493,0.14041204437400934,-0.19809825673534076,-0.11917591125198101,113.0,0.03977812995245644,0.03264659270998416,0.05736925515055469,0.02694136291600624,-0.06830427892234547,-0.031695721077654504,-0.06893819334389861,40-50,25-30,20-25,7
BAJAJ-AUTO,2013-09-04,1888.75,52.33754513619621,48.83780772802271,23.729932302538263,21.689306978336464,0.1403838517538054,-0.013580410324288583,0.03068166776968906,110.0,0.057048312375910015,0.06803441429516877,0.12132362673726016,0.1265122435473196,0.033937789543348806,0.014983454665784324,0.2187425545996029,40-50,20-25,20-25,7
BHARTIARTL,2013-04-16,285.0,46.83425756400206,40.84043984199774,39.91860950048853,25.909010364193744,0.14035087719298245,-0.09543859649122799,0.020315789473684287,29.0,-0.05305263157894735,0.11842105263157898,0.12807017543859645,0.03859649122807007,-0.0056140350877194045,0.05336842105263151,0.023649122807017475,40-50,30+,25-30,7
SBIN,2005-05-13,58.43,48.20240610815808,47.69852083817927,15.634717629816393,26.1698038846232,0.14033886702036624,0.0,0.14033886702036624,49.0,0.04792058873866156,0.07906897141879177,0.10097552627075124,0.15916481259626902,0.3196987848707855,0.3672770836898853,0.4916994694506247,40-50,15-20,25-30,7
SUNPHARMA,2021-04-07,621.05,58.071461347685336,56.364958794423686,21.602988250418438,19.363307817053,0.14016584816037359,-0.010949198937283522,0.11746236212865324,107.0,0.019644151034538426,0.030432332340391444,0.0940342967554948,0.08743257386683845,0.08405120360679508,0.33966669350293865,0.4989936398035586,50-60,20-25,15-20,7
COALINDIA,2011-11-25,308.55,31.337375960507625,27.40959874667461,39.19442719480755,48.26972640845664,0.1400097228974233,-0.033381947820450564,0.07097715119105485,95.0,0.0845892075838599,0.024307243558580494,-0.008102414519526868,0.06935666828714959,0.0460217144709123,-0.0006481931615620606,0.1682061254253766,20-30,30+,30+,7
BEL,2012-02-03,14.45,42.466010264323145,40.54787025526654,33.11681553736593,32.47869310840526,0.13979238754325252,-0.15847750865051902,-0.13287197231833914,124.0,0.07058823529411784,0.04636678200692046,0.08927335640138412,0.06159169550173016,0.01038062283737018,-0.14602076124567476,-0.11280276816608992,40-50,30+,30+,7
KOTAKBANK,2006-03-21,65.85,60.05595769547921,59.13422428041141,38.98538348660291,44.559113102813,0.13971146545178437,0.0,0.13971146545178437,30.0,0.04555808656036442,0.073348519362187,0.13971146545178437,0.12695520121488224,-0.08974943052391793,0.19286256643887634,-0.6736522399392559,50-60,30+,30+,7
NTPC,2016-03-04,105.04,47.18994002320294,46.61597084885852,23.457929643564324,25.827751084505227,0.13966108149276457,0.0,0.1392802741812642,87.0,0.002760853008377584,0.011138613861386037,0.04007996953541504,0.08330159939070825,0.14994287890327485,0.26342345773038844,0.2566641279512565,40-50,20-25,25-30,7
SHRIRAMFIN,2022-03-10,215.9,36.395046098735726,35.43348535436533,38.62524832590201,46.18274389853926,0.13964798517832322,-0.01658175081056046,0.05502547475683195,102.0,0.046364057433997186,0.011949976841129972,0.13348772579898105,0.07179249652616959,0.0886984715145902,0.28276980083371916,0.1761463640574339,30-40,30+,30+,7
ICICIBANK,2012-05-28,151.71,46.07415909976304,44.64598553100294,28.102180173519265,19.61129464808972,0.13954254828290802,-0.06314679322391414,0.11245138751565498,60.0,-0.05457781293256869,-0.009162217388438587,0.021686111660404572,0.11245138751565498,0.1208885373409796,0.2204205391866061,0.4764353041988003,40-50,25-30,15-20,7
POWERGRID,2016-07-04,93.04,71.67862787503611,71.58549908087546,40.117788476806595,38.48341887884157,0.1392949269131556,-0.025150472914875377,0.11812123817712816,134.0,0.007201203783318899,-0.013327601031814407,0.06341358555460008,0.1112424763542561,0.09555030094582984,0.1102751504729147,0.2738607050730868,60+,30+,30+,7
BHARTIARTL,2008-10-31,294.6,39.37462642260038,34.57250742622957,41.50592320239807,34.5479053298808,0.1392735913102512,-0.10814663951120163,-0.00970807875084867,88.0,-0.008723693143245281,-0.009572301425662122,-0.004684317718940956,0.1052953156822809,-0.04032586558044804,0.15142566191446005,-0.08099117447386295,30-40,30+,30+,7
NTPC,2007-03-21,119.75,55.18752676300776,54.11000478386634,23.18285427636541,18.315156087104587,0.1392066805845511,-0.003173277661795315,0.07966597077244253,107.0,-0.003173277661795315,0.12141962421711883,0.11373695198329847,0.0873486430062631,0.05219206680584554,0.2773277661795408,0.33160751565762014,50-60,20-25,15-20,7
BAJFINANCE,2024-03-11,643.38,36.25969602533065,33.53014814707079,39.458977008879046,29.54733306459115,0.13917125182629242,-0.0056420777767415276,0.06106810904908455,73.0,0.011019926015729542,0.07403089931300322,0.12379930989461907,0.038919456619727066,0.10182162951910212,0.14201560508564137,0.29635674096179554,30-40,30+,25-30,7
HCLTECH,2006-01-09,73.23,73.65645653709909,70.77882017544292,43.74888233219466,35.322087497524905,0.13901406527379478,-0.30561245391233105,-0.2598661750648641,161.0,-0.0009558923938277619,0.0021848969001774243,0.050525740816605325,0.04069370476580625,0.030861668715007395,-0.11538986754062541,0.0243069780144749,60+,30+,30+,7
LT,2013-04-02,633.52,41.43706421932276,39.25429857428535,34.61693755489256,32.93392610898369,0.13890642757923977,-0.07373090036620789,0.008729006187649935,77.0,-0.07373090036620789,0.001104937492107716,0.08885275918676605,-0.02673948730900355,0.018405101654249245,-0.16997095592877887,0.3684966536178811,30-40,30+,30+,7
MARUTI,2017-05-31,7211.0,72.77087239219598,71.91368294694709,50.21337115925011,49.67804626368704,0.13871169047288867,-0.013715157398418998,0.13871169047288867,153.0,-0.0007349882124532137,0.019421716821522717,0.0009152683400361905,0.07475384828733889,0.04305921508805999,0.17994730273193738,0.18391346553876042,60+,30+,30+,7
HINDALCO,2020-07-06,154.35,54.69656986187658,52.70283924299006,21.93973256129134,29.777582426996954,0.13864593456430185,-0.013281503077421375,0.13864593456430185,30.0,0.09653385163589245,0.04243602202785879,0.13864593456430185,0.21995464852607727,0.16002591512795616,0.6475542597991579,1.4965986394557826,50-60,20-25,25-30,7
DIVISLAB,2023-05-25,3435.65,56.851209694251445,54.975209965441,29.812568940516748,37.19031266877758,0.13822711859473458,-0.0020083535866575186,0.09174392036441414,111.0,0.026123149913408028,0.018642760467451502,0.028728188261318843,0.0728683073072054,0.07815115043732623,0.08323024755140951,0.19988939501986502,50-60,25-30,30+,7
SHRIRAMFIN,2022-10-18,244.83,44.29562794927765,44.020086272848054,28.69344608198274,25.172316321487415,0.13809582159049127,-0.021606829228444258,0.0548543887595474,112.0,-0.00575909814973663,-0.013437895682718692,0.04207000776048675,0.12098190581219614,0.039660172364497814,0.07940203406445279,0.5244863783033125,40-50,25-30,25-30,7
MARUTI,2021-09-06,6846.9,44.01797630974253,42.64817413313111,34.53961867801528,28.047149326449052,0.1379967576567498,-0.01020899969329181,0.1379967576567498,57.0,0.0039141801399174,0.015116330017964419,0.05146124523507001,0.12234733967196854,0.028618790985701636,-0.011370109100468762,0.2982152506973961,40-50,30+,25-30,7
HCLTECH,2011-09-02,99.25,36.21441097527351,35.37643874994002,42.215884742389605,40.10128518312197,0.1379345088161208,-0.04876574307304793,0.04987405541561718,91.0,0.02267002518891692,-0.02811083123425695,0.009571788413098359,0.08282115869017637,0.008967254408060565,0.22156171284634762,0.3992947103274558,30-40,30+,30+,7
RELIANCE,2024-01-10,1325.05,66.20488577680642,64.89210215543815,51.90896639764135,35.38482951053455,0.1376174483981738,0.0,0.12150484887362745,134.0,0.02756877098977406,0.014210784498698281,0.10241122976491468,0.10682615750349034,0.10459982642164456,0.2081808233651561,-0.05305460171314291,60+,30+,30+,7
RELIANCE,2021-08-13,973.97,55.26439279193493,53.425497000024095,22.139696154248927,19.69056244488417,0.13761204143864791,0.0,0.12074293869421027,39.0,0.001221803546310296,0.03810178958284127,0.10529071737322493,0.24335451810630726,0.19058081871104848,0.11085557050011818,0.23566434284423532,50-60,20-25,15-20,7
HINDZINC,2020-03-05,169.35,29.79324340320751,28.945144363168723,39.83268165940105,33.9556639309526,0.13758488337762032,-0.2586359610274579,0.012990847357543744,85.0,-0.1434898139946854,-0.24859757897844703,-0.028638913492766482,-0.021257750221434835,0.02037201062887517,0.34219072925893124,0.8390906406849719,20-30,30+,30+,7
NESTLEIND,2019-05-21,530.46,46.90884943108679,45.10311520155241,32.1468571574351,24.26711401708541,0.1373713380839272,0.0,0.12824718169136218,91.0,0.04675187573049788,0.08890397013912454,0.10451306413301653,0.06556573539946453,0.1373713380839272,0.3276778644949665,0.5367228443237944,40-50,30+,20-25,7
COALINDIA,2019-01-31,224.65,30.644956037341352,29.327204181375585,61.546749107597506,45.44988405943287,0.1373247273536613,-0.04874248831515704,0.08657912308034721,116.0,-0.0020031159581571645,-0.033162697529490415,0.07344758513242833,0.05230358335188079,0.12330291564656126,-0.11172935677720897,-0.19118628978410868,20-30,30+,30+,7
LT,2009-06-04,646.85,73.86566689676654,73.38516637117108,47.60926710874041,54.018819375129304,0.13721882971322552,-0.08609414856612829,0.13721882971322552,106.0,0.11928576949833802,-0.027239700085027407,0.006013758985854434,0.04421426915049853,0.05276339182190615,0.11942490531035022,0.14882894024889848,60+,30+,30+,7
HINDZINC,2023-01-04,332.05,62.86282807833687,61.725623055291955,37.38632800324946,39.554929936069264,0.1370275560909502,-0.11203132058424936,-0.06459870501430509,76.0,0.02213522059930728,0.08823972293329319,0.04276464387893375,-0.06053305225116701,-0.07935551874717672,-0.06776087938563469,-0.04156000602318932,60+,30+,30+,7
ADANIPORTS,2011-03-25,137.95,47.62221107349267,42.788085450594984,39.7847479075364,39.27146815304289,0.1370061616527729,-0.06814063066328369,0.0054367524465386285,52.0,0.02319681043856492,0.11924610366074684,0.06415367886915568,0.10039869517941291,0.08843783979702802,0.13881841246828563,-0.12613265675969554,40-50,30+,30+,7
TITAN,2007-05-31,56.25,66.1733132510674,65.8290174257582,38.03607405411628,32.54374243783731,0.13688888888888884,-0.10364444444444443,0.13688888888888884,26.0,-0.054400000000000004,-0.020444444444444376,0.19999999999999996,-0.02595555555555562,0.0789333333333333,0.3605333333333334,0.048355555555555485,60+,30+,30+,7
HCLTECH,2008-12-16,30.76,30.452817969347706,26.705309651751172,37.58950567707508,43.35637451550951,0.1368660598179452,-0.27113133940182055,-0.21814044213263983,87.0,0.013328998699609906,-0.055591677503251,-0.11345903771131349,-0.10240572171651496,-0.17360208062418725,0.6300390117035111,1.7981144343302988,20-30,30+,30+,7
BAJAJFINSV,2018-03-12,504.01,46.44440775975112,45.243244384904145,13.704579580111881,27.2782346779395,0.13684252296581412,-0.015198111148588267,0.13684252296581412,67.0,-0.015198111148588267,0.02200353167595881,0.07541517033392187,0.060574194956449334,0.2041427749449416,0.25937977421082925,0.36126267335965556,40-50,<15,25-30,7
HINDZINC,2017-01-17,284.95,64.98370503340325,63.88694940145901,28.67642332607783,33.16552742339711,0.13669064748201443,-0.002807510089489429,0.13669064748201443,69.0,0.06562554834181422,0.04895595718547119,0.06123881382698726,0.09264783295314971,-0.02474118266362524,-0.018775223723460188,0.13405860677311798,60+,25-30,30+,7
JSWSTEEL,2015-07-16,86.84,38.91608469831452,38.20137098481488,33.00300939789094,36.61973533045838,0.13668816213726376,-0.06759557807462002,0.02579456471672037,53.0,-0.010248733302625546,-0.02095808383233544,0.11331183786273602,0.14382772915707043,0.042491939198525897,0.1662828189774297,0.8840396130815293,30-40,30+,30+,7
COALINDIA,2018-01-03,271.85,51.62153242491247,49.23519242720846,21.108354144797534,21.99104114877573,0.1366562442523449,0.0,0.10594077616332509,40.0,0.13408129483170872,0.07025933419164976,0.06805223468824728,0.12488504690086444,0.02611734412359734,-0.0415670406474159,-0.13555269450064378,40-50,20-25,20-25,7
M&M,2009-11-16,262.23,71.43529844872236,70.67903120502078,40.70637553412179,54.83814356067529,0.13659764329024138,-0.08755672501239375,0.02619837547191395,107.0,-0.005148152385310745,-0.018685886435572008,-0.0021355298783510834,0.10322998894100599,-0.05079510353506467,0.058994012889448166,0.48400259314342353,60+,30+,30+,7
ICICIBANK,2023-03-21,852.4,43.83469349725262,40.06206941705352,24.30766767064054,43.77935655602886,0.13643829188174572,-0.004340685124354704,0.13643829188174572,118.0,0.0027569216330360913,0.037775692163303676,0.04927264195213521,0.11491083998122953,0.08300093852651336,0.16166119192867212,0.27229000469263265,40-50,20-25,30+,7
BAJAJFINSV,2019-11-04,870.66,58.29543806582957,57.78364178068868,22.944321980372074,32.36668385729896,0.1364022695426459,-0.4834148806652424,-0.4463740151149702,157.0,0.022592056600739818,0.04566650586911081,0.03717869202673829,0.0734270553373304,0.04358762318241349,-0.4530241426044609,-0.3403165414742838,50-60,20-25,30+,7
ASIANPAINT,2016-07-25,1070.65,70.39624093633606,67.45516371932528,39.518173541171066,41.60105459985955,0.13631905851585469,-0.16798206696866402,-0.10470275066548373,127.0,0.04693410544996035,0.07257273618829663,0.04501938075001144,0.11259515247746688,0.05309858497174602,-0.09895857656563778,0.07420725727361854,60+,30+,30+,7
LT,2007-05-28,396.37,61.695833303854855,61.13588079211552,19.834413995887306,19.884431760876645,0.13623634482932623,0.0,0.13623634482932623,23.0,0.10550748038448932,0.06054948659081161,0.20190730882761043,0.3568887655473423,0.4205161843731866,1.3432399021116632,0.5384363095087923,60+,15-20,15-20,7
BEL,2008-07-08,10.35,34.42612622984072,34.17169017496378,45.73113677603948,44.634883343725136,0.13623188405797104,-0.114975845410628,-0.09951690821256032,55.0,-0.018357487922705307,0.034782608695652195,-0.04541062801932361,-0.05024154589371976,-0.18067632850241544,-0.26280193236714977,0.34879227053140105,30-40,30+,30+,7
SBIN,2013-08-08,166.42,28.720411058253816,28.292006861393137,52.578164137315724,35.89805719035239,0.1362216079798102,-0.11452950366542469,-0.09806513640187475,194.0,-0.05624323999519276,-0.05972839802908303,-0.018447302006970312,-0.018687657733445384,0.08736930657372932,-0.08941233024876816,0.4528902776108641,20-30,30+,30+,7
SUNPHARMA,2020-11-05,512.5,49.5221754154444,48.02444502340256,35.765924877666734,35.95269428872176,0.1361951219512194,-0.04214634146341467,0.12117073170731718,48.0,-0.006341463414634152,-0.010048780487804887,0.1361951219512194,0.17931707317073164,0.2277073170731707,0.25882926829268293,0.5609756097560976,40-50,30+,30+,7
BHARTIARTL,2021-09-09,673.5,68.23887376115943,67.58068322153522,38.27773581471206,33.828499739723526,0.1360801781737193,-0.02264291017074982,0.039346696362286604,118.0,0.047305122494432084,0.059257609502598285,0.0257609502598366,0.05270972531551599,0.06184112843355605,0.01410541945063093,0.13697104677060135,60+,30+,30+,7
SBIN,2023-03-31,523.75,41.343350463176876,39.676616780934225,35.90099624109386,44.282277808427345,0.13603818615751795,-0.0014319809069212042,0.12505966587112183,95.0,0.004868735083532139,0.0386634844868734,0.09842482100238659,0.1318377088305489,0.09374701670644403,0.1260143198090693,0.4478281622911693,30-40,30+,30+,7
INFY,2007-12-03,200.04,36.63871759891212,34.566228175467074,30.955371544332152,32.185380372640715,0.13592281543691254,-0.13712257548490292,-0.06728654269146161,57.0,0.09273145370925828,0.014997000599880073,0.09248150369926011,-0.003549290141971473,-0.08273345330933801,0.21900619876024807,-0.2449510097980404,30-40,30+,30+,7
INDIGO,2019-12-26,1321.95,35.8875008375844,35.82472613925657,35.54954316765648,38.52027474300082,0.13582208101667992,-0.35175309202314764,-0.23680925904913197,91.0,0.007904988842240668,0.06070577555883361,0.1314724460077914,0.09270396005900361,-0.23514505087181814,-0.18900109686448063,0.2768259011309051,30-40,30+,30+,7
HAL,2024-05-23,4949.9,81.23366684089649,79.83010920018945,56.086278037782556,56.43653007050398,0.13577041960443648,-0.1583870381219823,-0.09447665609406242,140.0,0.00532333986545197,-0.05723347946423141,0.07578940988706862,0.009565849815147853,-0.04419281197599956,-0.1803571789329077,0.0023636841148306775,60+,30+,30+,7
HAL,2019-02-25,325.63,33.70129709041319,30.668691453385282,37.06769606816531,24.8576457640857,0.13573687928016454,-0.03325860639375977,-0.008752264840463209,85.0,0.05205294352485956,0.04176519362466613,0.13573687928016454,0.040598224979271125,0.08313116113380215,-0.010072781991831148,0.0966434296594294,30-40,30+,20-25,7
ADANIPORTS,2011-05-17,144.4,47.77958984094943,46.66822269053475,35.57540733807676,26.159791044025713,0.1357340720221607,-0.0013850415512466352,0.087950138504155,42.0,0.05124653739612195,0.11807479224376727,0.04951523545706382,0.07236842105263142,-0.03254847645429371,0.07444598337950148,-0.23130193905817176,40-50,30+,25-30,7
INFY,2026-05-15,1119.0,30.65411530554924,28.040694150202512,39.79841220016952,46.93633379365541,0.13565683646112592,-0.0801608579088472,-0.06952636282394986,41.0,0.04959785522788196,0.03744414655942818,0.014209115281501372,-0.023324396782841705,0.05004468275245766,,,20-30,30+,30+,7
ICICIBANK,2006-11-15,160.09,80.92471416778055,79.18024527603544,52.35871995035828,39.23108673202188,0.1353613592354299,-0.0869510900118684,-0.035480042476107254,148.0,-0.0004997189081142883,-0.024798550815166465,-0.010993815978512012,0.08782559810106827,0.08563932787806872,-0.0114935348866263,0.41014429383471795,60+,30+,30+,7
HINDZINC,2022-07-08,263.05,40.413341984222846,34.50147293322752,33.76206010666459,25.290165024720896,0.13533548754989533,-0.0003801558639042746,0.09408857631628975,91.0,0.0847747576506368,0.053982132674396555,0.03174301463600071,0.091047329405056,0.08173351073940305,0.2623075460938984,0.2463409998099222,30-40,30+,25-30,7
BEL,2008-04-04,11.91,29.651754317924315,25.17424819477236,58.380239770353725,50.70031696475739,0.13518052057094865,-0.07304785894206556,-0.031066330814441767,70.0,-0.005877413937867337,0.052057094878253496,0.0990764063811922,-0.02183039462636438,-0.1536523929471033,-0.25104953820319065,-0.20403022670025184,20-30,30+,30+,7
SBILIFE,2018-03-15,675.0,46.787894903321614,46.40770432728918,17.708465282122983,19.729815900705006,0.13496296296296295,-0.02933333333333321,0.025703703703703784,85.0,-0.014962962962962956,0.013185185185185189,0.05022222222222217,0.023925925925925906,0.04037037037037039,0.002370370370370356,-0.0888148148148149,40-50,15-20,15-20,7
TVSMOTOR,2022-05-18,680.2,53.94171693523594,50.692718597181326,30.26568258389167,14.220712111542067,0.13496030579241403,-0.0016171714201705933,0.13496030579241403,36.0,0.032269920611584624,0.08379888268156432,0.08813584239929417,0.2910908556306968,0.4394295795354306,0.6182740370479269,0.8238018229932371,50-60,30+,<15,7
LT,2015-05-22,1102.31,49.35869121140034,47.56490603011627,23.238923939705128,19.359787737601216,0.13483502825883842,-0.13511625586268827,-0.09880160753327105,132.0,0.0005987426404550078,0.018234434959312873,0.04780869265451648,0.1158113416371076,0.07765510609538162,-0.18688935054567224,-0.24933095045858233,40-50,20-25,15-20,7
GRASIM,2022-03-16,1597.7,46.16091718013677,44.06844519594996,31.179492027176565,24.306095846271983,0.13471865807097694,-0.19887338048444636,-0.19575639982474802,93.0,-0.013688427113976442,0.03968204293672151,0.08556049320898795,-0.0946360393065031,-0.18372660699755894,0.1024910809288353,-0.02718282531138516,40-50,30+,20-25,7
BHARTIARTL,2017-04-27,322.56,54.00204332862211,52.82999478723633,13.250701677890227,42.312964501802796,0.13467261904761907,-0.036737351190476275,0.040519593253968145,39.0,0.0726686507936507,0.13467261904761907,0.042472718253968145,0.03785342261904745,0.19097222222222232,0.4027777777777779,0.14208209325396814,50-60,<15,30+,7
BAJFINANCE,2026-06-15,942.3,48.55519590377575,44.975857923706855,22.023430412300282,20.114639885441424,0.13467048710601737,0.0,0.11800912660511509,45.0,0.027592061976016158,0.042184017828716946,0.08383741908097209,0.153560437228059,,,,40-50,20-25,20-25,7
BAJAJ-AUTO,2021-04-27,3785.5,54.56301963227983,52.62496444578065,20.902672789027957,29.73111779897906,0.13460573239994722,-0.030973451327433676,-0.01522916391493856,126.0,0.011847840443798718,0.024778761061946986,0.12167481178179917,0.10512481838594634,0.013432835820895495,-0.005745608241976008,0.03173953242636385,50-60,20-25,25-30,7
NTPC,2009-03-27,151.75,54.35430161986578,53.76622953879189,26.111546252536574,13.400365301846435,0.13456342668863264,-0.01976935749588138,0.13067545304777606,53.0,0.013706754530477872,0.0554859967051069,0.03380560131795707,0.10708401976935744,0.06563426688632634,0.1466227347611202,0.11584843492586505,50-60,25-30,<15,7
ASIANPAINT,2007-12-26,110.02,63.167350613351545,58.22317063914653,46.115237995415214,27.674531595680495,0.13452099618251223,-0.1250681694237411,0.07162334121068903,93.0,0.03281221596073447,0.09334666424286509,-0.04835484457371386,0.031630612615888065,0.05235411743319407,0.13343028540265411,-0.21168878385748036,50-60,30+,25-30,7
SHRIRAMFIN,2025-12-24,973.7,76.1599921587224,76.0397714472756,49.56505316372007,58.19998584553102,0.13443565780014355,-0.10434425387696422,0.03122111533326488,110.0,0.02310773338810712,0.0227482797576255,0.03065625962822205,0.09345794392523366,-0.07199342713361412,0.01966724863921132,,60+,30+,30+,7
DIVISLAB,2026-04-10,6116.5,40.93617525888837,40.90683917199383,20.248258119980086,19.78842026119312,0.13439058284966898,-0.007602386986021448,0.13439058284966898,94.0,0.018392871740374295,0.04005558734570425,0.09768658546554398,0.10406278100220723,0.11387231259707353,,,40-50,20-25,15-20,7
DIVISLAB,2021-05-31,4194.0,66.27937997386701,66.21792755000277,43.176872296244156,28.75468490230339,0.13438245112064862,0.0,0.13438245112064862,46.0,0.008571769194086754,0.04626847877920848,0.05108488316642834,0.16979017644253713,0.2170362422508345,0.1734263233190272,-0.1437052932761087,60+,30+,25-30,7
KOTAKBANK,2026-04-06,360.55,33.95648181269537,33.805614876589345,48.61282358196775,34.2615647580015,0.13437803355983902,0.0,0.06711967826931065,109.0,0.031479683816391546,0.051726528914158854,0.044515323810844665,0.04687283317154334,0.05755096380529756,,,30-40,30+,30+,7
ASIANPAINT,2010-07-22,252.19,72.66708899660306,72.32111991341452,33.26544554088528,50.65182371301081,0.13430350132836355,-0.033109956778619276,0.06352353384353071,137.0,0.036440778777905525,0.031285935207581606,0.09377850033704727,0.13152781632895838,0.032713430350132855,0.05269836234585035,0.23355406637852405,60+,30+,30+,7
DMART,2025-08-05,4257.8,54.99431308550341,53.46861406023075,32.48292321927325,15.642136062112527,0.13422424726384508,-0.10369204753628636,-0.10150782094039179,132.0,-0.0012447742965850939,0.0928648597867443,0.13422424726384508,0.010287002677439094,-0.023909061017426847,-0.1512753064963127,-0.07323030673117581,50-60,30+,15-20,7
ADANIPOWER,2023-11-08,78.68,65.83891642920794,65.73535010819435,33.038885558442,40.78932519701134,0.13421453990848997,-0.029740721911540424,0.11947127605490593,23.0,-0.006100660904931443,-0.01576004067107284,0.35688866293848487,0.376970005083884,0.39730554143365526,0.49733096085409234,0.5242755465175393,60+,30+,30+,7
COALINDIA,2014-11-26,349.55,46.568247761588175,46.50856321427121,17.534512719188097,18.452271400212933,0.13402946645687308,-0.0011443284222573125,0.09497925904734661,86.0,0.02159919897010454,0.03003862108425115,0.08239164640251762,0.09469317694178225,0.09912744957802877,0.05821770848233432,-0.03933628951509083,40-50,15-20,15-20,7
INFY,2009-04-27,179.49,60.25981205141347,59.844197193659184,26.951403128225053,21.7446535762591,0.1339350381636859,-0.003621371664159545,0.10925399743718311,18.0,0.1339350381636859,0.05693910524263179,0.1060226196445484,0.2724385759652348,0.41227923561201174,0.583597972031868,0.9064014708340298,50-60,25-30,20-25,7
DMART,2021-01-04,2898.45,69.99422120858215,67.3474836645633,27.749144764340617,30.273351471767107,0.1337438976004417,-0.08520071072469759,8.625299729159153e-05,133.0,0.029809035863996414,-0.05297659093653495,-0.007400507167623971,0.1337438976004417,-0.017768117442081066,0.15946454139281352,0.6308544221911712,60+,25-30,30+,7
SBIN,2012-12-04,223.96,57.12598614637481,52.5670431469725,28.137573955860884,19.0165439350467,0.1337292373638148,-0.07086086801214508,-0.02687979996427936,99.0,0.030898374709769527,0.0594302554027506,0.1035899267726379,0.05045543847115552,-0.06255581353813189,-0.07577245936774424,-0.1885158063939989,50-60,25-30,15-20,7
M&M,2007-06-21,182.3,42.206175068782684,41.053538862263906,23.46648234528554,20.359341241794255,0.1335161821173887,-0.15721338453099298,-0.10257816785518381,69.0,-0.030718595721338615,0.05573230938014251,0.13214481623697183,-0.1188699945145365,0.016127262753702576,0.05874931431705965,-0.21256171146461877,40-50,20-25,20-25,7
INDIGO,2016-12-23,825.05,36.934074733987636,36.34532823928296,27.348061871289026,19.986273935518234,0.13344645779043707,-0.011514453669474567,0.017635294830616433,62.0,-0.004363371916853431,0.019089752136234095,0.13265862674989393,0.01999878795224541,0.18720077571056315,0.5158475243924612,0.45682079873947057,30-40,25-30,15-20,7
EICHERMOT,2022-08-17,3397.6,72.39396978860397,70.4514433381672,32.51667593935122,26.067566711170205,0.13328526018365894,-0.08357369908170464,-0.04117612432305162,141.0,0.015628679067577034,0.0041205556863668225,0.04456086649399582,0.034465505062396984,0.03247880857075591,-0.042662467624205225,-0.02918236402166241,60+,30+,25-30,7
TATASTEEL,2021-04-06,86.29,70.08101925271473,69.62642565237793,32.60503656143278,43.65321863490219,0.13315563796500163,-0.013095376057480679,0.12573878780855252,22.0,0.018658013674817564,0.036041256228995344,0.27581411519295385,0.30803105806003006,0.34071155406188414,0.5345926526828135,0.5885965928844594,60+,30+,30+,7
BHARTIARTL,2012-05-28,272.5,41.78665888592356,39.28416965841957,24.158906008420264,20.60585082282545,0.1330275229357798,-0.050128440366972615,-0.007633027522935709,64.0,-0.02579816513761457,0.005614678899082515,0.008256880733944927,0.016844036697247544,-0.17596330275229355,0.026128440366972594,0.0411743119266057,30-40,20-25,20-25,7
HCLTECH,2014-01-16,347.67,76.74989988995767,76.39443187622346,74.75386541625761,59.46813494882206,0.13294215779330965,-0.06002818764920759,-0.005148560416486925,131.0,0.015100526361204514,0.03129404320188689,0.08033480024160844,0.01610722811861809,0.015704547415652748,0.051658181608996934,0.1785601288578249,60+,30+,30+,7
LT,2010-09-15,852.43,66.0321681416248,64.86112826958544,39.06102302882192,30.301852749928177,0.13290240840890166,-0.22737350867519912,-0.18866065248759423,149.0,0.038431308142604204,0.06379409452975615,0.03683586922093318,0.0869983459052357,0.04270145349178245,-0.18550496814987738,-0.1706533087760871,60+,30+,30+,7
HINDUNILVR,2010-02-17,240.55,38.40347266741688,34.0110447445183,38.45024595796584,29.005104934260515,0.13282061941384327,-0.08792350862606524,0.10496778216586988,177.0,0.006651423820411617,-0.006027852837248049,-0.048222822697983836,-0.06568281022656419,-0.002078569943878561,0.1220120557056743,0.12026605695281645,30-40,30+,25-30,7
ONGC,2012-05-29,170.93,45.74777973548447,43.575708210485885,33.20568431470681,24.71088169889643,0.1328029017726553,-0.039957877493710936,0.09500965307435782,112.0,-0.010296612648452719,0.019715673082548513,0.08389399169250567,0.07956473410167897,0.12110220558123208,-0.02492248288773191,0.30638272977242154,40-50,30+,20-25,7
HINDZINC,2008-02-15,58.96,38.087977333618674,36.65849608381795,38.13765957677231,40.29463970506668,0.13280189959294453,-0.11821573948439623,-0.0953188602442333,46.0,0.05647896879240166,0.11635006784260504,-0.0825983717774762,-0.174864314789688,0.08056309362279501,-0.1724898236092266,-0.5083107191316147,30-40,30+,30+,7
BEL,2015-05-19,32.18,50.3554751493378,49.93646709926796,13.676542577010014,35.70598142342572,0.1326911124922312,-0.0018645121193288094,0.03666873834679918,29.0,0.03542573026724671,0.09011808576755742,0.05717837165941586,0.14667495338719694,0.190180236171535,0.17557489123679293,0.08297078931013058,40-50,<15,30+,7
BAJAJ-AUTO,2018-10-29,2549.1,40.41008566371444,38.58815877296331,34.86202280560272,21.141911809134996,0.13263504766388134,-0.019379388803891562,0.0633753089325646,99.0,0.04842885724373325,0.040484877015417364,0.021497783531442494,0.06606253187399469,0.006453258012631968,0.17064846416382262,0.24779333882546783,30-40,30+,20-25,7
ICICIBANK,2026-05-25,1291.8,46.29467633620919,41.56393606785644,26.30210937887041,24.818238717360675,0.1326056665118438,-0.050472209320328254,0.08530732311503342,86.0,-0.040331320637869594,-0.032203127419105027,0.06332249574237503,0.10922743458739759,,,,40-50,25-30,20-25,7
IOC,2016-03-01,64.33,43.55846339689775,41.336813007127844,39.06627779549615,37.66496529591396,0.13259754391419243,-0.002020830094823456,0.08845017876573902,93.0,0.03140059070418144,0.016166640758588535,0.019741955541737743,0.10446137105549513,0.04414736514845341,0.481268459505674,0.9777708689569409,40-50,30+,30+,7
WIPRO,2012-08-06,64.84,35.04014093420421,33.48989603808603,50.267664431601496,36.291297836523604,0.13232572486119687,-0.02822331893892671,0.04457125231338677,87.0,0.028377544725478154,0.02868599629858104,0.047038864898210964,0.07927205428747697,0.04827267119062295,0.18013571869216527,0.30505860579888955,30-40,30+,30+,7
ADANIPOWER,2009-11-23,18.98,43.04698551342837,40.217244827254895,21.85947304231739,,0.13224446786090605,-0.02687038988408863,0.1006322444678609,72.0,-0.005268703898840932,-0.02687038988408863,0.043203371970495175,0.06480505795574287,0.11696522655426755,0.23287671232876694,0.464172813487882,40-50,20-25,,7
ETERNAL,2026-03-20,232.29,35.51106289300965,31.706853502028697,45.05181115230526,30.844513279752142,0.13216238322786178,-0.022945456110895823,0.03921821860605279,59.0,0.0037883679882904087,-0.00038744672607515795,0.09724912824486642,0.06423005725601616,0.11304834474148695,,,30-40,30+,30+,7
M&M,2024-02-16,1835.55,61.24664564754484,60.18342643461132,28.429203479496625,34.47411422757244,0.13214023044863943,-0.019639889951240774,0.13214023044863943,52.0,0.05142872708452506,0.0748549481081966,0.011168314674075974,0.10664378524148077,0.29211952820680454,0.4956007736100896,0.5428345727438642,60+,25-30,30+,7
LICI,2024-07-10,524.75,57.139919753239326,55.39657003004189,19.742073170322026,18.793600172872566,0.13206288708908986,-0.13896141019533115,-0.12047641734159131,113.0,0.057322534540257264,0.10582181991424489,0.08000000000000007,-0.01924726060028592,-0.08108623153882799,-0.16545021438780372,-0.11714149595045265,50-60,15-20,15-20,7
HINDUNILVR,2008-07-10,218.5,43.26473769700653,42.35885396003319,42.410099163421805,30.484155729831134,0.1320366132723112,-0.03112128146453097,0.12173913043478257,57.0,0.005720823798627039,0.042105263157894646,0.10732265446224254,0.15766590389016022,0.08993135011441655,0.1299771167048056,0.22356979405034338,40-50,30+,30+,7
HAL,2019-08-20,333.98,45.776556791402626,41.46625377804899,28.14486993655057,16.260264635986314,0.13195400922210898,-0.034822444457751955,0.1041978561590513,66.0,-0.025091322833702634,-0.03437331576741132,0.11668363375052393,0.06787831606683015,0.19363434936223722,0.0843463680459906,0.890831786334511,40-50,25-30,15-20,7
TVSMOTOR,2005-11-22,49.3,61.60097643456695,61.18246544275425,24.167905551189016,15.660690132724618,0.13184584178498993,-0.018255578093306246,0.13184584178498993,45.0,0.026977687626774882,-0.018255578093306246,0.055780933062880234,0.11967545638945243,0.23529411764705888,0.20344827586206904,0.0006085192697768971,60+,20-25,15-20,7
HINDZINC,2012-07-27,102.1,41.8089830382783,41.67755340089628,21.405327650851948,19.193252884885993,0.1318315377081294,0.0,0.06611165523996076,38.0,0.008031341821743476,0.06229187071498532,0.10666013712047007,0.11821743388834483,0.12889324191968665,0.08364348677766897,-0.129382957884427,40-50,20-25,15-20,7
EICHERMOT,2006-07-04,24.19,45.299242262745956,44.65349636305808,32.93326105331579,32.717350133918494,0.13145928069450186,-0.1360066143034313,-0.08433236874741634,35.0,0.12195121951219501,-0.02563042579578345,-0.11078958247209592,-0.03513848697809019,0.26746589499793294,0.5444398511781727,0.43075651095494005,40-50,30+,30+,7
HAL,2026-07-10,4506.8,55.00335321894517,53.032212909644315,19.102987953318348,13.9216288494159,0.1314014378272832,-0.019148841750244117,0.11320670986065506,40.0,-0.0013535102511760266,0.014777669299724794,0.0934587734090706,,,,,50-60,15-20,<15,7
BHARTIARTL,2015-01-01,327.07,46.6448840927528,43.98993611624052,35.7562867583335,42.02876671126678,0.13125630598954352,-0.055248112024948726,-0.02812853517595615,42.0,-0.004830770171522891,-0.03736203259241133,-0.00993671079585412,-0.038187543950836234,0.10857003088023975,0.15745864799584197,0.04106154645794491,40-50,30+,30+,7
HINDUNILVR,2019-08-05,1712.77,49.782758710609386,48.891096123676384,13.985518356103997,23.961145018570697,0.13125521815538566,0.0,0.13125521815538566,46.0,0.04798075631871179,0.04576796651038961,0.060533521722122785,0.11658307887223618,0.23946005593278707,0.19164861598463312,0.2622301885250209,40-50,<15,20-25,7
LT,2025-04-15,3257.6,42.41951219882148,40.69553872018006,36.10793246214146,27.362302102865204,0.13113948919449903,-0.009178536345776034,0.1146549607072691,111.0,6.139489194501024e-05,0.019861247544204375,0.11069499017681728,0.1139182220039292,0.07315201375245595,0.15714022593320243,0.2513199901768173,40-50,30+,25-30,7
ULTRACEMCO,2016-07-21,3638.5,67.90393491335271,66.8732092826838,26.02561507200067,27.29766235420962,0.13105675415693296,-0.08690394393293932,-0.018634052494159725,133.0,0.011062250927579953,0.004960835509138395,0.062360862992991706,0.09672942146488928,0.10830012367733954,-0.0709770509825478,0.14790435619073783,60+,25-30,25-30,7
HDFCBANK,2009-05-18,68.91,67.12995058128611,65.85864944643625,29.538604643463042,36.56973105309416,0.13104048759251197,-0.03061964881729795,0.08387752140473093,119.0,-0.01059352778987066,0.04019735887389353,0.12088231025975915,0.04237411115948331,0.020316354665505854,0.25061674648091725,0.3755623276737776,60+,25-30,30+,7
ICICIBANK,2019-03-05,363.25,53.761750661746746,52.040953436768646,16.944328260218054,28.592911509706692,0.13103922918100497,0.0,0.13103922918100497,79.0,0.06868547832071581,0.09676531314521664,0.07019958706125262,0.10474879559532013,0.16421197522367503,0.0795595320027529,0.3994494150034411,50-60,15-20,25-30,7
HDFCBANK,2022-06-21,668.28,40.62376046703919,39.47332631729306,26.974092382500444,15.083550729450725,0.13103788831028917,-0.004713593104686664,0.11746573292631823,83.0,0.006988088825043537,0.012000957682408497,0.01810618303705036,0.10010773927096417,0.12422936493685288,0.23059196743879817,0.22373855270246001,30-40,25-30,15-20,7
SUNPHARMA,2013-04-23,474.98,80.20273166760744,78.94117140822104,48.654684047919304,50.47226832869657,0.13078445408227712,-0.015705924459977316,0.09758305612867924,76.0,0.0011368899743147143,0.04315971198787327,0.05899195755610753,-0.0029474925260011275,0.1684702513790053,0.3283717209145649,0.317108088761632,60+,30+,30+,7
LICI,2026-04-06,372.48,36.87446107303557,33.05523890308368,49.87487940998605,33.36973571190836,0.13053049828178698,-0.002362542955326452,0.05651310137457033,37.0,0.07879617697594488,0.11160330756013748,0.0836286512027491,0.07361469072164928,0.15200816151202745,,,30-40,30+,30+,7
AXISBANK,2016-12-14,467.2,40.430512195145994,36.53225163761294,35.22142135781593,34.19810687847602,0.13045804794520555,-0.07534246575342463,0.09321489726027399,117.0,-0.02033390410958902,-0.05811215753424648,0.011986301369863117,0.04944349315068508,0.0935359589041096,0.08625856164383561,0.15892551369863028,30-40,30+,30+,7
LT,2015-01-05,1037.34,47.74349261474129,47.0994713316863,34.65624498919505,25.200114217258655,0.13042975302215298,-0.035832031927815367,0.13042975302215298,53.0,-0.014006979389592611,0.03781788034781264,0.08509264079279699,0.13257948213700432,0.12975495016098892,0.16712938862860782,-0.1922224150230396,40-50,30+,25-30,7
TATASTEEL,2010-06-14,48.42,35.598103984896746,34.42498804820448,40.1187096188812,33.18216354522886,0.13031805039239974,-0.025815778603882733,0.07166460140437825,67.0,0.042544403139198606,0.03283767038413865,0.04481619165634032,0.08880627839735644,0.2422552664188351,0.3031805039239983,0.10388269310202403,30-40,30+,30+,7
INFY,2025-10-08,1495.0,44.219962289788626,41.463692867084774,24.54902686058505,28.41225182129785,0.13030100334448158,-0.1834113712374582,-0.1834113712374582,162.0,-0.013779264214046738,0.02240802675585285,-0.012173913043478257,0.07745819397993303,0.07839464882943137,-0.12628762541806016,,40-50,20-25,25-30,7
TITAN,2025-10-10,3531.9,51.10845224525086,50.612406388910955,38.67036449415196,17.55527065066847,0.13026982643902718,0.0,0.1252017327783912,81.0,0.040459809167870064,0.051813471502590636,0.07675755259208916,0.0897817038987514,0.20303519352190036,0.2719782553299923,,50-60,30+,15-20,7
HINDALCO,2011-10-07,125.9,33.22292858838076,31.619871008722566,42.50393437832672,49.13291233380911,0.13026211278792688,-0.09849086576648136,-0.09849086576648136,49.0,0.022239872915011727,-0.03296266878474985,0.11080222398729145,0.09451945988880062,-0.07545671167593326,0.05718824463860206,-0.0428911834789516,30-40,30+,30+,7
COALINDIA,2013-08-12,274.35,38.543005738061716,36.494863852701826,32.87134803830962,34.802361984342376,0.1301257517769272,-0.0876617459449609,0.06451612903225801,81.0,-0.06305813741570987,-0.011299435028248705,0.06816110807362863,0.02988882813923821,0.05431018771642049,-0.01585565882996176,0.32895935848368874,30-40,30+,30+,7
LT,2025-09-17,3685.5,56.39306601953313,52.77968084240573,22.548879634702047,16.335909791600223,0.12967032967032965,-0.011151811151811075,0.10896757563424231,140.0,-0.0031746031746031633,-0.004124270790937357,0.04175824175824183,0.09285035951702603,0.10264550264550265,-0.05863519196852529,,50-60,20-25,15-20,7
IOC,2011-03-03,52.06,39.90680648537307,37.38124123203703,33.091882753013344,42.67985879587933,0.1296580868228967,-0.042835190165194104,0.03399923165578178,103.0,-0.025355359200922023,-0.019784863618901305,0.04994237418363423,0.0989243180945063,0.05090280445639639,-0.019976949673453648,-0.11083365347675767,30-40,30+,30+,7
RELIANCE,2020-07-23,934.1,72.15977202234113,71.79605795162317,46.26238419280875,48.78328405970731,0.1296220961353174,-0.10079220640188413,-0.04839952895835564,137.0,0.02480462477250822,0.037073118509795444,0.01843485708168302,0.09624237233700894,0.03245905149341599,-0.02012632480462484,0.023273739428326667,60+,30+,30+,7
ADANIENT,2013-06-27,116.15,40.32587229319952,39.41365281188629,27.22951933855469,22.548536152848357,0.12948773138183367,-0.18217821782178223,-0.1405079638398623,56.0,0.07343951786482994,0.060439087386999546,-0.05527335342229878,-0.18458889367197595,-0.25570383125269047,0.39948342660352987,1.2805854498493323,30-40,25-30,20-25,7
COALINDIA,2020-03-27,131.7,29.79722639705001,28.415436873182607,58.40425503499976,47.14567702241845,0.12946089597570243,-0.07593014426727396,-0.008352315869400107,112.0,0.04593773728170092,0.10782080485952927,0.04859529233105553,-0.033788914198936926,0.06605922551252852,-0.0808656036446469,0.009491268033409161,20-30,30+,30+,7
BEL,2016-03-10,32.85,42.197318659526175,41.56379592153959,21.746525666508578,28.271305347108257,0.12937595129375956,-0.019178082191780854,0.091324200913242,78.0,0.0,0.07701674277016757,0.06149162861491608,0.06301369863013706,0.1893455098934551,0.11933028919330302,0.4459665144596652,40-50,20-25,25-30,7
TATASTEEL,2025-05-06,144.44,52.74384806444034,50.46434510546557,15.291455140438522,30.121085004420983,0.1293270562171145,-0.011492661312655805,0.11776516200498466,52.0,0.03454721683744122,0.09865688175020759,0.09367211298809197,0.12434228745499865,0.10468014400443093,0.26467737468845187,0.4917612849626143,50-60,15-20,30+,7
DIVISLAB,2024-09-11,5439.3,74.87374733364607,73.21850295740468,48.04656636991292,50.72980280435908,0.12923537955251585,-0.012216645524240177,0.12923537955251585,30.0,0.005487838508631437,-0.008273123379846647,0.12923537955251585,0.08468920633169708,0.09069181696174144,0.013779346607100118,0.10593274869928115,60+,30+,30+,7
BHARTIARTL,2015-06-18,384.34,54.57489511426276,54.45259038060797,9.42626123265983,71.29753607769317,0.12920851329551963,-0.029427069781963855,0.04410157672893811,33.0,0.0005984284747879709,0.015715252120518386,0.00705104855076244,-0.08500286204922713,-0.0646302752770983,-0.2749388562210542,-0.07113493261174997,50-60,<15,30+,7
HINDZINC,2019-02-21,255.8,41.45446970138181,38.374011071559266,41.623981203254075,28.22429092009278,0.1292025019546521,-0.10887412040656774,-0.0985144644253324,124.0,0.053362001563721506,0.054925723221266765,0.05883502736512902,0.08268178264268955,-0.020914777169663834,-0.19370602032838158,-0.29573885848319004,30-40,30+,25-30,7
POWERGRID,2022-03-30,162.83,56.30146728156942,54.84193479598083,36.683876278587356,34.008934847078436,0.12915310446477912,-0.04882392679481673,-0.0210035005834307,99.0,0.09003254928452975,0.057114782288276045,0.04900816802800456,0.05134189031505243,-0.03132100964195805,-0.07486335441871905,0.039611865135417146,50-60,30+,30+,7
SHRIRAMFIN,2006-11-14,24.78,63.4292738253081,60.51208228235154,31.77290668768235,36.86999220041959,0.12913640032284102,-0.08313155770782898,-0.05609362389023409,148.0,-0.021388216303470542,0.032687651331719136,0.027441485068603777,0.09443099273607758,0.05811138014527839,0.025827280064568248,1.2538337368845842,60+,30+,30+,7
TCS,2020-12-29,2930.5,70.06846675926055,69.84543083897755,29.58555870077276,54.81073604222186,0.1290905988739124,-0.023118921685719163,0.08002047432178805,93.0,0.05545128817607914,0.0833816754819996,0.09078655519535928,-0.002149803787749538,0.07781948472956834,0.13862822044019785,0.2607746118409826,60+,25-30,30+,7
TCS,2005-08-10,164.13,51.333486834898345,50.69305769643261,20.87166402929958,28.90526405407962,0.12892219582038633,-0.03351002254310609,0.12892219582038633,51.0,-0.01060135258636452,-0.013221227076098185,0.0600743313227321,0.10314994211905204,0.12490099311521363,0.27874246024492777,0.47102906232864195,50-60,20-25,25-30,7
HINDUNILVR,2015-01-09,850.48,64.07373565631781,60.83649370535701,46.12968871478613,38.98637511530926,0.1288448875928887,-0.015379550371554918,0.08003715548866519,91.0,0.08842065657040732,0.11647540212585827,0.04111795691844611,0.10704543316715265,0.07153607374659021,0.07292352553851944,-0.061130185307120666,60+,30+,30+,7
KOTAKBANK,2014-05-12,85.07,66.30414033676124,64.36650946038975,40.84127612136459,45.89422933670791,0.12883507699541563,0.0,0.1063829787234043,70.0,0.07793581756200796,0.01234277653696969,0.09157164687904085,0.00905136946044438,0.11696250146937825,0.30327965205125196,0.550370283296109,60+,30+,30+,7
ICICIBANK,2014-10-22,285.64,57.829129548459264,54.887651884465726,30.18289860246864,27.39647656244822,0.12876347850441117,0.0,0.1269780142837138,41.0,0.022160761798067696,0.06385660271670646,0.10163142417028448,0.1432222377818233,0.1704243103206835,-0.009732530457918998,-0.08895812911356937,50-60,30+,25-30,7
HINDALCO,2008-02-18,167.01,47.93065755072432,45.02725371833382,33.26222526249491,35.371451762544446,0.12867492964493144,-0.16376264894317705,-0.07849829351535831,50.0,0.06760074247051095,0.03257289982635769,-0.1602299263517154,0.04394946410394596,0.08167175618226463,-0.29650919106640317,-0.7461229866475061,40-50,30+,30+,7
LT,2010-02-17,655.25,41.40516687193878,40.40654912484903,48.2633209850526,28.884486506945272,0.12863792445631428,0.0,0.08993513925982444,89.0,0.01820679130102998,0.07044639450591372,0.09970240366272431,0.06922548645555127,0.12666921022510502,0.21407096528042735,0.15000381533765728,40-50,30+,25-30,7
ONGC,2006-06-23,122.27,46.54890452233627,44.22031259290165,35.19443851155529,33.06514233529263,0.12856792344810675,-0.06542896867588122,0.06150323055532825,116.0,0.00695182792181237,-0.011286497096589465,-0.01758403533164299,0.09568986668847645,0.08873803876666408,0.169624601292222,0.2500204465527114,40-50,30+,30+,7
ICICIBANK,2005-09-15,96.94,69.55063214380235,69.1364339813062,42.50081290973252,43.568909962811034,0.12853311326593775,-0.0999587373633175,-0.011759851454507975,60.0,0.07499484217041474,0.12337528368062722,-0.06158448524860738,-0.011759851454507975,0.0721064576026409,0.13833298947802763,0.2127088920982052,60+,30+,30+,7
ICICIBANK,2008-03-28,151.91,36.41740432399478,35.59060838103477,26.698390750597177,38.03012057184064,0.12849713646237904,-0.12513988545849508,-0.08399710354815348,77.0,-0.08491870186294526,-0.05680995326179972,0.07221381080903155,-0.03008360213284178,-0.16509775524981896,-0.28174577052201966,-0.5953525113554078,30-40,25-30,30+,7
WIPRO,2021-01-07,203.38,78.23294188271134,76.52042676161126,51.61181673514284,73.77988892238085,0.12842954076113688,-0.01745501032549901,0.08688169928213196,91.0,0.11702232274559954,0.09597797226865978,0.07016422460418936,0.024928704887402953,0.07680204543219582,0.3093716196282821,0.749188710787688,60+,30+,30+,7
ICICIBANK,2023-11-24,929.4,45.061131483954014,44.81457128254716,26.85704546235686,20.2450037746188,0.12841618248332254,-0.004196255648805658,0.12841618248332254,88.0,0.01861415967290725,0.08763718528082642,0.07069076823757259,0.10721971164191957,0.14342586615020458,0.1955024747148697,0.3997740477727567,40-50,25-30,20-25,7
HDFCBANK,2020-10-05,557.18,54.06734399399157,53.72161789372007,34.22752862478889,14.959478725188065,0.128360673391005,0.0,0.128360673391005,30.0,0.0891094439857858,0.08004594565490519,0.128360673391005,0.24340428586812157,0.2706845184679998,0.3008363544994437,0.4317276284145162,50-60,30+,<15,7
SUNPHARMA,2016-12-30,630.0,34.511481520982514,31.77328204468512,47.5220577431652,48.49697182685238,0.1282539682539683,-0.01103174603174606,0.02928571428571436,132.0,0.017063492063492003,0.0365079365079366,0.02341269841269833,0.07777777777777772,0.0905555555555555,-0.1342063492063491,-0.0888095238095239,30-40,30+,30+,7
ITC,2010-03-09,79.16,50.986172793955596,49.53893212536315,30.24309527853137,23.76129219421023,0.12809499747347153,0.0,0.12809499747347153,83.0,0.034866093986862134,0.039540171803941426,0.06657402728650852,0.04282465891864584,0.14603335017685692,0.3209954522486105,0.36836786255684695,40-50,30+,20-25,7
NESTLEIND,2011-04-06,185.1,53.69767408015385,53.445702623992865,13.892189658242858,35.899229673077805,0.1280929227444625,0.0,0.12512155591572127,62.0,0.009670448406266852,0.012857914640734824,0.08292814694759576,0.11863857374392217,0.15629389519178827,0.13165856293895195,0.23689897352782285,50-60,<15,30+,7
MARUTI,2011-03-23,1175.95,38.92029057690691,38.85866218253849,35.31637634746954,32.80012430129389,0.12798163187210343,-0.007483311365279133,0.04609039499978751,69.0,0.07912751392491169,0.10336323823291793,0.12798163187210343,0.02364046090395,-0.026489221480505254,-0.02993324546111653,0.1312555805944129,30-40,30+,30+,7
SHRIRAMFIN,2011-08-29,120.03,42.92251621514636,42.04710884478149,36.38200781721513,24.602508742636793,0.12796800799800034,-0.06015162875947677,0.006665000416562483,46.0,0.09864200616512542,0.06923269182704317,0.0023327501457968136,0.005998500374906346,-0.17578938598683658,-0.11322169457635589,0.007914687994668101,40-50,30+,20-25,7
KOTAKBANK,2025-09-10,394.66,43.52533978728208,41.6962844857632,25.129406904302652,32.82490041032701,0.12785688947448426,-0.0012669132924543192,0.0765722393959356,79.0,0.03902092940759139,0.02939238838493874,0.08959610804236551,0.0605077788476156,0.0782445649419754,-0.021056098920589905,,40-50,25-30,30+,7
SHRIRAMFIN,2023-03-08,254.09,47.57400838374356,43.47512832761898,29.183065132552304,16.49852728845973,0.1277500098390334,-0.048053839190837944,0.08906293045771196,79.0,-0.03219331732850572,-0.019127080955567033,0.026998307686252776,0.06096265102916276,0.10897713408634724,0.4907316305246172,0.9280963438151837,40-50,25-30,15-20,7
JSWSTEEL,2006-12-26,37.36,65.45887164501795,65.33376080107877,31.588806032071687,27.16989576708989,0.12767665952890805,0.0,0.12767665952890805,21.0,0.058886509635974305,0.09234475374732343,0.18228051391862965,0.3070128479657388,0.2591006423982869,0.6311563169164882,2.3455567451820127,60+,30+,25-30,7
HCLTECH,2018-12-31,482.17,43.139414880113094,42.36201004423654,20.364129531564203,27.88213067549008,0.12765207292033942,-0.03318331708733435,0.12765207292033942,88.0,-0.023643113424725803,-0.028143600804695468,0.05605906630441537,0.0915237364415038,0.15183441524773422,0.08789431113507673,0.17821515233216512,40-50,20-25,25-30,7
AXISBANK,2013-11-29,231.19,49.94432152443436,48.899700392359534,16.803430401935945,22.534022008800985,0.12764392923569345,-0.04710411349971877,0.00817509407846373,81.0,0.10709805787447557,0.07253773952160558,0.11272113845754572,-0.029586054760153968,0.09611142350447688,0.6089796271465029,1.1157922055452225,40-50,15-20,20-25,7
ADANIENT,2026-02-02,1995.4,36.83354460420293,36.13640772467999,47.58351313561611,46.75858383834214,0.12764358023453926,-0.11857271724967433,-0.08078580735692098,59.0,0.12764358023453926,0.09481808158765159,0.04064348000400919,-0.046707427082289255,0.24571514483311607,0.5375363335672045,,30-40,30+,30+,7
DIVISLAB,2025-10-07,6104.5,42.25695615499349,37.58327697708268,27.490905284309804,29.750892223747236,0.12761077893357364,0.0,0.06093865181423541,77.0,0.07478089933655507,0.07904005242034562,0.12761077893357364,0.03669424195265791,0.04242771725776073,-0.04644114997133264,,30-40,25-30,25-30,7
TCS,2014-06-11,1103.47,51.46258413558284,48.95546985349158,24.65643017924659,25.580417386233925,0.12760655024604195,0.0,0.11636927147996778,40.0,0.009116695515057005,0.04695188813470219,0.08495926486447303,0.11847173008781398,0.19226621475889694,0.13859008400772121,0.16509737464543672,40-50,20-25,25-30,7
JSWSTEEL,2011-02-14,88.79,35.342658687456485,32.173867682898226,50.98519222854396,46.58047467664542,0.12760445996170744,-0.031872958666516626,0.02590381799752217,87.0,0.036490595787813884,-0.019822052032886672,0.01993467732852805,0.07928820813154625,0.038968352291924635,-0.27390471899988744,-0.06734992679355789,30-40,30+,30+,7
NTPC,2021-02-09,99.95,55.614770634507096,55.01756987435842,28.791564207056933,25.596345334457506,0.12756378189094542,-0.04752376188094043,0.03101550775387696,86.0,-0.01950975487743878,0.03451725862931476,0.09154577288644306,-0.00900450225112559,0.07753876938469229,0.16758379189594796,0.3511755877938971,50-60,25-30,25-30,7
TCS,2007-11-26,246.28,38.73981928750828,38.0168457086831,16.85084283114459,30.352697375060362,0.1275377618970277,-0.1897027773266201,-0.11304206594120514,66.0,0.06577878837095996,0.05124248822478461,0.11694006821503966,-0.10203833035569265,-0.08563423745330523,-0.030087705051161318,-0.4883872015592009,30-40,15-20,30+,7
KOTAKBANK,2025-01-16,361.11,50.928574101291986,50.29248214558345,18.006998418469564,17.68088491636413,0.12744039212428349,-0.02600315693279054,0.12744039212428349,63.0,0.04945861371881155,0.05314170197446755,0.07740023815457886,0.10387416576666397,0.17604054166320515,0.21187449807537861,0.15809587106421863,50-60,15-20,15-20,7
ADANIPOWER,2014-10-20,8.72,39.32887576943868,38.403595425959054,31.458588632668672,29.38434198280416,0.1272935779816513,0.0,0.0,50.0,0.041284403669724634,0.1272935779816513,0.06307339449541272,-0.03325688073394506,0.06995412844036686,0.044724770642201594,-0.28669724770642213,30-40,30+,25-30,7
AXISBANK,2019-08-23,663.9,38.897265504898684,36.74289253317719,42.1837565177629,39.58632279372186,0.12712757945473707,-0.03871064919415568,0.08894411809007385,87.0,0.0,0.010845006778129385,0.09278505799066128,0.07358035848772415,0.11070944419340267,0.11620726012953764,-0.3285133303208314,30-40,30+,30+,7
BHARTIARTL,2007-11-30,423.37,52.478687659652316,52.36670899980816,15.112104394469686,23.4364804675295,0.1269102676146161,-0.1176276070576564,-0.032005101920306145,63.0,0.02047854122871251,0.0157545409452724,0.06056168363370107,-0.09469258568155525,-0.09936934596216074,-0.058813803528828146,-0.307414318444859,50-60,15-20,20-25,7
BAJAJ-AUTO,2022-03-15,3454.05,47.3886248820064,46.246769023027355,30.748580536716027,28.5825083714962,0.1268221363327109,0.0,0.1268221363327109,42.0,0.0585978778535341,0.06805054935510468,0.07543318712815372,0.07579508113663658,0.12368089633908008,0.12051070482477089,0.07989172131266198,40-50,30+,25-30,7
LT,2016-12-23,891.64,40.438307920753935,37.793250573623865,41.5472308923634,40.048563369841546,0.12665425508052586,0.0,0.11524830649140916,77.0,0.008703064016867712,0.039993719438338404,0.04194517966892475,0.10904625185052264,0.15435601812390654,0.31159436543896635,0.42400520389394836,30-40,30+,30+,7
EICHERMOT,2018-02-01,2804.74,39.5754253760811,35.85966742370455,30.875018757747,25.70229709950597,0.12663918937227692,-0.04717014767857264,-0.02706489728103134,174.0,0.005369481663184628,0.010446601110976506,-0.017794875817366274,0.00860685838972608,0.08823990815547966,-0.008870697462153188,-0.29892253827449244,30-40,30+,25-30,7
NESTLEIND,2010-11-02,177.63,69.8458054474547,69.30724426075736,40.63987522690026,43.69630089385363,0.1266114958058886,-0.09902606541687775,-0.03107583178517137,107.0,0.1266114958058886,0.09683049034509938,0.02634690086134106,0.07971626414457011,-0.06333389630130049,0.11197432866069934,0.2397117604008332,60+,30+,30+,7
POWERGRID,2012-01-20,57.07,50.71495587014101,49.70627435385484,13.063500826303276,12.139757764268378,0.12651130190993531,-0.008936393902225337,0.10390748203960043,84.0,0.016646223935517845,0.05414403364289466,0.08953916243210092,0.0590502891186262,0.13001577010688625,0.09602242859646037,0.12265638689328884,40-50,<15,<15,7
ETERNAL,2025-06-02,241.2,51.70953737951219,49.528072139458224,18.068898932288167,20.315962509331925,0.1264510779436152,-0.014510779436152532,0.1264510779436152,49.0,0.06484245439469305,0.045398009950248897,0.07690713101160873,0.2634742951907132,0.3312603648424546,0.25,0.03959369817578784,40-50,15-20,20-25,7
LT,2019-08-27,1356.95,40.950136702516645,40.153438428576635,36.73811115692833,32.92741580364746,0.12642322856405896,-0.06827812373337272,-0.028740926342164408,112.0,-0.04609602417185599,0.004937543756218021,0.09794023361214488,0.057076531928221375,0.017613029219941678,-0.07166807914808948,-0.28593536976307155,40-50,30+,30+,7
HINDUNILVR,2011-05-09,280.1,48.15881150001977,45.58027516023263,23.6156829229251,18.209501016225946,0.12641913602284882,0.0,0.1025348089967868,35.0,0.06883255980007119,0.06761870760442701,0.10060692609782196,0.1710103534451981,0.12274187790074964,0.33695108889682257,0.5130667618707603,40-50,20-25,15-20,7
ULTRACEMCO,2025-06-19,11420.0,50.12505572146342,49.95745751377625,16.356591854150032,15.44194388683905,0.12635726795096325,0.0,0.12635726795096325,61.0,0.046497373029772415,0.08563922942206648,0.10131348511383531,0.1177758318739055,0.113922942206655,0.00945709281961471,-0.004640980735551636,40-50,15-20,15-20,7
NESTLEIND,2016-05-16,314.22,55.53589035520238,52.842614825828775,36.16085958912222,30.247774497250752,0.1263445993253134,-0.05056966456622758,0.1263445993253134,67.0,-0.05056966456622758,0.0037553306600468517,0.0330660047100757,0.055470689325949785,0.07396091910126645,-0.052001782190821855,0.030997390363439514,50-60,30+,30+,7
TVSMOTOR,2015-05-05,240.35,40.59286981255255,39.30783147970136,36.505461866837976,42.455121061329876,0.12627418348242148,-0.1042230081131682,-0.07821926357395459,121.0,-0.07385063449136675,-0.07613896401081743,-0.05866444768046597,0.10151861868109013,-0.042646141044310415,0.13896401081755783,0.20948616600790504,30-40,30+,30+,7
HINDZINC,2026-07-22,535.4,43.70755497615966,43.064432204538754,20.272593006136056,28.84920314208754,0.1262607396339186,-0.015875980575270843,0.04034366828539415,28.0,0.0024280911468061994,0.11496077698916718,,,,,,40-50,20-25,25-30,7
BAJAJ-AUTO,2023-04-03,3993.75,59.13266487179533,58.11902046496335,20.151868454440173,25.222522759580993,0.1262597809076682,0.0,0.11752112676056337,32.0,0.016989045383411616,0.06525195618153368,0.11370266040688581,0.16910172143974966,0.15446635367762118,0.25607511737089195,1.3226541471048514,50-60,20-25,25-30,7
HINDUNILVR,2021-03-09,2162.6,47.01801064745393,46.85544501835284,18.908216979323086,27.465100842209832,0.12622306482937207,0.0,0.08799130676038103,98.0,0.020715805049477565,0.06313234070100804,0.09615740312586718,0.10661703505040232,0.06404328123554981,0.26476925922500705,-0.09124664755387035,40-50,15-20,25-30,7
AXISBANK,2013-04-16,272.66,46.74428082588848,45.27037517487802,47.16289542318303,33.19090675856158,0.12612777818528564,-0.096713856084501,-0.010635956869361252,76.0,0.0597814127484777,0.09491674613071233,0.12293699112447731,-0.0346585491087803,-0.03990317611677563,-0.18645932663390308,0.050355754419423304,40-50,30+,30+,7
TVSMOTOR,2022-03-16,609.7,44.7201806248776,44.129784938920444,32.47055584084051,20.33386003853925,0.12612760373954401,-0.012219124159422723,0.10898802689847464,62.0,0.0023782187961292056,0.019845825815974827,0.07593898638674745,0.07183860915204199,0.22994915532228943,0.72297851402329,0.7280629817943247,40-50,30+,20-25,7
M&M,2009-08-05,230.29,76.07504627098206,75.29274129058906,50.92261584722893,56.916744104789394,0.12610187155325892,-0.19649138043336667,0.11780798124104397,100.0,-0.15580355204307605,-0.19649138043336667,-0.05827434973294532,-0.023188154066611677,-0.029180598375960765,0.13678405488731604,0.40105953363150815,60+,30+,30+,7
SBIN,2025-03-05,730.35,36.97204961838726,34.747574530365576,41.83556992105939,38.12855460082755,0.12603546244951036,-0.009995207777093285,0.09776134729924002,69.0,-0.009995207777093285,0.020195796535907418,0.05079756281235026,0.08167317039775446,0.10878345998493866,0.10364893544191123,0.6012870541521187,30-40,30+,30+,7
ULTRACEMCO,2021-07-13,7128.85,65.18275175081638,61.96927072809913,38.73773182266862,32.426465578819304,0.12588285628116735,-0.001514970857852238,0.07114752028728333,108.0,0.041500382249591405,0.0655645721259388,0.04767248574454497,0.1144083547837309,0.02825140099735579,0.06400751874425747,-0.18655182813497273,60+,30+,30+,7
ADANIPOWER,2013-08-12,7.23,36.236001845583885,33.62652976473227,34.61587606293422,23.952890314698543,0.12586445366528354,-0.11756569847856158,-0.03872752420470271,178.0,-0.0027662517289074318,0.023513139695712226,-0.03734439834024905,-0.02904564315352709,-0.02904564315352709,-0.04149377593361003,0.49654218533886585,30-40,30+,20-25,7
ASIANPAINT,2024-07-30,3005.05,53.8083989313762,51.12041759906664,22.12380864750786,16.704484175795184,0.1258548110680353,-0.20503818572070354,-0.2048218831633417,135.0,0.03217916507212859,0.006156303555681308,0.03687126670105312,0.10783514417397377,-0.001064874128550386,-0.25076121861533085,-0.1960865875775777,50-60,20-25,15-20,7
SUNPHARMA,2015-03-05,1038.75,62.27069335454502,59.96395684204633,34.121546336152704,49.56322856985736,0.12567990373044524,-0.027821901323706322,0.10907340553549938,33.0,-0.002503008423585973,0.008664259927797735,0.12567990373044524,-0.08760529482551138,-0.1890252707581228,-0.13169675090252708,-0.17516245487364623,50-60,30+,30+,7
KOTAKBANK,2024-05-14,329.26,42.204386348489166,42.07442324497753,33.41391798321104,32.331388553519034,0.1256757577598251,-0.005071979590597131,0.10122699386503053,99.0,0.03155560954868486,0.03483569215817295,0.04862418757213138,0.11981412865212904,0.07668711656441718,0.05934519832351337,0.27097126890603174,40-50,30+,30+,7
DIVISLAB,2024-04-01,3567.95,42.6705098454394,42.21466106743818,33.89610604597231,17.524387285795058,0.1256744068722937,0.0,0.10119256155495449,47.0,0.06391625443181659,0.0416485657029948,0.11118429350187098,0.20719180481789268,0.28984430835633934,0.5256239577348338,0.5554309897840497,40-50,30+,15-20,7
ADANIENT,2011-06-01,384.97,48.798813962655935,47.29587331556582,26.15148761250616,18.56625464181443,0.12564615424578518,-0.051744291762994554,0.12343818998883016,47.0,-0.014858300646803713,0.02680728368444285,0.10364443982647997,0.0035327428111280312,-0.16738966672727762,-0.5006364132270047,-0.5902537860092995,40-50,25-30,15-20,7
RELIANCE,2023-11-02,1160.1,44.18983492332267,42.68144724624514,25.635746212206772,28.428422895051916,0.1256357210585295,-0.0041548142401516275,0.1121886044306526,68.0,-0.0041548142401516275,0.01745539177657096,0.043099732781656686,0.11639513835014248,0.22974743556589972,0.26454615981380925,0.1539091457632964,40-50,25-30,25-30,7
BEL,2019-08-23,33.3,46.77988338626653,46.43293087633,30.850124342124268,24.648134451566996,0.12552552552552543,0.0,0.10600600600600596,53.0,0.03003003003003002,0.09159159159159169,0.12552552552552543,0.15465465465465478,0.10510510510510507,-0.15225225225225214,0.14714714714714727,40-50,30+,20-25,7
BAJAJ-AUTO,2026-04-09,9517.0,51.519292842274304,47.83112127729202,31.28147786884511,27.708087265633857,0.1255122412524956,-0.0022591152674161785,0.09934853420195444,41.0,0.03236313964484605,0.003520016812020632,0.1133235263213197,0.07502364190396138,0.06798360827992012,,,40-50,30+,25-30,7
HINDZINC,2018-07-24,272.6,38.50236613400049,36.814577437770566,24.180611154636104,34.703007376926756,0.1254585473220835,-0.009537784299339824,0.018341892883345645,94.0,0.02732942039618491,0.04823917828319879,0.0498899486426998,0.09079236977256055,0.03503301540718984,-0.01852531181217909,-0.19754218635363174,30-40,20-25,30+,7
POWERGRID,2019-05-28,106.99,48.88956033791381,45.622066040561684,29.198188395679153,27.763509004419717,0.12515188335358451,-0.010000934666791195,0.046733339564445364,135.0,0.014393868585849123,0.01813253575100493,0.09197121226282823,0.09299934573324609,0.06673520889802775,0.04411627254883643,-0.17375455650060745,40-50,25-30,25-30,7
M&M,2006-07-31,147.53,50.16595178189514,47.74385270647686,23.672673946916277,39.67030109618542,0.12505930997085324,-0.009354029688876775,0.11970446688809044,56.0,0.00013556564766492585,0.05097268352199569,0.1139429268623331,0.15251135362299184,0.3393885989290313,0.5680878465396868,0.23500305022707235,40-50,20-25,30+,7
HDFCBANK,2022-10-24,730.53,52.97859050389657,51.91515860063724,19.954927514070217,18.986127122879385,0.1250461993347296,-0.006953855420037458,0.1250461993347296,49.0,0.024393248737218265,0.03267490725911326,0.09452041668377764,0.093493764800898,0.1451275101638536,0.15543509506796438,0.02425636181950086,50-60,15-20,15-20,7
HINDUNILVR,2007-08-28,202.1,50.826767300956746,49.7630356861054,15.945510076828999,21.894007684010177,0.1249381494309747,-0.045522018802572894,-0.0009896091044037103,86.0,0.04403760514596744,0.07422068283028205,0.08312716476991588,0.08659079663532898,0.04057397328055434,0.06729341909945563,0.2196932211776348,40-50,15-20,20-25,7
NTPC,2015-09-09,100.75,35.20922489129131,30.93674630920829,55.283857710516415,37.960910545242285,0.12486352357320096,-0.013598014888337562,0.10461538461538478,98.0,0.057468982630273,0.003275434243176223,0.042183622828784184,0.10461538461538478,0.07573200992555829,0.05498759305210932,0.32138957816377167,30-40,30+,30+,7
EICHERMOT,2017-01-02,2252.4,49.60249768181101,46.27461075838648,32.02071603711713,32.893249026385206,0.12463594388208143,-0.014540046172971,0.09622624755816012,74.0,0.021128573965547792,-0.008022553720476,0.06684869472562593,0.02509767359261228,0.13406144556917066,0.2327650506126797,0.2728733795063043,40-50,30+,30+,7
HINDZINC,2010-12-21,109.85,60.144848316394274,57.496126886086515,25.184167640711696,25.06281640800324,0.12462448793809755,-0.037687756030951314,0.037869822485207205,72.0,0.006918525261720543,0.08320436959490207,0.0609922621756942,0.012562585343650623,0.002822030040964929,0.032134729176149346,-0.04205735093309049,50-60,25-30,25-30,7
SUNPHARMA,2022-06-29,838.7,45.78485223741374,44.81808206472131,30.4286396615879,24.870950069087044,0.12459759151067118,-0.011267437701204308,0.07940860856086784,84.0,-0.0011923214498629209,0.025575295099558693,0.12459759151067118,0.04834863479193996,0.06969118874448532,0.19238106593537596,0.2538452366758077,40-50,30+,20-25,7
ICICIBANK,2017-01-06,234.68,48.54479416582044,47.65312192978795,26.51995771164007,19.88676008956337,0.1245525822396456,-0.0038776205897391725,0.11061871484574737,87.0,0.038350093744673686,0.020538605761036166,0.1245525822396456,0.06915800238622793,0.08794954832111812,0.24786943923640714,0.3386313277654678,40-50,25-30,15-20,7
LT,2021-05-12,1385.3,53.26229494649151,51.62066699145791,27.670236325063996,31.30757794577914,0.12452176423879302,0.0,0.11506532880964415,63.0,0.0131018551938209,0.06323540027430896,0.08528838518732407,0.08333934887749939,0.14664693568180187,0.3892658629899661,0.10167472749584938,50-60,25-30,30+,7
SBIN,2008-09-01,141.56,42.82123909941402,41.49421006671603,20.827932933771493,30.334076361716452,0.12447018931901677,-0.06873410567957039,0.05969200339078817,44.0,0.12447018931901677,0.05262786097767713,0.06272958462842615,-0.21609211641706694,-0.25395591975134224,-0.2974710370161062,0.22435716304040687,40-50,20-25,30+,7
TVSMOTOR,2020-08-17,426.8,63.64292119469994,63.58813445360781,33.205835412340335,30.901674071923722,0.12441424554826619,-0.010426429240862234,0.12429709465791938,81.0,0.05154639175257736,0.014175257731958713,0.08282567947516384,0.08540299906279292,0.11363636363636354,0.4777413308341143,0.2413308341143392,60+,30+,30+,7
TCS,2022-10-04,3091.15,40.21630985103425,38.67913728052334,34.80984236658511,38.22531295414386,0.12438736392604688,-0.0084919851835078,0.07867622082396508,100.0,-0.006987690665286372,0.01732364977435563,0.03739708522718077,0.10829303010206548,0.055092764828623464,0.035213431894278724,0.1444769745887453,30-40,30+,30+,7
HCLTECH,2005-07-27,49.95,60.88442369098846,59.737762718661884,22.206815539013895,43.84537138488024,0.12432432432432416,0.0,0.07587587587587596,16.0,0.11631631631631612,0.08168168168168166,0.09769769769769754,0.1617617617617617,0.1845845845845846,0.46926926926926926,0.3481481481481481,50-60,20-25,30+,7
SHRIRAMFIN,2011-02-15,139.24,46.00336744466456,42.07509601280631,38.42021336391302,29.651623496245385,0.12431772479172642,0.0,0.08970123527721907,35.0,0.06485205400746907,0.08409939672507893,0.014220051709278758,0.15268600976730817,-0.13379775926457915,-0.16065785693766166,-0.2262280953748924,40-50,30+,25-30,7
TATASTEEL,2007-10-16,76.48,71.20906652594687,70.39805547973737,39.50016755841167,39.50409374834845,0.12421548117154813,-0.08041317991631802,0.12356171548117167,14.0,-0.01503661087866115,0.12356171548117167,0.07112970711297062,0.025627615062761455,0.04419456066945604,-0.09492677824267792,-0.6434361924686193,60+,30+,30+,7
ADANIPORTS,2018-04-04,367.8,40.08032276963662,38.15461199276353,51.18497183003769,35.320193532553574,0.12384448069603038,0.0,0.057368134855899866,69.0,0.027460576400217374,0.04662860250135936,0.10997824904839582,0.02922784121805333,-0.013730288200108798,-0.10182164219684608,0.03371397498640549,30-40,30+,30+,7
ITC,2013-04-18,198.85,56.78363970302058,54.29404995044358,35.28032774680815,15.678215436119238,0.12371134020618557,-0.00286648227307007,0.08659793814432981,78.0,0.014432989690721598,0.05788282625094299,0.061352778476238434,0.052501885843600604,0.16826753834548658,0.07835051546391769,0.12084485793311539,50-60,30+,15-20,7
BAJFINANCE,2022-03-15,666.66,44.01877943430214,42.70245390940418,29.18961194230551,26.658166107547444,0.12361623616236184,-0.17262172621726202,-0.12732127321273212,72.0,0.047880478804788185,0.055920559205592246,0.0892358923589236,-0.15318153181531813,-0.1962469624696246,0.09304593045930476,-0.14217142171421715,40-50,25-30,25-30,7
TATASTEEL,2007-01-11,38.92,43.5007378638398,43.1131267453731,23.988029835221948,23.195330644286052,0.12358684480986626,-0.06449126413155204,-0.01618705035971224,42.0,0.02954779033915722,0.10380267214799588,-0.03956834532374098,-0.05755395683453246,0.10688591983556006,0.3720452209660843,1.0889003083247686,40-50,20-25,20-25,7
ETERNAL,2022-10-03,61.9,48.379670009466935,47.78391842001439,22.286265618304657,16.184218487355427,0.12358642972536349,-0.01050080775444262,0.007269789983844976,21.0,0.10985460420032322,0.012116316639741553,0.017770597738287597,0.10743134087237483,-0.02584814216478193,-0.1607431340872374,0.7011308562197092,40-50,20-25,15-20,7
BEL,2006-11-22,11.82,54.79995292347208,49.90398442289451,20.543817808869996,14.550576925136284,0.12351945854483914,-0.02622673434856182,0.08544839255499159,34.0,0.004230118443316222,0.015228426395939021,0.0744500846023688,0.11675126903553301,0.4145516074450084,0.4458544839255498,0.5456852791878173,40-50,20-25,<15,7
BAJAJ-AUTO,2013-06-17,1808.8,43.617203199366216,40.89565027403941,23.03324413213684,23.345115355336727,0.12347965501990288,-0.04480871295886768,0.01606037151702777,78.0,-0.007878151260504174,0.06308049535603732,0.055699911543564795,0.021865325077399467,0.10584365325077405,0.05160880141530311,0.1943553737284387,40-50,20-25,20-25,7
HINDALCO,2017-01-12,177.0,56.86370752019228,55.77637160766736,30.29269084965332,32.971281124975846,0.12344632768361574,-0.033615819209039444,0.12175141242937859,50.0,-0.005084745762711895,0.07768361581920913,0.04519774011299438,0.07570621468926553,0.09039548022598876,0.13361581920903953,0.5189265536723164,50-60,30+,30+,7
ADANIPOWER,2012-06-08,9.4,29.942110738595336,28.594568343200443,35.71479119447197,40.50206865731503,0.123404255319149,-0.11170212765957455,-0.07872340425531921,54.0,0.025531914893617058,0.004255319148936065,0.043617021276595835,-0.0819148936170212,-0.10531914893617023,0.14574468085106385,0.12765957446808507,20-30,30+,30+,7
EICHERMOT,2017-07-20,2925.27,62.53449060139623,59.50750179115457,24.410916857766047,28.351279108488402,0.1233834825503286,-0.03742902364568046,0.007725782577334694,148.0,-0.005141405750580308,0.05036800021878318,0.0814147070184974,0.1201051526867607,0.07755523421769617,-0.04654271229664275,-0.07536398349554063,50-60,20-25,25-30,7
TCS,2021-12-01,3577.8,51.237191681528046,48.848353790047454,25.848953148431825,26.34429233329508,0.12335792945385426,-0.04923416624741461,0.021829056962379134,105.0,0.013723517245234573,-0.0020822852031975314,0.044873944882329875,0.04428699200626074,-0.008846218346469925,-0.05661300240371181,-0.02855106490021808,40-50,25-30,25-30,7
TATASTEEL,2023-07-03,113.1,55.4556256659755,53.83880355542517,24.286720945513043,20.79951079365687,0.12334217506631306,-0.01326259946949604,0.12334217506631306,60.0,0.01945181255526096,0.04111405835543769,0.051724137931034475,0.12334217506631306,0.13174182139699386,0.2365163572060125,0.5432360742705571,50-60,20-25,20-25,7
TCS,2013-12-23,1054.53,60.987774479278784,60.88397467208154,29.192077661398336,40.525493197901305,0.12313542526054277,-0.03302893232055981,0.026096934179207887,109.0,0.022284809346343915,0.06189487259727078,0.07823390515205819,0.04582136117512059,0.020644268062549154,0.07576835177756913,0.19328041876475766,60+,25-30,30+,7
IOC,2014-03-05,42.53,64.16573879964677,64.06825085684326,35.735672149776704,31.554113065176583,0.122972019750764,-0.051257935574888336,0.122972019750764,65.0,0.03762050317423005,0.023983070773571535,0.10345638372913224,0.055019985892311274,0.40794733129555616,0.4916529508582177,0.36656477780390295,60+,30+,30+,7
TATASTEEL,2022-02-28,122.08,45.67908761937685,44.87103558384925,28.802604682891513,21.254032525078138,0.12287024901703814,-0.18160222804718218,-0.11402359108781124,94.0,0.05824049803407605,0.06241808650065517,0.07151048492791623,0.041202490170380024,-0.1419560943643512,-0.1411369593709043,-0.14850917431192656,40-50,25-30,20-25,7
HINDALCO,2021-12-10,455.1,51.77968618358199,50.9350590916871,27.157796437627603,21.95970304947556,0.12283014722039098,-0.04834102395077999,0.12283014722039098,53.0,-0.01087673038892556,0.00834981322786188,0.08305866842452203,0.15754779169413302,0.30476818281696305,-0.11338167435728419,0.015051637002856388,50-60,25-30,20-25,7
TVSMOTOR,2005-06-23,38.43,50.206238687310616,45.43098626051798,41.6479100434932,28.579594155376668,0.12282071298464747,-0.06895654436638043,0.08717148061410351,75.0,-0.06895654436638043,-0.025500910746812266,0.10538641686182659,0.04033307311995826,0.21857923497267762,0.3257871454592767,0.3765287535779338,40-50,30+,25-30,7
ADANIPOWER,2017-10-26,6.52,53.21366172874986,47.80291910160767,24.033527772169002,13.917411932204509,0.12269938650306766,-0.013803680981595123,0.11809815950920255,56.0,0.033742331288343586,0.04754601226993871,0.12269938650306766,0.20552147239263818,0.1503067484662577,-0.2239263803680982,0.0904907975460123,40-50,20-25,<15,7
HCLTECH,2020-12-31,946.15,73.21468233223425,72.90463505224184,27.157703393790904,66.14453365085734,0.12254927865560417,-0.038788775564128186,0.08693124768799887,96.0,0.017333403794324242,0.08619140728214347,-0.018813084606034924,-0.016699254875019776,0.03857739259102688,0.03958146171325905,0.3941763990910532,60+,25-30,30+,7
COALINDIA,2012-05-31,321.6,47.80611876265414,46.06744924023683,30.054620071339087,29.23851877169551,0.12251243781094523,-0.017101990049751215,0.11660447761194037,84.0,0.011349502487562058,0.029073383084577076,0.08955223880596996,0.10634328358208944,0.11878109452736307,0.12966417910447747,0.009639303482587014,40-50,30+,25-30,7
HCLTECH,2013-01-16,168.45,67.493412514906,67.32701795629697,39.615460916204775,21.024352605123767,0.12241021074502823,-0.021193232413178942,0.12241021074502823,49.0,0.003858711783912172,0.02255862273671716,0.0344315820718315,0.19032353814188196,0.13208667260314644,0.2990204808548531,1.0639358860195904,60+,30+,20-25,7
POWERGRID,2018-07-27,101.19,34.91762666174673,32.50371765485747,38.05204806213041,48.36393364378061,0.12234410514873018,0.0,0.05148730111671118,87.0,0.05731791679019671,0.05919557268504794,0.09951576242711746,0.07065915604308737,0.06344500444707979,0.03557663800770827,0.15564779128372375,30-40,30+,30+,7
IOC,2009-09-02,50.76,64.72144600137428,63.69142420844292,39.062028699195416,37.176603003288115,0.12234042553191493,-0.05102442868400303,0.018715524034673026,93.0,0.03664302600472813,0.07092198581560294,0.10657998423955872,0.0021670606776988954,-0.012017336485421581,0.023837667454688738,0.3930260047281324,60+,30+,30+,7
HINDUNILVR,2026-04-07,2110.6,38.018771119076675,36.49754842841825,32.873491567652614,30.36277972396565,0.12233488107647128,-0.014782526295839982,0.027575097128778703,66.0,0.022268549227707712,0.09480716383966636,0.07656590542973563,-0.00023689945986926642,0.04330522126409564,,,30-40,30+,30+,7
TITAN,2020-01-15,1184.85,48.78339712485602,47.65505520177395,16.80487794104158,15.827055281221984,0.12216736295733632,-0.3240072583027387,-0.20036291513693705,83.0,-0.006076718571971007,0.0011393847322447304,0.0916571717938981,-0.14643203781069325,-0.19648056716040008,-0.18441152888551282,0.2575009494872771,40-50,15-20,15-20,7
POWERGRID,2021-02-09,118.55,61.98659478224118,61.37113138597172,38.028965212381095,30.345219071409165,0.12214255588359335,-0.045550400674820635,0.028005061155630617,77.0,0.07018135807676096,0.07279628848587105,0.04411640657950233,-0.045550400674820635,0.043188528047237495,0.1163222269084776,0.32442007591733435,60+,30+,30+,7
TITAN,2020-04-08,913.45,38.015218829363945,37.81110800271446,50.27373122788768,37.82225766303759,0.12211943729815533,-0.10526027697191975,0.052438557118616114,99.0,0.042257375882642556,0.04154578794679509,-0.08823690404510376,0.12211943729815533,0.11254036893097585,0.3075154633532211,0.7201817286113086,30-40,30+,30+,7
MARUTI,2022-06-23,8271.0,53.994770204810806,51.4434864129823,15.624892763678545,16.357058523770394,0.12209527263934228,0.0,0.12209527263934228,88.0,0.024150646838350776,0.04055132390279281,0.04238907024543592,0.04316285817918031,0.11811147382420506,0.03063112078346042,0.12771128037722157,50-60,15-20,15-20,7
SHRIRAMFIN,2018-03-15,285.71,59.867533663031196,54.33037460892859,32.59262920120344,30.68211067034366,0.1220818312274683,-0.05670085051275764,0.015575233628504659,98.0,-0.040775611634174425,0.005180077701165686,0.0693710405656085,-0.010955164327464906,0.03192047880718207,-0.18760281404221057,-0.1325119876798152,50-60,30+,30+,7
SUNPHARMA,2017-12-20,527.25,48.76927129043326,48.37037833214245,18.20173772446969,19.35360392280048,0.12204836415362741,0.0,0.11512565196775726,40.0,0.09302987197724022,0.07927927927927914,0.08506401137980091,0.06477003319108587,-0.03508771929824561,0.08127074442863913,-0.18624940730203887,40-50,15-20,15-20,7
HINDUNILVR,2020-12-04,2148.53,52.27975940836629,49.12187427827965,17.489566459227525,11.410044219977866,0.12194384067245978,-0.023876790177470242,-0.0044169734655788995,94.0,0.08724104387651077,0.06833043988215204,0.11093631459649145,0.021177270040446228,0.005813276984728999,0.07993837647135482,0.05599177111792697,40-50,15-20,<15,7
TATASTEEL,2016-07-14,34.23,60.89662775984002,57.74116205662117,25.117043045482575,26.840403402129517,0.12182296231375989,-0.02629272567922869,0.08501314636283963,84.0,0.0084721004966406,-0.02629272567922869,0.05521472392638049,0.039146947122407294,0.15162138475021925,0.20216184633362544,0.554192229038855,50-60,25-30,25-30,7
EICHERMOT,2021-01-07,2649.8,67.83836658422508,67.54045068841675,39.29396230282891,32.73333865634116,0.12182051475583044,-0.0631934485621557,0.010208317608876083,74.0,0.08936523511208372,0.10446071401615198,0.12099026341610686,-0.025115103026643548,-0.04211638614235047,0.023152690769114637,0.06589176541625785,60+,30+,30+,7
ASIANPAINT,2006-06-07,58.0,44.93741423053458,44.30763320997308,17.375527499273254,32.425132158604406,0.12172413793103454,-0.11327586206896556,0.09189655172413791,84.0,-0.06931034482758625,-0.04241379310344828,0.0070689655172413435,0.07017241379310346,0.09948275862068967,0.23362068965517246,0.46482758620689646,40-50,15-20,30+,7
GRASIM,2014-02-12,419.66,45.50077567821606,43.499909335925366,20.015735260262463,17.903359471482666,0.1216937520850212,-0.05583091073726354,0.10289281799551997,89.0,-0.03574322070247338,-0.003145403421817794,0.06162131249106406,0.07939760758709435,0.1315112233713005,0.2832054520325977,0.4864652337606632,40-50,20-25,15-20,7
TCS,2012-08-07,632.03,54.93623810498872,52.16713144182635,16.15737364763731,21.460666150853548,0.12154486337673842,-0.01175577108681547,0.040504406436403295,86.0,0.003433381326835905,0.027372118412100743,0.08823948230305523,0.02265715235036314,0.051848804645349134,0.07300286378811127,0.4419410471021945,50-60,15-20,20-25,7
ONGC,2017-12-21,188.0,61.401842320712625,60.1651938185382,19.887726588292118,36.89719610311447,0.12154255319148932,-0.073936170212766,-0.05877659574468086,106.0,0.02659574468085113,0.061170212765957466,0.06755319148936167,-0.014361702127659526,-0.06622340425531914,-0.12340425531914889,-0.21010638297872342,60+,15-20,30+,7
HINDALCO,2019-08-23,180.25,39.94778219873142,36.45410123359783,35.512261621210754,33.277241008821875,0.12149791955617206,-0.010263522884882081,0.04687933425797497,52.0,0.023300970873786353,0.04521497919556183,0.10957004160887651,0.030513176144244092,0.046324549237170665,0.043550624133148474,0.07239944521497921,30-40,30+,30+,7
HCLTECH,2016-05-20,368.33,36.984377483043495,36.353667630634135,41.397692405803504,28.552865218969067,0.12149431216572104,-0.031846442049249246,0.07286943773246835,96.0,0.02842559661173416,-0.020036380419732325,0.04615426383949184,-0.008823609263432286,0.06670648603154783,0.050471044986832636,0.1639833844650178,30-40,30+,25-30,7
RELIANCE,2012-07-19,163.63,46.272718718812186,45.271575118662824,14.856828552324092,17.170981961764237,0.12143250015278384,-0.02420094114771132,0.09808714783352701,56.0,-0.02420094114771132,0.016195074252887576,0.11880462017967375,0.20057446678481927,0.10627635519159084,0.16402860111226558,0.269204913524415,40-50,<15,15-20,7
HAL,2019-05-22,329.95,37.87445007032678,36.41275756686483,47.43570726771439,22.003623500047752,0.12138202757993644,0.0,0.044855281103197475,29.0,0.0857705712986816,0.07692074556751027,0.05979693893014093,0.0212153356569178,0.012213971813911373,0.20821336566146376,-0.1900894074859827,30-40,30+,20-25,7
RELIANCE,2023-03-23,1020.34,37.13581371031449,36.34279011454838,36.09298959224125,26.746976295090114,0.12137130760334802,-0.01979732246114041,0.10301468138071623,75.0,0.03703667404982669,0.041662583060548375,0.049032675382715496,0.09218495795519144,0.14080600584119018,0.16733637807005497,0.4260246584471843,30-40,30+,25-30,7
MARUTI,2017-04-27,6374.05,62.61029014018343,62.44190548414047,28.505324197334787,34.883637200125314,0.12134357276770658,0.0,0.12134357276770658,33.0,0.0416924875079423,0.060942414948109924,0.11929620884680858,0.1269679403205184,0.18688275115507413,0.23547822812811314,0.3779857390513097,60+,25-30,30+,7
RELIANCE,2005-11-17,75.79,67.82502326959599,66.70326978887586,26.321973838856653,48.49052508056515,0.12125610238817774,-0.012006861063464935,0.0860271803668029,109.0,0.01794431983111222,0.012402691647974695,0.03364559968333558,0.05264546773980738,0.04090249373268229,0.5480934160179443,0.8677925847737167,60+,25-30,30+,7
HDFCBANK,2025-04-11,903.38,55.810704032891636,55.57329930513725,31.57377324444556,26.29519609011248,0.12123358940866513,0.0,0.06837654143328398,175.0,0.06660541521840191,0.05780513183820757,0.08326507117713478,0.0877482344085545,0.1103854413425136,0.083375766565565,-0.12030374814585221,50-60,30+,25-30,7
BEL,2005-09-08,7.76,50.4259289813899,49.46016958294591,25.35067952358237,27.130681788487358,0.12113402061855671,-0.05927835051546393,0.014175257731958713,61.0,0.009020618556700999,-0.05927835051546393,0.024484536082474362,0.0012886597938144284,0.17139175257731964,0.5798969072164948,0.518041237113402,40-50,25-30,25-30,7
ADANIPOWER,2019-02-26,9.33,53.39954070389149,47.6281674236937,29.320694028293182,37.4321297643795,0.1211146838156485,0.0,0.0685959271168275,38.0,0.09646302250803873,0.1211146838156485,0.005359056806002238,-0.037513397642015,0.052518756698821,0.26795284030010724,0.167202572347267,40-50,25-30,30+,7
ASIANPAINT,2020-04-09,1651.35,45.40976074741033,43.904567185411324,27.43624705044661,36.6648451266813,0.12111302873406604,-0.09162200623732097,-0.020256154055772413,43.0,0.05556060193175272,0.10312774396705726,-0.04950495049504955,-0.010355163956762614,0.021134223514094552,0.2656311502709905,0.5931207799679052,40-50,25-30,30+,7
HINDALCO,2006-08-09,148.87,47.38933508974177,46.48059491422995,13.20278158133654,23.36605907506241,0.12091086182575395,-0.019480083294149297,0.04446832807147172,51.0,0.029824679250352704,-0.013434540202861611,0.12091086182575395,0.07886075099079748,0.16114730973332447,0.08463760327802783,-0.04964062604957353,40-50,<15,20-25,7
TATASTEEL,2026-01-27,192.28,63.644149217437345,62.85134579481867,29.99718526510018,30.06825273770621,0.12086540461826512,-0.045610567921780754,0.0671936758893279,72.0,0.0033804867900977253,0.08180778032036606,0.12086540461826512,-0.0021843145412938636,0.10916371957561899,-0.04176201372997712,,60+,25-30,30+,7
M&M,2023-07-04,1464.45,69.72438935417793,68.71828471805576,44.8571116809353,39.24626811682941,0.12086448837447517,-0.011642596196524302,0.054423162279354065,134.0,0.07169927276451915,0.04797022773054738,0.0032093960189831794,0.0764450817713136,0.049813923315920716,0.16309877428386077,0.965208781453788,60+,30+,30+,7
M&M,2021-01-13,828.35,70.18097608380737,68.31383623031307,42.67318740761368,33.17237113477057,0.12078227802257491,-0.10526951167984555,-0.0902999939639042,124.0,-0.004647793806965672,-0.07050159956540103,0.09681897748536228,0.019375867688778747,-0.020643447817951355,-0.06700066397054383,0.08166837689382511,60+,30+,30+,7
MARUTI,2007-06-21,759.05,40.63176671942171,38.94852890609481,19.509091241065345,21.563113391279597,0.12067716224227665,-0.01962980040840523,0.0967656939595547,68.0,-0.013635465384361889,0.06060206837494242,0.09353797510045458,0.03254067584480613,0.21711349713457628,0.341150121862855,-0.04044529345892889,30-40,15-20,20-25,7
COALINDIA,2019-08-27,191.85,33.752278703876186,32.86742740979999,58.532397163814345,42.24117098041809,0.1206671879072192,-0.05629397967161831,0.04769351055512128,92.0,-0.05629397967161831,0.025280166796976866,0.05968204326296589,0.057336460776648446,0.04612978889757624,-0.08861089392754762,-0.26009903570497783,30-40,30+,30+,7
MARUTI,2012-06-15,1106.8,42.864683509606024,40.833624566830494,22.52008764481333,33.74193783809882,0.12061799783158667,-0.027466570292735693,0.011835923382724989,45.0,-0.004246476328153226,0.05687567762920143,0.08718829056740152,0.07056378749548253,0.09378388146006511,0.33357426816046254,0.38710697506324543,40-50,20-25,30+,7
MARUTI,2008-11-26,531.65,38.86107006727197,37.812239338502636,36.23741162519683,20.033585450685052,0.12056804288535705,-0.13476911501927957,0.024075989842941903,64.0,-0.08793379102793186,-0.02981284679770535,-0.040346092353992224,0.011285620238878913,0.20605661619486515,0.8308097432521397,1.9707514342142392,30-40,30+,20-25,7
HINDALCO,2007-10-29,176.3,62.60786923387961,61.999517117976765,21.36073786034367,23.264819835345207,0.12013613159387404,-0.07305728871242212,0.09364719228587637,60.0,-0.05399886557005107,0.0638116846284742,-0.051446398184912145,0.09364719228587637,-0.10646625070901872,-0.03936471922858764,-0.7450368689733409,60+,20-25,20-25,7
LT,2014-05-27,1044.04,72.78851521256966,72.49620055381006,47.517308453008766,57.74200429212005,0.11998582429791971,-0.07870388107735338,0.007212367342247505,97.0,0.05574499061338645,0.1104076472165818,0.06864679514194871,0.04791961993793348,-0.024644649630282345,0.0662809854028581,0.04427991264702502,60+,30+,30+,7
HINDZINC,2022-10-10,289.75,52.35578690271475,48.38112996713253,38.718721744425025,16.381682939189282,0.11993097497842964,-0.04434857635893019,0.08386540120793784,56.0,-0.04434857635893019,-0.022433132010353796,0.00828300258843817,0.09387402933563416,0.1689387402933562,0.07955133735979292,0.09421915444348583,40-50,30+,15-20,7
TVSMOTOR,2012-01-12,48.0,37.711627180966985,37.66627482851259,48.851109078633144,41.836098889352144,0.11979166666666674,-0.2270833333333333,-0.14583333333333337,78.0,0.038541666666666696,0.1177083333333333,0.04791666666666661,-0.07500000000000007,-0.16145833333333337,-0.1708333333333334,0.002083333333333437,30-40,30+,30+,7
BAJAJ-AUTO,2016-03-04,2306.25,43.64758335666127,43.57939100396822,31.42130467804501,21.22909072008241,0.11978319783197833,-0.024390243902439046,0.09149051490514903,68.0,0.008520325203251966,-0.001257452574525808,0.061571815718157286,0.0679024390243903,0.1251815718157181,0.291490514905149,0.25012466124661237,40-50,30+,20-25,7
EICHERMOT,2012-08-03,199.36,48.641835050223655,45.977495396261766,24.257074924380845,19.131118190505852,0.11958266452648458,0.0,0.08356741573033699,40.0,0.0376203852327448,0.11622191011235938,0.0621488764044944,0.1503812199036918,0.1791733547351524,0.385734349919743,0.7357042536115568,40-50,20-25,15-20,7
ULTRACEMCO,2017-10-13,4005.0,47.02768642685646,46.29803374902767,30.794036897661083,20.070758882936584,0.11957553058676651,-0.0001872659176029856,0.06571785268414487,62.0,0.04995006242197264,0.10857677902621732,0.08580524344569285,0.054307116104868935,0.10014981273408252,-0.020062421972534272,-0.0740574282147316,40-50,30+,20-25,7
WIPRO,2017-12-20,111.19,53.56718842564987,52.48803075144379,24.656782683195225,28.87113498089234,0.11952513715262181,-0.038762478640165465,-0.008993614533681082,84.0,0.0340857990826513,0.045327817249752655,0.10945228887489877,-0.022124291752855463,-0.00980303984171238,-0.10369637557334299,0.12393200827412532,50-60,20-25,25-30,7
HINDALCO,2009-12-03,146.05,65.41396498342029,64.12340629733038,19.226420529889527,36.54984297714786,0.1194796302636083,-0.06093803491954819,0.1194796302636083,32.0,-0.020883259157822742,-0.006162273194111667,0.1194796302636083,0.02293735022252652,0.17391304347826075,-0.016775077028415075,0.47449503594659337,60+,15-20,30+,7
BAJFINANCE,2021-08-24,698.01,72.54439579544952,69.32510634636402,37.73380041752201,40.47979457829857,0.11945387601896829,-0.006891018753312883,0.11945387601896829,28.0,0.07799315196057366,0.0683657827251758,0.1316600048709904,0.09550006446899029,0.01120327789000175,0.003767854328734499,0.02819443847509362,60+,30+,30+,7
SHRIRAMFIN,2012-05-29,101.01,41.67553873729215,40.57077624215665,55.7139600883095,32.76174164294422,0.11939411939411926,-0.030591030591030632,0.09741609741609736,79.0,-0.027819027819027786,-0.0003960003960004066,0.0,0.115137115137115,0.1727551727551726,0.21690921690921683,0.598059598059598,40-50,30+,30+,7
ADANIPORTS,2016-01-21,221.3,30.23841127985447,29.72608310398892,48.83666708109528,45.52546345827965,0.11929507455942145,-0.22480795300497058,-0.13375508359692734,127.0,-0.04722096701310441,-0.025305015815634935,-0.06958879349299596,0.10189787618617263,0.05512878445549019,-0.0031631269769544224,0.2840036150022591,20-30,30+,30+,7
HINDZINC,2024-09-20,500.7,43.38629203891369,40.80327803575078,22.75494069847954,35.33704128061622,0.11923307369682434,-0.02995805871779511,-0.013281406031555809,69.0,0.04463750748951467,0.033053724785300664,0.0020970641102455723,-0.017076093469143183,-0.04264030357499493,-0.09277012182943878,-0.08278410225684041,40-50,20-25,30+,7
HYUNDAI,2026-07-28,2001.9,52.401358523427376,51.16611762197563,19.606298927517273,24.439041267958235,0.11893700984065125,-0.004495729057395481,0.0862180928118288,22.0,0.10894650082421697,0.09895599180778247,,,,,,50-60,15-20,20-25,7
RELIANCE,2013-06-17,185.61,50.403802829358625,47.25377098196376,24.391049538354572,12.521791977633326,0.11890523139917031,-0.050805452292441156,0.04482517105759376,80.0,-0.03986854156564845,0.072894779376111,0.10829157911750431,0.0014007865955496523,0.0438553957222132,0.02365174290178329,0.3204029955282581,40-50,20-25,<15,7
KOTAKBANK,2011-06-24,44.75,51.460842547066996,51.11565775900243,25.438142376274296,17.70344515958642,0.11888268156424586,-0.0735195530726257,-0.0029050279329609907,73.0,0.057877094972067056,0.07463687150838005,0.08782122905027934,-0.0388826815642459,0.02100558659217877,0.03865921787709481,0.2788826815642458,50-60,25-30,15-20,7
RELIANCE,2008-07-04,235.84,40.83992682630871,36.910892926789565,41.65436526736498,28.859311485285573,0.118851763907734,-0.07360922659430125,0.02086160108548163,59.0,-0.03900949796472186,0.0072930800542740926,0.06886024423337855,0.05474050203527825,-0.16036295793758482,-0.4123982360922659,-0.09760854816824971,30-40,30+,25-30,7
DIVISLAB,2016-07-05,1139.1,59.33136685001173,57.786047128351996,19.63820561235215,24.632529716508657,0.11855851110525872,-0.015187428671758374,0.11855851110525872,43.0,0.021771574049688436,0.017557721007813276,0.01022737248705119,0.16741286980949877,0.14107628829777896,-0.2995786146958124,-0.4271793521200947,50-60,15-20,20-25,7
LT,2023-12-05,3315.45,73.47700778389368,69.9367072917352,43.08869344407168,50.408315674990206,0.11840021716509086,-0.005745826358412809,0.09592966264006408,87.0,0.008128609992610336,0.055346936313320994,0.043206804506175533,0.007932558174606807,0.09923238172797055,0.17545129620413524,0.14310274623354302,60+,30+,30+,7
NTPC,2022-07-12,147.1,52.74964616077497,49.93087643694663,26.100667220031212,26.596248356500965,0.11828687967369134,0.0,0.11828687967369134,55.0,0.024813052345343367,0.01971447994561526,0.04452753229095863,0.131203263086336,0.11454792658055735,0.15839564921821903,0.2970768184908228,40-50,25-30,25-30,7
ETERNAL,2022-11-07,65.1,52.00796238306749,49.687726574559434,16.15284503527965,16.211107031766616,0.11827956989247324,-0.05145929339477717,0.023809523809523947,24.0,0.06912442396313367,-0.01228878648233478,-0.009984639016896946,-0.15130568356374796,-0.2665130568356374,-0.003072196620583556,0.8632872503840248,40-50,15-20,15-20,7
MARUTI,2015-07-16,4178.15,66.88635266176503,63.10412054515073,36.81097152595759,40.86274901846502,0.11816234457834218,-0.03545827698861925,0.0746981319483504,67.0,0.013379127125641821,0.028313966707753435,0.08895085145339454,0.03383076241877392,0.01713677105896161,0.02119359046467939,0.07034213707023462,60+,30+,30+,7
SUNPHARMA,2011-05-27,222.48,50.085104555531395,48.51231047670973,17.29224051115721,19.017685285415073,0.11798813376483275,0.0,0.11798813376483275,33.0,0.050970873786407855,0.06076950737144915,0.10481841064365338,0.1588906868033082,0.05762315713772037,0.1180780294857966,0.2801150665228336,40-50,15-20,15-20,7
HINDALCO,2020-08-06,178.0,62.902936122358255,61.02740332969018,29.63699039018058,32.81682937686755,0.1179775280898876,-0.10617977528089895,0.026404494382022303,74.0,0.03117977528089888,0.1179775280898876,0.05337078651685401,0.005898876404494491,-0.008426966292134797,0.43455056179775275,1.4839887640449438,60+,25-30,30+,7
SBILIFE,2021-07-29,1128.85,72.83840597454214,72.14943678287271,39.31391626975874,52.366682281392485,0.1179076050848209,-0.02679718297382294,0.04318554280905351,152.0,0.005226558001506065,0.004606457899632321,0.04593170040306527,0.08322629224431943,0.050626744031536663,0.08783275014395198,0.1466536740931037,60+,30+,30+,7
HCLTECH,2010-07-19,94.57,52.226954398436575,48.414200266326304,26.329557658369055,12.76957341778932,0.11769059955588457,-0.01977371259384575,0.11589298932008041,63.0,-0.011420112086285239,0.03849000740192454,0.08163265306122458,0.10838532304113357,0.18018399069472357,0.2593845828486836,0.3428148461457121,40-50,25-30,<15,7
GRASIM,2011-03-09,376.91,51.51914761789546,49.90753775118779,12.206409358221894,17.50752228811431,0.1176142845772199,-0.04385662359714526,-0.014114775410575597,85.0,0.053514101509644085,0.06386139927303591,0.09739725663951604,0.008171712079806825,-0.010771802287018128,-0.05030378604972019,0.17362235016316885,40-50,<15,15-20,7
HDFCBANK,2013-08-26,152.83,41.35124992438904,40.20651861217538,29.51254853787032,26.12881329971701,0.11758162664398353,-0.0808087417391875,0.0005234574363670585,36.0,-0.035660537852515994,0.04364326375711558,0.015180265654648917,0.10017666688477367,0.07923836943008555,0.09762481188248362,0.3781979977753058,40-50,25-30,25-30,7
DIVISLAB,2021-07-19,4807.45,76.09961258512348,74.92198961159755,60.531445420972844,39.789960042606,0.11746352016141604,-0.08356821183787666,-0.05867975745977583,162.0,0.02365079199991671,0.02527327377299815,0.021425079824023197,0.06559610604374466,0.11141041508492044,-0.036838656668296,-0.21928465194645808,60+,30+,30+,7
IOC,2008-11-07,30.67,44.99213957582045,40.977790488840185,22.534539118975115,18.205413338675147,0.1173785458102381,-0.02249755461362901,0.026736224323443025,40.0,-0.0006521030322792498,0.03260515161395494,0.03390935767851322,0.1812846429735897,0.18976198239321818,0.1682425823280076,0.6684056080860776,40-50,20-25,15-20,7
TCS,2020-06-29,2101.65,55.80434459106116,53.774183644469524,20.540789295928967,21.92836761142659,0.11731258772868913,-0.009278424095353621,0.11731258772868913,71.0,0.07686817500535281,0.0563128970094926,0.08298241857588096,0.06513929531558538,0.1544738657721314,0.3938572074322555,0.5896319558442176,50-60,20-25,20-25,7
ADANIENT,2007-05-16,71.63,60.50629940880885,57.81172292710244,14.153370435658587,23.45630073227206,0.11712969426218067,-0.07133882451486806,0.11712969426218067,41.0,0.062124808041323476,-0.05891386290660339,0.02624598631858177,0.3747033365908139,0.5233840569593746,2.4130950718972497,2.652799106519615,50-60,<15,20-25,7
DIVISLAB,2018-03-15,1084.55,55.300454356438365,52.239138013745325,25.09347217185495,32.44845913181521,0.11682264533677578,-0.0778202941312065,-0.03148771379834947,109.0,-0.014522152044626813,0.005347840118021363,0.08178507214973951,0.08123184730994426,-0.040800331934903844,0.14761882808538118,0.5748467106173067,50-60,25-30,30+,7
NTPC,2013-04-01,119.58,35.80645298468182,34.38736026612881,34.840274096847764,32.70343488609276,0.11674193008864364,-0.022579026593075757,0.0731727713664494,58.0,-0.018397725372135798,-0.01772871717678548,0.11674193008864364,0.07459441378156884,0.03244689747449403,0.02751296203378506,-0.1501923398561632,30-40,30+,30+,7
JSWSTEEL,2005-11-29,21.18,38.388210732421115,35.691694093571606,29.664612736701773,30.672165096888726,0.11661945231350335,-0.12842304060434362,-0.10481586402266285,76.0,-0.03541076487252126,0.061850802644003666,0.05571293673276667,-0.06279508970727088,-0.036355051935788474,0.4258734655335221,0.5745986779981116,30-40,25-30,30+,7
HINDZINC,2015-01-23,144.71,51.52081755174257,49.488057981603475,17.47151339435126,14.802784896706036,0.11657798355331361,-0.04180775343791043,-0.012024048096192397,76.0,0.05390090525879332,0.022873332872641816,0.05901458088590972,-0.04180775343791043,0.035864833114504835,-0.012024048096192397,-0.08942021974984449,40-50,15-20,<15,7
HINDZINC,2021-11-16,329.55,51.87998797830967,49.510708483005956,18.835057242005377,26.61119017126214,0.1165225307237141,-0.05659232286451232,0.007282658170232104,50.0,-0.008648156577150679,0.01062054316492178,-0.017448035199514433,-0.006220603853740014,-0.04809588833257483,-0.14352905477165834,-0.031861629494765564,40-50,15-20,25-30,7
GRASIM,2023-03-20,1586.49,42.37230916823286,38.94700650126639,23.49462604612409,25.11835188307034,0.1164961644889031,0.0,0.10899532931187728,78.0,0.023952246783780495,0.022067583155267245,0.06109083574431606,0.07740987967147595,0.10579329211025601,0.2289393566930773,0.3701945804890041,30-40,20-25,25-30,7
LICI,2026-01-27,403.9,29.658898986104745,29.133207196642836,54.351444675104105,32.655142789702715,0.11643971280019816,-0.10168358504580344,-0.09029462738301552,65.0,0.03775687051250309,0.103862342163902,0.0780638771973261,-0.10168358504580344,0.014483783114632498,0.050631344392176425,,20-30,30+,30+,7
HINDALCO,2022-02-02,513.95,58.5423676948145,58.308447176915045,30.419914893031017,16.94638417762538,0.11635373090767565,-0.0037941433991633966,0.11635373090767565,26.0,0.055161007880143886,0.029866718552388205,0.1359081622725944,0.14310730615818645,-0.1017608716801246,-0.1750170250024322,-0.09446444206634896,50-60,30+,15-20,7
BAJAJFINSV,2012-09-27,85.46,61.33609877063898,59.26086479512972,37.78382526574883,30.62216490004219,0.11631172478352458,-0.03510414228879011,0.013456587877369586,63.0,0.11631172478352458,0.00842499414930975,0.004446524689913467,0.02808331383103213,0.06108120758249491,-0.11116311724783523,-0.2817692487713549,50-60,30+,30+,7
HDFCBANK,2012-06-07,134.45,53.70899581802291,52.58819970750293,25.962357983974222,23.18005996280823,0.11610264038676088,-0.006693938267013588,0.11364819635552248,62.0,-0.0063220528077351235,0.009520267757530787,0.07504648568240979,0.11610264038676088,0.10100409074005223,0.27400520639643,0.25727036072889553,50-60,25-30,20-25,7
GRASIM,2019-08-26,734.38,36.248152587591896,36.15585103634352,51.40682781386723,36.13633253280536,0.11609793295024362,-0.11976088673438823,0.025708761131839175,137.0,-0.05567962090470868,-0.04278438955309238,-0.017838176420926555,-0.03709251341267461,0.11609793295024362,-0.016816906778507112,-0.08619515782020204,30-40,30+,30+,7
ADANIENT,2022-09-06,3330.97,79.74921500545017,78.63057169342241,64.79063265668587,47.51924744447699,0.11605928603379811,-0.08105746974604999,0.04499890422309427,58.0,0.034926763075020295,0.11605928603379811,-0.04389111880323149,0.15274529641515855,0.14395506414047565,-0.4228708154081243,-0.2733858305538627,60+,30+,30+,7
RELIANCE,2011-02-15,211.73,40.36441339043084,39.87254393349858,49.912172571983504,28.3306269726857,0.11566617862371897,-0.04231804656874316,0.003967316865819637,101.0,0.04581306380767969,0.05006376044962946,0.09464884522741235,0.07160062343550755,0.0034950172389365264,-0.1938789968355924,-0.11155717186983416,30-40,30+,25-30,7
M&M,2012-05-30,328.75,42.758315331247886,42.06154882475546,34.13729304459822,22.210448758746423,0.11558935361216727,-0.018768060836501954,0.09916349809885938,70.0,0.025916349809885775,0.03939163498098863,0.075680608365019,0.07458555133079847,0.17268441064638784,0.40234220532319376,0.528,40-50,30+,20-25,7
ADANIENT,2015-07-30,53.67,24.169124781218994,23.686763013426827,56.595634668204625,58.5662387396884,0.1155207751071361,-0.24091671324762431,-0.21483137693310972,175.0,0.07322526551145891,-0.02999813676169183,-0.15222656977827465,-0.09372088690143476,0.02757592696105826,-0.17365381032234017,-0.09018073411589345,20-30,30+,30+,7
WIPRO,2012-12-19,72.4,51.55749693291767,51.513220368174586,20.33879046236853,28.00994714636073,0.11546961325966842,-0.017265193370165743,0.09212707182320434,72.0,-0.002762430939226568,0.019751381215469488,0.02900552486187835,0.04337016574585628,0.12306629834254146,-0.12458563535911604,0.37044198895027614,50-60,20-25,25-30,7
BAJAJ-AUTO,2015-10-01,2315.1,50.345676039206,48.74656189174012,18.351906468806945,31.065714363254067,0.11535138870891104,0.0,0.0645976415705587,61.0,0.050019437605287154,0.058550386592371995,0.05077534447756049,0.07090406461923893,0.08593581270787443,0.015917238996155714,0.22137272688004828,40-50,15-20,30+,7
GRASIM,2022-01-06,1713.74,53.8311446491777,51.99239502772692,28.54781399581001,23.73362858756159,0.11516332699242593,-0.1592540291992951,-0.09084225145004499,68.0,0.07921855123881105,0.0641929347508956,-0.00476735094004932,-0.1592540291992951,-0.012090515480761344,-0.2155169395590929,-0.023224059658991436,50-60,25-30,20-25,7
MARUTI,2012-11-01,1459.75,67.4215113127249,67.1937378432327,32.31976602674455,22.28074300407215,0.11515670491522512,-0.12231546497687962,-0.03661585887994523,155.0,0.0,0.004315807501284352,0.020654221613290114,0.020756978934749037,0.09737968830279153,0.1437574927213563,0.12084261003596519,60+,30+,20-25,7
BAJAJ-AUTO,2018-07-02,2835.15,42.87651501132868,42.0413353167166,29.631276719172703,23.29876451433716,0.11514381955099373,-0.0764157099271644,-0.035200959384865116,49.0,0.064546849373049,0.09406909687318121,-0.05440629243602635,-0.0318501666578489,-0.037052713260321335,-0.04056222774809093,0.017071407156587837,40-50,25-30,20-25,7
BAJAJFINSV,2015-10-23,182.93,57.80126345819158,57.45489928162611,23.040729918438018,23.02581538437015,0.11512600448258903,-0.12512983108292797,-0.08423987317553161,132.0,0.07582135242989119,0.08128792434264476,0.07133876346143331,0.05559503635270313,0.009566500847318693,0.028699502541955857,0.7607828130979064,50-60,20-25,20-25,7
DIVISLAB,2011-05-23,372.13,61.6855117634563,60.81324220286517,24.073138110570003,15.939149101536467,0.1149866981968668,-0.02265337382097654,0.1149866981968668,56.0,0.03364415661193654,0.04444683309596109,0.008061698868675027,0.09652540778760121,-0.035901432295165736,-0.04468868406202131,0.24357079515223168,60+,20-25,15-20,7
ULTRACEMCO,2026-04-07,10936.0,42.0512678037446,41.811955770764555,47.220959449648944,44.00597682664732,0.1149414776883686,0.0,0.06282004389173368,49.0,0.07763350402340885,0.10085954645208495,0.1106437454279443,-0.012893196781272875,0.06629480614484273,,,40-50,30+,30+,7
ADANIENT,2006-03-24,18.01,39.10261673158672,34.553185258292785,29.351023889537235,17.863664700554725,0.11493614658523033,0.0,0.037201554691837835,35.0,0.038867295946696245,0.11271515824541911,0.03942254303164883,1.8473070516379786,1.3525818989450302,1.1521377012770682,2.567462520821765,30-40,25-30,15-20,7
SUNPHARMA,2005-11-17,64.05,55.00374190894756,53.594917393900545,27.01820904330027,47.48545018588676,0.1149102263856363,0.0,0.08633879781420761,75.0,0.01748633879781436,0.07697111631537878,0.08243559718969551,0.060265417642466845,0.21124121779859495,0.33786104605776734,0.5216237314597969,50-60,25-30,30+,7
ONGC,2022-10-03,132.4,40.994507300839985,39.89109874344476,29.419079790743435,19.918587268000895,0.11480362537764344,-0.03625377643504535,0.1083836858006042,88.0,0.006419939577039235,-0.03474320241691853,0.030589123867069246,0.0641993957703928,0.13632930513595154,0.16049848942598177,0.3942598187311177,30-40,25-30,15-20,7
POWERGRID,2019-02-25,102.35,44.46618957624595,43.76759531038146,24.906110772975016,30.377533386760206,0.11480214948705414,-0.018954567659990262,0.029604298974108545,91.0,0.005764533463605392,0.06780654616511983,0.10024425989252572,0.04865657059110906,0.029604298974108545,0.11509526135808512,0.023058133854421126,40-50,20-25,30+,7
ICICIBANK,2026-04-07,1245.5,37.460754762140674,37.03108781331187,33.29169450272767,31.892582232786058,0.11473303894018483,-0.007948615014050642,0.015094339622641506,45.0,0.08237655560016055,0.11473303894018483,0.026896828582898324,0.0037735849056603765,0.14564431955038137,,,30-40,30+,30+,7
RELIANCE,2015-04-07,187.25,40.29360235977396,38.792693498574046,26.663541014223966,35.64366437808417,0.11465954606141526,0.0,0.03546061415220292,23.0,0.10905206942590118,0.05238985313751665,0.045500667556742425,0.06317757009345804,0.21938584779706272,0.0662216288384514,0.2412283044058745,30-40,25-30,30+,7
ASIANPAINT,2013-07-02,467.76,51.32590283687668,49.921161190666425,28.283828222937213,23.45696600137005,0.11448178553104138,-0.1619634000342055,-0.1328886608517188,65.0,0.018150333504361127,0.03384214126902685,0.06507610740550707,-0.09697280656747054,-0.018193090473747175,0.04294937574824709,0.2486103984949546,40-50,25-30,20-25,7
ADANIPORTS,2015-08-03,330.7,52.8720637069645,51.58617807483725,18.363686806601024,13.984089092056758,0.11445418808587848,-0.10069549440580594,-0.036740247958875094,67.0,0.02373752645902627,0.08345932869670403,0.011641971575446108,-0.03885697006350153,-0.10628968853946164,-0.3314182038100998,-0.32068339885092223,50-60,15-20,<15,7
RELIANCE,2022-03-02,1088.77,46.165835037614755,45.613607219047964,23.34011959918714,22.66937568357141,0.11440432781946597,-0.06797578919330982,0.10100388511806901,48.0,-0.01852549206903209,0.00200225943036636,0.10727701902146447,0.15922554809555756,0.0976055548922179,0.0830111042736299,-0.030226769657503483,40-50,20-25,20-25,7
EICHERMOT,2020-03-09,1788.58,39.91095047402356,39.01020928978072,39.66044722838451,41.18441820856077,0.11433092173679671,-0.2910521195585325,0.07278958727034857,133.0,-0.07783269409252036,-0.23369935926824636,-0.26430464390745734,-0.22514508716411896,-0.055407082713661016,0.2260564246497223,0.4495857048608394,30-40,30+,30+,7
