entry_time,exit_time,exit_reason,mfe_bucket,mfe_bucket_label,mfe_pts,mae_pts,final_pts,window_bars,entry_open,entry_high,entry_low,entry_close,exit_open,exit_high,exit_low,exit_close,fast_rsi_entry,mid_rsi_entry,slow_rsi_entry,fast_adx_entry
2017-04-05 11:25:00,2017-04-05 12:00:00,cross_down,3,3 (+5 to +8 pts),6.049999999999272,-1.3500000000003638,2.649999999999636,7,9247.05,9250.1,9246.5,9247.85,9249.55,9252.75,9248.75,9250.5,66.74772633763519,65.65778072778701,82.22537053182275,32.277203109452024
2017-04-06 11:15:00,2017-04-06 12:50:00,cross_down,4,4 (+8 to +11 pts),10.599999999998545,-10.900000000001455,-5.200000000000728,19,9226.6,9231.65,9226.5,9230.95,9225.85,9226.35,9223.25,9225.75,38.51385576407997,37.86197587854177,68.28709551502322,30.59135304092367
2017-04-06 13:15:00,2017-04-06 15:25:00,session_end_forced,8,8 (+29 to +41 pts),40.70000000000073,-8.399999999999636,29.100000000000364,26,9225.0,9227.25,9224.65,9227.25,9260.55,9261.8,9250.3,9256.35,40.380376562859766,39.425061292092415,60.059309407613135,34.80983872435742
2017-04-07 10:25:00,2017-04-07 11:10:00,cross_down,1,1 (+0 to +3 pts),0.3500000000003638,-9.200000000000728,-7.899999999999636,9,9242.1,9249.2,9240.9,9248.85,9244.1,9244.7,9240.7,9240.95,53.806763628783116,51.594994589004926,57.06783555769674,19.513311509634526
2017-04-07 12:15:00,2017-04-07 12:25:00,cross_down,1,1 (+0 to +3 pts),2.0,-7.899999999999636,-7.100000000000364,2,9242.25,9245.1,9242.1,9243.1,9242.8,9242.95,9235.2,9236.0,50.241927652042115,49.67200809708479,54.75142360254176,19.334746810136064
2017-04-07 12:35:00,2017-04-07 12:50:00,cross_down,1,1 (+0 to +3 pts),1.8500000000003638,-2.350000000000364,-1.5,3,9238.35,9241.75,9238.25,9239.9,9240.05,9240.55,9237.55,9238.4,49.33324631127805,48.90262712385636,54.75142360254176,18.889645247828987
2017-04-07 12:55:00,2017-04-07 13:00:00,cross_down,1,1 (+0 to +3 pts),1.6999999999989086,-1.75,-0.6000000000003638,1,9238.3,9239.95,9237.95,9239.7,9239.75,9241.4,9238.3,9239.1,49.405877817004935,49.107089689182715,54.75142360254176,16.507402699309914
2017-04-07 13:05:00,2017-04-07 13:30:00,cross_down,3,3 (+5 to +8 pts),5.549999999999272,-2.5,-2.399999999999636,5,9239.0,9240.05,9237.6,9239.6,9240.95,9241.35,9237.1,9237.2,49.5357176043579,49.34113178304393,54.75142360254176,13.688433364052024
2017-04-07 13:45:00,2017-04-07 14:20:00,cross_down,4,4 (+8 to +11 pts),8.300000000001091,-6.199999999998909,-5.5,7,9239.0,9243.35,9238.7,9242.15,9238.7,9240.2,9235.95,9236.65,51.382726337462486,50.022602319088634,53.95278542261645,11.628469919640859
2017-04-11 14:30:00,2017-04-11 15:05:00,cross_down,2,2 (+3 to +5 pts),4.949999999998909,-6.5,-1.3000000000010914,7,9233.4,9239.75,9232.55,9237.7,9236.65,9238.5,9234.9,9236.4,62.12714592147899,59.73365601842712,50.719795108587064,20.02954927905663
2017-04-12 09:20:00,2017-04-12 09:30:00,cross_down,3,3 (+5 to +8 pts),5.949999999998909,-4.600000000000364,-0.8000000000010914,2,9240.55,9242.55,9235.85,9240.45,9241.8,9246.4,9238.6,9239.65,62.70577258126188,62.282200854629686,54.39069647600458,24.503160680401724
2017-04-12 10:50:00,2017-04-12 14:00:00,cross_down,8,8 (+29 to +41 pts),36.55000000000109,-12.099999999998545,20.450000000000728,38,9189.35,9194.65,9189.0,9190.05,9220.55,9223.0,9208.95,9210.5,37.422617504610656,35.70542804625209,50.27299828246479,44.84431357808078
2017-04-21 14:05:00,2017-04-21 15:25:00,session_end_forced,7,7 (+21 to +28 pts),22.350000000000364,-11.699999999998909,14.950000000000728,16,9100.15,9107.9,9098.5,9104.3,9122.05,9123.9,9115.65,9119.25,32.43426578049807,32.070298011919576,52.96330649773698,63.92751279625381
2017-04-24 11:50:00,2017-04-24 14:05:00,cross_down,9,9 (+41 to +64 pts),43.399999999999636,-3.100000000000364,37.95000000000073,27,9173.6,9177.3,9172.05,9175.15,9212.0,9214.7,9210.3,9213.1,66.0574749888123,65.2217696702915,54.127412573208765,33.3740620369212
2017-04-24 14:20:00,2017-04-24 14:25:00,cross_down,2,2 (+3 to +5 pts),4.699999999998909,-19.700000000000728,-17.05000000000109,1,9216.5,9225.4,9216.35,9220.7,9220.7,9221.25,9201.0,9203.65,77.44097239295733,77.23445802481622,64.5952252139073,52.05839972281228
2017-04-25 09:25:00,2017-04-25 09:30:00,cross_down,4,4 (+8 to +11 pts),9.399999999999636,-5.800000000001091,-4.950000000000728,1,9265.65,9266.25,9256.6,9256.85,9256.85,9257.5,9251.05,9251.9,70.32691142882746,70.18926365847065,69.28775279825979,49.50079276729577
2017-04-26 09:20:00,2017-04-26 09:55:00,cross_down,6,6 (+15 to +21 pts),18.5,-4.0,16.100000000000364,7,9326.65,9332.45,9325.15,9329.15,9341.25,9347.15,9340.55,9345.25,77.07128001501975,76.57561127335383,83.78089628939793,52.32435835347077
2017-04-26 15:05:00,2017-04-26 15:25:00,session_end_forced,4,4 (+8 to +11 pts),8.800000000001091,-9.25,-7.399999999999636,4,9347.75,9353.4,9346.9,9351.55,9352.35,9353.55,9342.3,9344.15,48.896996040201195,48.18797972421427,85.57512502369624,40.21214227221221
2017-04-27 10:35:00,2017-04-27 11:40:00,cross_down,4,4 (+8 to +11 pts),10.0,-4.449999999998909,-1.4499999999989086,13,9345.5,9349.9,9345.5,9348.3,9350.2,9351.45,9346.2,9346.85,50.16494752054203,49.47524040226433,78.63104737520933,14.319111773461437
2017-04-27 13:15:00,2017-04-27 14:25:00,cross_down,5,5 (+11 to +15 pts),14.350000000000364,-7.0,-1.5999999999985448,14,9351.0,9356.0,9349.55,9352.8,9353.7,9355.5,9350.45,9351.2,51.71920829569263,49.54691747745903,73.44137255996398,33.13909406476687
2017-04-27 14:40:00,2017-04-27 14:45:00,cross_down,2,2 (+3 to +5 pts),4.449999999998909,-5.150000000001455,-4.650000000001455,1,9359.0,9364.15,9356.05,9359.7,9360.35,9362.05,9354.55,9355.05,57.07751947857251,56.821394822085075,73.23857681773782,22.780882805477376
2017-04-28 10:30:00,2017-04-28 15:05:00,cross_down,4,4 (+8 to +11 pts),9.25,-26.75,-9.049999999999272,55,9304.15,9309.35,9302.95,9309.0,9303.45,9306.7,9298.65,9299.95,33.49647020467343,31.214279704389984,58.50812860608734,56.612007840659196
2017-05-03 13:10:00,2017-05-03 14:20:00,cross_down,5,5 (+11 to +15 pts),11.350000000000364,-10.100000000000364,-4.850000000000364,14,9309.0,9313.7,9306.6,9313.1,9307.15,9310.55,9303.0,9308.25,44.97867758865897,44.923465135914356,51.222378502722066,28.087855808117475
2017-05-03 15:00:00,2017-05-03 15:25:00,cross_down,1,1 (+0 to +3 pts),1.6000000000003638,-16.299999999999272,-13.949999999998909,5,9310.85,9319.4,9310.8,9317.8,9309.55,9310.2,9301.5,9303.85,50.837030428924606,48.377366210057545,51.46574871704965,19.23355731661981
2017-05-04 13:15:00,2017-05-04 14:30:00,cross_down,7,7 (+21 to +28 pts),23.399999999999636,-5.049999999999272,14.299999999999272,15,9337.75,9342.9,9337.2,9342.25,9362.55,9365.65,9351.85,9356.55,53.973550410716605,52.34490617737396,55.77698745916378,29.77664120144762
2017-05-05 10:45:00,2017-05-05 10:55:00,cross_down,3,3 (+5 to +8 pts),5.25,-6.100000000000364,-5.299999999999272,2,9327.1,9327.15,9320.6,9321.9,9318.7,9321.45,9315.8,9316.6,41.69830327264694,41.184056770785105,57.470131631087895,37.82139288630102
2017-05-05 11:00:00,2017-05-05 11:50:00,cross_down,2,2 (+3 to +5 pts),4.049999999999272,-24.5,-22.950000000000728,10,9316.6,9322.2,9316.25,9320.85,9314.85,9315.45,9296.35,9297.9,41.29324897926218,39.54392260372383,57.470131631087895,35.35113451723165
2017-05-09 12:45:00,2017-05-09 13:50:00,cross_down,5,5 (+11 to +15 pts),11.899999999999636,-3.3000000000010914,-2.5500000000010914,13,9326.55,9326.9,9324.05,9326.2,9331.7,9333.9,9322.9,9323.65,52.074770082928254,51.285283746655644,51.3427294729833,19.62055179320165
2017-05-10 09:15:00,2017-05-10 10:45:00,cross_down,8,8 (+29 to +41 pts),38.04999999999927,-16.100000000000364,32.25,18,9339.83,9353.0,9336.0,9352.1,9385.3,9386.2,9382.25,9384.35,51.18082780366546,44.726623884697645,51.23713522624214,35.984957879039776
2017-05-11 09:20:00,2017-05-11 09:35:00,cross_down,3,3 (+5 to +8 pts),5.25,-7.199999999998909,-0.1999999999989086,3,9436.15,9436.7,9426.85,9434.05,9435.85,9436.4,9431.95,9433.85,73.27906362592518,72.01916780537188,70.81408470105141,53.6207213501297
2017-05-12 10:10:00,2017-05-12 12:50:00,cross_down,1,1 (+0 to +3 pts),1.0,-30.950000000000728,-28.0,32,9401.3,9408.95,9400.7,9407.95,9383.8,9385.4,9377.0,9379.95,36.80028799208198,34.67410311014792,69.40313899206025,33.567367997421655
2017-05-12 13:00:00,2017-05-12 15:25:00,session_end_forced,7,7 (+21 to +28 pts),21.350000000000364,-14.950000000000728,21.100000000000364,29,9380.4,9387.95,9380.05,9387.5,9402.0,9408.85,9401.6,9408.6,35.50798985073893,33.09587450408488,57.7950894132371,38.86056495475223
2017-05-15 14:10:00,2017-05-15 14:55:00,cross_down,3,3 (+5 to +8 pts),6.149999999999636,-2.850000000000364,1.75,9,9440.7,9443.75,9439.4,9441.1,9443.55,9445.45,9441.8,9442.85,56.55424140918022,56.419090566407405,61.66877166393384,25.897362701075185
2017-05-15 15:00:00,2017-05-15 15:20:00,cross_down,1,1 (+0 to +3 pts),2.850000000000364,-5.5,-2.600000000000364,4,9442.95,9446.9,9442.7,9446.4,9446.35,9446.8,9440.9,9443.8,59.90157390827513,59.47325847409978,63.0254692616544,28.672752237493903
2017-05-16 09:15:00,2017-05-16 10:05:00,cross_down,8,8 (+29 to +41 pts),32.350000000000364,-3.9500000000007276,11.5,10,9461.08,9466.05,9456.3,9460.25,9477.65,9478.95,9466.45,9471.75,63.93557451516753,61.57219912485821,65.77776803068325,32.14879081383194
2017-05-16 12:50:00,2017-05-16 14:15:00,cross_down,8,8 (+29 to +41 pts),36.100000000000364,-2.649999999999636,29.5,17,9477.2,9479.9,9474.9,9477.55,9511.85,9513.65,9506.9,9507.05,63.27196492258036,61.68040670398786,71.69601245596903,29.408312742002266
2017-05-17 13:00:00,2017-05-17 14:30:00,cross_down,7,7 (+21 to +28 pts),23.0,-6.5,14.5,18,9502.55,9508.8,9502.0,9508.5,9527.8,9530.3,9520.5,9523.0,50.62306057253304,49.07731298798003,77.31898522577049,22.625750952672192
2017-05-18 11:00:00,2017-05-18 13:20:00,cross_down,6,6 (+15 to +21 pts),18.100000000000364,-6.700000000000728,-2.75,28,9455.4,9464.25,9454.55,9461.25,9459.25,9459.8,9454.9,9458.5,28.638719002350747,28.27266288721516,66.85775104779127,49.52050849988772
2017-05-18 13:35:00,2017-05-18 14:55:00,cross_down,1,1 (+0 to +3 pts),0.5,-37.70000000000073,-37.30000000000109,16,9458.75,9466.45,9458.55,9465.95,9438.85,9439.6,9428.25,9428.65,41.239267084548054,38.964038804946966,51.692691813507516,23.179280734782235
2017-05-25 13:20:00,2017-05-25 13:30:00,cross_down,1,1 (+0 to +3 pts),1.0499999999992724,-15.25,-12.549999999999272,2,9427.5,9441.05,9427.1,9440.0,9428.9,9435.65,9425.6,9427.45,61.262691311403586,60.234836451622954,51.01383785703816,39.129339187861135
2017-05-25 14:00:00,2017-05-25 15:20:00,cross_down,10,10 (+64 to +504 pts),67.19999999999891,-25.850000000000364,43.0,16,9430.7,9459.55,9430.25,9456.1,9507.5,9509.1,9498.65,9499.1,64.9089325512206,63.76201017877331,51.01383785703816,42.31711979952874
2017-05-29 11:40:00,2017-05-29 11:45:00,cross_down,1,1 (+0 to +3 pts),3.150000000001455,-15.299999999999272,-9.149999999999636,1,9590.05,9604.7,9589.55,9601.55,9601.3,9601.7,9586.25,9592.4,56.521053965564256,56.04317060199452,75.08462565637814,16.189620608598524
2017-05-29 12:15:00,2017-05-29 12:50:00,cross_down,4,4 (+8 to +11 pts),9.550000000001091,-10.699999999998909,-4.600000000000364,7,9602.05,9608.25,9601.6,9606.15,9597.85,9602.9,9597.15,9601.55,57.57425674431648,56.32980700190987,75.02273700527601,19.234415801174606
2017-05-29 13:45:00,2017-05-29 14:35:00,cross_down,7,7 (+21 to +28 pts),25.549999999999272,-3.4500000000007276,6.349999999998545,10,9609.8,9618.95,9608.75,9612.2,9621.45,9625.25,9617.55,9618.55,57.813651633728995,57.137091024307,74.69788573285214,24.711926479560645
2017-05-30 09:50:00,2017-05-30 10:10:00,cross_down,4,4 (+8 to +11 pts),10.899999999999636,-15.100000000000364,-14.600000000000364,4,9617.55,9621.0,9613.05,9620.7,9616.05,9617.95,9605.6,9606.1,55.9689128107817,53.364813387914936,70.5043938387364,25.174724685065772
2017-05-30 11:10:00,2017-05-30 12:25:00,cross_down,5,5 (+11 to +15 pts),12.350000000000364,-6.75,-1.8999999999996362,15,9605.75,9611.45,9604.95,9611.35,9611.6,9612.55,9607.2,9609.45,50.32499094779817,49.019993148869744,68.91834505837113,18.477422602084367
2017-05-30 13:10:00,2017-05-30 14:15:00,cross_down,5,5 (+11 to +15 pts),11.5,-4.200000000000728,6.349999999998545,13,9612.15,9616.15,9611.25,9615.45,9623.2,9626.0,9618.35,9621.8,51.351973038246015,49.997957445932755,67.68359487310678,21.795407693945833
2017-05-30 14:20:00,2017-05-30 14:55:00,cross_down,5,5 (+11 to +15 pts),11.200000000000728,-5.449999999998909,2.5,7,9621.75,9626.3,9618.6,9624.05,9626.0,9628.05,9621.65,9626.55,59.46815996389736,58.94215090589863,67.58872791165356,24.582696726416863
2017-05-31 11:40:00,2017-05-31 12:45:00,cross_down,4,4 (+8 to +11 pts),8.5,-11.899999999999636,-2.100000000000364,13,9617.1,9628.4,9616.1,9628.0,9628.75,9629.4,9623.25,9625.9,47.57968152912908,46.902722233458086,66.62655289771384,22.085285460750796
2017-05-31 13:00:00,2017-05-31 13:05:00,cross_down,1,1 (+0 to +3 pts),2.25,-4.25,-2.25,1,9630.45,9633.8,9627.5,9631.75,9632.05,9634.0,9627.9,9629.5,56.60064392129861,56.359194220844806,66.58451262683792,24.61894954778383
2017-05-31 13:10:00,2017-05-31 13:45:00,cross_down,4,4 (+8 to +11 pts),7.899999999999636,-7.850000000000364,-7.600000000000364,7,9629.45,9631.9,9627.25,9631.75,9634.9,9636.95,9623.9,9624.15,56.669524607710024,56.359194220844806,66.58451262683792,25.030385707288183
2017-05-31 14:15:00,2017-05-31 14:45:00,cross_down,3,3 (+5 to +8 pts),6.200000000000728,-8.449999999998909,-5.100000000000364,6,9639.15,9643.55,9639.0,9643.4,9641.8,9644.85,9637.5,9638.3,60.78392248610944,59.79489231351696,68.25001491393473,28.91242846801732
2017-06-01 10:15:00,2017-06-01 11:05:00,cross_down,5,5 (+11 to +15 pts),13.949999999998909,-6.550000000001091,-4.450000000000728,10,9617.4,9625.2,9616.9,9620.7,9617.5,9625.3,9615.35,9616.25,45.774408483685335,45.454797652706866,61.10300388833094,24.6561371359164
2017-06-01 11:10:00,2017-06-01 11:15:00,cross_down,1,1 (+0 to +3 pts),1.0,-6.649999999999636,-5.5,1,9616.15,9622.7,9615.7,9622.35,9622.6,9623.35,9616.35,9616.85,47.830900603331386,47.512420245732564,61.10300388833094,23.331620929280422
2017-06-01 11:40:00,2017-06-01 11:45:00,cross_down,1,1 (+0 to +3 pts),1.0500000000010914,-10.449999999998909,-7.399999999999636,1,9619.5,9621.95,9618.85,9620.9,9620.9,9620.95,9610.45,9613.5,47.83172447881569,47.24178996986004,59.66096508667488,16.193138676864653
2017-06-01 13:10:00,2017-06-01 15:25:00,session_end_forced,6,6 (+15 to +21 pts),20.600000000000364,-5.299999999999272,14.850000000000364,27,9597.2,9602.2,9596.35,9601.65,9616.9,9620.5,9613.3,9616.5,36.45136105779954,36.09527376997228,57.19649724739303,36.902962340000514
2017-06-05 09:50:00,2017-06-05 12:15:00,cross_down,7,7 (+21 to +28 pts),28.299999999999272,-2.5499999999992724,23.049999999999272,29,9657.65,9661.55,9657.6,9658.25,9683.95,9685.65,9681.2,9681.3,53.31689101373159,52.96848951528185,62.5991035455058,16.589382772427783
2017-06-05 14:05:00,2017-06-05 14:15:00,cross_down,1,1 (+0 to +3 pts),2.7999999999992724,-9.350000000000364,-9.149999999999636,2,9683.7,9685.55,9680.65,9683.35,9681.15,9684.25,9674.0,9674.2,61.37937012725182,60.18659322641687,66.30425643289966,28.94162522830669
2017-06-06 09:20:00,2017-06-06 09:30:00,cross_down,3,3 (+5 to +8 pts),5.299999999999272,-7.200000000000728,-6.850000000000364,2,9684.85,9686.1,9679.4,9682.2,9687.25,9687.3,9675.0,9675.35,53.97061982155122,53.79669806679742,64.96347277086599,27.320653260368307
2017-06-06 10:20:00,2017-06-06 10:50:00,cross_down,3,3 (+5 to +8 pts),5.299999999999272,-7.5,-6.050000000001091,6,9672.95,9675.8,9669.05,9674.7,9672.25,9673.3,9667.2,9668.65,48.38802761648641,48.10938075464192,62.57854860559412,18.856656290193715
2017-06-06 11:55:00,2017-06-06 12:00:00,cross_down,1,1 (+0 to +3 pts),1.5,-5.899999999999636,-5.799999999999272,1,9665.1,9668.25,9664.45,9667.25,9667.2,9668.75,9661.35,9661.45,45.635697692686655,45.446371816729894,60.2358743538373,12.653673227191499
2017-06-06 13:20:00,2017-06-06 15:25:00,session_end_forced,4,4 (+8 to +11 pts),10.850000000000364,-13.399999999999636,-5.75,25,9646.1,9646.3,9642.45,9643.6,9637.25,9639.0,9633.75,9637.85,34.22218219023215,32.33237418960209,52.86720039323969,42.190588239844516
2017-06-08 11:20:00,2017-06-08 11:35:00,cross_down,1,1 (+0 to +3 pts),3.100000000000364,-5.5,-4.099999999998545,3,9656.55,9660.95,9655.85,9660.05,9657.3,9657.7,9654.55,9655.95,51.95113253855815,51.36038709929947,50.06475535984741,16.370643531610078
2017-06-08 13:05:00,2017-06-08 13:25:00,cross_down,2,2 (+3 to +5 pts),3.2999999999992724,-7.700000000000728,-7.050000000001091,4,9660.8,9663.3,9660.45,9661.1,9656.6,9659.0,9653.6,9654.05,52.31932187534973,49.25108442638653,50.338723999388655,23.77865839666895
2017-06-08 13:30:00,2017-06-08 14:30:00,cross_down,5,5 (+11 to +15 pts),12.299999999999272,-2.25,0.7999999999992724,12,9654.25,9656.3,9653.75,9656.0,9666.6,9668.3,9656.6,9656.8,51.32530749159328,51.186135841586534,51.43157985921149,19.029973688452987
2017-06-19 13:40:00,2017-06-19 14:50:00,cross_down,8,8 (+29 to +41 pts),32.25,-12.399999999999636,19.200000000000728,14,9629.25,9641.8,9628.65,9641.05,9662.25,9662.75,9658.45,9660.25,61.27939980657415,60.19345615362679,56.60480104918743,21.972581733368287
2017-06-20 14:35:00,2017-06-20 15:25:00,cross_down,2,2 (+3 to +5 pts),4.050000000001091,-11.75,-7.850000000000364,10,9655.6,9659.35,9654.75,9658.9,9651.6,9655.7,9647.15,9651.05,47.852518806879225,45.94296654615511,68.92597405463727,25.72893421502552
2017-06-21 10:10:00,2017-06-21 13:40:00,cross_down,1,1 (+0 to +3 pts),1.4500000000007276,-15.0,-11.850000000000364,42,9622.55,9625.3,9621.45,9624.4,9609.75,9614.4,9609.4,9612.55,31.91177134534089,28.719694685910294,65.082032370834,43.78724621742842
2017-06-23 10:10:00,2017-06-23 15:00:00,cross_down,4,4 (+8 to +11 pts),8.75,-33.45000000000073,-22.299999999999272,58,9588.55,9599.25,9587.45,9598.75,9582.2,9583.15,9575.4,9576.45,23.90779981102607,23.700122738738433,53.726873516124684,53.594221031963
2017-07-03 10:25:00,2017-07-03 10:30:00,cross_down,3,3 (+5 to +8 pts),5.850000000000364,-2.600000000000364,2.149999999999636,1,9579.4,9583.0,9574.8,9577.15,9576.85,9579.65,9574.55,9579.3,75.05513425694312,74.8783108829473,52.47000858296022,56.40659118602699
2017-07-03 10:50:00,2017-07-03 11:15:00,cross_down,6,6 (+15 to +21 pts),17.600000000000364,-5.75,9.5,5,9591.05,9596.95,9588.9,9594.65,9608.7,9609.1,9602.5,9604.15,80.30116098130128,79.88076443512004,52.47000858296022,64.30066537241737
2017-07-04 09:20:00,2017-07-04 09:30:00,cross_down,4,4 (+8 to +11 pts),8.200000000000728,-12.100000000000364,-6.450000000000728,2,9632.4,9642.95,9631.0,9634.75,9628.85,9630.0,9622.65,9628.3,67.85804169109713,66.61479112321473,68.93897069809853,33.45431869121164
2017-07-04 12:45:00,2017-07-04 15:00:00,cross_down,7,7 (+21 to +28 pts),26.549999999999272,-4.5,8.200000000000728,27,9610.3,9617.4,9609.5,9614.0,9637.7,9638.1,9621.85,9622.2,49.7338752990163,48.985470578536784,68.47736903427537,19.19751408481738
2017-07-05 10:00:00,2017-07-05 11:25:00,cross_down,5,5 (+11 to +15 pts),12.0,-2.149999999999636,5.149999999999636,17,9623.0,9628.85,9622.95,9625.1,9627.9,9631.5,9627.25,9630.25,50.167766993007376,48.70088768266572,64.31868826198854,24.015727209986306
2017-07-05 13:05:00,2017-07-05 13:40:00,cross_down,1,1 (+0 to +3 pts),0.9500000000007276,-8.0,-3.4499999999989086,7,9625.9,9628.8,9625.5,9628.55,9623.0,9626.1,9620.55,9625.1,51.0229525908134,49.60475021757297,63.13400621823789,24.212908657602053
2017-07-05 14:05:00,2017-07-05 14:50:00,cross_down,2,2 (+3 to +5 pts),3.4500000000007276,-11.099999999998545,-6.549999999999272,9,9625.2,9629.45,9622.65,9629.05,9623.65,9623.7,9617.95,9622.5,49.36525496235856,49.29637497252991,62.66693483942774,33.29409811821774
2017-07-05 15:05:00,2017-07-05 15:25:00,session_end_forced,5,5 (+11 to +15 pts),12.049999999999272,-2.9500000000007276,9.649999999999636,4,9630.6,9632.9,9628.65,9631.6,9640.25,9643.65,9638.65,9641.25,52.03758822056031,50.57549255897804,62.331444662604724,23.532923585503397
2017-07-06 14:20:00,2017-07-06 14:35:00,cross_down,1,1 (+0 to +3 pts),2.5500000000010914,-5.799999999999272,-2.5499999999992724,3,9696.65,9698.7,9695.1,9697.8,9699.15,9700.35,9692.0,9695.25,73.89121355141802,71.89028086394248,76.38680060561163,41.59663686250166
2017-07-07 10:30:00,2017-07-07 14:35:00,cross_down,8,8 (+29 to +41 pts),30.149999999999636,-5.050000000001091,12.600000000000364,49,9651.55,9654.1,9649.05,9654.1,9671.8,9672.45,9665.5,9666.7,37.33800897363255,34.176009978155975,65.43664935613043,68.78544861099788
2017-07-10 09:25:00,2017-07-10 12:35:00,cross_down,10,10 (+64 to +504 pts),88.0,-14.450000000000728,37.04999999999927,38,9684.2,9684.2,9684.2,9684.2,9730.15,9732.25,9720.85,9721.25,56.91188909405855,55.09768571421199,57.3257471808488,46.68793107935825
2017-07-10 14:05:00,2017-07-10 14:25:00,cross_down,6,6 (+15 to +21 pts),17.44999999999891,-4.300000000001091,8.75,4,9765.3,9766.9,9760.3,9764.6,9777.65,9778.0,9773.3,9773.35,90.30419328928598,90.06986701296604,69.73716455726007,73.45598146890015
2017-07-11 12:50:00,2017-07-11 12:55:00,cross_down,1,1 (+0 to +3 pts),1.25,-5.449999999998909,-3.5499999999992724,1,9827.35,9830.05,9824.95,9828.8,9828.25,9828.4,9823.35,9825.25,81.01937526982933,81.00339089485485,81.75519554845755,58.08119375625402
2017-07-12 09:25:00,2017-07-12 10:05:00,cross_down,2,2 (+3 to +5 pts),3.2999999999992724,-19.400000000001455,-19.05000000000109,8,9814.1,9822.15,9813.35,9819.7,9809.1,9810.1,9800.3,9800.65,49.01637521363438,46.381250783792375,74.29563040395932,42.969329583446694
2017-07-12 10:40:00,2017-07-12 11:10:00,cross_down,3,3 (+5 to +8 pts),5.399999999999636,-9.799999999999272,-8.100000000000364,6,9809.65,9811.65,9808.8,9811.0,9806.25,9807.1,9801.2,9802.9,50.3577501723076,48.49930201830201,71.67411839082249,25.77988022251697
2017-07-12 12:30:00,2017-07-12 14:55:00,cross_down,4,4 (+8 to +11 pts),7.950000000000728,-9.149999999999636,1.25,29,9800.8,9806.5,9800.75,9805.65,9809.55,9809.6,9804.6,9806.9,47.489192235500326,45.800761113571895,67.73406121681413,28.402699649299905
2017-07-12 15:00:00,2017-07-12 15:25:00,session_end_forced,5,5 (+11 to +15 pts),14.400000000001455,-4.399999999999636,12.300000000001091,5,9806.9,9811.5,9806.15,9810.55,9819.65,9824.95,9813.8,9822.85,54.917016829451796,54.58014219606779,66.63143509714443,12.468633285298145
2017-07-13 13:50:00,2017-07-13 13:55:00,cross_down,2,2 (+3 to +5 pts),3.7999999999992724,-3.350000000000364,-3.2000000000007276,1,9886.95,9889.65,9885.45,9885.85,9885.95,9888.2,9882.5,9882.65,66.53597877007117,66.11397513287524,76.68978284026979,26.93683327593591
2017-07-13 14:05:00,2017-07-13 14:25:00,cross_down,3,3 (+5 to +8 pts),6.399999999999636,-9.800000000001091,-9.399999999999636,4,9888.6,9893.4,9886.8,9890.85,9894.75,9895.1,9881.05,9881.45,66.61579747446339,65.804000874629,76.68978284026979,26.260830138169208
2017-07-14 11:25:00,2017-07-14 13:20:00,cross_down,6,6 (+15 to +21 pts),17.100000000000364,-7.099999999998545,7.950000000000728,23,9857.35,9864.15,9856.7,9863.8,9873.75,9874.5,9871.55,9871.75,43.16919768130122,41.39113182585264,71.27340873703955,23.005875896725726
2017-07-14 14:10:00,2017-07-14 14:40:00,cross_down,2,2 (+3 to +5 pts),3.25,-13.049999999999272,-12.199999999998909,6,9878.7,9879.9,9876.5,9877.4,9873.0,9873.7,9864.35,9865.2,52.08120592878346,49.69612949093505,68.07632502160742,27.869993507910007
2017-07-14 14:55:00,2017-07-14 15:25:00,session_end_forced,5,5 (+11 to +15 pts),11.700000000000728,-8.799999999999272,4.300000000001091,6,9875.9,9883.15,9872.25,9881.05,9887.9,9888.3,9879.5,9885.35,51.755862564270785,49.01118763179514,67.27168401992985,24.266855305849113
2017-07-17 13:45:00,2017-07-17 14:00:00,cross_down,1,1 (+0 to +3 pts),2.25,-4.399999999999636,-1.9499999999989086,3,9911.35,9913.6,9910.85,9913.05,9910.75,9913.15,9908.65,9911.1,57.6637995617035,56.65499816718272,70.65641968908099,23.072145684127968
2017-07-17 14:05:00,2017-07-17 14:55:00,cross_down,5,5 (+11 to +15 pts),12.900000000001455,-4.5,6.75,10,9911.0,9916.95,9910.8,9915.3,9920.75,9924.35,9919.6,9922.05,58.586523703525856,56.872579181413904,70.65641968908099,25.42188081224773
2017-07-18 10:25:00,2017-07-18 10:55:00,cross_down,2,2 (+3 to +5 pts),3.350000000000364,-16.850000000000364,-15.649999999999636,6,9875.7,9876.75,9871.05,9873.4,9864.6,9865.6,9856.55,9857.75,36.518829006259296,36.412001938971,63.5638803586366,56.78797355921442
2017-07-18 11:00:00,2017-07-18 11:05:00,cross_down,2,2 (+3 to +5 pts),5.150000000001455,-12.349999999998545,-12.149999999999636,1,9857.8,9859.7,9854.3,9854.55,9854.55,9855.3,9842.2,9842.4,28.010915446627656,27.78841803976343,63.5638803586366,61.81311332691462
2017-07-18 11:15:00,2017-07-18 14:50:00,cross_down,6,6 (+15 to +21 pts),16.950000000000728,-40.0,-30.69999999999891,43,9853.95,9857.15,9851.95,9855.05,9821.55,9828.6,9815.05,9824.35,28.807387955387348,24.830037361605118,56.283690034996994,67.16870999984134
2017-07-20 13:20:00,2017-07-20 15:25:00,session_end_forced,4,4 (+8 to +11 pts),8.299999999999272,-17.700000000000728,-10.450000000000728,25,9878.6,9882.8,9876.1,9881.7,9871.55,9873.35,9869.55,9871.25,41.287249042778086,40.94171392961218,55.60274902728854,43.33671986240664
2017-07-21 13:50:00,2017-07-21 15:25:00,session_end_forced,10,10 (+64 to +504 pts),65.65000000000146,-3.5,55.100000000000364,19,9857.05,9861.75,9855.55,9859.05,9920.8,9924.7,9912.0,9914.15,37.142491064380856,36.03115049143017,50.53979352613813,32.79941098762488
2017-07-24 14:15:00,2017-07-24 14:40:00,cross_down,3,3 (+5 to +8 pts),7.5,-5.25,-4.5,5,9975.5,9976.55,9969.3,9974.55,9979.95,9981.15,9969.75,9970.05,69.32765648957766,69.03070149658002,65.18407701911582,28.22421789653155
2017-07-25 12:35:00,2017-07-25 12:45:00,cross_down,2,2 (+3 to +5 pts),3.350000000000364,-4.849999999998545,-4.449999999998909,2,9960.6,9961.15,9956.8,9957.8,9957.35,9958.3,9952.95,9953.35,44.467414358083914,44.02625806034419,64.25507061661328,24.21705404302439
2017-07-25 13:30:00,2017-07-25 15:10:00,cross_down,7,7 (+21 to +28 pts),26.350000000000364,-2.350000000000364,6.75,20,9953.5,9959.75,9952.55,9954.9,9966.25,9968.0,9960.2,9961.65,43.45745261998867,41.03234971675316,62.34796064483738,21.57221641917014
2017-07-26 09:25:00,2017-07-26 11:15:00,cross_down,4,4 (+8 to +11 pts),9.299999999999272,-9.350000000000364,1.2999999999992724,22,9983.3,9988.2,9982.5,9987.7,9990.05,9990.9,9987.75,9989.0,58.51788704441674,53.81152978694776,60.83873519657594,38.27310647228869
2017-07-26 11:45:00,2017-07-26 12:40:00,cross_down,5,5 (+11 to +15 pts),14.349899999999252,-2.75,6.649999999999636,11,9994.1,9997.55,9993.7,9996.45,10007.7,10008.6,10001.8999,10003.1,66.14274756049241,63.97116633023931,63.54959656156794,33.136821284369326
2017-07-26 14:50:00,2017-07-26 15:25:00,session_end_forced,5,5 (+11 to +15 pts),13.899900000000343,-2.899999999999636,7.700000000000728,7,10012.0,10014.7999,10009.1,10012.0,10024.2999,10025.7999,10019.6,10019.7,61.44762832107528,60.22071780649772,66.92442857122455,23.33088974464093
2017-07-27 14:20:00,2017-07-27 14:30:00,cross_down,3,3 (+5 to +8 pts),6.399999999999636,-16.100000000000364,-8.600000000000364,2,10079.8999,10082.0,10076.2,10079.3999,10080.3999,10081.7999,10063.2999,10070.7999,51.13950369617645,51.01722816292547,76.11307686841963,24.590294018866214
2017-07-28 10:00:00,2017-07-28 15:25:00,session_end_forced,8,8 (+29 to +41 pts),39.95000000000073,-41.54999999999927,15.950000000000728,65,9977.3,9986.2,9975.9,9986.05,10023.1,10024.2,10001.2,10002.0,29.9775920973185,27.355051876034924,63.882929865007775,57.31070810845145
2017-07-31 15:05:00,2017-07-31 15:25:00,session_end_forced,4,4 (+8 to +11 pts),9.199899999999616,-10.0,2.0,4,10066.8999,10076.7,10066.7,10076.7,10084.8999,10085.8999,10076.7999,10078.7,64.6500517536748,63.50943259912285,58.14856151386295,21.15316085262265
2017-08-01 12:30:00,2017-08-01 12:55:00,cross_down,2,2 (+3 to +5 pts),3.400100000000748,-3.7998999999999796,-2.5,5,10087.3999,10091.0,10087.0,10090.7999,10089.7,10090.2,10087.3999,10088.2999,60.011951578635625,59.11901532123463,66.70385490867073,25.178276583407587
2017-08-01 13:55:00,2017-08-01 14:15:00,cross_down,3,3 (+5 to +8 pts),7.5,-3.0,-0.20010000000002037,4,10096.5,10098.0,10091.2999,10093.0,10097.2,10099.0,10090.0,10092.7999,58.180369664717574,57.48197331978896,66.5413056711054,27.13287921745563
2017-08-01 15:10:00,2017-08-01 15:25:00,session_end_forced,4,4 (+8 to +11 pts),9.899999999999636,-8.200000000000728,2.699899999999616,3,10111.0,10120.1,10110.5,10118.7,10125.7999,10128.0,10117.7999,10121.3999,57.81919817842514,52.35770947544918,67.482996289657,33.38511366782635
2017-08-02 13:35:00,2017-08-02 14:15:00,cross_down,2,2 (+3 to +5 pts),4.699899999999616,-15.300100000000384,-8.5,8,10097.3999,10100.1,10096.7,10098.1,10092.6,10094.0,10088.7999,10089.6,46.84600695310869,44.81169812960278,63.58598044057348,28.544499510437724
2017-08-02 15:00:00,2017-08-02 15:25:00,session_end_forced,6,6 (+15 to +21 pts),17.0,-27.699899999999616,-23.699899999999616,5,10077.7,10085.2999,10075.0,10081.8999,10078.2999,10079.1,10054.2,10058.2,39.87856337758272,38.84351345529554,61.657580889278805,42.36316751982245
2017-08-07 14:25:00,2017-08-07 14:55:00,cross_down,4,4 (+8 to +11 pts),8.199899999999616,-4.700000000000728,-2.0,6,10071.2999,10076.3999,10069.5,10074.2,10075.7999,10076.5,10071.7999,10072.2,53.60451295215672,52.69394428241098,59.76223888255332,27.64039030320454
2017-08-08 09:25:00,2017-08-08 09:30:00,cross_down,3,3 (+5 to +8 pts),5.70010000000002,-13.0,-9.199899999999616,1,10075.3999,10080.6,10071.6,10074.8999,10075.1,10076.6,10061.8999,10065.7,47.335740949619954,45.779270889202806,54.588548898349785,36.46240852799755
2017-08-08 09:35:00,2017-08-08 09:40:00,cross_down,1,1 (+0 to +3 pts),1.8999999999996362,-14.29989999999998,-12.5,1,10066.0,10074.2999,10064.2999,10072.3999,10072.0,10073.2999,10058.1,10059.8999,49.07444458371954,48.24501303786349,54.588548898349785,28.530828214806757
2017-08-17 09:20:00,2017-08-17 09:50:00,cross_down,7,7 (+21 to +28 pts),23.850000000000364,-12.5,17.25,6,9906.1,9915.1,9901.5,9914.0,9934.9,9937.3,9929.55,9931.25,83.20618352967601,82.79288971071449,67.19212105638371,64.73407151245875
2017-08-17 12:45:00,2017-08-17 13:25:00,cross_down,4,4 (+8 to +11 pts),10.5,-11.25,-7.0,8,9923.4,9930.0,9917.25,9928.5,9934.7,9936.3,9920.95,9921.5,61.84570421000022,61.38960690769254,69.66191084538396,36.393407013256756
2017-08-18 10:15:00,2017-08-18 13:25:00,cross_down,2,2 (+3 to +5 pts),4.450000000000728,-61.79999999999927,-56.75,38,9844.2,9849.65,9840.5,9845.8,9792.75,9797.6,9784.0,9789.05,36.36591991395049,34.949577197106606,59.6073788244256,49.18655903286883
2017-08-24 12:50:00,2017-08-24 13:10:00,cross_down,2,2 (+3 to +5 pts),3.850000000000364,-11.799999999999272,-10.899999999999636,4,9870.65,9879.6,9869.25,9875.75,9873.1,9873.5,9863.95,9864.85,65.73105052657618,63.23790605332082,62.65473982661911,32.73657521148267
2017-08-24 14:55:00,2017-08-24 15:05:00,cross_down,3,3 (+5 to +8 pts),7.75,-8.950000000000728,-7.399999999999636,2,9868.95,9878.0,9868.4,9870.25,9870.25,9870.75,9861.3,9862.85,58.20968507784499,56.490535445387586,64.82411770898737,23.14450100018162
2017-08-28 09:20:00,2017-08-28 10:40:00,cross_down,7,7 (+21 to +28 pts),24.849999999998545,-9.5,19.0,16,9889.5,9894.9,9887.75,9891.45,9911.65,9913.8,9910.15,9910.45,58.74655261736791,56.1034426410379,66.02394653330106,27.228818336724956
2017-08-28 15:00:00,2017-08-28 15:25:00,session_end_forced,1,1 (+0 to +3 pts),2.0499999999992724,-14.75,-4.5,5,9900.6,9915.5,9900.5,9915.25,9916.0,9917.3,9910.65,9910.75,52.40466630494379,51.19262248497294,71.38803173325236,24.27935628773085
2017-08-29 10:45:00,2017-08-29 13:25:00,cross_down,4,4 (+8 to +11 pts),7.850000000000364,-36.45000000000073,-34.600000000000364,32,9838.0,9840.25,9837.4,9839.1,9810.35,9811.55,9802.65,9804.5,31.284868897409964,28.47371364922831,62.545711193486255,66.9711780340909
2017-08-31 10:20:00,2017-08-31 10:30:00,cross_down,1,1 (+0 to +3 pts),1.1000000000003638,-7.049999999999272,-5.699999999998909,2,9873.1,9876.4,9872.95,9875.3,9874.2,9874.4,9868.25,9869.6,44.34845192051015,44.12558139168972,54.71444424893516,11.397099099951351
2017-08-31 10:50:00,2017-08-31 11:10:00,cross_down,1,1 (+0 to +3 pts),1.4500000000007276,-8.349999999998545,-3.75,4,9870.35,9871.9,9868.85,9870.8,9867.6,9869.25,9862.45,9867.05,42.116600738823564,41.55080715211949,54.71444424893516,16.96527751721902
2017-08-31 12:05:00,2017-08-31 13:20:00,cross_down,8,8 (+29 to +41 pts),28.649999999999636,-11.549999999999272,7.0,15,9861.45,9872.85,9860.85,9872.4,9875.8,9880.95,9875.6,9879.4,43.83687902301466,37.857073925153784,53.42043629915878,39.23051422702842
2017-08-31 14:05:00,2017-08-31 15:25:00,session_end_forced,8,8 (+29 to +41 pts),40.649999999999636,-2.0500000000010914,31.399999999999636,16,9884.8,9886.85,9883.6,9884.45,9921.0,9924.25,9913.95,9915.85,53.19828050923097,52.23643258569595,53.366689908453935,19.527356412499184
2017-09-04 12:30:00,2017-09-04 15:25:00,session_end_forced,8,8 (+29 to +41 pts),33.80000000000109,-14.75,14.050000000001091,35,9875.4,9891.5,9875.15,9889.9,9916.15,9916.65,9900.45,9903.95,25.643273012713514,23.05181945243394,58.34183033118646,64.84920334642744
2017-09-05 13:10:00,2017-09-05 15:10:00,cross_down,8,8 (+29 to +41 pts),38.600000000000364,-4.0,30.5,24,9923.8,9926.4,9923.5,9924.5,9957.05,9958.3,9954.45,9955.0,48.453593012155174,47.293305997271574,50.93883118784029,23.46494346583634
2017-09-06 10:45:00,2017-09-06 14:00:00,cross_down,8,8 (+29 to +41 pts),33.399999999999636,-6.149999999999636,24.649999999999636,39,9894.45,9898.55,9892.0,9898.15,9924.35,9925.15,9921.8,9922.8,37.89933459227045,34.67839089451272,51.31033356196674,51.9336987965156
2017-09-07 12:55:00,2017-09-07 13:10:00,cross_down,1,1 (+0 to +3 pts),1.6000000000003638,-5.700000000000728,-5.050000000001091,3,9929.55,9931.95,9928.3,9930.35,9926.6,9927.25,9924.65,9925.3,47.38702394826792,46.3848745641129,51.109849534971616,26.949892210196897
2017-09-07 13:35:00,2017-09-07 14:30:00,cross_down,6,6 (+15 to +21 pts),17.0,-4.0,0.25,11,9926.7,9930.05,9925.9,9929.9,9934.5,9934.6,9926.9,9930.15,48.77694887050114,45.96058123059726,50.86936255931032,17.62759252999805
2017-09-07 14:55:00,2017-09-07 15:00:00,cross_down,1,1 (+0 to +3 pts),2.5,-9.399999999999636,-6.799999999999272,1,9938.65,9945.9,9936.5,9943.4,9944.3,9944.75,9934.0,9936.6,55.26483586046235,52.88905412101517,51.920536281851035,22.894420005109865
2017-09-08 09:20:00,2017-09-08 10:15:00,cross_down,2,2 (+3 to +5 pts),4.850000000000364,-12.149999999999636,0.0,11,9953.25,9960.0,9952.05,9958.75,9956.55,9959.75,9955.7,9958.75,54.440610068085554,51.13780051707149,51.56340584007621,28.669042641099942
2017-09-08 13:55:00,2017-09-08 14:25:00,cross_down,2,2 (+3 to +5 pts),4.450000000000728,-20.850000000000364,-20.44999999999891,6,9928.2,9935.6,9927.25,9934.15,9925.3,9925.6,9913.3,9913.7,44.02108885664211,40.54294487810034,52.60517417546536,27.69102683497488
2017-09-08 14:30:00,2017-09-08 15:25:00,session_end_forced,7,7 (+21 to +28 pts),25.299999999999272,-8.700000000000728,2.149999999999636,11,9914.35,9922.95,9913.3,9922.0,9928.7,9929.95,9923.05,9924.15,42.16150074517265,40.04611426585318,51.79706718257085,25.34367953082934
2017-09-11 11:25:00,2017-09-11 12:20:00,cross_down,4,4 (+8 to +11 pts),10.29989999999998,-8.100000000000364,3.3999000000003434,11,9994.9,10003.1,9994.4,10002.5,10008.8999,10009.7999,10004.2999,10005.8999,64.97475179399123,63.596898001852836,57.35124061577549,29.320899984462628
2017-09-11 14:05:00,2017-09-11 14:25:00,cross_down,1,1 (+0 to +3 pts),3.199899999999616,-6.899999999999636,-2.399999999999636,4,10018.0,10024.7,10016.7,10023.6,10022.7,10023.2,10019.7,10021.2,71.839241055801,70.87154326224697,63.79141284477795,53.727917494374736
2017-09-12 10:20:00,2017-09-12 11:55:00,cross_down,6,6 (+15 to +21 pts),18.199899999999616,-6.300100000000384,11.79989999999998,19,10042.0,10046.5,10039.2999,10045.6,10061.7,10062.2999,10056.2,10057.3999,64.37941983072531,64.10892159561658,68.25551286905312,47.62495438720784
2017-09-12 14:55:00,2017-09-12 15:25:00,cross_down,4,4 (+8 to +11 pts),10.399999999999636,-1.6000000000003638,0.5,6,10086.7999,10089.6,10085.5,10087.1,10091.7,10092.0,10085.7999,10087.6,75.03791102122966,74.59296434339075,75.13535435301318,48.54243703574066
2017-09-13 13:05:00,2017-09-13 13:50:00,cross_down,4,4 (+8 to +11 pts),8.199899999999616,-3.300100000000384,-2.2000000000007276,9,10122.1,10125.5,10121.6,10123.2,10129.3999,10130.0,10119.8999,10121.0,67.75437205631565,67.28563570998838,79.88051689762526,24.686826055844165
2017-09-14 09:20:00,2017-09-14 10:50:00,cross_down,6,6 (+15 to +21 pts),15.399999999999636,-6.300100000000384,-0.20010000000002037,18,10109.6,10114.2999,10104.7999,10111.1,10111.2,10112.2,10107.7999,10110.8999,45.910303862229455,42.56385687880696,69.62930969283494,43.49023571687611
2017-09-14 12:25:00,2017-09-14 15:25:00,session_end_forced,7,7 (+21 to +28 pts),23.20010000000002,-10.600000000000364,6.100099999999657,36,10084.7999,10085.5,10080.0,10080.8999,10083.2999,10089.0,10082.2,10087.0,39.689685382981395,39.24282482780557,61.15493858428911,43.27055145899915
2017-09-15 10:15:00,2017-09-15 11:10:00,cross_down,1,1 (+0 to +3 pts),2.0,-20.0,-19.800100000000384,11,10057.2999,10067.1,10057.2,10065.1,10050.2,10052.7999,10045.1,10045.2999,39.999257116725424,38.19966924233683,51.515379101896706,41.48415819103408
2017-09-18 09:20:00,2017-09-18 10:20:00,cross_down,5,5 (+11 to +15 pts),11.600000000000364,-5.399999999999636,-0.8999999999996362,12,10153.2,10160.2999,10150.1,10155.5,10155.7999,10158.2999,10154.1,10154.6,64.89681584108267,61.6733139710185,50.93054166960316,35.37572524178154
2017-09-19 10:45:00,2017-09-19 12:25:00,cross_down,6,6 (+15 to +21 pts),16.300100000000384,-4.0,1.8999999999996362,20,10136.1,10140.5,10135.8999,10139.8999,10145.2999,10146.7,10141.0,10141.7999,36.19750623204111,35.27365471374169,66.13987500044365,27.541385207222
2017-09-19 12:50:00,2017-09-19 14:25:00,cross_down,5,5 (+11 to +15 pts),11.299999999999272,-11.900100000000748,0.09989999999925203,19,10143.1,10153.7999,10141.7999,10153.7,10154.8999,10156.5,10151.0,10153.7999,46.87237043728883,44.40198000882511,63.936026021533976,25.633431388344313
2017-09-20 09:20:00,2017-09-20 10:05:00,cross_down,4,4 (+8 to +11 pts),9.5,-7.800100000000384,-7.399999999999636,9,10158.7,10160.6,10151.5,10156.6,10154.3999,10155.7,10148.7999,10149.2,50.99622190014542,50.13580965686842,61.38838407607826,34.49100192459026
2017-09-20 11:30:00,2017-09-20 13:15:00,cross_down,2,2 (+3 to +5 pts),3.2001000000000204,-4.699899999999616,-3.199899999999616,21,10141.6,10145.7,10140.2,10144.8999,10142.8999,10143.7,10140.7,10141.7,43.908012440839,43.5711846350957,58.393864690019704,28.91765468415576
2017-09-20 13:40:00,2017-09-20 14:55:00,cross_down,4,4 (+8 to +11 pts),9.100000000000364,-7.800100000000384,-7.800100000000384,15,10143.5,10152.5,10143.1,10148.1,10142.3999,10145.0,10140.2999,10140.2999,45.07195198736848,41.58273908758161,55.68335261221095,28.035836827979264
2017-09-21 09:20:00,2017-09-21 09:40:00,cross_down,5,5 (+11 to +15 pts),11.899900000000343,-4.299999999999272,-1.0,4,10154.0,10154.7999,10146.2,10147.0,10147.2,10147.6,10142.7,10146.0,47.683992400430114,46.675069494751064,52.34629256720428,32.41428856763942
2017-09-29 13:35:00,2017-09-29 13:45:00,cross_down,1,1 (+0 to +3 pts),1.5500000000010914,-9.850000000000364,-8.899999999999636,2,9850.8,9853.9,9848.45,9852.4,9851.95,9852.0,9842.55,9843.5,73.69821463609931,71.82757625225281,52.35683066135574,57.10065320544828
2017-10-03 09:20:00,2017-10-03 10:20:00,cross_down,6,6 (+15 to +21 pts),18.69999999999891,-16.80000000000109,-13.5,12,9860.8,9866.55,9847.7,9847.85,9839.75,9842.2,9833.1,9834.35,44.20061714828967,43.96116017531375,51.89828842684738,58.392071492157704
2017-10-03 10:40:00,2017-10-03 11:45:00,cross_down,6,6 (+15 to +21 pts),19.450000000000728,-2.7999999999992724,10.550000000001091,13,9847.95,9853.1,9847.6,9850.4,9864.8,9867.2,9860.15,9860.95,56.80452830811416,55.792165043853174,53.78522228697056,22.831713620686255
2017-10-03 14:25:00,2017-10-03 15:25:00,cross_down,3,3 (+5 to +8 pts),7.75,-7.149999999999636,-6.100000000000364,12,9858.45,9865.1,9858.35,9860.9,9860.25,9861.5,9853.95,9854.8,51.837151368618876,50.53692896265113,58.92575615443232,31.07563841864138
2017-10-04 09:20:00,2017-10-04 10:55:00,cross_down,9,9 (+41 to +64 pts),50.599999999998545,-14.800000000001091,37.5,19,9857.4,9866.7,9850.65,9865.45,9902.45,9903.85,9900.55,9902.95,54.93256664161457,53.007507619455474,59.61628833339719,26.671104123951572
2017-10-05 10:00:00,2017-10-05 10:15:00,cross_down,1,1 (+0 to +3 pts),1.0500000000010914,-17.5,-14.299999999999272,3,9938.6,9945.95,9938.3,9944.9,9936.6,9939.55,9927.4,9930.6,61.830064949678146,60.20281518316696,68.97305710568094,20.39475592625424
2017-10-05 12:30:00,2017-10-05 14:55:00,cross_down,6,6 (+15 to +21 pts),18.25,-9.0,-4.200000000000728,29,9903.0,9905.45,9901.55,9904.35,9908.2,9909.9,9899.9,9900.15,43.74187286984528,41.15679328851069,63.96531312298181,43.580336733285314
2017-10-06 09:20:00,2017-10-06 11:30:00,cross_down,8,8 (+29 to +41 pts),30.25,-9.450000000000728,27.5,26,9935.5,9939.5,9932.55,9937.7,9963.6,9966.1,9963.35,9965.2,49.31460378436369,42.21903458015066,55.21481588347877,44.78069660141644
2017-10-06 15:05:00,2017-10-06 15:25:00,session_end_forced,5,5 (+11 to +15 pts),13.100000000000364,-5.649999999999636,10.299999999999272,4,9970.65,9978.2,9970.6,9976.25,9985.35,9989.35,9983.8,9986.55,59.798494087976394,56.86892685416572,64.36477526323064,21.239464333933974
2017-10-09 13:20:00,2017-10-09 14:50:00,cross_down,5,5 (+11 to +15 pts),13.499900000000707,-6.350000000000364,-6.0,18,9985.55,9991.25,9985.15,9989.4,9997.65,9997.7,9983.05,9983.4,51.4532938829418,49.104118011979715,68.24045733093742,23.36085517896227
2017-10-10 09:20:00,2017-10-10 10:05:00,cross_down,1,1 (+0 to +3 pts),0.5,-18.0,-14.399999999999636,9,10015.0,10022.7999,10014.6,10022.5,10018.7999,10019.2999,10007.2,10008.1,60.27489912301613,54.146927658545394,67.1000746276995,32.613468506614495
2017-10-10 10:55:00,2017-10-10 11:30:00,cross_down,5,5 (+11 to +15 pts),11.699899999999616,-3.600000000000364,-3.2000000000007276,7,10019.5,10022.7,10018.6,10022.2,10022.2,10024.2999,10018.6,10019.0,62.37012697092659,61.564978158778096,68.39543960084036,22.713356896891007
2017-10-10 13:20:00,2017-10-10 13:45:00,cross_down,2,2 (+3 to +5 pts),3.2000000000007276,-6.0,-5.600099999999657,5,10020.1,10022.1,10019.0,10021.0,10018.2,10018.2999,10015.0,10015.3999,58.93142984265516,58.141532975676384,69.97399945338658,26.900284401445237
2017-10-10 14:40:00,2017-10-10 14:45:00,cross_down,1,1 (+0 to +3 pts),1.8001000000003842,-6.100000000000364,-5.100000000000364,1,10021.2,10024.5,10018.7999,10022.8999,10022.7,10024.7,10016.7999,10017.7999,53.6359540829058,52.30156303081404,67.84071621998685,25.00690231077192
2017-10-10 14:50:00,2017-10-10 15:15:00,cross_down,2,2 (+3 to +5 pts),3.399999999999636,-12.300100000000384,-10.200000000000728,5,10017.2999,10026.6,10017.1,10023.2,10018.6,10019.3999,10010.8999,10013.0,55.955981594719795,54.2929151398152,67.84071621998685,24.25552888476612
2017-10-11 09:15:00,2017-10-11 10:30:00,cross_down,7,7 (+21 to +28 pts),26.600000000000364,-3.100000000000364,19.600000000000364,15,10046.7,10048.1,10039.2,10040.6,10060.1,10062.5,10059.1,10060.2,54.39745633329498,52.64944529988333,65.98652511466028,31.596053005937993
2017-10-11 14:35:00,2017-10-11 15:25:00,session_end_forced,3,3 (+5 to +8 pts),6.150000000001455,-25.549999999999272,-23.899999999999636,10,9976.05,9995.25,9975.75,9995.05,9979.3,9982.5,9969.5,9971.15,33.15456444108281,30.140492926616638,63.73738666070395,55.165137051873245
2017-10-12 13:55:00,2017-10-12 15:25:00,session_end_forced,10,10 (+64 to +504 pts),79.29989999999998,-3.0,73.19989999999962,18,10024.1,10026.5,10022.1,10025.1,10101.5,10101.7,10095.7999,10098.2999,51.54034580536967,51.16296630284878,53.03331265655533,20.671362737457635
2017-10-16 09:35:00,2017-10-16 09:50:00,cross_down,1,1 (+0 to +3 pts),2.100000000000364,-18.599899999999252,-18.0,3,10239.6,10241.7999,10234.3999,10240.7999,10236.5,10237.2999,10222.2,10222.7999,70.47551968279359,69.7149198387347,75.64712527315328,49.73581256725348
2017-10-16 13:40:00,2017-10-16 15:25:00,cross_down,8,8 (+29 to +41 pts),36.20010000000002,-4.100000000000364,29.100099999999657,21,10201.2,10203.5,10199.2999,10203.3999,10235.1,10236.2,10230.6,10232.5,50.96249408388857,49.35915874211332,71.17974451083903,20.194137910573257
2017-10-17 10:45:00,2017-10-17 11:35:00,cross_down,5,5 (+11 to +15 pts),11.699899999999616,-3.100000000000364,1.6998999999996158,10,10237.1,10246.0,10237.0,10240.1,10246.5,10247.0,10240.7999,10241.7999,59.487688349938146,59.33864515286805,68.80721509911936,24.041887418398428
2017-10-17 13:50:00,2017-10-17 15:10:00,cross_down,7,7 (+21 to +28 pts),24.5,-2.0,10.20010000000002,16,10225.5,10226.6,10222.3999,10224.3999,10234.2999,10235.8999,10225.8999,10234.6,47.37603975438669,46.86668267678602,66.21225512931868,39.54194556262456
2017-10-18 10:45:00,2017-10-18 11:50:00,cross_down,1,1 (+0 to +3 pts),1.3001000000003842,-24.099899999999252,-22.899999999999636,13,10192.6,10200.1,10190.6,10199.7999,10178.8999,10182.1,10175.7,10176.8999,39.079173976682604,38.17744417129509,60.2502478675885,44.497044782803265
2017-10-18 12:00:00,2017-10-18 14:25:00,cross_down,9,9 (+41 to +64 pts),52.39990000000034,-3.6000999999996566,35.79989999999998,29,10184.1,10185.8999,10180.7999,10184.0,10213.2999,10220.0,10209.3999,10219.7999,36.23975743182739,33.842693715703874,56.83058349623255,35.008610406733695
2017-10-24 14:20:00,2017-10-24 15:15:00,cross_down,5,5 (+11 to +15 pts),12.100000000000364,-3.699899999999616,1.900100000000748,11,10211.7,10212.7,10205.6,10206.7999,10210.7,10211.3999,10205.0,10208.7,47.57137135413105,46.86190390122209,53.38959212795797,29.124055142066297
2017-10-25 09:15:00,2017-10-25 09:50:00,cross_down,9,9 (+41 to +64 pts),57.399999999999636,-34.20010000000002,-33.899999999999636,7,10318.3999,10340.5,10275.0,10283.1,10255.7999,10263.3999,10248.8999,10249.2,59.15222936173736,51.35000802496995,53.63248487939539,23.107168047630203
2017-10-25 14:05:00,2017-10-25 14:15:00,cross_down,2,2 (+3 to +5 pts),4.699899999999616,-10.800100000000384,-4.900100000000748,2,10304.3999,10311.2,10303.0,10308.7,10307.6,10307.7999,10297.8999,10303.7999,72.29707900987732,70.94507202633548,65.79091096730438,64.20797547871544
2017-10-25 14:20:00,2017-10-25 14:25:00,cross_down,2,2 (+3 to +5 pts),3.2001000000000204,-9.79989999999998,-8.29989999999998,1,10304.0,10312.0,10303.6,10308.7999,10309.0,10309.2,10299.0,10300.5,72.76533354496271,72.56526331824637,68.91848934515258,60.949705787273686
2017-10-26 11:00:00,2017-10-26 13:15:00,cross_down,8,8 (+29 to +41 pts),36.29989999999998,-3.5,26.399900000000343,27,10285.7999,10289.0,10284.5,10288.0,10317.7999,10318.1,10311.6,10314.3999,52.21962314536204,51.02619029179455,69.21330131683675,24.62831819747742
2017-10-26 13:55:00,2017-10-26 14:00:00,cross_down,1,1 (+0 to +3 pts),1.2998999999999796,-8.0,-4.399999999999636,1,10329.2,10338.3999,10329.1,10337.1,10337.0,10337.3999,10330.1,10332.7,67.90660781888374,66.93992438984137,70.74526159137588,39.20991448980991
2017-10-27 09:15:00,2017-10-27 09:20:00,cross_down,3,3 (+5 to +8 pts),7.399999999999636,-21.900100000000748,-13.400100000000748,1,10362.3999,10366.1,10350.5,10358.7,10359.0,10360.7,10336.7999,10345.2999,61.035619640502716,60.87252434793613,74.01422047581354,28.648462546380827
2017-10-27 12:30:00,2017-10-27 13:05:00,cross_down,3,3 (+5 to +8 pts),7.299999999999272,-11.5,-6.5,7,10344.7,10353.5,10343.3999,10353.2,10347.1,10348.8999,10344.3999,10346.7,54.99462333925644,54.79038737760302,72.75605415724868,19.327942441014567
2017-10-27 13:55:00,2017-10-27 14:00:00,cross_down,2,2 (+3 to +5 pts),4.0,-5.5,-2.0,1,10352.7999,10355.6,10347.8999,10351.6,10351.7,10352.6,10346.1,10349.6,54.82922256844633,53.97741416924641,72.44762094427989,18.324685070147158
2017-10-27 14:05:00,2017-10-27 14:20:00,cross_down,3,3 (+5 to +8 pts),5.899999999999636,-6.200000000000728,-4.0,3,10349.2,10352.6,10347.2999,10352.2,10353.0,10353.2,10346.0,10348.2,55.94365527158226,55.27693559648587,72.44762094427989,16.84503669859145
2017-10-27 14:35:00,2017-10-27 14:40:00,cross_down,1,1 (+0 to +3 pts),2.5,-4.899900000000343,-4.399900000000343,1,10352.8999,10356.8999,10352.2,10355.3999,10355.8999,10357.8999,10350.5,10351.0,56.239465192083735,55.757080499425456,72.98760716426787,17.658677649579815
2017-10-30 09:20:00,2017-10-30 10:40:00,cross_down,7,7 (+21 to +28 pts),24.0,-5.300100000000384,7.199899999999616,16,10357.2,10365.5,10354.3999,10359.7,10370.3999,10370.8999,10362.6,10366.8999,45.7472316071644,43.91861310933857,64.2798054667554,45.53919310027302
2017-10-30 14:25:00,2017-10-30 14:45:00,cross_down,3,3 (+5 to +8 pts),6.20010000000002,-7.79989999999998,-5.0,4,10375.3999,10380.2999,10375.2,10378.2999,10374.2,10374.8999,10370.5,10373.2999,57.94268981791756,56.482681290682756,67.0420031115579,13.520750379814938
2017-10-31 11:05:00,2017-10-31 13:50:00,cross_down,7,7 (+21 to +28 pts),24.200000000000728,-8.600099999999657,10.5,33,10332.1,10339.3999,10329.3999,10338.0,10345.7999,10348.6,10344.3999,10348.5,32.21959020312772,28.700055773852355,61.85655441438657,48.60517567000209
2017-10-31 14:45:00,2017-10-31 15:05:00,cross_down,2,2 (+3 to +5 pts),4.899900000000343,-17.70010000000002,-15.5,4,10345.2999,10349.0,10343.3999,10347.5,10340.2,10340.2999,10329.7999,10332.0,46.72189890839935,45.95859130555307,53.5906716654335,26.117444440018083
2017-11-02 12:50:00,2017-11-02 14:35:00,cross_down,5,5 (+11 to +15 pts),12.100000000000364,-9.600099999999657,-8.600099999999657,21,10432.1,10433.1,10429.6,10432.0,10425.0,10428.6,10422.3999,10423.3999,45.3228859091408,42.4958402107383,69.87682007265472,42.54944028086588
2017-11-02 14:50:00,2017-11-02 15:05:00,cross_down,1,1 (+0 to +3 pts),2.899999999999636,-11.699899999999616,-11.100000000000364,3,10429.7,10436.7999,10429.3999,10433.8999,10427.5,10427.8999,10422.2,10422.7999,48.890562550372316,47.55700559370759,67.55324605572088,22.76106013036276
2017-11-03 09:15:00,2017-11-03 09:50:00,cross_down,5,5 (+11 to +15 pts),14.199899999999616,-44.600000000000364,-27.800100000000384,7,10462.3999,10462.3999,10441.7,10448.2,10421.2,10423.0,10416.7999,10420.3999,49.14284009593871,44.562172723534935,61.684736547762455,26.91751709002849
2017-11-03 10:10:00,2017-11-03 11:40:00,cross_down,6,6 (+15 to +21 pts),18.29989999999998,-6.399999999999636,9.699899999999616,18,10424.3999,10429.3999,10420.7,10427.1,10440.1,10440.7999,10434.7999,10436.7999,46.70856680576556,46.45747015371468,61.684736547762455,27.474479872748987
2017-11-03 12:20:00,2017-11-03 12:50:00,cross_down,2,2 (+3 to +5 pts),3.300100000000384,-4.099899999999252,-1.1998999999996158,6,10440.0,10443.5,10439.8999,10443.2999,10442.5,10443.2999,10439.2,10442.1,54.56162548930153,54.45804190652419,61.31761083220479,16.08838088674797
2017-11-03 13:05:00,2017-11-03 14:25:00,cross_down,6,6 (+15 to +21 pts),17.0,-3.2001000000000204,-0.20010000000002037,16,10443.1,10444.2,10440.7999,10444.0,10455.1,10455.5,10441.7999,10443.7999,56.47532422233037,56.0766281831106,61.31761083220479,13.972380986499669
2017-11-06 10:20:00,2017-11-06 14:10:00,cross_down,9,9 (+41 to +64 pts),51.29989999999998,-8.300100000000384,36.79989999999998,46,10431.3999,10439.7,10430.7999,10439.1,10483.6,10484.2,10475.6,10475.8999,44.59547312132701,44.1665567891737,60.42289034531112,21.976416644271993
2017-11-07 11:10:00,2017-11-07 11:20:00,cross_down,2,2 (+3 to +5 pts),3.900100000000748,-15.79989999999998,-15.599899999999252,2,10427.5,10428.2,10421.5,10424.2999,10416.7999,10417.2,10408.5,10408.7,40.57277478955177,40.19512407675101,54.02037962927889,35.79665937356592
2017-11-07 11:30:00,2017-11-07 13:05:00,cross_down,7,7 (+21 to +28 pts),21.800100000000384,-23.29989999999998,-20.29989999999998,19,10409.7,10425.5,10408.5,10423.2999,10406.5,10412.3999,10400.0,10403.0,39.47444347011558,37.8487943499761,50.74633057358726,34.196693465723556
2017-11-20 09:35:00,2017-11-20 12:50:00,cross_down,5,5 (+11 to +15 pts),14.799999999999272,-25.800100000000384,-16.5,39,10304.6,10305.0,10290.1,10290.2,10277.3999,10278.3999,10272.0,10273.7,42.82941465566434,40.84694968094824,67.75828951882008,43.519361083475495
2017-11-20 13:10:00,2017-11-20 15:20:00,cross_down,8,8 (+29 to +41 pts),29.599899999999252,-5.900100000000748,12.399999999999636,26,10274.7,10280.3999,10274.2999,10280.2,10292.6,10293.7,10289.6,10292.6,45.595682195829056,43.753019483660104,63.25291113648042,15.259870664134803
2017-11-21 09:15:00,2017-11-21 10:15:00,cross_down,3,3 (+5 to +8 pts),7.0,-11.5,0.599899999999252,12,10329.1,10336.1,10324.0,10335.2,10334.5,10342.2,10333.6,10335.7999,62.3687591135773,61.80090145438843,63.209928025747814,41.01634927464744
2017-11-21 10:40:00,2017-11-21 10:45:00,cross_down,3,3 (+5 to +8 pts),7.800100000000384,-3.2998999999999796,-1.7998999999999796,1,10347.2,10349.6,10345.7,10348.8999,10348.7,10356.7,10345.6,10347.1,75.35189756173,73.51979887307348,66.06398763267947,52.7271137707039
2017-11-22 09:15:00,2017-11-22 10:05:00,cross_down,3,3 (+5 to +8 pts),7.300100000000384,-33.5,-31.600000000000364,10,10351.7,10364.0,10346.5,10361.3999,10336.2999,10338.8999,10327.8999,10329.7999,44.116896594071825,43.84967218151802,66.32885437995763,35.00562137679434
2017-11-22 11:30:00,2017-11-22 13:20:00,cross_down,7,7 (+21 to +28 pts),22.900100000000748,-4.699899999999616,11.400100000000748,22,10327.2999,10333.7999,10326.6,10331.2999,10344.7,10345.7,10341.3999,10342.7,47.97295083316426,45.7195282731183,62.51876774078829,22.59247646324364
2017-11-22 13:40:00,2017-11-22 13:45:00,cross_down,1,1 (+0 to +3 pts),1.5,-7.5,-4.399999999999636,1,10349.2999,10357.7999,10348.7999,10356.2999,10356.2,10356.7999,10350.5,10351.8999,59.256098476332824,58.634676760815864,64.57678185942859,29.891154452184015
2017-11-23 09:35:00,2017-11-23 10:25:00,cross_down,5,5 (+11 to +15 pts),13.600000000000364,-7.199899999999616,-1.6998999999996158,10,10348.7,10353.7,10346.1,10353.2999,10353.1,10353.7,10351.1,10351.6,54.449589852825575,51.75367328537369,64.51090919172107,39.022075363600194
2017-11-23 11:35:00,2017-11-23 12:10:00,cross_down,4,4 (+8 to +11 pts),9.29989999999998,-3.7999999999992724,-2.5,7,10363.7999,10366.5,10361.2,10365.0,10365.8999,10366.6,10362.1,10362.5,60.48132885480189,59.298461420144406,67.18117137717275,18.710022462207863
2017-11-23 13:55:00,2017-11-23 15:25:00,session_end_forced,8,8 (+29 to +41 pts),29.800100000000384,-6.0,23.600099999999657,18,10334.3999,10334.3999,10327.8999,10327.8999,10355.8999,10356.0,10349.6,10351.5,40.22498394665827,38.97015139072973,61.03740204987704,41.33708333451653
2017-11-24 13:35:00,2017-11-24 13:50:00,cross_down,2,2 (+3 to +5 pts),3.399999999999636,-5.300100000000384,-3.399999999999636,3,10404.1,10404.3999,10399.7,10401.1,10402.5,10404.2,10395.7999,10397.7,66.03016975525813,65.72366854597513,64.30221352641107,34.79939662160845
2017-11-27 10:15:00,2017-11-27 15:25:00,session_end_forced,8,8 (+29 to +41 pts),40.70010000000002,-26.199899999999616,38.20010000000002,62,10362.6,10366.5,10358.3999,10366.3999,10400.7,10405.7999,10400.2999,10404.6,40.310005573177875,38.479838222328816,61.75704344191246,39.07001709563173
2017-11-28 13:00:00,2017-11-28 13:50:00,cross_down,5,5 (+11 to +15 pts),13.20010000000002,-3.899999999999636,-1.599899999999252,10,10392.3999,10397.7,10392.3999,10396.2999,10403.2,10403.6,10394.2,10394.7,58.36888391396805,55.63161188880469,56.90644965607677,25.01856951676609
2017-11-28 15:10:00,2017-11-28 15:25:00,cross_down,1,1 (+0 to +3 pts),2.899999999999636,-12.5,-8.79989999999998,3,10373.8999,10374.2999,10369.1,10371.3999,10369.2,10370.2,10358.8999,10362.6,42.130584350277445,40.893089618413526,55.01438501702266,42.086128279153655
2017-11-29 09:15:00,2017-11-29 12:05:00,cross_down,4,4 (+8 to +11 pts),9.399999999999636,-18.5,-4.600000000000364,34,10376.6,10390.8999,10370.1,10382.6,10382.2,10383.0,10375.8999,10378.0,45.157890155078306,38.62285168605138,50.28068063720221,38.31463133951145
2017-11-29 13:05:00,2017-11-29 13:25:00,cross_down,3,3 (+5 to +8 pts),6.400100000000748,-6.5,-4.399999999999636,4,10382.7,10385.3999,10381.7,10384.7999,10383.5,10383.8999,10378.2999,10380.3999,55.00662953305209,52.87823080241268,50.293211251613435,19.686655626504944
2017-11-29 13:35:00,2017-11-29 13:40:00,cross_down,3,3 (+5 to +8 pts),6.79989999999998,-6.100000000000364,-3.0,1,10381.5,10392.8999,10380.0,10386.1,10387.6,10388.2,10382.2,10383.1,54.36736034577788,54.31514717766715,51.90672945446431,21.40692090027049
2017-11-29 15:05:00,2017-11-29 15:20:00,cross_down,2,2 (+3 to +5 pts),4.299999999999272,-24.0,-23.200000000000728,3,10367.8999,10375.5,10367.7,10371.2,10363.6,10364.1,10347.2,10348.0,41.07587500873154,40.4992904934806,50.34047011230357,34.30399501175463
2017-12-11 09:25:00,2017-12-11 09:30:00,cross_down,1,1 (+0 to +3 pts),1.5,-21.299999999999272,-2.399999999999636,1,10298.7,10320.3999,10298.2,10319.5,10320.0,10321.0,10313.1,10317.1,70.77958382788009,70.715780453336,75.54960637350439,38.83927046575627
2017-12-11 13:35:00,2017-12-11 15:25:00,session_end_forced,8,8 (+29 to +41 pts),28.600000000000364,-7.20010000000002,26.200000000000728,22,10295.7,10304.7,10295.5,10300.5,10323.2999,10328.6,10322.8999,10326.7,53.01585576376577,52.016781845973526,76.28016009646447,22.393890173778324
2017-12-12 11:30:00,2017-12-12 12:50:00,cross_down,3,3 (+5 to +8 pts),5.899999999999636,-15.899999999999636,-14.100000000000364,16,10274.0,10276.1,10271.8999,10275.6,10264.2,10264.7,10259.7,10261.5,39.149115527472915,38.13848959447676,67.15701200725772,31.578206285052282
2017-12-12 13:00:00,2017-12-12 14:40:00,cross_down,4,4 (+8 to +11 pts),10.0,-31.199899999999616,-24.199899999999616,20,10264.5,10265.3999,10260.2,10261.2999,10237.0,10245.0,10233.7999,10237.1,36.45434140989266,36.29547791770179,63.62474215606781,35.9889190035643
2017-12-12 14:55:00,2017-12-12 15:25:00,session_end_forced,2,2 (+3 to +5 pts),3.7000000000007276,-8.100099999999657,-3.1000999999996566,6,10244.2,10247.3999,10242.2,10244.5,10241.5,10247.5,10236.3999,10241.3999,33.453376297792644,32.97711006529841,57.189070181917316,41.97145045144013
2017-12-18 09:50:00,2017-12-18 11:30:00,cross_down,10,10 (+64 to +504 pts),95.89999999999964,-50.0,76.59989999999925,20,10292.7,10333.2999,10283.2,10333.2,10411.6,10412.8999,10402.2999,10409.7999,47.521492022685536,44.6398159781722,65.14595433767292,28.936680290523345
2017-12-18 12:10:00,2017-12-18 12:30:00,cross_down,2,2 (+3 to +5 pts),3.399999999999636,-10.0,-2.5,4,10422.6,10430.8999,10422.3999,10430.3999,10428.8999,10432.7999,10426.0,10427.8999,65.4732434275526,63.43590363880598,69.76190487741574,26.5700069247782
2017-12-18 12:40:00,2017-12-18 13:00:00,cross_down,2,2 (+3 to +5 pts),5.100099999999657,-16.699899999999616,-15.199899999999616,4,10431.7,10440.2,10431.5,10438.3999,10434.8999,10434.8999,10421.7,10423.2,67.22637781202953,65.9699656734353,72.29245169174033,32.751238248927876
2017-12-19 09:20:00,2017-12-19 10:30:00,cross_down,4,4 (+8 to +11 pts),8.5,-17.0,-5.899999999999636,14,10426.7999,10431.5,10418.0,10423.0,10416.8999,10418.2,10414.5,10417.1,48.92197633034812,47.93891647845228,68.3715917252396,40.584626545499646
2017-12-19 10:35:00,2017-12-19 11:15:00,cross_down,4,4 (+8 to +11 pts),8.899999999999636,-4.699899999999616,2.399999999999636,8,10416.8999,10421.2,10416.5,10419.3999,10421.6,10426.2999,10419.7,10421.7999,54.89643643843765,54.575168173511464,68.55874576029699,17.61592202291964
2017-12-19 13:45:00,2017-12-19 15:25:00,session_end_forced,8,8 (+29 to +41 pts),38.40010000000075,-11.699899999999616,36.600000000000364,20,10424.1,10438.8999,10422.1,10433.7999,10466.7,10472.2,10462.3999,10470.3999,55.55901022720684,55.26158539401936,68.38811138661418,28.5256734225934
2017-12-21 10:15:00,2017-12-21 11:55:00,cross_down,2,2 (+3 to +5 pts),3.600000000000364,-17.5,-14.600000000000364,20,10453.2,10454.7999,10451.6,10454.1,10441.7,10441.8999,10436.6,10439.5,44.3713972972341,43.76564270728187,62.45116672540991,16.662521305536114
2017-12-21 12:05:00,2017-12-21 12:30:00,cross_down,1,1 (+0 to +3 pts),3.100000000000364,-9.600099999999657,-9.299999999999272,5,10441.5,10446.6,10440.5,10444.5,10440.2999,10441.2,10434.8999,10435.2,41.85629206779028,40.70824605886197,60.68312382804077,30.959547013406947
2017-12-21 12:45:00,2017-12-21 15:20:00,cross_down,4,4 (+8 to +11 pts),10.600099999999657,-16.100000000000364,-15.399900000000343,31,10438.7999,10450.8999,10438.2999,10448.8999,10438.8999,10441.5,10432.7999,10433.5,44.56862111238573,39.46600880340816,58.69707472529812,34.44866704848462
2017-12-22 09:15:00,2017-12-22 11:20:00,cross_down,8,8 (+29 to +41 pts),32.09989999999925,-12.0,17.799999999999272,25,10456.7999,10463.7,10448.2,10460.2,10479.7999,10480.3999,10477.7,10478.0,45.28101553779409,42.59281829278541,51.39738207742489,24.776594999552337
2017-12-22 15:05:00,2017-12-22 15:25:00,session_end_forced,5,5 (+11 to +15 pts),12.0,-5.5,-3.5,4,10488.7999,10490.7999,10483.6,10489.1,10495.6,10495.6,10484.7,10485.6,55.72400503355627,53.27179658554509,61.77501631207519,24.164535586518994
2017-12-26 11:35:00,2017-12-26 12:05:00,cross_down,2,2 (+3 to +5 pts),5.0,-5.5,-4.100000000000364,6,10492.2999,10494.2999,10490.0,10493.8999,10489.8999,10492.7,10488.3999,10489.7999,55.28677542218161,52.8095355713168,62.03424911443183,18.072559759013764
2017-12-26 12:55:00,2017-12-26 13:00:00,cross_down,2,2 (+3 to +5 pts),4.0,-7.300100000000384,-7.20010000000002,1,10492.1,10494.6,10490.5,10490.6,10491.2999,10492.2999,10483.2999,10483.3999,51.634855062352955,51.355103003838465,61.518545755720865,21.327726806619108
2017-12-26 13:50:00,2017-12-26 15:25:00,session_end_forced,9,9 (+41 to +64 pts),54.5,-8.29989999999998,34.899999999999636,19,10488.5,10492.8999,10486.7999,10490.8999,10543.7,10545.3999,10521.0,10525.7999,50.37228114916084,46.7287594733928,60.30356543008872,25.572463143068486
2017-12-27 14:00:00,2017-12-27 14:05:00,cross_down,1,1 (+0 to +3 pts),2.3999000000003434,-5.0,-4.5,1,10545.7,10552.3999,10545.0,10550.0,10550.7,10551.8999,10545.3999,10545.5,66.12893977642976,65.18400537577851,72.95399260642033,43.08173294706779
2017-12-28 09:20:00,2017-12-28 12:20:00,cross_down,3,3 (+5 to +8 pts),5.899900000000343,-23.799999999999272,-17.0,36,10514.7,10515.8999,10508.6,10510.0,10493.8999,10495.2999,10491.5,10493.0,41.02481615109714,38.28072507163787,60.02157463892235,39.83421599421601
2017-12-28 12:45:00,2017-12-28 15:00:00,cross_down,8,8 (+29 to +41 pts),39.399999999999636,-6.300100000000384,0.2998999999999796,27,10493.5,10496.2999,10493.3999,10495.1,10520.7999,10521.7999,10494.6,10495.3999,43.7815457887202,42.415449432149885,52.333510994208275,14.990051852960056
2017-12-29 14:00:00,2017-12-29 14:50:00,cross_down,5,5 (+11 to +15 pts),13.70010000000002,-5.5,3.300100000000384,10,10514.7,10519.7999,10513.2999,10518.7999,10519.3999,10524.6,10515.2,10522.1,52.222732575164656,52.21242483752883,52.32999939254371,18.8837326894703
2017-12-29 15:00:00,2017-12-29 15:25:00,cross_down,4,4 (+8 to +11 pts),9.0,-6.300100000000384,-1.8001000000003842,5,10523.5,10532.1,10523.3999,10529.7,10534.0,10535.2999,10526.2999,10527.8999,59.26308447977286,59.129977187794346,53.65690265623637,22.58899474349306
2018-01-01 10:10:00,2018-01-01 10:50:00,cross_down,3,3 (+5 to +8 pts),5.599899999999252,-4.900100000000748,0.2999999999992724,8,10531.6,10533.1,10529.0,10532.2,10535.0,10535.6,10531.3999,10532.5,57.504909462431925,57.0679650039032,56.30384360029111,18.085199784762082
2018-01-01 14:00:00,2018-01-01 14:55:00,cross_down,5,5 (+11 to +15 pts),14.700000000000728,-53.399999999999636,-51.79999999999927,11,10514.8999,10518.3999,10511.6,10517.0,10491.0,10491.2999,10463.6,10465.2,41.60779034001255,38.234685591019726,54.84252319327475,36.942245622616454
2018-01-05 09:15:00,2018-01-05 10:15:00,cross_down,7,7 (+21 to +28 pts),26.099899999999252,-14.400100000000748,17.699899999999616,12,10540.1,10540.1,10522.2999,10536.7,10553.8999,10555.8999,10551.7,10554.3999,68.75738290593065,67.30056691180724,59.19059943305784,31.8455378584339
2018-01-05 13:50:00,2018-01-05 14:00:00,cross_down,1,1 (+0 to +3 pts),2.800100000000384,-4.0,-3.699899999999616,2,10543.8999,10549.2,10543.1,10546.3999,10547.1,10549.2,10542.3999,10542.7,61.69875299142811,60.97492430080665,67.49057549092663,20.576157860738423
2018-01-05 14:10:00,2018-01-05 14:25:00,cross_down,2,2 (+3 to +5 pts),4.100000000000364,-6.399999999999636,-5.899999999999636,3,10546.6,10551.2999,10546.3999,10550.1,10550.3999,10552.8999,10543.7,10544.2,64.58836752411145,62.95892691261351,67.49057549092663,18.370807792110188
2018-01-05 15:05:00,2018-01-05 15:25:00,session_end_forced,3,3 (+5 to +8 pts),6.20010000000002,-6.29989999999998,1.3001000000003842,4,10553.7999,10560.5,10553.6,10559.8999,10563.0,10566.1,10558.6,10561.2,67.88366434469818,64.61575618956002,68.69893030066123,22.543131244977033
2018-01-08 14:55:00,2018-01-08 15:20:00,cross_down,4,4 (+8 to +11 pts),10.100000000000364,-6.899999999999636,-4.100000000000364,5,10617.0,10621.2,10614.2,10621.1,10620.7,10622.7,10615.2999,10617.0,58.959892478433694,56.36667290671295,78.62315577012467,22.72955331043663
2018-01-09 13:50:00,2018-01-09 15:25:00,cross_down,7,7 (+21 to +28 pts),27.0,-4.099899999999252,8.20010000000002,19,10618.7999,10621.7,10615.7,10619.7999,10633.8999,10634.3999,10626.1,10628.0,46.26141952168717,45.2389519570063,74.49529872631005,22.926666974154607
2018-01-10 09:20:00,2018-01-10 09:25:00,cross_down,2,2 (+3 to +5 pts),4.100099999999657,-10.600000000000364,-1.1998999999996158,1,10637.2999,10640.0,10627.7999,10638.3999,10638.2999,10642.5,10635.1,10637.2,57.74597145514425,57.54963719778821,72.5258483163033,30.56593350069231
2018-01-10 12:15:00,2018-01-10 15:25:00,session_end_forced,8,8 (+29 to +41 pts),32.5,-4.599899999999252,18.600000000000364,38,10607.2,10611.5,10606.2999,10606.7999,10635.1,10636.6,10622.8999,10625.3999,37.70652914299481,37.519603503747035,64.32168243442423,50.63326767648026
2018-01-11 10:50:00,2018-01-11 13:00:00,cross_down,8,8 (+29 to +41 pts),35.29999999999927,-4.700000000000728,27.199899999999616,26,10630.1,10632.5,10628.7,10629.2,10655.2,10657.7999,10652.7,10656.3999,54.14949785090708,52.56263723254053,58.43279457895139,14.566453993134656
2018-01-12 09:20:00,2018-01-12 10:10:00,cross_down,3,3 (+5 to +8 pts),5.29989999999998,-7.399999999999636,-2.899999999999636,10,10684.2,10685.6,10675.1,10682.5,10679.3999,10680.8999,10676.7,10679.6,59.24485531269086,57.144615870351515,63.65137618257555,28.67478867588687
2018-01-12 13:30:00,2018-01-12 15:25:00,session_end_forced,9,9 (+41 to +64 pts),46.0,-12.100000000000364,23.800100000000384,23,10632.6,10645.7999,10632.2999,10644.3999,10675.2999,10678.2999,10666.7,10668.2,44.54678251001057,42.24246381136493,60.763079971303576,28.833411712002732
2018-01-15 14:40:00,2018-01-15 14:45:00,cross_down,1,1 (+0 to +3 pts),1.8001000000003842,-4.699899999999616,-4.599899999999252,1,10758.6,10759.3999,10755.7999,10757.7999,10758.0,10759.6,10753.1,10753.2,56.200908793645176,54.82587212855501,65.99807573490014,20.199053815035022
2018-01-16 09:35:00,2018-01-16 10:15:00,cross_down,3,3 (+5 to +8 pts),6.099899999999252,-13.800100000000384,-13.5,8,10748.6,10758.1,10747.2999,10756.2,10752.7999,10753.8999,10742.3999,10742.7,50.55249300467709,50.147772395815736,64.05008855978326,24.82876929517725
2018-01-16 11:25:00,2018-01-16 12:55:00,cross_down,6,6 (+15 to +21 pts),19.300100000000384,-4.5,0.8001000000003842,18,10727.7,10730.7999,10724.2999,10728.7999,10729.1,10733.0,10727.0,10729.6,42.97348811292723,42.27009617896505,62.019671337119846,37.773072481753566
2018-01-16 13:50:00,2018-01-16 15:25:00,session_end_forced,1,1 (+0 to +3 pts),1.2999999999992724,-38.90010000000075,-15.5,19,10718.6,10728.0,10713.8999,10726.7,10709.2,10714.2,10708.2,10711.2,40.586444395575924,38.7131354220834,58.371587051766795,41.58385609779363
2018-01-17 11:40:00,2018-01-17 11:45:00,cross_down,1,1 (+0 to +3 pts),1.8999999999996362,-5.700000000000728,-1.7000000000007276,1,10735.1,10736.6,10731.7,10734.7,10734.5,10735.8999,10729.0,10733.0,55.468719745662256,55.0703929149624,52.77095271793608,11.798686699547563
2018-01-17 12:20:00,2018-01-17 13:00:00,cross_down,6,6 (+15 to +21 pts),15.899999999999636,-1.3999999999996362,4.79989999999998,8,10738.0,10742.7,10737.2,10737.6,10745.7999,10746.7,10741.2999,10742.3999,56.84557127021546,55.76617867359965,53.72022221153334,16.957927021831413
2018-01-17 13:25:00,2018-01-17 13:30:00,cross_down,1,1 (+0 to +3 pts),1.8001000000003842,-10.100000000000364,-4.699899999999616,1,10750.0,10758.6,10748.2999,10758.3999,10758.5,10760.2,10752.3999,10753.7,63.46874750963211,61.549326557448026,55.81678297875976,20.090584748114416
2018-01-17 13:35:00,2018-01-17 13:40:00,cross_down,1,1 (+0 to +3 pts),1.0,-6.70010000000002,-0.7999999999992724,1,10753.7,10756.0,10749.2999,10756.0,10755.2999,10757.0,10753.1,10755.2,63.71971680224139,63.6570347417355,55.81678297875976,23.20631267145297
2018-01-17 14:50:00,2018-01-17 15:25:00,session_end_forced,8,8 (+29 to +41 pts),30.20010000000002,-4.899999999999636,21.100000000000364,7,10775.0,10777.0,10771.3999,10772.7999,10797.7,10803.0,10792.1,10793.8999,64.88171992180762,63.04609051875128,57.56519949162681,26.271909802488032
2018-01-19 09:20:00,2018-01-19 11:50:00,cross_down,8,8 (+29 to +41 pts),33.70000000000073,-30.100099999999657,21.399900000000343,30,10813.1,10824.3999,10813.1,10824.0,10849.6,10850.1,10843.6,10845.3999,41.63243619449135,40.04185318422016,68.03607182187397,32.077905144484525
2018-01-19 13:20:00,2018-01-19 13:40:00,cross_down,3,3 (+5 to +8 pts),6.399999999999636,-17.0,-8.0,4,10832.6,10835.5,10828.7999,10834.8999,10824.6,10830.2,10817.8999,10826.8999,46.41138391334919,44.4972900201854,61.85652615881484,27.289939080596344
2018-01-19 13:45:00,2018-01-19 15:25:00,session_end_forced,10,10 (+64 to +504 pts),76.69989999999962,-8.5,70.0,20,10826.8999,10830.6,10821.6,10830.1,10904.0,10906.7999,10898.1,10900.1,46.45883090919584,45.32939614910202,61.85652615881484,25.190703956771713
2018-01-22 12:40:00,2018-01-22 12:45:00,cross_down,3,3 (+5 to +8 pts),6.100000000000364,-5.20010000000002,-0.5,1,10919.2,10926.7,10917.8999,10920.6,10920.1,10921.7999,10915.3999,10920.1,64.71432448195972,64.54871935078484,69.94114057067615,22.191306574836545
2018-01-22 13:55:00,2018-01-22 14:05:00,cross_down,2,2 (+3 to +5 pts),3.699899999999616,-17.300100000000384,-11.900100000000748,2,10930.6,10941.6,10929.6,10941.2,10936.6,10938.0,10923.8999,10929.2999,68.96417218986696,64.81172621360749,71.38692233512621,25.394626840034903
2018-01-22 15:05:00,2018-01-22 15:15:00,cross_down,4,4 (+8 to +11 pts),8.800100000000384,-10.29989999999998,1.3001000000003842,2,10965.2,10975.1,10964.1,10966.2999,10956.7,10971.5,10956.0,10967.6,71.9485247807053,70.07582258616421,73.28090752026031,29.767843222294175
2018-01-23 09:25:00,2018-01-23 09:30:00,cross_down,3,3 (+5 to +8 pts),7.0,-9.600000000000364,6.399999999999636,1,11012.6,11022.8999,11012.6,11022.2,11023.2,11029.2,11015.7999,11028.6,74.96780246548602,73.44045685463277,77.58851294359573,41.64645520761611
2018-01-23 15:10:00,2018-01-23 15:25:00,session_end_forced,2,2 (+3 to +5 pts),5.0,-8.100000000000364,-4.699899999999616,3,11083.3999,11088.2,11080.2999,11087.8999,11087.7,11089.0,11079.7999,11083.2,60.871120897552395,60.82102143722486,86.8599744482512,28.50580787215346
2018-01-24 09:20:00,2018-01-24 09:40:00,cross_down,4,4 (+8 to +11 pts),9.70010000000002,-34.09989999999925,-31.599899999999252,4,11074.0,11101.1,11071.6,11100.2999,11093.2,11093.8999,11066.2,11068.7,62.11294348257675,61.882773061637636,87.00420744364047,29.48536455951205
2018-01-24 10:55:00,2018-01-24 11:15:00,cross_down,3,3 (+5 to +8 pts),6.70010000000002,-20.0,-12.79989999999998,4,11099.7,11106.6,11094.8999,11099.8999,11090.2,11090.2999,11079.8999,11087.1,58.59147443333351,57.49135208429964,86.96363948633837,18.249705821221237
2018-01-24 13:10:00,2018-01-24 14:05:00,cross_down,6,6 (+15 to +21 pts),15.699899999999616,-20.5,-10.900100000000748,11,11080.8999,11091.0,11079.7999,11090.7,11084.7999,11085.2,11078.7,11079.7999,49.06036192844358,47.86080563261544,83.91116367752386,32.59667807555752
2018-01-24 15:05:00,2018-01-24 15:25:00,cross_down,3,3 (+5 to +8 pts),5.5,-10.099899999999252,-4.5,4,11084.5,11089.7,11078.7,11088.7999,11084.7,11088.2,11081.3999,11084.2999,52.31272429540732,50.817722369973005,80.52066258388209,15.604394634705638
2018-01-25 10:20:00,2018-01-25 10:25:00,cross_down,1,1 (+0 to +3 pts),1.7998999999999796,-7.0,-4.600000000000364,1,11079.7,11082.8999,11078.0,11081.1,11081.2,11082.3999,11074.1,11076.5,50.153257677292515,49.66530086617223,74.91679992750511,16.741954721893748
2018-01-25 10:30:00,2018-01-25 10:35:00,cross_down,1,1 (+0 to +3 pts),1.2001000000000204,-7.399900000000343,-5.0,1,11076.2999,11079.1,11070.5,11077.8999,11078.0,11078.2,11070.8999,11072.8999,49.02667139558316,48.64134946498568,74.91679992750511,15.323401883469144
2018-01-25 11:50:00,2018-01-25 12:20:00,cross_down,1,1 (+0 to +3 pts),2.3999000000003434,-19.399999999999636,-15.100099999999657,6,11062.2,11068.8999,11061.7,11066.5,11053.2,11053.6,11047.1,11051.3999,42.48463972201542,39.18127356582485,69.72285658323183,37.53077603791761
2018-01-25 12:45:00,2018-01-25 13:10:00,cross_down,1,1 (+0 to +3 pts),1.6000000000003638,-25.20010000000002,-24.600099999999657,5,11050.5,11058.0,11050.2,11058.0,11046.6,11047.2,11032.7999,11033.3999,37.67661835958528,35.093330895619744,65.60179824508862,32.32881660761037
2018-01-25 13:20:00,2018-01-25 13:25:00,cross_down,2,2 (+3 to +5 pts),4.79989999999998,-9.399999999999636,-8.5,1,11029.7,11040.8999,11028.6,11036.1,11036.2,11040.5,11026.7,11027.6,30.672420312858637,30.488117712626433,59.49689919108825,36.701604951052914
2018-01-25 13:45:00,2018-01-25 15:25:00,session_end_forced,9,9 (+41 to +64 pts),54.100000000000364,-11.599899999999252,33.300100000000384,20,11022.2,11036.6,11019.7,11031.2999,11075.3999,11079.1,11060.2,11064.6,31.07216900462521,24.652429103962383,59.49689919108825,47.181570153235555
2018-01-30 10:30:00,2018-01-30 15:25:00,session_end_forced,6,6 (+15 to +21 pts),20.300100000000384,-16.5,-1.3999000000003434,59,11060.2999,11064.2999,11049.2,11050.3999,11053.2,11057.0,11048.0,11049.0,27.39747722511759,26.610044340226157,58.21165975341935,61.6257060292031
2018-02-12 14:15:00,2018-02-12 15:15:00,cross_down,6,6 (+15 to +21 pts),20.100099999999657,-8.899900000000343,-3.2998999999999796,12,10527.2,10540.2,10526.5,10535.3999,10539.8999,10540.0,10528.0,10532.1,60.50126753934145,58.10482510757193,51.738027491585754,28.56479610936551
2018-02-14 09:25:00,2018-02-14 09:30:00,cross_down,4,4 (+8 to +11 pts),9.70010000000002,-8.600000000000364,-5.699899999999616,1,10577.6,10578.1,10561.6,10568.3999,10568.7,10572.0,10559.7999,10562.7,64.00412769045145,63.873962507590996,55.256628749131984,39.92009403143074
2018-02-14 13:10:00,2018-02-14 14:30:00,cross_down,5,5 (+11 to +15 pts),14.200000000000728,-10.100099999999657,-4.399999999999636,16,10547.1,10556.8999,10546.6,10555.0,10560.6,10561.0,10544.8999,10550.6,53.061440877123545,49.54254369001826,59.59856507938405,33.52166665679653
2018-02-15 09:25:00,2018-02-15 11:10:00,cross_down,9,9 (+41 to +64 pts),50.40010000000075,-6.79989999999998,35.20010000000002,21,10545.8999,10548.7,10535.3999,10538.2999,10571.6,10573.7,10566.8999,10573.5,40.5772582558524,38.38817632653752,50.592732160986635,41.75493198791023
2018-02-15 12:35:00,2018-02-15 13:10:00,cross_down,8,8 (+29 to +41 pts),33.600000000000364,-7.399999999999636,-5.0,7,10579.1,10585.1,10577.8999,10584.5,10586.7999,10587.2999,10577.1,10579.5,58.75301170543109,56.375614712263605,55.402739484685625,22.990705842914405
2018-02-16 12:15:00,2018-02-16 13:50:00,cross_down,4,4 (+8 to +11 pts),10.100000000000364,-51.0,-44.899999999999636,19,10514.2999,10519.7,10514.2,10514.7999,10471.2,10474.8999,10463.7999,10469.8999,36.595796074773176,35.40336287687781,50.47235975197651,33.58808828430953
2018-02-23 10:25:00,2018-02-23 10:50:00,cross_down,4,4 (+8 to +11 pts),10.199899999999616,-3.800100000000384,1.8999999999996362,5,10433.5,10435.0,10428.8999,10432.7,10438.8999,10440.7999,10434.2999,10434.6,65.8586335133497,65.17381205348117,50.910531928799344,42.85117606635719
2018-02-23 11:45:00,2018-02-23 12:10:00,cross_down,4,4 (+8 to +11 pts),9.600000000000364,-11.5,-5.20010000000002,5,10454.5,10468.2999,10453.6,10465.1,10466.6,10466.7999,10459.2999,10459.8999,72.39056186904949,71.05291452946503,55.09689469784637,44.97872380239053
2018-02-26 09:25:00,2018-02-26 09:30:00,cross_down,2,2 (+3 to +5 pts),4.0,-11.5,-11.399999999999636,1,10533.2999,10546.5,10532.5,10542.5,10542.8999,10544.5,10531.0,10531.1,73.08848745703483,72.96176859975414,73.57849707932297,37.58731107056599
2018-02-27 13:15:00,2018-02-27 15:25:00,session_end_forced,5,5 (+11 to +15 pts),14.899999999999636,-14.399999999999636,-0.3999999999996362,26,10549.3999,10553.7,10549.2,10551.6,10555.5,10558.8999,10549.6,10551.2,41.791506724030675,40.35889474970104,72.36306305239623,34.39681168152234
2018-02-28 10:05:00,2018-02-28 13:00:00,cross_down,6,6 (+15 to +21 pts),16.699899999999616,-13.300100000000384,-12.5,35,10482.2,10494.2,10481.6,10491.2,10483.6,10483.8999,10477.8999,10478.7,33.79352184026651,32.56566519530808,65.3907047423565,42.45305279034659
2018-03-12 09:15:00,2018-03-12 10:50:00,cross_down,8,8 (+29 to +41 pts),38.699899999999616,-8.20010000000002,20.100000000000364,19,10297.3999,10322.8999,10295.3999,10303.6,10333.2999,10333.7999,10323.2,10323.7,43.116440282070315,39.48545096446759,51.47620439596504,46.75068915330522
2018-03-12 13:10:00,2018-03-12 14:00:00,cross_down,7,7 (+21 to +28 pts),24.399900000000343,-5.20010000000002,10.0,10,10340.1,10351.0,10339.2999,10344.5,10366.7,10368.8999,10352.7,10354.5,65.18924585555833,61.739638610966686,60.00020288233822,30.304527359275678
2018-03-12 15:05:00,2018-03-12 15:25:00,session_end_forced,6,6 (+15 to +21 pts),16.899999999999636,-5.200000000000728,6.799999999999272,4,10411.7,10422.7999,10411.5,10416.7,10423.5,10426.6,10419.7,10423.5,80.03677014962736,77.98134748774551,64.94898233469792,72.8818519629495
2018-03-13 15:00:00,2018-03-13 15:25:00,session_end_forced,4,4 (+8 to +11 pts),8.0,-25.399999999999636,-10.0,5,10431.7,10442.8999,10419.1,10435.0,10428.7,10429.8999,10419.1,10425.0,47.171685438029556,45.99464960455509,72.53312618082795,37.06224252058432
2018-03-14 10:20:00,2018-03-14 11:05:00,cross_down,4,4 (+8 to +11 pts),9.699899999999616,-19.5,-11.400100000000748,9,10383.2999,10394.3999,10383.2,10389.7,10374.7,10380.5,10370.2,10378.2999,42.74573256000663,41.20512378603513,63.20482117166865,22.138669871685778
2018-03-14 12:35:00,2018-03-14 15:25:00,session_end_forced,10,10 (+64 to +504 pts),75.09989999999925,-2.0,71.5,34,10348.5,10348.7999,10343.2,10345.2,10415.8999,10420.2999,10413.0,10416.7,31.275502899645506,31.191814755961726,55.533628298715605,48.02998362317676
2018-03-15 12:20:00,2018-03-15 13:45:00,cross_down,5,5 (+11 to +15 pts),13.5,-8.5,-5.20010000000002,17,10393.7999,10395.3999,10391.5,10393.6,10396.2999,10396.3999,10385.1,10388.3999,50.57977181020314,48.19622024519722,52.71892517458032,29.971127541511855
2018-03-15 14:40:00,2018-03-15 14:45:00,cross_down,2,2 (+3 to +5 pts),4.599899999999252,-8.200000000000728,-7.800100000000384,1,10385.5,10389.7999,10382.7999,10385.2,10385.3999,10388.7999,10377.0,10377.3999,43.212862679838274,42.61489653833063,50.78080971091548,38.05554620261683
2018-03-15 14:50:00,2018-03-15 15:00:00,cross_down,3,3 (+5 to +8 pts),5.79989999999998,-15.799999999999272,-13.299999999999272,2,10377.2999,10386.7999,10377.1,10383.0,10376.6,10384.7999,10367.2,10369.7,45.65210442384805,44.085991412358005,50.78080971091548,34.38434729373782
2018-03-27 14:25:00,2018-03-27 14:35:00,cross_down,2,2 (+3 to +5 pts),3.599899999999252,-9.800100000000384,-5.100000000000364,2,10196.2999,10207.2,10194.3999,10204.2,10199.0,10202.6,10194.7,10199.1,67.40843212616338,65.2411360015416,69.97350556892567,24.3559914441768
2018-03-28 10:55:00,2018-03-28 13:10:00,cross_down,8,8 (+29 to +41 pts),34.699899999999616,-5.200000000000728,7.399999999999636,27,10116.5,10120.7,10115.0,10120.2,10132.5,10135.5,10127.2999,10127.6,39.01484572508409,38.558516496586236,65.96671688346024,41.58163269397022
2018-03-28 13:50:00,2018-03-28 14:40:00,cross_down,2,2 (+3 to +5 pts),4.700000000000728,-26.0,-24.399999999999636,10,10136.3999,10144.2,10135.5,10144.0,10138.0,10138.5,10118.0,10119.6,47.30337210883087,44.33624658858111,58.11087257029807,28.315107694963285
2018-03-28 14:50:00,2018-03-28 15:05:00,cross_down,6,6 (+15 to +21 pts),19.399999999999636,-31.5,-29.5,3,10129.2,10139.2999,10123.2999,10138.8999,10131.6,10132.1,10107.3999,10109.3999,47.460088462942494,46.19738891131124,56.86421406343334,24.298913207361306
2018-04-02 09:15:00,2018-04-02 12:20:00,cross_down,5,5 (+11 to +15 pts),14.299999999999272,-36.5,-4.5,37,10152.2,10168.3999,10146.8999,10164.2,10166.2,10167.1,10159.3999,10159.7,48.1703037760856,46.10356096509646,52.32051448821201,29.686317456382373
2018-04-02 13:15:00,2018-04-02 14:15:00,cross_down,6,6 (+15 to +21 pts),17.799999999999272,-8.0,2.0,12,10174.7999,10180.0,10171.7,10179.7,10188.5,10191.5,10181.1,10181.7,61.20738354462099,60.52235443971364,57.45769232391346,25.815033961994803
2018-04-02 15:10:00,2018-04-02 15:25:00,session_end_forced,4,4 (+8 to +11 pts),8.100000000000364,-6.20010000000002,6.100000000000364,3,10209.3999,10213.6,10205.7999,10212.0,10213.2999,10218.6,10213.2,10218.1,67.19874289012516,66.22715647141261,59.56867128858414,28.724132788793845
2018-04-03 09:20:00,2018-04-03 09:30:00,cross_down,4,4 (+8 to +11 pts),9.79989999999998,-5.0,-0.30010000000038417,2,10217.1,10228.6,10214.6,10219.6,10218.5,10226.2,10218.2,10219.2999,71.51877209008384,71.16912693465078,64.89582678886718,33.52491017489892
2018-04-03 11:50:00,2018-04-03 12:00:00,cross_down,1,1 (+0 to +3 pts),3.0,-15.800100000000384,-14.300100000000384,2,10192.3999,10202.1,10191.7999,10199.1,10192.8999,10193.3999,10183.2999,10184.7999,50.09521239416703,49.87298696123903,63.6972794765957,31.251400300297092
2018-04-03 12:30:00,2018-04-03 13:15:00,cross_down,6,6 (+15 to +21 pts),15.399999999999636,-6.700000000000728,-0.900100000000748,9,10188.2,10194.6,10187.0,10193.7,10204.2,10204.7,10191.1,10192.7999,50.46955349531279,48.800591648588835,62.218292150194145,17.269376710847062
2018-04-03 14:10:00,2018-04-03 14:15:00,cross_down,1,1 (+0 to +3 pts),1.8001000000003842,-8.5,-5.099899999999252,1,10200.7,10208.7,10199.7999,10208.2999,10208.2999,10210.1,10202.7,10203.2,55.97997152940445,54.97805974984751,62.24100350581549,19.902093893222133
2018-04-03 14:30:00,2018-04-03 15:25:00,session_end_forced,9,9 (+41 to +64 pts),47.5,-5.399999999999636,35.800100000000384,11,10203.5,10209.3999,10202.3999,10207.7999,10253.8999,10254.2999,10242.2,10243.6,57.816184522470785,57.24640096314591,62.562335389966684,20.703660059092034
2018-04-04 14:20:00,2018-04-04 15:25:00,session_end_forced,1,1 (+0 to +3 pts),2.7998999999999796,-39.300100000000384,-30.20010000000002,13,10143.5,10150.8999,10140.2,10150.6,10131.8999,10132.6,10118.0,10120.3999,28.620700526396575,26.014460594677807,58.011898606741134,72.77749365234111
2018-04-05 12:10:00,2018-04-05 12:15:00,cross_down,1,1 (+0 to +3 pts),1.7998999999999796,-6.0,-4.899999999999636,1,10276.2999,10278.8999,10275.3999,10277.1,10277.1,10277.6,10271.1,10272.2,64.15536266788827,62.889820769469594,52.56156175362469,41.37709094958298
2018-04-05 14:40:00,2018-04-05 15:25:00,session_end_forced,8,8 (+29 to +41 pts),34.5,-4.599899999999252,30.300100000000384,9,10297.3999,10302.5,10292.7,10297.2999,10326.7999,10329.3999,10323.8999,10327.6,67.88907999153406,66.38622042601453,59.244501431000124,33.36139034911472
2018-04-06 12:30:00,2018-04-06 12:35:00,cross_down,1,1 (+0 to +3 pts),0.6000999999996566,-14.199899999999616,-12.29989999999998,1,10318.0,10323.8999,10317.7,10323.3999,10323.3999,10324.0,10309.2,10311.1,60.328881414824714,58.2702193032049,64.63523635974518,23.067488386482864
2018-04-06 13:25:00,2018-04-06 13:35:00,cross_down,3,3 (+5 to +8 pts),6.100000000000364,-12.70010000000002,-12.299999999999272,2,10316.7999,10321.7999,10316.0,10319.5,10323.3999,10325.6,10306.7999,10307.2,54.439373405816816,54.24413968150674,64.39941907556701,17.84383676832993
2018-04-06 14:15:00,2018-04-06 14:20:00,cross_down,1,1 (+0 to +3 pts),1.0,-8.399900000000343,-6.79989999999998,1,10311.0,10319.6,10310.5,10318.8999,10318.8999,10319.8999,10311.5,10312.1,52.33948963298807,52.25624605703173,64.04223202110313,15.706684909537131
2018-04-06 14:25:00,2018-04-06 15:20:00,cross_down,8,8 (+29 to +41 pts),30.399900000000343,-8.0,4.5,11,10312.2,10320.6,10312.0,10320.0,10325.1,10327.0,10319.6,10324.5,53.80982587094459,52.25624605703173,64.04223202110313,17.35731289817549
2018-04-09 09:15:00,2018-04-09 10:20:00,cross_down,8,8 (+29 to +41 pts),28.700000000000728,-34.0,12.0,13,10337.1,10362.7999,10328.5,10362.5,10375.7999,10378.2,10373.6,10374.5,58.783188360401994,57.904754038227,64.6249909021794,29.58276804199815
2018-04-09 12:15:00,2018-04-09 12:35:00,cross_down,1,1 (+0 to +3 pts),2.800100000000384,-16.099899999999252,-15.599899999999252,4,10390.3999,10396.2,10389.1,10393.7999,10387.6,10389.7999,10377.7,10378.2,65.65485532392566,63.70507596491649,70.99763348521813,33.994091344761046
2018-04-09 14:05:00,2018-04-09 14:35:00,cross_down,2,2 (+3 to +5 pts),4.70010000000002,-6.79989999999998,-6.29989999999998,6,10391.3999,10394.2999,10389.6,10392.8999,10394.2999,10394.6,10386.1,10386.6,59.657085247311116,58.21137665173448,71.2970221916092,12.649360359988831
2018-04-10 09:25:00,2018-04-10 10:20:00,cross_down,4,4 (+8 to +11 pts),8.599899999999252,-10.800100000000384,-10.800100000000384,11,10416.6,10419.2999,10411.0,10416.2,10416.0,10416.5,10405.3999,10405.3999,56.06454120747937,53.7053339835646,69.29706910714194,32.805681477057774
2018-04-10 12:05:00,2018-04-10 12:15:00,cross_down,2,2 (+3 to +5 pts),3.7998999999999796,-5.899999999999636,-1.1000000000003638,2,10405.7,10406.3999,10401.6,10402.6,10401.7999,10402.2,10396.7,10401.5,53.03571607940461,52.89715578280942,69.28695813379832,15.637078165383837
2018-04-10 12:20:00,2018-04-10 12:35:00,cross_down,2,2 (+3 to +5 pts),5.199899999999616,-3.2000000000007276,-1.3001000000003842,3,10401.6,10403.7,10399.8999,10402.2,10402.7999,10403.5,10399.0,10400.8999,53.36736898878188,52.99469678226346,68.58343083816902,12.637207428022784
2018-04-10 12:40:00,2018-04-10 12:45:00,cross_down,1,1 (+0 to +3 pts),2.800100000000384,-3.0,-2.2998999999999796,1,10400.8999,10404.7,10400.7999,10403.7999,10404.0,10406.6,10400.7999,10401.5,54.29428796770301,53.44117999739868,68.58343083816902,10.859331648994067
2018-04-10 13:20:00,2018-04-10 13:30:00,cross_down,1,1 (+0 to +3 pts),1.1998999999996158,-20.300100000000384,-14.70010000000002,2,10403.7,10410.7999,10403.6,10410.1,10398.2999,10398.7999,10389.7999,10395.3999,53.81931424475179,51.846355929937715,67.563700399937,14.235933632143855
2018-04-10 13:45:00,2018-04-10 14:40:00,cross_down,6,6 (+15 to +21 pts),17.699899999999616,-6.800100000000384,1.0,11,10399.7,10407.2,10399.3999,10406.2,10411.7,10412.0,10404.6,10407.2,51.28767194429213,50.86451471180218,67.563700399937,13.111945998971922
2018-04-11 10:35:00,2018-04-11 14:20:00,cross_down,9,9 (+41 to +64 pts),47.899999999999636,-2.5,38.899999999999636,45,10372.6,10377.7999,10372.1,10374.6,10416.6,10417.0,10409.5,10413.5,38.2313171218549,36.41268191595884,60.8671308092034,21.859858019157386
2018-04-12 09:55:00,2018-04-12 10:00:00,cross_down,1,1 (+0 to +3 pts),1.1000000000003638,-7.70010000000002,-6.600000000000364,1,10422.2999,10429.5,10421.3999,10429.1,10429.7,10430.2,10422.2,10422.5,60.7756325142259,60.33014116170804,61.110164080928215,18.626224313205093
2018-04-12 13:05:00,2018-04-12 14:00:00,cross_down,8,8 (+29 to +41 pts),31.199899999999616,-6.200000000000728,19.099899999999252,11,10434.1,10438.7999,10432.5,10438.7,10462.2,10467.5,10457.5,10457.7999,61.98467359521972,58.56836778276992,64.30886899362427,23.682766425541796
2018-04-13 09:20:00,2018-04-13 10:30:00,cross_down,6,6 (+15 to +21 pts),15.79989999999998,-13.799999999999272,11.5,14,10492.5,10497.7999,10485.5,10489.5,10497.3999,10503.6,10497.0,10501.0,64.3030079899411,62.922715143679554,70.00633952804324,27.462470157316364
2018-04-13 14:35:00,2018-04-13 15:25:00,session_end_forced,4,4 (+8 to +11 pts),7.899999999999636,-12.0,5.0,10,10479.7999,10482.6,10476.2999,10479.1,10480.5,10484.7999,10477.2,10484.1,42.98068686108079,42.74101623522262,69.37692545873102,34.40319470341995
2018-04-17 13:15:00,2018-04-17 15:15:00,cross_down,8,8 (+29 to +41 pts),36.699899999999616,-9.900100000000748,22.5,24,10515.7999,10524.3999,10513.7999,10523.7,10548.5,10549.2999,10541.2,10546.2,47.02375918914282,43.51072925752978,63.42999174311755,37.210554707407354
2018-04-18 11:15:00,2018-04-18 11:20:00,cross_down,1,1 (+0 to +3 pts),1.2001000000000204,-7.79989999999998,-6.199899999999616,1,10569.7,10573.0,10568.6,10571.7999,10571.5,10572.3999,10564.0,10565.6,64.80087448653893,64.57859871234311,68.95175345123616,28.546305579900825
2018-04-18 13:10:00,2018-04-18 13:15:00,cross_down,2,2 (+3 to +5 pts),3.2999999999992724,-6.300100000000384,-5.400100000000748,1,10583.2,10584.5,10579.3999,10584.2,10586.1,10587.5,10577.8999,10578.7999,64.44341320917246,62.15086037698575,70.07496650368805,30.822999348932633
2018-04-18 13:20:00,2018-04-18 13:30:00,cross_down,1,1 (+0 to +3 pts),1.6000000000003638,-6.899999999999636,-2.5,2,10580.3999,10586.8999,10578.7,10585.6,10583.3999,10585.6,10581.7999,10583.1,65.65302286083862,64.62803600416645,71.95432849698643,37.39604108429081
2018-04-18 13:40:00,2018-04-18 13:45:00,cross_down,2,2 (+3 to +5 pts),3.5,-10.900100000000748,-10.200000000000728,1,10584.2999,10591.7,10583.7,10590.7,10593.0,10594.2,10579.7999,10580.5,66.92953016422626,65.81849777788018,71.95432849698643,47.90751759664984
2018-04-19 09:15:00,2018-04-19 11:10:00,cross_down,5,5 (+11 to +15 pts),11.29989999999998,-10.5,-0.20010000000002037,23,10559.7,10568.8999,10556.7,10557.6,10557.0,10558.2999,10550.1,10557.3999,42.92889090164569,39.688465507605514,60.272327976638664,39.32630149755746
2018-04-19 11:20:00,2018-04-19 11:30:00,cross_down,2,2 (+3 to +5 pts),3.8999000000003434,-5.299999999999272,-3.2999999999992724,2,10559.6,10562.8999,10557.2,10562.5,10563.3999,10564.5,10558.7999,10559.2,52.13558220208569,51.51386252904382,59.219540281233925,20.81951134311135
2018-04-19 11:35:00,2018-04-19 11:40:00,cross_down,1,1 (+0 to +3 pts),0.7000000000007276,-4.70010000000002,-1.7001000000000204,1,10559.1,10562.7,10557.2999,10562.0,10561.1,10561.8999,10558.6,10560.2999,52.728667554149226,52.50699175086149,59.219540281233925,16.530635083693742
2018-04-19 12:50:00,2018-04-19 13:25:00,cross_down,3,3 (+5 to +8 pts),6.29989999999998,-11.0,-8.600099999999657,7,10558.1,10562.8999,10557.6,10560.5,10556.3999,10558.8999,10549.5,10551.8999,51.135509267752596,49.67316311369675,58.678649618535246,16.440012560016292
2018-04-19 13:50:00,2018-04-19 14:00:00,cross_down,1,1 (+0 to +3 pts),2.7999999999992724,-11.300100000000384,-10.300100000000384,2,10556.7,10565.3999,10556.5,10564.7,10563.1,10564.8999,10553.3999,10554.3999,51.67079091963972,50.167853842212836,58.74272810958614,17.349388711331315
2018-04-19 14:20:00,2018-04-19 14:25:00,cross_down,1,1 (+0 to +3 pts),1.8001000000003842,-9.100000000000364,-8.79989999999998,1,10559.7999,10561.7,10559.2,10559.8999,10559.5,10559.7,10550.7999,10551.1,50.80701918979018,50.45510807531072,58.11010249288861,12.748312508151486
2018-04-19 14:50:00,2018-04-19 14:55:00,cross_down,2,2 (+3 to +5 pts),4.0,-3.5,-3.2000000000007276,1,10556.0,10559.6,10555.2,10558.7,10558.7999,10562.7,10555.3999,10555.5,48.97760056504406,48.522410779873795,58.11010249288861,18.32149967403389
2018-04-19 15:00:00,2018-04-19 15:25:00,session_end_forced,4,4 (+8 to +11 pts),8.600000000000364,-11.800100000000384,4.29989999999998,5,10555.3999,10564.1,10551.7999,10563.6,10569.2999,10570.7999,10563.5,10567.8999,51.201531983557324,48.305762056178594,58.11010249288861,16.478288779713196
2018-04-20 10:40:00,2018-04-20 11:20:00,cross_down,2,2 (+3 to +5 pts),4.70010000000002,-17.199899999999616,-16.600000000000364,8,10544.2,10552.7999,10543.2,10551.3999,10542.8999,10543.2999,10534.2,10534.7999,45.26712466655115,43.75018787197736,56.62993728807565,22.359071180555446
2018-04-20 11:50:00,2018-04-20 11:55:00,cross_down,1,1 (+0 to +3 pts),2.1000999999996566,-7.29989999999998,-5.100000000000364,1,10534.2,10541.0,10533.3999,10538.8999,10538.8999,10540.2,10531.6,10533.7999,38.64356832859822,38.5124014691218,53.9602097050079,27.233796164137914
2018-04-20 12:00:00,2018-04-20 13:10:00,cross_down,6,6 (+15 to +21 pts),17.5,-9.399999999999636,-6.899999999999636,14,10534.2999,10538.5,10533.8999,10537.0,10530.8999,10534.2,10529.2999,10530.1,39.80312464420072,36.834368663902104,53.9602097050079,24.815494424852897
2018-04-23 09:40:00,2018-04-23 11:10:00,cross_down,9,9 (+41 to +64 pts),53.199899999999616,-9.600000000000364,33.09989999999925,18,10563.6,10566.8999,10557.1,10566.7,10603.2999,10604.8999,10595.0,10599.7999,57.913616701350364,57.42810607904905,54.56188113422393,33.73847802853702
2018-04-24 09:50:00,2018-04-24 09:55:00,cross_down,1,1 (+0 to +3 pts),2.2000000000007276,-10.799999999999272,-9.899999999999636,1,10598.5,10602.7,10597.7,10600.5,10599.6,10601.1,10589.7,10590.6,46.69889410086761,46.238448659178445,62.85826103701915,20.048152782904413
2018-04-24 10:00:00,2018-04-24 10:05:00,cross_down,2,2 (+3 to +5 pts),3.5,-4.399999999999636,-1.0,1,10589.8999,10595.6,10589.2999,10592.1,10592.1,10593.2,10587.7,10591.1,45.44853495125088,44.96479251587262,62.85826103701915,20.09658680301634
2018-04-24 10:10:00,2018-04-24 12:05:00,cross_down,4,4 (+8 to +11 pts),10.400100000000748,-8.099899999999252,-0.19989999999961583,23,10591.2999,10600.2999,10590.7,10598.7999,10598.8999,10602.2999,10597.7999,10598.6,46.989746830222,44.96479251587262,62.85826103701915,18.205194062251124
2018-04-24 13:10:00,2018-04-24 15:05:00,cross_down,9,9 (+41 to +64 pts),46.09989999999925,-9.100000000000364,22.699899999999616,23,10583.6,10591.2,10581.6,10590.7,10618.1,10620.5,10610.7999,10613.3999,40.6666805621748,40.39807148789362,61.18867248191371,36.751868085410266
2018-04-25 11:55:00,2018-04-25 13:50:00,cross_down,7,7 (+21 to +28 pts),22.79989999999998,-9.0,-8.600000000000364,23,10583.5,10589.1,10582.2,10588.6,10593.0,10594.5,10579.6,10580.0,42.74481188156052,41.10205266735846,56.01147085649615,21.008534516502703
2018-04-30 09:20:00,2018-04-30 09:45:00,cross_down,3,3 (+5 to +8 pts),7.399900000000343,-15.5,-12.70010000000002,5,10743.7,10755.0,10742.3999,10748.5,10741.1,10742.2,10733.0,10735.7999,62.004182581025304,59.72103382662804,70.23315656478104,33.28156795380333
2018-04-30 15:05:00,2018-04-30 15:25:00,session_end_forced,2,2 (+3 to +5 pts),4.300100000000384,-7.79989999999998,-0.5,4,10740.5,10745.7,10738.3999,10741.3999,10741.7,10745.6,10738.3999,10740.8999,49.532536484277585,48.334126597738035,76.35011060979268,31.01584726939367
2018-05-02 10:45:00,2018-05-02 13:50:00,cross_down,8,8 (+29 to +41 pts),32.100000000000364,-12.699899999999616,16.800100000000384,37,10733.3999,10738.2,10732.5,10737.7999,10768.1,10768.6,10751.7999,10754.6,47.739169897092296,46.0637120388914,70.71466362344403,15.278154629038223
2018-05-02 15:20:00,2018-05-02 15:25:00,cross_down,3,3 (+5 to +8 pts),5.899999999999636,-5.899900000000343,-4.29989999999998,1,10725.7,10726.2999,10716.3999,10720.3999,10720.0,10722.0,10714.5,10716.1,43.45857622281066,43.22606458570316,62.723616592647794,41.81541108308312
2018-05-03 10:00:00,2018-05-03 10:25:00,cross_down,2,2 (+3 to +5 pts),3.699899999999616,-28.70010000000002,-20.300100000000384,5,10684.2,10692.6,10683.0,10689.6,10666.5,10670.8999,10660.8999,10669.2999,36.26832916681116,33.617103881002436,59.01809834686785,53.409819783907906
2018-05-03 10:30:00,2018-05-03 14:35:00,cross_down,9,9 (+41 to +64 pts),48.100000000000364,-12.600099999999657,24.0,49,10669.2,10669.7999,10658.8999,10660.0,10685.8999,10692.2,10679.6,10684.0,29.74299460663435,29.085560904932134,53.09971166414618,63.09971098693167
2018-05-07 14:25:00,2018-05-07 14:30:00,cross_down,1,1 (+0 to +3 pts),2.199899999999616,-5.200000000000728,-3.900100000000748,1,10697.0,10701.3999,10695.3999,10699.2,10700.7,10701.3999,10694.0,10695.2999,74.85409196336039,74.37336373092651,51.39208108452056,43.55757802151886
2018-05-08 14:05:00,2018-05-08 15:25:00,session_end_forced,3,3 (+5 to +8 pts),6.200000000000728,-11.899999999999636,-4.399999999999636,16,10719.7999,10720.7,10712.6,10718.5,10717.2999,10718.8999,10708.6,10714.1,46.781313278572966,44.0869460308288,66.56721634012632,42.06029397265686
2018-05-09 09:30:00,2018-05-09 10:20:00,cross_down,3,3 (+5 to +8 pts),6.600000000000364,-13.0,-10.20010000000002,10,10710.6,10722.0,10709.2999,10719.5,10709.1,10710.7,10706.5,10709.2999,48.385903506749415,46.03940474413518,63.02175281249802,27.9863768247836
2018-05-09 10:35:00,2018-05-09 11:50:00,cross_down,6,6 (+15 to +21 pts),19.100000000000364,-3.6000999999996566,7.700000000000728,15,10713.8999,10718.6,10711.3999,10715.0,10724.5,10727.0,10721.3999,10722.7,46.03106282903686,45.48808734410662,62.0433833140873,30.359465456212277
2018-05-09 12:05:00,2018-05-09 13:45:00,cross_down,8,8 (+29 to +41 pts),39.5,-4.300100000000384,25.0,20,10726.3999,10728.0,10722.3999,10726.7,10746.6,10755.0,10745.7999,10751.7,54.25515830815594,53.902073036964524,63.142417245847234,17.905726562792495
2018-05-10 09:20:00,2018-05-10 09:30:00,cross_down,1,1 (+0 to +3 pts),2.399999999999636,-19.399999999999636,-12.399999999999636,2,10771.7,10785.5,10767.7999,10783.1,10770.7,10774.5,10763.7,10770.7,58.87843753189958,58.760674273731496,68.24915670370572,31.755509221704436
2018-05-10 11:50:00,2018-05-10 12:10:00,cross_down,1,1 (+0 to +3 pts),2.0,-12.20010000000002,-12.0,4,10747.2999,10754.0,10746.7,10753.0,10742.7999,10743.3999,10740.7999,10741.0,50.18527782503611,48.256325419911654,67.16686242249492,26.190252230967722
2018-05-10 13:20:00,2018-05-10 15:05:00,cross_down,7,7 (+21 to +28 pts),28.5,-6.0,-4.0,21,10725.7999,10728.2,10719.0,10720.2999,10719.5,10722.0,10714.5,10716.2999,34.97883246915938,34.26379511308307,58.98131330210127,43.7430741245927
2018-05-11 09:15:00,2018-05-11 11:35:00,cross_down,5,5 (+11 to +15 pts),12.400100000000748,-25.899999999999636,4.0,28,10741.6,10762.5,10738.8999,10750.2999,10755.7,10756.1,10751.8999,10754.2999,41.34817386582529,39.58247853218926,51.19482989210287,40.7543091506129
2018-05-11 14:05:00,2018-05-11 15:25:00,session_end_forced,9,9 (+41 to +64 pts),44.0,-11.0,29.600000000000364,16,10764.3999,10772.8999,10762.6,10768.0,10807.3999,10808.1,10795.1,10797.6,62.414065071190976,59.30645781931287,55.56047151918533,30.03978624205135
2018-05-14 14:05:00,2018-05-14 15:25:00,session_end_forced,7,7 (+21 to +28 pts),28.5,-13.20010000000002,7.79989999999998,16,10784.8999,10790.2,10782.7,10789.6,10800.3999,10805.0,10794.7,10797.3999,41.31550016570992,39.84033754494309,63.72887304318778,29.12364013182859
2018-05-15 14:35:00,2018-05-15 15:25:00,session_end_forced,5,5 (+11 to +15 pts),14.800100000000384,-16.599899999999252,-3.899999999999636,10,10805.5,10817.6,10794.8999,10807.7999,10796.0,10806.7999,10793.3999,10803.8999,32.83160025269977,32.424130084290745,59.652115296232196,55.415135067632534
2018-05-25 13:20:00,2018-05-25 14:30:00,cross_down,9,9 (+41 to +64 pts),45.10009999999966,-0.3999000000003434,40.899999999999636,14,10585.1,10593.1,10582.8999,10582.8999,10621.2,10624.5,10616.0,10623.7999,67.47127705605621,66.81807960851418,59.455359062431086,33.9127921228866
2018-05-29 10:35:00,2018-05-29 11:10:00,cross_down,4,4 (+8 to +11 pts),8.199899999999616,-7.70010000000002,-0.8001000000003842,7,10695.3999,10701.7999,10693.3999,10701.1,10695.5,10700.3999,10694.7999,10700.2999,56.88085992360986,54.2249563227577,74.03455996531511,19.677584731322124
2018-05-29 11:20:00,2018-05-29 11:45:00,cross_down,5,5 (+11 to +15 pts),11.300100000000384,-7.29989999999998,-2.600000000000364,5,10699.8999,10707.7999,10698.6,10705.8999,10708.2999,10708.7,10700.6,10703.2999,58.3539294992793,57.67098248062092,74.42718145576401,24.392956802045504
2018-05-29 14:50:00,2018-05-29 15:25:00,session_end_forced,5,5 (+11 to +15 pts),14.300100000000384,-5.899999999999636,-0.7998999999999796,7,10626.2999,10632.2,10625.8999,10631.7999,10632.7,10634.8999,10626.7999,10631.0,33.67266683966865,32.350923068403354,62.18994078877803,49.395221775440916
2018-05-30 09:45:00,2018-05-30 13:55:00,cross_down,9,9 (+41 to +64 pts),58.100000000000364,-27.70010000000002,13.899999999999636,50,10578.8999,10596.0,10578.1,10590.6,10605.1,10608.7,10600.7,10604.5,30.745430024562964,27.10152561771167,54.57250848557768,44.4911534800727
2018-05-31 13:20:00,2018-05-31 13:30:00,cross_down,2,2 (+3 to +5 pts),5.100000000000364,-15.0,-9.399999999999636,2,10674.7999,10679.3999,10673.3999,10674.2999,10678.0,10678.6,10659.2999,10664.8999,68.67681733890475,67.2549643041637,54.331587608140254,37.64303922392574
2018-05-31 15:00:00,2018-05-31 15:25:00,session_end_forced,9,9 (+41 to +64 pts),42.79989999999998,-36.10009999999966,10.0,5,10686.1,10722.2,10684.8999,10721.0,10740.2999,10748.2,10729.7,10731.0,69.23778966857068,65.67157654202823,55.34113713184969,35.07033791280313
2018-06-01 13:45:00,2018-06-01 15:05:00,cross_down,7,7 (+21 to +28 pts),26.700000000000728,-9.5,-9.20010000000002,16,10705.5,10715.0,10705.1,10711.0,10709.7,10710.3999,10701.7999,10701.7999,46.477620196741995,45.48179721895922,62.32707627278768,22.830415969203514
2018-06-04 09:20:00,2018-06-04 09:40:00,cross_down,6,6 (+15 to +21 pts),19.79989999999998,-54.70010000000002,-54.399999999999636,4,10739.1,10747.2999,10725.6,10727.5,10713.0,10713.2999,10672.7999,10673.1,47.04913681716665,44.96756734773007,57.16146479409325,31.75745057708125
2018-06-04 10:20:00,2018-06-04 12:55:00,cross_down,6,6 (+15 to +21 pts),15.699899999999616,-17.200000000000728,-11.900100000000748,31,10685.1,10689.5,10682.2999,10689.2,10694.7999,10694.8999,10672.0,10677.2999,43.13397255224068,42.72551490641784,54.744142788377516,21.28584054535314
2018-06-07 09:15:00,2018-06-07 11:00:00,cross_down,8,8 (+29 to +41 pts),31.399999999999636,-33.300100000000384,24.399999999999636,21,10721.7,10755.3999,10720.3999,10753.7,10778.6,10780.7999,10776.7999,10778.1,66.56028135283609,65.30252472996841,59.52593636122309,28.636203685393745
2018-06-08 10:15:00,2018-06-08 15:25:00,session_end_forced,8,8 (+29 to +41 pts),31.29989999999998,-39.100000000000364,11.399999999999636,62,10743.0,10750.3999,10742.5,10748.1,10765.6,10765.8999,10753.0,10759.5,40.97517151959394,37.36411610308522,68.69760109630946,33.21797663602761
2018-06-12 09:50:00,2018-06-12 11:45:00,cross_down,8,8 (+29 to +41 pts),39.0,-1.5,28.29989999999998,23,10802.7,10808.2,10802.2999,10803.0,10830.2,10834.2999,10828.2,10831.2999,42.51307241737445,42.208023453682856,60.46251282535765,28.064048298233526
2018-06-12 11:50:00,2018-06-12 12:50:00,cross_down,7,7 (+21 to +28 pts),22.399900000000343,-3.2001000000000204,-1.8999999999996362,12,10832.0,10835.3999,10831.1,10833.5,10841.8999,10842.1,10830.2999,10831.6,56.74301948849046,56.61702294230005,61.209812880334475,21.062104492215852
2018-06-12 14:40:00,2018-06-12 14:45:00,cross_down,2,2 (+3 to +5 pts),3.800100000000384,-5.699899999999616,-1.599899999999252,1,10844.7,10848.6,10844.0,10844.7999,10844.7,10845.1,10839.1,10843.2,55.24920545821866,54.83715089400404,61.654416284255696,17.863436702294372
2018-06-12 14:50:00,2018-06-12 15:00:00,cross_down,2,2 (+3 to +5 pts),4.299999999999272,-12.900100000000748,-9.200000000000728,2,10843.2999,10850.5,10842.6,10846.2,10842.8999,10843.2,10833.2999,10837.0,57.325511262712105,56.24565062225298,61.654416284255696,17.404210664934705
2018-06-12 15:20:00,2018-06-12 15:25:00,session_end_forced,2,2 (+3 to +5 pts),4.299999999999272,-10.100000000000364,0.8999999999996362,1,10844.2999,10853.1,10842.1,10852.2,10853.2,10856.5,10847.2999,10853.1,55.861829371661955,55.56969880979534,61.57927221413324,17.966331630436258
2018-06-13 10:50:00,2018-06-13 11:35:00,cross_down,4,4 (+8 to +11 pts),8.799999999999272,-4.5,5.599899999999252,9,10869.7,10872.7,10868.8999,10871.7,10880.0,10880.5,10874.8999,10877.2999,62.17605156258119,61.24238162727842,63.67251825245144,29.2435314667945
2018-06-14 10:45:00,2018-06-14 15:20:00,cross_down,7,7 (+21 to +28 pts),23.199899999999616,-22.200000000000728,10.699899999999616,55,10792.7,10797.7,10788.7999,10795.7,10800.2999,10807.8999,10798.7,10806.3999,21.808071769155713,21.634466655617196,56.44766564074721,76.54778379745575
2018-06-21 09:20:00,2018-06-21 09:30:00,cross_down,2,2 (+3 to +5 pts),4.399999999999636,-20.0,-19.5,2,10798.0,10803.5,10797.2,10799.1,10789.2999,10790.2999,10779.1,10779.6,66.86101571123014,63.76294065461035,50.1095250744533,38.45509269213424
2018-06-21 12:35:00,2018-06-21 14:20:00,cross_down,7,7 (+21 to +28 pts),26.100000000000364,-2.2001000000000204,5.899999999999636,21,10756.2999,10757.7,10754.3999,10756.6,10767.2999,10767.7,10758.7,10762.5,43.021499542040424,42.97865544378517,50.30315007792202,16.68933998987757
2018-06-25 13:40:00,2018-06-25 13:45:00,cross_down,1,1 (+0 to +3 pts),0.3999999999996362,-10.899900000000343,-10.0,1,10810.3999,10811.6,10804.8999,10811.3999,10811.5,10811.7999,10800.5,10801.3999,53.87655919688952,50.76768327218336,58.124644978645605,24.470594101785284
2018-06-26 09:35:00,2018-06-26 12:45:00,cross_down,8,8 (+29 to +41 pts),33.79999999999927,-11.300100000000384,16.299999999999272,38,10763.6,10769.5,10761.7,10767.7,10788.2,10790.6,10779.2,10784.0,36.22208152712159,34.999043805437495,50.939895184639546,37.1317936555249
2018-06-26 14:00:00,2018-06-26 15:10:00,cross_down,6,6 (+15 to +21 pts),18.800100000000384,-29.79989999999998,-17.79989999999998,14,10786.1,10790.0,10784.2,10786.3999,10768.2999,10769.2,10756.6,10768.6,49.31603155888578,48.12604530230889,51.70426878330653,29.570408520189112
2018-07-04 10:35:00,2018-07-04 11:05:00,cross_down,4,4 (+8 to +11 pts),10.20010000000002,-10.699899999999616,-6.0,6,10698.2999,10705.7999,10697.7999,10699.2999,10691.6,10693.7,10688.6,10693.2999,50.63146396137547,49.760747562679356,57.681985573517366,21.767082898549443
2018-07-04 11:20:00,2018-07-04 12:50:00,cross_down,7,7 (+21 to +28 pts),22.5,-9.20010000000002,13.600000000000364,18,10696.7,10704.7,10695.2999,10704.5,10721.7999,10722.2999,10717.3999,10718.1,53.55988608206568,51.50669594570431,57.2280329050051,19.100633901330845
2018-07-04 13:25:00,2018-07-04 15:00:00,cross_down,8,8 (+29 to +41 pts),40.100000000000364,-5.399999999999636,29.399900000000343,19,10732.1,10741.2,10731.6,10737.0,10768.6,10771.7,10764.5,10766.3999,64.93825074937612,62.320869291077,60.34488030414215,37.127663956032364
2018-07-05 12:35:00,2018-07-05 13:35:00,cross_down,5,5 (+11 to +15 pts),12.899999999999636,-12.899999999999636,-7.100000000000364,12,10756.6,10769.2,10756.2,10769.1,10764.6,10765.6,10759.3999,10762.0,52.811475750197644,49.22764175875185,66.41309421409161,36.453833532255956
2018-07-05 14:30:00,2018-07-05 14:40:00,cross_down,2,2 (+3 to +5 pts),3.3999000000003434,-11.399999999999636,-9.299999999999272,2,10772.1,10775.7999,10770.1,10775.5,10773.2,10778.8999,10764.1,10766.2,57.8913889474613,56.95111950640555,67.15966057404258,27.210634073354047
2018-07-06 09:30:00,2018-07-06 11:25:00,cross_down,9,9 (+41 to +64 pts),48.0,-7.0,35.20010000000002,23,10768.7,10772.2999,10760.8999,10767.8999,10805.6,10809.2,10802.7,10803.1,50.64907371524354,50.24248175815839,63.01245294062791,25.141487737529115
2018-07-06 13:25:00,2018-07-06 13:45:00,cross_down,2,2 (+3 to +5 pts),3.2001000000000204,-16.79989999999998,-13.599899999999252,4,10799.2,10802.3999,10795.2999,10800.7999,10797.5,10798.2,10784.0,10787.2,58.71260097029567,56.20853621438383,64.02359528043328,22.324745006639937
2018-07-09 09:20:00,2018-07-09 10:15:00,cross_down,3,3 (+5 to +8 pts),6.599899999999252,-21.600000000000364,-20.0,11,10833.3999,10833.7999,10821.3999,10832.7,10821.7,10822.2999,10811.1,10812.7,47.06258135233519,45.19292285902216,58.58575734176712,43.30386744734413
2018-07-09 11:25:00,2018-07-09 11:30:00,cross_down,1,1 (+0 to +3 pts),1.2998999999999796,-4.70010000000002,-2.1000999999996566,1,10828.0,10830.7999,10827.8999,10829.5,10829.2999,10829.7,10824.7999,10827.3999,60.308117810374384,59.426485941965,61.646281200548124,18.46710510212206
2018-07-09 11:35:00,2018-07-09 12:00:00,cross_down,3,3 (+5 to +8 pts),6.70010000000002,-3.2998999999999796,0.8999999999996362,5,10827.3999,10833.3999,10827.1,10830.3999,10831.7999,10832.8999,10829.7999,10831.2999,61.67974032263197,60.843501030651844,61.646281200548124,19.468717692615975
2018-07-09 12:15:00,2018-07-09 12:45:00,cross_down,3,3 (+5 to +8 pts),7.0,-4.0,-0.8999000000003434,6,10834.1,10840.2999,10833.8999,10837.8999,10840.6,10841.8999,10836.3999,10837.0,65.01620387144271,64.02802273418698,63.20137456956701,34.77422271728495
2018-07-09 13:10:00,2018-07-09 13:15:00,cross_down,2,2 (+3 to +5 pts),3.5,-5.600000000000364,-2.699899999999616,1,10845.5,10849.2999,10843.7,10848.3999,10848.3999,10851.8999,10842.7999,10845.7,68.66500500010433,67.18278638454969,63.20137456956701,59.026513852467986
2018-07-09 13:20:00,2018-07-09 13:30:00,cross_down,1,1 (+0 to +3 pts),3.199899999999616,-5.900100000000748,-3.2000000000007276,2,10846.5,10854.3999,10845.5,10851.2,10849.7999,10850.2,10845.2999,10848.0,69.51650778079478,68.84029100139557,65.13316657104681,64.72564015421206
2018-07-10 09:25:00,2018-07-10 10:00:00,cross_down,5,5 (+11 to +15 pts),11.899999999999636,-9.700000000000728,-0.1000000000003638,7,10897.6,10906.0,10894.5,10904.2,10908.0,10909.1,10901.8999,10904.1,68.62678393107768,65.81558705504125,68.68553512639939,36.492167014638895
2018-07-11 13:05:00,2018-07-11 13:15:00,cross_down,3,3 (+5 to +8 pts),5.79989999999998,-9.300100000000384,-7.100000000000364,2,10953.5,10957.6,10952.7,10954.6,10956.3999,10957.5,10945.2999,10947.5,53.7224738700617,52.96523741922209,77.07598310465822,16.29986429511239
2018-07-11 13:20:00,2018-07-11 13:55:00,cross_down,3,3 (+5 to +8 pts),7.300100000000384,-14.0,-3.7998999999999796,7,10948.5,10958.3999,10943.7999,10957.7999,10955.8999,10959.3999,10952.5,10954.0,54.36978068067306,53.75320038037859,76.00470568566074,16.836022008661406
2018-07-11 14:05:00,2018-07-11 14:40:00,cross_down,5,5 (+11 to +15 pts),11.20010000000002,-8.899999999999636,-7.699899999999616,7,10956.2,10961.0,10954.5,10960.2999,10962.8999,10963.6,10951.3999,10952.6,54.66874299558431,54.520676376461594,76.00470568566074,20.060465549410495
2018-07-12 09:20:00,2018-07-12 10:40:00,cross_down,7,7 (+21 to +28 pts),23.100000000000364,-8.600000000000364,9.199899999999616,16,11016.7,11021.7,11010.0,11018.6,11036.6,11037.2,11026.7999,11027.7999,57.00403725262965,51.336517945704074,71.13057200453845,41.29782059396805
2018-07-12 11:35:00,2018-07-12 12:00:00,cross_down,6,6 (+15 to +21 pts),19.699899999999616,-7.300100000000384,13.899999999999636,5,11052.8999,11060.5,11051.2999,11058.6,11071.2,11078.2999,11069.7,11072.5,73.77608756079573,73.7289630040635,75.8825893296505,55.77762835918206
2018-07-12 12:05:00,2018-07-12 12:10:00,cross_down,1,1 (+0 to +3 pts),2.7998999999999796,-9.399999999999636,-7.5,1,11072.2,11076.3999,11071.1,11073.6,11073.7999,11075.5,11064.2,11066.1,77.63095703846551,77.50334886978496,75.8825893296505,60.307343404097
2018-07-13 09:25:00,2018-07-13 10:05:00,cross_down,6,6 (+15 to +21 pts),19.699899999999616,-34.0,-32.399999999999636,8,11037.1,11054.2,11036.0,11051.6,11055.2,11055.7,11017.6,11019.2,49.15323789741227,45.49809822589443,70.63254052993918,39.33533505043145
2018-07-13 11:20:00,2018-07-13 13:40:00,cross_down,6,6 (+15 to +21 pts),19.0,-10.899900000000343,0.10009999999965657,28,11021.5,11027.2999,11016.0,11026.8999,11031.3999,11033.6,11026.6,11027.0,44.86504910993281,43.91121960997,66.2896420196724,29.063158691172966
2018-07-13 15:10:00,2018-07-13 15:25:00,session_end_forced,3,3 (+5 to +8 pts),5.600000000000364,-16.79989999999998,-4.0,3,11012.7,11027.1,11009.0,11025.7999,11020.2,11025.0,11019.0,11021.7999,42.849200008399585,42.64723282571001,63.9322151582647,40.96449230088436
2018-07-16 09:55:00,2018-07-16 11:20:00,cross_down,1,1 (+0 to +3 pts),2.2001000000000204,-43.29989999999998,-41.0,17,10999.7,11009.6,10995.3999,11007.3999,10972.3999,10974.2,10964.1,10966.3999,41.6201845361645,39.75583646631859,61.31964901792364,30.57555602055174
2018-07-16 11:30:00,2018-07-16 13:40:00,cross_down,6,6 (+15 to +21 pts),19.600000000000364,-15.899999999999636,-4.100000000000364,26,10968.2,10982.7999,10964.2,10980.1,10980.3999,10981.6,10975.5,10976.0,35.95012683007767,33.05273191589976,52.787159763690525,44.802087422566416
2018-07-18 09:20:00,2018-07-18 09:25:00,cross_down,3,3 (+5 to +8 pts),5.29989999999998,-18.0,-16.20010000000002,1,11064.2,11067.2999,11058.0,11062.1,11062.8999,11067.3999,11044.1,11045.8999,72.9217549085059,72.49787132278871,52.784296147322614,51.19925441108918
2018-07-18 14:30:00,2018-07-18 15:25:00,session_end_forced,6,6 (+15 to +21 pts),18.700000000000728,-8.799999999999272,5.100000000000364,11,10974.5,10983.8999,10973.7,10977.0,10988.7999,10989.1,10980.2,10982.1,36.771389754541346,33.987761054958895,55.038653426525215,28.574798411398067
2018-07-20 14:20:00,2018-07-20 15:10:00,cross_down,7,7 (+21 to +28 pts),23.5,-3.7000000000007276,3.399999999999636,10,11007.1,11013.5,11004.7,11006.7,11006.0,11013.1,11003.5,11010.1,50.52126522526024,49.62653533629373,52.6792088261315,34.279620648290496
2018-07-23 09:20:00,2018-07-23 10:10:00,cross_down,2,2 (+3 to +5 pts),3.699899999999616,-22.600000000000364,-21.5,10,11038.7999,11052.2999,11035.5,11051.7,11045.2,11047.7999,11029.1,11030.2,63.065867681245386,58.27926765232261,55.07321190357594,29.61972249686318
2018-07-23 13:45:00,2018-07-23 15:25:00,cross_down,8,8 (+29 to +41 pts),40.39990000000034,-9.20010000000002,23.200000000000728,20,11048.5,11059.8999,11047.7999,11053.0,11083.7,11084.8999,11074.1,11076.2,60.151650435122775,59.85917075614807,62.601870561738316,24.453698866898282
2018-07-24 09:15:00,2018-07-24 10:00:00,cross_down,7,7 (+21 to +28 pts),24.699899999999616,-13.200000000000728,13.899999999999636,9,11110.1,11119.7,11103.5,11116.7,11137.7999,11141.3999,11128.1,11130.6,78.30866284427056,76.48539069425154,68.10673782216595,54.98872382835427
2018-07-24 13:50:00,2018-07-24 14:30:00,cross_down,5,5 (+11 to +15 pts),14.899999999999636,-2.600000000000364,-1.2998999999999796,8,11125.2999,11129.3999,11124.7999,11127.3999,11131.8999,11134.0,11125.7999,11126.1,55.728246305639026,55.4133562052277,73.66990591190888,27.703378049502444
2018-07-25 11:45:00,2018-07-25 13:10:00,cross_down,7,7 (+21 to +28 pts),26.300100000000384,-7.199899999999616,8.900100000000748,17,11125.2,11131.0,11123.6,11130.7999,11147.5,11147.8999,11135.5,11139.7,48.3916532583133,47.63033082435515,70.06190321635006,15.50503780146564
2018-07-26 09:20:00,2018-07-26 10:35:00,cross_down,2,2 (+3 to +5 pts),4.700000000000728,-11.20010000000002,-4.100099999999657,15,11159.3999,11169.6,11156.7999,11167.5,11159.5,11164.5,11157.8999,11163.3999,51.08295526327014,49.63409485825927,66.12805426523953,29.394830281330712
2018-07-26 10:50:00,2018-07-26 11:15:00,cross_down,4,4 (+8 to +11 pts),7.899999999999636,-4.100000000000364,0.599899999999252,5,11168.7999,11173.5,11167.6,11171.7,11171.2999,11175.5,11171.1,11172.2999,60.63805016217791,60.29656558732385,67.3225049690462,26.262086865276935
2018-07-26 15:00:00,2018-07-26 15:25:00,session_end_forced,7,7 (+21 to +28 pts),27.399999999999636,-6.5,22.70010000000002,5,11152.7999,11165.6,11151.8999,11158.3999,11175.3999,11185.7999,11170.2,11181.1,45.97300677083369,43.5376699960157,67.44214596706567,34.15997584515462
2018-07-27 14:55:00,2018-07-27 15:00:00,cross_down,1,1 (+0 to +3 pts),2.300100000000384,-4.899999999999636,-4.29989999999998,1,11280.0,11281.5,11275.5,11280.2999,11280.1,11282.6,11275.3999,11276.0,72.28873116327726,71.74155904964788,77.80858122150443,62.34605511700686
2018-07-30 12:20:00,2018-07-30 12:30:00,cross_down,2,2 (+3 to +5 pts),4.29989999999998,-7.20010000000002,-4.799999999999272,2,11289.3999,11292.5,11287.5,11291.5,11289.5,11290.6,11284.2999,11286.7,60.796718777972586,59.46054386968051,80.36925848611155,29.798119752375573
2018-07-30 12:45:00,2018-07-30 13:00:00,cross_down,2,2 (+3 to +5 pts),4.0,-6.70010000000002,-0.20010000000002037,3,11291.2999,11296.0,11288.3999,11295.1,11292.7,11295.6,11288.7999,11294.8999,61.715357114154514,61.21762364217097,80.36925848611155,30.41614302240726
2018-07-30 13:05:00,2018-07-30 14:05:00,cross_down,6,6 (+15 to +21 pts),20.600000000000364,-6.099899999999252,12.800100000000384,12,11294.7999,11298.7999,11291.7,11297.7999,11315.5,11317.8999,11310.3999,11310.6,63.09047283332448,62.11673094598011,80.36925848611155,27.04702940425741
2018-07-31 11:05:00,2018-07-31 13:45:00,cross_down,7,7 (+21 to +28 pts),21.20010000000002,-17.5,10.400100000000748,32,11289.0,11292.5,11286.7,11288.7999,11297.6,11299.8999,11293.2,11299.2,44.67974392190402,43.11816054194429,78.92907544753342,25.718336830285974
2018-07-31 14:10:00,2018-07-31 15:25:00,session_end_forced,9,9 (+41 to +64 pts),52.20010000000002,-6.0,43.300100000000384,15,11308.2,11319.6,11307.7999,11313.7999,11362.7,11364.1,11352.3999,11357.1,57.259246294235744,54.16384705453505,70.17750616354374,25.083117309117885
2018-08-01 14:45:00,2018-08-01 15:25:00,session_end_forced,8,8 (+29 to +41 pts),34.899999999999636,-18.200000000000728,-15.400100000000748,8,11333.2,11339.2,11330.2999,11338.2,11331.1,11333.0,11320.0,11322.7999,41.53339208590005,38.383593796815425,67.89291138953259,17.93091313490239
2018-08-02 10:15:00,2018-08-02 13:25:00,cross_down,5,5 (+11 to +15 pts),11.70010000000002,-19.199899999999616,-16.600000000000364,38,11287.0,11291.1,11284.1,11287.8999,11277.5,11278.1,11269.5,11271.2999,31.820281895785794,30.17258726545679,56.003728940794,39.26147223389227
2018-08-03 13:30:00,2018-08-03 14:55:00,cross_down,7,7 (+21 to +28 pts),22.900100000000748,-7.5,14.900100000000748,17,11330.0,11338.2999,11329.3999,11335.2999,11350.2,11351.5,11346.2999,11350.2,60.9388358752788,60.3945599578919,50.36425843688779,24.64762456689988
2018-08-03 15:00:00,2018-08-03 15:15:00,cross_down,4,4 (+8 to +11 pts),9.300100000000384,-7.699899999999616,0.3999999999996362,3,11351.2,11361.3999,11350.2,11357.8999,11358.1,11359.3999,11353.2999,11358.2999,71.87415895149852,71.80897955675266,53.638528928033175,39.73407902904229
2018-08-06 09:15:00,2018-08-06 09:45:00,cross_down,4,4 (+8 to +11 pts),9.300100000000384,-23.699899999999616,-13.899999999999636,6,11402.6,11422.5,11394.6,11418.2999,11418.6,11419.8999,11404.3999,11404.3999,75.99798635562107,75.00161289169979,60.13966153183943,50.54815946304796
2018-08-07 09:15:00,2018-08-07 10:25:00,cross_down,7,7 (+21 to +28 pts),28.0,-23.699899999999616,-19.5,14,11423.7,11428.8999,11398.2999,11400.8999,11392.6,11392.7,11377.2,11381.3999,49.18389098610453,47.79540002099743,68.55873097967188,34.36588985995653
2018-08-07 11:55:00,2018-08-07 13:50:00,cross_down,8,8 (+29 to +41 pts),35.100000000000364,-1.3999999999996362,11.100000000000364,23,11380.2999,11381.1,11377.7,11378.2999,11396.7,11399.1,11387.0,11389.3999,44.426209657422554,43.26805864354304,65.33958409547762,27.08482651731584
2018-08-08 10:05:00,2018-08-08 11:45:00,cross_down,8,8 (+29 to +41 pts),40.699899999999616,-3.899999999999636,33.0,20,11392.3999,11396.0,11391.2,11395.1,11432.2999,11433.6,11428.0,11428.1,50.42318126947937,49.48746884835961,59.78414089569306,23.019897506813102
2018-08-08 12:10:00,2018-08-08 12:15:00,cross_down,2,2 (+3 to +5 pts),3.599899999999252,-4.600000000000364,-3.400100000000748,1,11444.5,11447.2999,11442.2,11445.7,11445.8999,11449.2999,11441.1,11442.2999,71.89036969835499,70.31799674912367,62.63169854263848,52.71985770471848
2018-08-08 15:10:00,2018-08-08 15:25:00,session_end_forced,4,4 (+8 to +11 pts),10.399900000000343,-4.20010000000002,5.5,3,11445.5,11452.3999,11445.2999,11449.5,11458.1,11459.8999,11450.8999,11455.0,54.526498821597485,52.27778631510639,67.12898648311617,35.808187549377344
2018-08-10 10:25:00,2018-08-10 11:05:00,cross_down,2,2 (+3 to +5 pts),3.699899999999616,-19.600000000000364,-18.300100000000384,8,11448.8999,11450.7999,11446.2999,11449.6,11437.0,11438.0,11430.0,11431.2999,39.454528054971725,38.44898488709873,61.684730680882794,38.02286598049726
2018-08-10 11:15:00,2018-08-10 14:35:00,cross_down,7,7 (+21 to +28 pts),25.79989999999998,-12.0,-6.800100000000384,40,11431.7999,11437.7999,11429.8999,11437.6,11437.5,11438.1,11425.6,11430.7999,36.07257044701921,35.94299581261367,57.135842356438275,40.42549749263411
2018-08-16 10:05:00,2018-08-16 11:40:00,cross_down,7,7 (+21 to +28 pts),21.79989999999998,-9.0,4.200000000000728,19,11425.3999,11429.2999,11419.0,11428.0,11437.0,11438.6,11431.7999,11432.2,48.79718587283136,47.8915045196649,55.332414829859296,29.776174302881714
2018-08-16 14:05:00,2018-08-16 14:40:00,cross_down,4,4 (+8 to +11 pts),9.20010000000002,-30.79989999999998,-22.29989999999998,7,11402.8999,11410.5,11401.0,11401.2999,11390.1,11390.3999,11370.5,11379.0,38.40617083900465,36.76066621299771,53.808811949643626,50.80309699864216
2018-08-16 14:55:00,2018-08-16 15:25:00,session_end_forced,3,3 (+5 to +8 pts),7.70010000000002,-11.099899999999252,4.20010000000002,6,11388.3999,11393.7999,11385.7,11387.2999,11388.0,11393.2999,11385.2,11391.5,36.45341841252427,36.42354747766625,51.41070727330072,42.04625477468568
2018-08-17 14:30:00,2018-08-17 14:50:00,cross_down,2,2 (+3 to +5 pts),5.100000000000364,-9.899999999999636,-4.099899999999252,4,11478.0,11483.7999,11477.7999,11481.2999,11475.7999,11478.2,11471.3999,11477.2,62.78140053660976,61.578845337495295,60.446218013042575,23.12350808694556
2018-08-20 09:20:00,2018-08-20 10:35:00,cross_down,7,7 (+21 to +28 pts),26.199899999999616,-5.600000000000364,18.0,15,11514.3999,11523.2999,11513.5,11519.1,11536.7999,11540.1,11533.6,11537.1,57.93935055827132,56.724425902140105,61.22650089032575,33.328167739136155
2018-08-21 10:25:00,2018-08-21 10:50:00,cross_down,2,2 (+3 to +5 pts),4.5,-7.5,-6.200000000000728,5,11565.7,11567.8999,11564.2999,11566.2,11564.2,11565.8999,11558.7,11560.0,59.70896892651621,59.465496531197985,74.16582844057385,22.214441587708947
2018-08-21 12:40:00,2018-08-21 13:55:00,cross_down,5,5 (+11 to +15 pts),11.399999999999636,-7.400100000000748,-5.0,15,11555.0,11562.2999,11553.7999,11561.2,11562.7999,11566.6,11555.8999,11556.2,53.486675886322544,49.71453026739483,71.72150775131638,18.40240518793916
2018-08-21 14:25:00,2018-08-21 15:10:00,cross_down,5,5 (+11 to +15 pts),11.199899999999616,-3.100000000000364,3.2999999999992724,9,11568.1,11568.5,11566.2999,11567.2,11571.6,11572.7999,11567.0,11570.5,54.66133346345858,54.58089584202235,71.68052952988211,18.73269881022622
2018-08-23 09:15:00,2018-08-23 09:45:00,cross_down,7,7 (+21 to +28 pts),27.199899999999616,-17.400100000000748,-13.300100000000384,6,11621.2999,11623.8999,11595.6,11596.7,11588.3999,11588.7999,11579.2999,11583.3999,61.73928069848363,59.9375538116438,72.98042820785848,20.652381514551728
2018-08-23 11:40:00,2018-08-23 12:55:00,cross_down,5,5 (+11 to +15 pts),12.800100000000384,-6.199899999999616,0.5,15,11563.0,11569.8999,11562.6,11568.7999,11574.1,11574.7999,11567.3999,11569.2999,49.76820743024156,48.30677672402743,68.63430814388452,23.032354574077523
2018-08-23 13:05:00,2018-08-23 13:10:00,cross_down,2,2 (+3 to +5 pts),3.399999999999636,-6.300100000000384,-4.800100000000384,1,11573.5,11578.8999,11570.2999,11576.6,11577.2999,11580.0,11571.7,11571.7999,54.55788832241757,54.36784812599019,69.03873751059206,17.03107770205825
2018-08-23 13:20:00,2018-08-23 13:30:00,cross_down,1,1 (+0 to +3 pts),2.400100000000748,-5.79989999999998,-4.29989999999998,2,11578.5,11581.2999,11575.2999,11579.2999,11577.2999,11578.0,11573.5,11575.0,55.25007733432763,53.81970410016249,68.51423091875712,17.013902972619366
2018-08-23 14:10:00,2018-08-23 14:55:00,cross_down,5,5 (+11 to +15 pts),11.399999999999636,-9.0,-3.0,9,11574.8999,11584.5,11573.8999,11582.8999,11589.2999,11591.1,11579.7,11579.8999,54.046775085327134,53.72061395710581,68.51423091875712,17.71294538288055
2018-08-24 09:35:00,2018-08-24 09:45:00,cross_down,2,2 (+3 to +5 pts),4.100000000000364,-10.799999999999272,-9.5,2,11597.7,11604.6,11597.2999,11600.5,11596.8999,11600.5,11589.7,11591.0,58.197551837722436,57.59507802197545,69.244644351375,19.365754364718164
2018-08-24 12:00:00,2018-08-24 12:10:00,cross_down,1,1 (+0 to +3 pts),2.300100000000384,-17.0,-15.100000000000364,2,11566.7999,11571.7999,11566.2,11570.3999,11566.8999,11567.3999,11553.3999,11555.2999,44.8000691128128,43.14688249899237,65.17049029298573,16.257432021062808
2018-08-24 12:15:00,2018-08-24 12:20:00,cross_down,1,1 (+0 to +3 pts),2.7001000000000204,-5.399900000000343,-3.600000000000364,1,11555.5,11558.3999,11552.5,11557.8999,11557.7,11560.6,11554.2,11554.2999,40.191662739273696,40.17016834073216,60.32272822671983,20.95633451771495
2018-08-24 13:10:00,2018-08-24 15:25:00,session_end_forced,7,7 (+21 to +28 pts),23.100000000000364,-4.599899999999252,9.400100000000748,27,11545.6,11550.8999,11544.1,11546.7999,11557.8999,11558.6,11552.0,11556.2,33.18266194088624,31.32334781535382,60.32272822671983,28.92277646964487
2018-08-28 15:15:00,2018-08-28 15:25:00,session_end_forced,1,1 (+0 to +3 pts),1.1000000000003638,-8.399999999999636,-0.8999999999996362,2,11739.2,11745.6,11736.1,11744.5,11740.7,11743.7999,11738.2,11743.6,55.95513744622677,53.1431991657377,83.08655720321379,25.740963847920476
2018-08-29 10:50:00,2018-08-29 11:00:00,cross_down,1,1 (+0 to +3 pts),1.3001000000003842,-9.399999999999636,-6.599899999999252,2,11738.6,11743.1,11738.2,11741.7999,11739.0,11739.2999,11732.3999,11735.2,51.75879073214719,50.740990909808815,80.4274068147869,23.072658319739343
2018-08-29 11:10:00,2018-08-29 11:15:00,cross_down,1,1 (+0 to +3 pts),1.2999999999992724,-6.100000000000364,-2.600000000000364,1,11736.1,11740.5,11733.1,11739.2,11739.0,11739.6,11734.7999,11736.6,51.533385826722395,51.404897004586736,80.4274068147869,18.130100944582527
2018-08-29 12:30:00,2018-08-29 12:40:00,cross_down,1,1 (+0 to +3 pts),1.1000000000003638,-12.5,-11.199899999999616,2,11729.3999,11732.8999,11728.2,11731.7999,11727.3999,11728.2,11719.2999,11720.6,46.5243008324947,44.52978296840633,75.15889458137701,32.67251723103349
2018-08-29 13:45:00,2018-08-29 15:20:00,cross_down,4,4 (+8 to +11 pts),9.800100000000384,-40.0,-33.899999999999636,19,11711.2999,11720.1,11711.0,11718.7999,11688.1,11690.7999,11682.3999,11684.8999,39.79232076703373,33.671169100457746,70.94480186067314,52.15790748784677
2018-08-30 09:45:00,2018-08-30 15:25:00,session_end_forced,6,6 (+15 to +21 pts),16.299999999999272,-32.0,8.799999999999272,68,11673.3999,11675.7,11670.7,11671.7,11685.7,11688.0,11677.7999,11680.5,27.8561437574929,25.897194043478105,55.454561033368655,42.63799480475194
2018-09-07 14:50:00,2018-09-07 15:15:00,cross_down,3,3 (+5 to +8 pts),5.20010000000002,-12.0,-11.399999999999636,5,11590.7,11600.7999,11588.7999,11597.7999,11594.8999,11596.2999,11585.7999,11586.3999,66.45238818761268,63.44733276480096,58.00165327274603,20.603198047086934
2018-09-10 11:35:00,2018-09-10 12:05:00,cross_down,4,4 (+8 to +11 pts),8.600099999999657,-33.0,-31.100000000000364,6,11510.0,11510.0,11500.6,11501.3999,11476.8999,11477.1,11468.3999,11470.2999,37.00326305819336,34.99725233793641,52.81722441077138,38.830383211385175
2018-09-17 11:25:00,2018-09-17 13:35:00,cross_down,7,7 (+21 to +28 pts),25.699899999999616,-15.700000000000728,-8.300100000000384,26,11390.2999,11394.3999,11388.7,11393.2,11379.5,11388.6,11378.2999,11384.8999,33.58483814809394,32.081206891643035,56.7977448923515,60.3831000021358
2018-09-17 13:40:00,2018-09-17 14:50:00,cross_down,7,7 (+21 to +28 pts),24.399999999999636,-10.300100000000384,-8.600000000000364,14,11388.7999,11394.2999,11385.0,11393.7,11387.7,11388.7999,11384.1,11385.1,40.25487249732633,39.50669201485837,52.739188187145245,26.888380549156647
2018-10-11 10:30:00,2018-10-11 13:55:00,cross_down,10,10 (+64 to +504 pts),137.89990000000034,-12.100099999999657,87.70000000000073,41,10190.1,10205.0,10189.2,10198.0,10281.8999,10291.6,10274.2999,10285.7,30.340996686294133,27.74142600832878,51.4731674612752,48.67128360247281
2018-10-12 11:20:00,2018-10-12 11:25:00,cross_down,1,1 (+0 to +3 pts),3.0,-9.100000000000364,-9.0,1,10442.5,10453.8999,10441.8999,10450.8999,10450.2999,10453.7999,10441.7999,10441.8999,70.39716496444512,69.13539095262914,50.06015659602727,49.23229810969565
2018-10-15 11:45:00,2018-10-15 13:45:00,cross_down,10,10 (+64 to +504 pts),95.0,-11.599899999999252,54.70010000000002,24,10420.3999,10432.2999,10419.7,10431.2999,10509.6,10511.1,10485.7,10486.0,42.86672266156977,39.75872595562776,58.29218851978639,23.870034843608853
2018-10-15 15:05:00,2018-10-15 15:25:00,session_end_forced,4,4 (+8 to +11 pts),10.699899999999616,-17.100000000000364,2.899999999999636,4,10500.5,10514.3999,10497.0,10514.1,10524.0,10524.7999,10514.3999,10517.0,60.18050875471784,58.35248119193795,59.716058870750075,34.02712819901981
2018-10-17 09:15:00,2018-10-17 09:55:00,cross_down,8,8 (+29 to +41 pts),32.300100000000384,-50.899999999999636,-46.199899999999616,8,10683.5,10710.1,10677.7,10677.7999,10640.3999,10641.8999,10626.8999,10631.6,57.972617943349164,55.35299786078788,68.51082888712277,26.253439659944704
2018-10-17 12:20:00,2018-10-17 12:25:00,cross_down,4,4 (+8 to +11 pts),8.099899999999252,-11.600000000000364,-8.700000000000728,1,10610.6,10615.2999,10606.7999,10607.2,10607.5,10609.0,10595.6,10598.5,49.97025769241247,49.79961394269354,67.58831803458153,23.48664169899982
2018-10-17 15:00:00,2018-10-17 15:05:00,cross_down,8,8 (+29 to +41 pts),35.79989999999998,-21.20010000000002,-15.100000000000364,1,10492.6,10493.3999,10454.5,10457.6,10458.2999,10466.3999,10436.3999,10442.5,30.13724538450416,29.846131164878972,59.785895878600954,49.43793066532454
2018-10-17 15:15:00,2018-10-17 15:25:00,session_end_forced,4,4 (+8 to +11 pts),8.400100000000748,-14.699899999999616,6.20010000000002,2,10454.7999,10455.7999,10439.1,10453.7999,10444.5,10462.2,10444.2999,10460.0,28.701025945408244,26.718183039684263,53.553648834484356,53.29667574098079
2018-10-29 15:20:00,2018-10-29 15:25:00,session_end_forced,5,5 (+11 to +15 pts),11.199899999999616,-16.800100000000384,-13.100000000000364,1,10255.7999,10275.2999,10253.8999,10264.1,10264.1,10264.8999,10247.2999,10251.0,76.26392043081786,74.6641097848129,56.638690858678274,55.99578798861323
2018-10-30 15:15:00,2018-10-30 15:25:00,cross_down,1,1 (+0 to +3 pts),0.3999000000003434,-19.5,-17.600099999999657,2,10202.2,10207.8999,10192.7,10207.5,10201.1,10201.7,10188.0,10189.8999,42.73970831638921,42.62791502546809,61.17526295235201,30.358666614109957
2018-10-31 09:15:00,2018-10-31 09:50:00,cross_down,7,7 (+21 to +28 pts),26.5,-96.29999999999927,-90.60009999999966,7,10213.2999,10246.0,10205.1,10219.5,10182.7999,10183.2,10123.2,10128.8999,45.51147354501725,41.22615493650355,58.394625039400054,31.87882140719976
2018-10-31 10:30:00,2018-10-31 14:45:00,cross_down,10,10 (+64 to +504 pts),213.69989999999962,-17.100000000000364,205.39999999999964,51,10136.7999,10144.5,10126.0,10143.1,10354.8999,10356.7999,10347.1,10348.5,37.28253170331071,36.44231251295699,53.84384218121437,40.37720010788607
2018-10-31 15:05:00,2018-10-31 15:15:00,cross_down,3,3 (+5 to +8 pts),7.299999999999272,-9.0,-0.40010000000074797,2,10387.0,10391.5,10379.7,10388.7,10387.8999,10396.0,10386.5,10388.2999,80.83216275949835,80.39361768057462,59.240821668991885,74.93246614335288
2018-11-01 12:55:00,2018-11-01 13:30:00,cross_down,6,6 (+15 to +21 pts),15.0,-14.099899999999252,-9.399999999999636,7,10368.3999,10382.3999,10368.2,10382.2999,10383.2,10383.7,10371.6,10372.8999,56.807934050078366,56.125226479672214,67.60659401113293,18.51347697402742
2018-11-01 13:45:00,2018-11-01 14:00:00,cross_down,4,4 (+8 to +11 pts),9.29989999999998,-13.20010000000002,-13.0,3,10392.2,10401.8999,10389.6,10400.0,10406.2,10409.2999,10386.7999,10387.0,60.24198061447158,60.16935935684278,68.28952073232283,20.518764185342395
2018-11-02 09:15:00,2018-11-02 10:45:00,cross_down,10,10 (+64 to +504 pts),91.60009999999966,-19.699899999999616,67.60009999999966,18,10465.7999,10478.2,10457.7,10477.3999,10560.8999,10563.2999,10543.7999,10545.0,55.366182690638055,55.235059822667935,67.50268098787657,24.16176011023496
2018-11-05 11:45:00,2018-11-05 15:25:00,session_end_forced,9,9 (+41 to +64 pts),43.5,-14.400100000000748,34.79999999999927,44,10492.6,10499.8999,10491.1,10493.7,10532.0,10533.3999,10518.8999,10528.5,34.04446777846381,33.46487745243984,71.29679243376745,48.81688240765218
2018-11-06 12:50:00,2018-11-06 13:00:00,cross_down,3,3 (+5 to +8 pts),6.0,-8.79989999999998,-4.099899999999252,2,10571.2,10577.7999,10570.2,10571.7999,10565.0,10568.8999,10563.6,10567.7,60.57988182253669,59.04810982104796,64.61150724186017,25.41537645645444
2018-11-06 13:10:00,2018-11-06 13:15:00,cross_down,1,1 (+0 to +3 pts),2.899999999999636,-3.2001000000000204,-1.2001000000000204,1,10569.5,10573.7,10569.3999,10572.1,10573.6,10575.0,10568.8999,10570.8999,60.436534387750505,59.7717660529982,64.61150724186017,26.78156662681021
2018-11-06 13:25:00,2018-11-06 13:35:00,cross_down,3,3 (+5 to +8 pts),5.399999999999636,-14.700000000000728,-14.400100000000748,2,10570.8999,10579.1,10569.8999,10577.7,10579.2999,10581.6,10563.0,10563.2999,62.422593642675295,61.49985960763289,65.63539848133651,32.505221004444785
2018-11-06 14:55:00,2018-11-06 15:25:00,session_end_forced,7,7 (+21 to +28 pts),24.0,-7.0,5.199899999999616,6,10509.0,10518.1,10508.6,10515.6,10523.6,10530.0,10519.5,10520.7999,40.51092517330071,39.6225622729618,61.59318337538428,37.57599960551998
2018-11-09 14:30:00,2018-11-09 15:25:00,session_end_forced,6,6 (+15 to +21 pts),15.0,-13.300100000000384,-4.0,11,10577.2,10589.7,10576.8999,10585.6,10580.6,10584.7,10576.0,10581.6,46.42895453948573,45.13263487368327,60.316764137103604,24.632403247298107
2018-11-12 11:25:00,2018-11-12 11:50:00,cross_down,2,2 (+3 to +5 pts),3.899999999999636,-17.399900000000343,-12.600000000000364,5,10596.8999,10600.6,10593.8999,10600.3999,10588.2999,10592.8999,10585.3999,10587.7999,52.17813317474305,50.04237194016197,59.011103114891384,27.067852615565
2018-11-14 09:20:00,2018-11-14 09:30:00,cross_down,1,1 (+0 to +3 pts),2.7001000000000204,-18.899999999999636,-15.29989999999998,2,10636.2,10650.3999,10635.8999,10648.7999,10637.5,10645.1,10629.8999,10633.5,76.02461880921317,73.75656005938524,52.128354421725845,49.379877320771186
2018-11-14 14:50:00,2018-11-14 15:25:00,session_end_forced,7,7 (+21 to +28 pts),25.100000000000364,-7.399999999999636,-4.399999999999636,7,10569.7999,10576.2999,10567.0,10572.2999,10567.7999,10572.2999,10564.8999,10567.8999,44.329609984760175,41.64623348092018,57.63556107293506,39.4894881352451
2018-11-15 13:05:00,2018-11-15 13:25:00,cross_down,3,3 (+5 to +8 pts),6.100099999999657,-21.100000000000364,-19.5,4,10638.7,10642.3999,10633.8999,10640.3999,10628.1,10629.6,10619.2999,10620.8999,64.13384912879965,61.80688053735633,58.05756334986721,27.06429539486006
2018-11-16 09:25:00,2018-11-16 10:50:00,cross_down,9,9 (+41 to +64 pts),51.20010000000002,-2.3999000000003434,24.20010000000002,17,10648.1,10650.7,10642.2999,10643.8999,10678.5,10679.0,10665.6,10668.1,52.98994912625561,52.54058760151572,59.37423291651568,26.9954810030886
2018-11-16 12:25:00,2018-11-16 12:45:00,cross_down,2,2 (+3 to +5 pts),4.100000000000364,-9.0,-7.299999999999272,4,10676.7,10681.6,10674.3999,10677.5,10674.5,10679.0,10668.5,10670.2,57.44277648834498,57.27723624040685,64.056093776068,23.49719458237123
2018-11-16 13:10:00,2018-11-16 13:35:00,cross_down,3,3 (+5 to +8 pts),6.899900000000343,-7.899999999999636,-4.5,5,10683.8999,10684.8999,10679.7,10683.5,10683.2999,10684.1,10675.7999,10679.0,58.768173495121665,57.950205752067745,64.056093776068,19.574864951082034
2018-11-16 15:05:00,2018-11-16 15:25:00,session_end_forced,3,3 (+5 to +8 pts),6.70010000000002,-13.899900000000343,-3.7998999999999796,4,10670.0,10687.7,10669.5,10683.3999,10689.1,10690.1,10676.6,10679.6,47.93396904700867,46.53874364154935,64.55970368399977,39.74081930089613
2018-11-19 12:10:00,2018-11-19 12:15:00,cross_down,1,1 (+0 to +3 pts),2.7999999999992724,-3.400100000000748,-1.8001000000003842,1,10712.3999,10712.6,10707.7999,10711.2,10711.5,10714.0,10707.7999,10709.3999,59.19824832050507,58.876329447575756,66.90671428606976,19.40963571318899
2018-11-19 12:20:00,2018-11-19 12:30:00,cross_down,1,1 (+0 to +3 pts),1.8999999999996362,-6.200000000000728,-3.5,2,10709.5,10714.7999,10708.0,10714.2,10713.2999,10715.0,10709.1,10710.7,60.20035590104381,59.85770339065023,67.7738663989881,20.82854385903665
2018-11-19 13:40:00,2018-11-19 14:25:00,cross_down,7,7 (+21 to +28 pts),23.199899999999616,-2.300100000000384,0.7998999999999796,9,10723.5,10726.3999,10718.2999,10720.6,10739.1,10742.0,10720.3999,10721.3999,60.47125766063475,60.04942949346471,68.08616092428042,20.41078885401264
2018-11-19 15:10:00,2018-11-19 15:15:00,cross_down,3,3 (+5 to +8 pts),5.70010000000002,-5.699899999999616,3.0,1,10755.2999,10762.7999,10754.7,10760.3999,10760.2999,10766.1,10759.6,10763.3999,67.22669392739587,67.07064805515995,69.80277996136836,34.265084397439956
2018-11-19 15:20:00,2018-11-19 15:25:00,session_end_forced,1,1 (+0 to +3 pts),2.400100000000748,-9.099899999999252,-1.3999999999996362,1,10764.2999,10772.8999,10763.2,10772.2999,10772.1,10774.7,10767.6,10770.8999,71.52266199379756,69.4723505621801,72.12212204292408,38.044228364079636
2018-11-20 11:55:00,2018-11-20 12:50:00,cross_down,3,3 (+5 to +8 pts),5.5,-21.5,-17.099899999999252,11,10712.8999,10719.2999,10711.2999,10717.7999,10707.2,10707.7999,10696.2999,10700.7,45.93329922993697,43.848353576507776,66.6471156157849,33.56061113588216
2018-11-20 13:20:00,2018-11-20 13:30:00,cross_down,1,1 (+0 to +3 pts),2.0,-13.899999999999636,-12.899999999999636,2,10705.8999,10706.2999,10699.2999,10704.2999,10698.8999,10700.6,10690.3999,10691.3999,41.0793365022646,40.40409647216916,60.16545838077912,32.980161427166244
2018-11-20 15:00:00,2018-11-20 15:25:00,session_end_forced,3,3 (+5 to +8 pts),7.20010000000002,-21.5,-16.29989999999998,5,10643.2999,10665.7999,10642.7999,10664.2999,10653.2,10657.7999,10644.3999,10648.0,31.41751361566363,23.663436647942778,55.61820549336923,56.06380775882486
2018-11-27 13:05:00,2018-11-27 14:00:00,cross_down,8,8 (+29 to +41 pts),28.70010000000002,-6.699899999999616,-3.7998999999999796,11,10647.7,10651.0,10641.6,10648.2999,10661.3999,10661.8999,10643.7,10644.5,56.48589841679044,52.03095826339105,55.047086161643605,21.12445223121191
2018-11-27 14:50:00,2018-11-27 15:25:00,session_end_forced,4,4 (+8 to +11 pts),9.5,-8.100000000000364,-1.5,7,10681.1,10688.8999,10677.5,10685.6,10688.3999,10689.1,10683.0,10684.1,65.83110800155684,64.97186065159781,59.629637471893794,29.197571941982527
2018-11-28 12:25:00,2018-11-28 12:30:00,cross_down,2,2 (+3 to +5 pts),4.099899999999252,-8.600000000000364,-6.100000000000364,1,10755.7,10757.7999,10753.2999,10753.7,10753.8999,10754.7999,10745.1,10747.6,74.00154147942493,73.50279451511165,74.21490327036504,52.600495584253274
2018-11-29 09:20:00,2018-11-29 11:05:00,cross_down,8,8 (+29 to +41 pts),39.20010000000002,-13.5,18.5,21,10784.2999,10802.2999,10783.3999,10796.8999,10822.0,10822.5,10815.2999,10815.3999,55.523971207577,51.19737802088015,71.22365710515558,31.939896998715692
2018-11-30 14:00:00,2018-11-30 14:25:00,cross_down,3,3 (+5 to +8 pts),5.299999999999272,-16.100000000000364,-12.5,5,10849.1,10852.0,10847.2999,10851.2,10841.7999,10846.8999,10838.7,10838.7,39.481325421130634,37.61309787675367,73.15954485045965,30.029192229706027
2018-11-30 14:30:00,2018-11-30 15:25:00,session_end_forced,8,8 (+29 to +41 pts),38.5,-16.600099999999657,30.100000000000364,11,10838.8999,10853.0,10835.8999,10852.5,10886.7,10891.0,10880.7,10882.6,40.230293964000595,34.945319923849496,69.96283540393166,27.744601700808584
2018-12-03 13:10:00,2018-12-03 15:25:00,session_end_forced,8,8 (+29 to +41 pts),36.39990000000034,-7.899999999999636,31.700000000000728,27,10856.1,10859.3999,10850.6,10858.5,10883.7,10891.0,10882.2,10890.2,38.279249724805496,38.0810212512035,64.43445543066971,41.68812307101178
2018-12-04 10:15:00,2018-12-04 10:20:00,cross_down,1,1 (+0 to +3 pts),1.6000000000003638,-9.70010000000002,-9.5,1,10861.2,10867.1,10860.8999,10865.5,10865.1,10866.6,10855.7999,10856.0,46.36071030112564,45.57557284543019,57.88991403710741,17.798065669487293
2018-12-04 10:40:00,2018-12-04 10:45:00,cross_down,2,2 (+3 to +5 pts),3.5,-6.5,-6.5,1,10856.6,10864.5,10856.2999,10861.0,10860.7,10863.5,10854.5,10854.5,45.425518209392905,44.94419862057083,57.88991403710741,17.370554592048734
2018-12-04 11:45:00,2018-12-04 13:25:00,cross_down,5,5 (+11 to +15 pts),14.70010000000002,-8.399999999999636,-2.099899999999252,20,10846.5,10852.7,10845.7999,10852.2999,10849.8999,10853.5,10849.2999,10850.2,42.21085614395618,38.59111602240267,54.391640488609994,25.609975307298377
2018-12-04 13:30:00,2018-12-04 14:50:00,cross_down,7,7 (+21 to +28 pts),27.600000000000364,-5.29989999999998,14.20010000000002,16,10850.0,10856.6,10850.0,10855.2999,10872.7999,10874.2,10868.5,10869.5,47.32226271021761,45.59737775532618,52.02215927775613,21.66292347676383
2018-12-12 14:00:00,2018-12-12 15:25:00,session_end_forced,10,10 (+64 to +504 pts),74.0,-7.600000000000364,60.59989999999925,17,10670.7999,10680.7,10670.6,10678.2,10747.0,10747.2,10734.0,10738.7999,63.466280727584945,62.96556446085754,58.62714130580966,39.751274793662176
2018-12-13 13:30:00,2018-12-13 13:55:00,cross_down,4,4 (+8 to +11 pts),8.399999999999636,-19.400100000000748,-11.600000000000364,5,10813.0,10831.2999,10810.7999,10830.2,10828.2,10828.7,10817.2,10818.6,72.88853190105473,71.0982102673816,73.12833597135636,47.7172087881634
2018-12-14 09:40:00,2018-12-14 10:30:00,cross_down,6,6 (+15 to +21 pts),20.400100000000748,-14.199899999999616,-10.29989999999998,10,10794.2999,10800.1,10789.8999,10795.2999,10800.6,10802.5,10781.1,10785.0,50.909006961552244,49.696866095680356,71.52867307067332,32.44894140747682
2018-12-14 11:55:00,2018-12-14 13:35:00,cross_down,6,6 (+15 to +21 pts),15.399900000000343,-12.600099999999657,-8.600099999999657,20,10793.8999,10799.7,10793.8999,10795.0,10803.8999,10804.2999,10784.7999,10786.3999,50.10999798568145,47.27716626327707,69.13450565351896,36.50161976071579
2018-12-14 14:40:00,2018-12-14 15:25:00,session_end_forced,6,6 (+15 to +21 pts),20.0,-9.800100000000384,7.199899999999616,9,10790.5,10795.6,10785.6,10795.1,10805.2999,10806.7,10799.8999,10802.2999,49.06692925334576,48.5525023154043,65.41751120421935,19.230635908936247
2018-12-17 14:25:00,2018-12-17 15:25:00,cross_down,6,6 (+15 to +21 pts),18.199899999999616,-4.899999999999636,2.2998999999999796,12,10879.7999,10886.8999,10879.3999,10882.1,10890.0,10890.1,10882.1,10884.3999,59.992532851986056,56.75612619021435,69.71489473168037,25.230843960978696
2018-12-18 11:00:00,2018-12-18 13:55:00,cross_down,8,8 (+29 to +41 pts),41.0,-7.899999999999636,22.399999999999636,35,10830.6,10833.3999,10829.6,10832.6,10857.6,10861.5,10852.7999,10855.0,38.18849120440724,37.1967084982298,66.82512181900297,53.75602700308789
2018-12-18 14:05:00,2018-12-18 15:25:00,session_end_forced,9,9 (+41 to +64 pts),41.89990000000034,-8.799999999999272,39.89990000000034,16,10864.8999,10874.8999,10864.7,10873.5,10912.0,10915.1,10909.8999,10913.3999,59.156477273706564,57.6643777694678,60.391630520845574,29.164541284154772
2018-12-20 10:55:00,2018-12-20 13:50:00,cross_down,9,9 (+41 to +64 pts),47.899999999999636,-14.79989999999998,23.20010000000002,35,10901.2,10902.7,10897.2999,10899.8999,10919.2999,10923.2999,10916.1,10923.1,34.419606137648515,33.620745234977626,66.72208726828488,49.12186466646967
2018-12-20 14:10:00,2018-12-20 14:55:00,cross_down,4,4 (+8 to +11 pts),10.899999999999636,-16.300100000000384,-4.5,9,10916.2,10934.7999,10915.8999,10932.2,10933.8999,10934.5,10926.5,10927.7,49.41184822835908,48.541143693477935,58.015712774621726,25.97710121775578
2018-12-20 15:00:00,2018-12-20 15:25:00,session_end_forced,7,7 (+21 to +28 pts),27.600099999999657,-7.79989999999998,24.70010000000002,5,10927.3999,10939.5,10927.1,10934.8999,10958.3999,10962.5,10957.2,10959.6,53.09009741813503,52.047538212759925,57.28416975188535,16.173049196443255
2018-12-28 09:15:00,2018-12-28 11:00:00,cross_down,9,9 (+41 to +64 pts),49.399999999999636,-21.0,33.600000000000364,21,10823.5,10841.3999,10817.1,10838.1,10879.2999,10880.7999,10870.3999,10871.7,50.37512287539924,49.77159918658906,56.97921336419853,24.01771175044754
2018-12-28 13:40:00,2018-12-28 13:45:00,cross_down,1,1 (+0 to +3 pts),0.6998999999996158,-6.600000000000364,-6.399999999999636,1,10886.7999,10887.2999,10881.7999,10886.6,10886.6,10887.1,10880.0,10880.2,66.30729854484821,64.97688168819023,65.5417385626636,31.905271285246528
2018-12-31 09:40:00,2018-12-31 09:45:00,cross_down,3,3 (+5 to +8 pts),6.29989999999998,-8.20010000000002,3.100000000000364,1,10890.7,10898.3999,10888.8999,10897.1,10897.0,10903.3999,10896.8999,10900.2,52.68179006903083,52.11488359865481,64.13548193349496,28.064382775811072
2018-12-31 13:00:00,2018-12-31 15:00:00,cross_down,7,7 (+21 to +28 pts),24.899999999999636,-5.0,7.0,24,10862.3999,10865.1,10857.8999,10862.8999,10876.0,10880.2,10868.8999,10869.8999,42.523087310141776,41.17294059564328,63.513207270216114,19.269905683541484
2019-01-01 10:15:00,2019-01-01 12:45:00,cross_down,5,5 (+11 to +15 pts),12.399900000000343,-10.399999999999636,-8.600099999999657,30,10826.3999,10830.2,10822.3999,10830.0,10824.2,10825.8999,10819.6,10821.3999,33.07368966092507,31.74920188926029,54.907854876567974,25.966363472941694
2019-01-01 13:05:00,2019-01-01 13:40:00,cross_down,3,3 (+5 to +8 pts),5.399900000000343,-18.0,-16.100099999999657,7,10823.1,10827.5,10822.2999,10825.0,10812.0,10813.2,10807.0,10808.8999,35.93197346566959,35.420580376782276,51.247718332491964,33.89885223935144
2019-01-02 14:10:00,2019-01-02 15:25:00,session_end_forced,9,9 (+41 to +64 pts),49.199899999999616,-10.600000000000364,19.5,15,10755.7,10760.8999,10753.1,10760.6,10785.7,10787.5,10779.7,10780.1,26.36130219856302,25.624267669455435,50.344332757319435,73.01952398925086
2019-01-08 09:50:00,2019-01-08 10:55:00,cross_down,7,7 (+21 to +28 pts),21.79989999999998,-22.600099999999657,-14.0,13,10762.2999,10777.1,10760.7,10777.0,10764.7,10765.1,10754.3999,10763.0,43.003132780626565,39.08214079588419,55.39459944688684,49.512383733599236
2019-01-08 12:05:00,2019-01-08 14:50:00,cross_down,9,9 (+41 to +64 pts),59.600000000000364,-2.399999999999636,41.90010000000075,33,10758.1,10762.2,10757.7999,10758.7999,10801.7,10804.7,10798.1,10800.7,41.95754300568732,41.313752211432075,54.0445305452762,16.298109382131905
2019-01-09 09:20:00,2019-01-09 10:05:00,cross_down,5,5 (+11 to +15 pts),13.5,-8.29989999999998,-1.8999000000003434,9,10854.2999,10866.7999,10853.6,10856.8999,10864.7,10865.6,10853.6,10855.0,60.86789664413989,60.74587866475547,55.77834940737396,32.42937361002865
2019-01-09 12:55:00,2019-01-09 13:00:00,cross_down,2,2 (+3 to +5 pts),5.0,-4.0,-2.2999999999992724,1,10847.7999,10851.5,10845.3999,10846.5,10846.3999,10850.2999,10842.5,10844.2,55.05687774823744,54.81972469800892,60.63797747717007,23.793699468840245
2019-01-09 13:05:00,2019-01-09 13:45:00,cross_down,5,5 (+11 to +15 pts),12.70010000000002,-15.29989999999998,-13.699899999999616,8,10844.2,10851.6,10843.3999,10851.2999,10848.2,10848.2999,10836.0,10837.6,57.974450684368286,55.91236083390735,60.63797747717007,23.021971664130923
2019-01-09 14:45:00,2019-01-09 15:25:00,session_end_forced,9,9 (+41 to +64 pts),46.5,-7.899999999999636,30.0,8,10815.7,10821.3999,10811.6,10819.5,10855.7999,10856.0,10846.1,10849.5,45.13302229051607,45.08051740652338,58.55514674043549,36.20928327171019
2019-01-10 09:50:00,2019-01-10 10:00:00,cross_down,2,2 (+3 to +5 pts),4.5,-12.20010000000002,-10.800100000000384,2,10839.3999,10848.6,10837.7999,10846.6,10840.7999,10844.6,10834.3999,10835.7999,53.610042286314176,52.75266167360621,59.17586978611061,20.704114133005618
2019-01-10 10:20:00,2019-01-10 10:55:00,cross_down,4,4 (+8 to +11 pts),9.300100000000384,-12.699899999999616,-7.399900000000343,7,10838.5,10851.5,10837.2,10849.8999,10844.5,10845.0,10840.3999,10842.5,53.60147020252785,53.26971675855936,58.50027340262637,15.654496122892834
2019-01-10 12:50:00,2019-01-10 14:25:00,cross_down,5,5 (+11 to +15 pts),12.699899999999616,-22.300100000000384,-13.899999999999636,19,10823.8999,10826.3999,10820.5,10824.1,10809.3999,10815.7,10806.6,10810.2,44.220536147655025,42.70568295983143,55.77413398035804,26.10412128207303
2019-01-10 14:30:00,2019-01-10 14:35:00,cross_down,2,2 (+3 to +5 pts),5.199899999999616,-5.800100000000384,-2.900100000000748,1,10811.0,10817.7,10809.7999,10814.7,10815.7,10819.8999,10808.8999,10811.7999,45.54335902911335,44.44117848693549,54.670099031664996,27.280087214271184
2019-01-10 14:45:00,2019-01-10 15:25:00,session_end_forced,7,7 (+21 to +28 pts),23.199899999999616,-4.400100000000748,2.399999999999636,8,10811.2,10813.5,10808.7999,10813.2,10817.2999,10821.5,10812.2999,10815.6,43.052055970474335,42.820182785898226,54.670099031664996,27.079144244571687
2019-01-16 09:25:00,2019-01-16 09:30:00,cross_down,3,3 (+5 to +8 pts),7.20010000000002,-4.899900000000343,3.0,1,10919.5,10923.3999,10916.0,10920.8999,10920.6,10928.1,10918.7999,10923.8999,74.91847988684904,74.31823569762693,66.89976931081154,53.11850527303346
2019-01-16 12:45:00,2019-01-16 12:55:00,cross_down,2,2 (+3 to +5 pts),3.2001000000000204,-5.099899999999252,-4.399999999999636,2,10917.7999,10924.0,10915.7,10920.7999,10917.3999,10919.8999,10916.2999,10916.3999,62.99973265596291,62.64732848062188,69.74589645227707,26.806053926060244
2019-01-17 09:15:00,2019-01-17 10:30:00,cross_down,4,4 (+8 to +11 pts),10.300100000000384,-19.399900000000343,-6.899900000000343,15,10920.5,10929.2,10917.0,10918.8999,10917.2,10917.7999,10909.2,10912.0,50.27576104960988,45.59019179917068,65.8689394687429,28.28111555452507
2019-01-17 14:10:00,2019-01-17 15:25:00,session_end_forced,9,9 (+41 to +64 pts),57.20010000000002,-16.199899999999616,16.600099999999657,15,10862.2,10874.0,10857.2,10873.3999,10897.2,10899.2999,10888.7,10890.0,34.79169472393775,31.21385593367348,62.691287500726176,47.99945326107309
2019-01-18 09:45:00,2019-01-18 09:50:00,cross_down,2,2 (+3 to +5 pts),3.7998999999999796,-15.70010000000002,-13.600099999999657,1,10891.2999,10907.2999,10890.1,10903.5,10903.2,10903.5,10887.7999,10889.8999,48.26662191997673,48.085908357072,57.699696281494035,23.256808695456712
2019-01-18 10:45:00,2019-01-18 12:10:00,cross_down,3,3 (+5 to +8 pts),7.800100000000384,-22.5,-18.29989999999998,17,10870.5,10893.7999,10869.8999,10892.3999,10874.2,10878.0,10870.6,10874.1,44.72964204962126,42.041577282664036,55.16020455018065,25.84650001967524
2019-01-18 12:15:00,2019-01-18 12:20:00,cross_down,1,1 (+0 to +3 pts),1.6000000000003638,-9.79989999999998,-7.899999999999636,1,10874.2,10882.3999,10874.0,10880.7999,10880.7,10882.1,10871.0,10872.8999,46.607092837165155,46.399561024153456,51.94494290104646,18.34750596915338
2019-01-18 13:15:00,2019-01-18 14:55:00,cross_down,8,8 (+29 to +41 pts),33.70010000000002,-8.899999999999636,9.900100000000748,20,10873.2999,10883.0,10872.8999,10881.7999,10900.3999,10903.7,10891.2999,10891.7,46.53864042889792,43.22578431967729,50.59121242810707,32.25924974426983
2019-01-18 15:05:00,2019-01-18 15:25:00,session_end_forced,3,3 (+5 to +8 pts),5.29989999999998,-11.0,-2.1000999999996566,4,10903.1,10910.5,10902.7999,10910.0,10915.1,10915.2999,10906.6,10907.8999,57.76635957275424,56.484639996718755,52.587734562843856,17.181039671738173
2019-01-21 09:40:00,2019-01-21 10:35:00,cross_down,8,8 (+29 to +41 pts),34.199899999999616,-15.5,25.199899999999616,11,10939.0,10962.8999,10937.7,10953.2,10982.7999,10986.1,10977.8999,10978.3999,64.5568371178402,61.37826399124321,55.79266698860562,23.625228015541047
2019-01-22 10:30:00,2019-01-22 15:25:00,session_end_forced,6,6 (+15 to +21 pts),17.199899999999616,-50.100000000000364,3.899999999999636,59,10913.8999,10919.1,10912.7,10914.2,10926.7999,10927.3999,10915.6,10918.1,32.600942412498675,30.136703302183847,61.327476848461735,43.757211143732505
2019-01-31 13:10:00,2019-01-31 14:05:00,cross_down,9,9 (+41 to +64 pts),44.899999999999636,-3.5,25.5,11,10767.2,10770.3999,10765.1,10768.6,10797.5,10798.5,10789.7,10794.1,67.2502083676929,66.95340492956477,54.59361048182841,31.663038654394512
2019-02-01 12:35:00,2019-02-01 12:40:00,cross_down,3,3 (+5 to +8 pts),5.400100000000748,-43.5,-30.599899999999252,1,10943.8999,10958.7,10940.8999,10953.2999,10953.3999,10953.7,10909.7999,10922.7,70.5832487921915,69.86946322076686,73.23040162730388,36.0013537304282
2019-02-01 15:15:00,2019-02-01 15:25:00,session_end_forced,1,1 (+0 to +3 pts),1.8999000000003434,-10.399999999999636,-5.20010000000002,2,10891.2999,10899.8999,10887.6,10898.0,10891.5,10899.6,10888.8999,10892.7999,51.58261417379332,51.32949752990704,70.22538269598179,25.360757905676557
2019-02-04 10:25:00,2019-02-04 10:35:00,cross_down,1,1 (+0 to +3 pts),0.5,-16.70010000000002,-13.899999999999636,2,10845.8999,10859.3999,10844.7999,10859.1,10847.3999,10849.8999,10842.3999,10845.2,44.979431751343505,44.75953041977127,65.40007700144812,27.702815115139003
2019-02-04 10:45:00,2019-02-04 11:05:00,cross_down,2,2 (+3 to +5 pts),3.300100000000384,-20.599899999999252,-19.199899999999616,4,10848.7999,10855.6,10848.2,10852.2999,10839.1,10844.2999,10831.7,10833.1,45.589364862892154,43.82298165579243,65.40007700144812,24.015308015265
2019-02-04 11:20:00,2019-02-04 12:45:00,cross_down,7,7 (+21 to +28 pts),21.199899999999616,-7.600000000000364,-3.800100000000384,17,10838.7999,10845.8999,10837.8999,10842.1,10837.8999,10843.2999,10834.5,10838.2999,41.476884655745856,41.15347123065434,62.03950110620163,29.90478533124447
2019-02-04 13:25:00,2019-02-04 15:25:00,session_end_forced,10,10 (+64 to +504 pts),91.5,-12.100000000000364,74.0,24,10839.6,10840.7,10832.2999,10836.3999,10907.5,10912.7999,10905.2,10910.3999,43.25376767824983,42.49227553077035,58.3263992070603,24.937474222059482
2019-02-05 12:05:00,2019-02-05 12:35:00,cross_down,2,2 (+3 to +5 pts),3.2998999999999796,-8.799999999999272,-4.20010000000002,6,10939.3999,10948.6,10938.0,10946.5,10946.5,10947.3999,10942.2999,10942.2999,64.6406606586191,64.61927146908943,61.57773170128495,29.286577978369657
2019-02-06 09:20:00,2019-02-06 10:10:00,cross_down,4,4 (+8 to +11 pts),8.0,-33.5,-17.800100000000384,10,10977.7,11012.2,10977.1,11010.6,11001.6,11004.7999,10991.7999,10992.7999,60.12598863968624,55.82772339217945,64.24462677017333,38.65899805260419
2019-02-06 12:05:00,2019-02-06 12:55:00,cross_down,6,6 (+15 to +21 pts),18.5,-4.900100000000748,11.299999999999272,10,11013.7999,11019.7,11012.2999,11017.2,11026.7,11030.2999,11023.8999,11028.5,67.28974145007444,65.30778193588527,69.05948571000548,26.519727931104093
2019-02-06 13:05:00,2019-02-06 13:15:00,cross_down,1,1 (+0 to +3 pts),2.7999999999992724,-10.300100000000384,-7.300100000000384,2,11033.1,11043.7999,11032.3999,11042.7,11039.1,11041.8999,11035.1,11035.3999,71.5721577956862,70.34316561541041,71.45567879191185,45.46622215674948
2019-02-07 13:35:00,2019-02-07 14:55:00,cross_down,8,8 (+29 to +41 pts),29.0,-3.100000000000364,17.300100000000384,16,11083.7,11088.1,11081.2999,11084.3999,11104.2,11106.0,11101.7,11101.7,53.11294166113727,51.779769767831986,84.16058279425005,19.61404863589358
2019-02-08 10:55:00,2019-02-08 15:05:00,cross_down,7,7 (+21 to +28 pts),22.29989999999998,-57.0,-47.399999999999636,50,10999.2,11004.2,10998.5,11000.6,10969.6,10971.7999,10943.6,10953.2,29.96441705690966,29.83677342652964,67.46463018370726,61.876731620852716
2019-02-21 11:25:00,2019-02-21 11:50:00,cross_down,4,4 (+8 to +11 pts),10.399999999999636,-9.0,-4.600000000000364,5,10759.7999,10768.7999,10759.1,10768.1,10766.8999,10767.0,10760.7,10763.5,71.61202564981471,69.63992510729584,56.73466484737464,33.68053340674038
2019-02-22 10:15:00,2019-02-22 11:00:00,cross_down,1,1 (+0 to +3 pts),2.5,-13.699899999999616,-10.199899999999616,9,10792.5,10798.8999,10791.7999,10796.3999,10790.7999,10791.1,10782.7,10786.2,57.294465360762885,56.24026336464051,66.20967916791423,28.04367381335349
2019-02-22 13:45:00,2019-02-22 14:35:00,cross_down,6,6 (+15 to +21 pts),19.299999999999272,-10.300100000000384,-0.1000000000003638,10,10777.7,10783.0,10771.8999,10782.2,10783.8999,10786.6,10776.7,10782.1,47.914059662228915,47.53041186491766,64.5428317786046,17.366285792114194
2019-02-22 15:20:00,2019-02-22 15:25:00,session_end_forced,1,1 (+0 to +3 pts),1.8001000000003842,-8.600000000000364,-4.399900000000343,1,10792.2999,10797.3999,10790.7999,10795.8999,10795.7999,10797.7,10787.2999,10791.5,54.720122227688705,53.721741740657244,64.42653503637825,11.453893251835119
2019-02-25 11:30:00,2019-02-25 11:45:00,cross_down,1,1 (+0 to +3 pts),1.400100000000748,-6.599899999999252,-6.0,3,10809.6,10813.8999,10807.7,10813.2999,10813.5,10814.5,10806.7,10807.2999,61.97781347379029,61.27358656098823,67.39825267472,24.70914642522413
2019-02-25 12:05:00,2019-02-25 12:30:00,cross_down,3,3 (+5 to +8 pts),5.79989999999998,-10.20010000000002,0.1000000000003638,5,10814.1,10823.7,10812.3999,10822.6,10819.7,10822.8999,10816.2999,10822.7,63.631084866476506,63.598715351501205,67.39825267472,26.993820011621715
2019-02-25 13:25:00,2019-02-25 13:30:00,cross_down,1,1 (+0 to +3 pts),2.100000000000364,-4.20010000000002,-0.7001000000000204,1,10840.3999,10840.3999,10834.2999,10838.5,10839.8999,10840.6,10835.6,10837.7999,71.84516077023055,71.29874325946753,71.59663141876035,40.970231116468405
2019-02-26 10:45:00,2019-02-26 13:30:00,cross_down,10,10 (+64 to +504 pts),72.29989999999998,-11.399999999999636,50.29989999999998,33,10784.1,10792.7999,10780.7,10792.1,10850.2,10850.3999,10841.1,10842.3999,46.455339357160106,42.2158618006701,69.41999326591383,38.62638000938114
2019-02-26 14:25:00,2019-02-26 14:50:00,cross_down,7,7 (+21 to +28 pts),22.900100000000748,-21.0,-19.5,5,10862.2999,10867.6,10856.6,10865.7999,10880.2,10881.0,10844.7999,10846.2999,61.80741398426391,61.42157258051762,61.269155899786256,16.797647803538386
2019-02-27 09:25:00,2019-02-27 11:10:00,cross_down,8,8 (+29 to +41 pts),34.100000000000364,-7.0,20.600000000000364,21,10900.8999,10908.7,10898.5,10905.5,10925.2,10927.7,10921.6,10926.1,57.326346308628665,54.683398218768644,57.81253926295675,43.92579025500492
2019-02-27 13:10:00,2019-02-27 15:25:00,session_end_forced,9,9 (+41 to +64 pts),58.600000000000364,-20.199899999999616,8.900100000000748,27,10788.2,10790.2999,10780.2,10784.2999,10800.6,10803.7999,10792.7,10793.2,38.49427005471557,37.951082775878106,57.05878905780631,35.94490531155454
2019-03-01 14:05:00,2019-03-01 15:25:00,session_end_forced,9,9 (+41 to +64 pts),42.199899999999616,-4.400100000000748,25.599899999999252,16,10839.0,10839.8999,10835.2,10835.7,10861.5,10864.1,10858.0,10861.2999,47.69029599519899,46.90949197127297,52.27020672294995,26.35123968143958
2019-03-05 10:25:00,2019-03-05 12:15:00,cross_down,8,8 (+29 to +41 pts),29.600099999999657,-7.100000000000364,23.600099999999657,22,10867.0,10872.7999,10865.2999,10872.3999,10899.0,10899.5,10893.0,10896.0,58.94651500619101,56.34043174310917,55.890543073036426,36.74015458847707
2019-03-05 12:35:00,2019-03-05 13:10:00,cross_down,5,5 (+11 to +15 pts),11.299999999999272,-4.0,2.399999999999636,7,10907.3999,10912.1,10905.7,10909.7,10913.7,10918.7,10910.5,10912.1,75.46320993735165,74.74129356125944,60.55003241310779,50.82913087665229
2019-03-06 14:50:00,2019-03-06 15:25:00,cross_down,6,6 (+15 to +21 pts),15.699899999999616,-4.300100000000384,1.8999999999996362,7,11047.3999,11049.2,11043.5,11046.6,11057.7,11059.2999,11046.2,11048.5,59.11242653235305,58.691326138590625,81.25218751596776,16.90664054817363
2019-03-07 13:30:00,2019-03-07 14:55:00,cross_down,8,8 (+29 to +41 pts),39.29999999999927,-11.800100000000384,22.899999999999636,17,11038.0,11050.2,11037.8999,11049.7,11072.2,11075.0,11070.7999,11072.6,49.85630422061971,45.34831533463003,74.69156379769095,22.337904631198473
2019-03-08 10:20:00,2019-03-08 12:35:00,cross_down,6,6 (+15 to +21 pts),16.799999999999272,-13.300100000000384,-11.900100000000748,27,11027.5,11035.2999,11025.7999,11032.2,11035.0,11035.5,11018.8999,11020.2999,40.32088705487606,39.77142290393866,65.71242897001954,43.69844375514783
2019-03-08 13:35:00,2019-03-08 15:25:00,session_end_forced,6,6 (+15 to +21 pts),19.0,-12.20010000000002,12.5,22,11018.0,11025.5,11017.7,11025.1,11037.3999,11041.6,11034.7,11037.6,41.73205765851708,39.26703184044757,57.49708415874121,35.74268037285524
2019-03-12 09:20:00,2019-03-12 10:50:00,cross_down,9,9 (+41 to +64 pts),50.60009999999966,-7.5,43.20010000000002,18,11249.6,11256.7999,11246.8999,11254.3999,11295.6,11298.1,11289.7999,11297.6,75.22058193960396,72.31612786335148,74.67261839457413,41.251474610330774
2019-03-12 14:40:00,2019-03-12 14:45:00,cross_down,1,1 (+0 to +3 pts),2.899999999999636,-8.600000000000364,-6.5,1,11304.2,11310.7999,11303.2999,11307.8999,11308.2,11309.5,11299.2999,11301.3999,67.67745405941818,65.16752139219369,80.10677717104994,38.58657284355786
2019-03-12 14:50:00,2019-03-12 15:05:00,cross_down,5,5 (+11 to +15 pts),13.5,-5.79989999999998,-2.699899999999616,3,11302.7,11307.2,11301.1,11306.8999,11315.5,11315.7999,11303.8999,11304.2,68.31055543856583,67.58132658049665,80.10677717104994,40.760049176722404
2019-03-13 09:50:00,2019-03-13 10:00:00,cross_down,1,1 (+0 to +3 pts),1.900100000000748,-21.29989999999998,-19.099899999999252,2,11335.8999,11337.7,11329.3999,11335.7999,11323.0,11323.1,11314.5,11316.7,67.17165668258818,64.35324357052744,79.21611315185507,46.0533758679418
2019-03-13 11:35:00,2019-03-13 11:55:00,cross_down,3,3 (+5 to +8 pts),5.299999999999272,-9.200000000000728,-8.5,4,11316.5,11321.0,11313.8999,11318.7,11315.7,11318.2999,11309.5,11310.2,59.066132417984626,58.514016310208945,78.59161995559447,19.90564643489353
2019-03-13 13:25:00,2019-03-13 14:20:00,cross_down,7,7 (+21 to +28 pts),27.600000000000364,-8.399999999999636,14.29989999999998,11,11314.7999,11322.5,11313.1,11321.5,11338.5,11339.0,11332.7,11335.7999,56.29928208470482,55.72752542737019,78.77303932637955,20.134818973677586
2019-03-14 09:20:00,2019-03-14 09:35:00,cross_down,3,3 (+5 to +8 pts),6.0,-13.29989999999998,-3.0,3,11373.1,11383.3999,11372.5,11377.3999,11369.7,11375.2999,11364.1,11374.3999,63.295825901473115,61.75771659575101,81.25834412500865,35.82626398391784
2019-03-14 09:40:00,2019-03-14 09:45:00,cross_down,3,3 (+5 to +8 pts),6.70010000000002,-8.599899999999252,3.0,1,11374.1,11375.2999,11366.2,11374.7999,11374.8999,11381.5,11372.0,11377.7999,65.28410180872585,65.2768328715199,81.25834412500865,39.25770933645319
2019-03-14 13:30:00,2019-03-14 15:20:00,cross_down,7,7 (+21 to +28 pts),25.100099999999657,-11.600000000000364,1.2001000000000204,22,11338.2,11343.7999,11335.3999,11339.3999,11342.0,11344.2,11336.7999,11340.6,47.02659722661325,46.185891627255415,76.09771383101017,37.21814056180324
2019-03-18 12:50:00,2019-03-18 14:15:00,cross_down,6,6 (+15 to +21 pts),15.100000000000364,-25.100000000000364,-21.399999999999636,17,11433.5,11443.1,11432.8999,11437.6,11428.3999,11428.6,11412.5,11416.2,44.762620309946755,44.188184323843394,69.5785681190678,22.33219319772883
2019-03-18 14:30:00,2019-03-18 15:25:00,session_end_forced,9,9 (+41 to +64 pts),44.29999999999927,-20.100000000000364,42.699899999999616,11,11431.2999,11439.6,11430.5,11437.7,11473.0,11482.0,11472.3999,11480.3999,46.20891155675087,43.73522914191801,63.89142687336066,16.949223309631886
2019-03-19 10:50:00,2019-03-19 11:15:00,cross_down,4,4 (+8 to +11 pts),9.699899999999616,-6.600000000000364,-5.300100000000384,5,11479.5,11483.5,11478.7999,11481.6,11478.5,11480.0,11475.0,11476.2999,60.06002082283985,58.29067560042058,63.019434604945104,27.23387505790967
2019-03-19 12:05:00,2019-03-19 12:15:00,cross_down,1,1 (+0 to +3 pts),2.300100000000384,-5.100000000000364,-4.5,2,11482.7,11486.2,11481.7999,11483.8999,11482.0,11484.1,11478.7999,11479.3999,59.71786793709983,58.656951875576965,63.04424221292339,19.169869223548922
2019-03-19 13:35:00,2019-03-19 14:40:00,cross_down,8,8 (+29 to +41 pts),41.0,-4.899999999999636,21.900100000000748,13,11481.2999,11481.6,11474.8999,11479.7999,11519.3999,11520.7999,11500.0,11501.7,55.274793001633,54.67960959434019,62.04643547532979,18.85337494946686
2019-03-20 13:50:00,2019-03-20 14:40:00,cross_down,6,6 (+15 to +21 pts),20.299999999999272,-6.5,-5.100000000000364,10,11524.1,11526.1,11522.7999,11525.7,11528.3999,11530.2,11519.2,11520.6,48.34160034489841,47.75733363115809,65.59235934703355,22.273209717806274
2019-03-20 14:45:00,2019-03-20 14:50:00,cross_down,1,1 (+0 to +3 pts),1.8999000000003434,-10.0,-7.899999999999636,1,11520.6,11531.8999,11520.5,11530.5,11531.3999,11532.3999,11521.1,11522.6,52.40596095768499,51.47409418527422,65.55416145980502,23.617982941315248
2019-03-22 09:15:00,2019-03-22 10:20:00,cross_down,5,5 (+11 to +15 pts),12.900100000000748,-20.899999999999636,-8.0,13,11548.3999,11566.1,11538.8999,11559.7999,11555.0,11555.8999,11549.2,11551.7999,50.09021557100792,48.394623634779855,61.640297443007434,29.777691281014746
2019-03-22 12:20:00,2019-03-22 14:05:00,cross_down,7,7 (+21 to +28 pts),23.300100000000384,-24.29989999999998,-20.199899999999616,21,11489.6,11501.8999,11489.2999,11497.7999,11485.1,11485.5,11473.5,11477.6,40.69855569294006,38.9944748891884,55.88162281139397,44.24428705982078
2019-03-27 14:40:00,2019-03-27 15:10:00,cross_down,1,1 (+0 to +3 pts),3.0,-37.10009999999966,-32.29999999999927,6,11478.5,11482.0,11468.2999,11481.5,11459.8999,11461.2,11444.3999,11449.2,44.91501865687629,41.77231922143778,60.96553970593588,37.05075230457109
2019-03-28 09:15:00,2019-03-28 11:25:00,cross_down,9,9 (+41 to +64 pts),48.5,-20.300100000000384,22.299999999999272,26,11463.2999,11474.0,11452.3999,11472.7,11503.6,11504.5,11493.2,11495.0,39.890170865358755,38.09684813158642,54.960038995577484,34.116061753499196
2019-03-28 12:10:00,2019-03-28 12:50:00,cross_down,6,6 (+15 to +21 pts),15.800100000000384,-8.5,2.899999999999636,8,11507.1,11513.8999,11507.0,11509.3999,11508.8999,11513.7,11500.8999,11512.2999,55.192296227779536,54.02140158576347,56.869402624255066,15.128296440552973
2019-03-28 13:40:00,2019-03-28 14:35:00,cross_down,8,8 (+29 to +41 pts),29.200000000000728,-17.799999999999272,-3.7999999999992724,11,11520.7,11538.1,11518.2,11536.0,11543.6,11546.1,11529.1,11532.2,58.12561185696313,57.52684620107196,58.750499895224024,25.18478240351089
2019-03-29 09:15:00,2019-03-29 09:30:00,cross_down,5,5 (+11 to +15 pts),11.5,-28.5,-23.800100000000384,3,11627.1,11630.2,11606.8999,11618.7,11610.6,11610.8999,11590.2,11594.8999,69.35709319065987,67.73968163899522,65.81227817407795,48.397443486937846
2019-03-29 13:20:00,2019-03-29 13:45:00,cross_down,4,4 (+8 to +11 pts),8.100000000000364,-11.5,-10.100000000000364,5,11600.7999,11610.2999,11600.6,11603.1,11609.8999,11610.3999,11591.6,11593.0,61.02711664426677,60.7071071335664,69.67413686227844,27.836842895085013
2019-03-29 14:35:00,2019-03-29 15:25:00,cross_down,5,5 (+11 to +15 pts),11.79989999999998,-12.899999999999636,-7.899999999999636,10,11616.7999,11620.1,11614.5,11618.5,11629.7,11630.2999,11610.2999,11610.6,63.6578815360964,61.680330178691094,70.43744569713024,35.68008409017711
2019-04-01 09:15:00,2019-04-01 10:35:00,cross_down,8,8 (+29 to +41 pts),35.100000000000364,-16.600099999999657,12.0,16,11663.8999,11687.7999,11663.8999,11680.5,11705.1,11705.6,11691.8999,11692.5,64.03789001086918,60.974420864588424,71.83510079783304,24.76679123064616
2019-04-01 14:15:00,2019-04-01 14:40:00,cross_down,5,5 (+11 to +15 pts),13.0,-13.600000000000364,-11.0,5,11722.0,11728.0,11720.5,11725.1,11733.8999,11737.5,11711.5,11714.1,67.50162446942339,67.34386724259323,77.81975608720057,46.4002839762767
2019-04-02 10:15:00,2019-04-02 10:30:00,cross_down,2,2 (+3 to +5 pts),3.6000999999996566,-16.399900000000343,-16.199899999999616,3,11680.3999,11682.5,11675.7999,11678.8999,11674.1,11674.7,11662.5,11662.7,45.81950773923421,45.406720395639944,67.49322923539698,17.28159664190791
2019-04-02 10:45:00,2019-04-02 12:55:00,cross_down,8,8 (+29 to +41 pts),38.20010000000002,-11.899999999999636,14.600000000000364,26,11672.0,11679.5,11671.2,11676.2999,11690.6,11694.7,11686.2,11690.8999,46.102662843918225,44.78246202347939,67.49322923539698,14.098645085940866
2019-04-02 15:00:00,2019-04-02 15:25:00,session_end_forced,8,8 (+29 to +41 pts),32.0,-7.0,25.600000000000364,5,11695.5,11699.7999,11690.2999,11697.2999,11722.8999,11726.2999,11716.0,11722.8999,50.57537001120707,49.612389571374614,62.89491400768203,18.684101698771205
2019-04-03 13:10:00,2019-04-03 13:35:00,cross_down,2,2 (+3 to +5 pts),3.900100000000748,-11.699899999999616,-11.599899999999252,5,11739.2999,11749.5,11738.7999,11748.7999,11744.0,11747.2999,11737.1,11737.2,58.434513591064224,55.12557497006638,65.45454184310616,24.50020600038082
2019-04-04 09:30:00,2019-04-04 13:55:00,cross_down,4,4 (+8 to +11 pts),10.20010000000002,-55.29989999999998,-29.5,53,11639.3999,11655.2999,11637.1,11652.2999,11630.7,11636.5,11620.8999,11622.7999,28.81739896871852,23.64394623235003,51.88909354821907,46.91611338908254
2019-04-10 12:40:00,2019-04-10 13:15:00,cross_down,6,6 (+15 to +21 pts),15.5,-3.100000000000364,3.899999999999636,7,11662.1,11666.1,11658.2999,11660.1,11665.7,11666.2,11661.6,11664.0,55.39404727133097,54.49143622682111,54.94397491933192,22.81215464014329
2019-04-10 14:40:00,2019-04-10 15:25:00,session_end_forced,5,5 (+11 to +15 pts),12.100000000000364,-32.399999999999636,-21.399999999999636,9,11599.0,11605.0,11592.7999,11604.1,11583.7999,11586.5,11578.7,11582.7,35.05280853385976,33.498056721883465,52.77916009479857,48.97239635751765
2019-04-15 14:20:00,2019-04-15 14:25:00,cross_down,1,1 (+0 to +3 pts),2.2001000000000204,-9.79989999999998,-7.0,1,11696.6,11702.3999,11692.5,11702.2999,11702.8999,11704.5,11694.7,11695.2999,64.51300843131675,64.36738785456747,67.94219572758254,24.01486317674657
2019-04-16 09:20:00,2019-04-16 10:45:00,cross_down,8,8 (+29 to +41 pts),38.10009999999966,-8.29989999999998,34.5,17,11745.7999,11750.3999,11740.6,11748.8999,11782.7,11784.0,11780.6,11783.3999,62.95367193976092,60.06774495579823,69.40375901503397,28.86542117819997
2019-04-18 11:15:00,2019-04-18 11:35:00,cross_down,2,2 (+3 to +5 pts),3.899999999999636,-15.900100000000748,-11.800100000000384,4,11763.8999,11766.8999,11761.6,11766.7,11754.8999,11758.7999,11750.7999,11754.8999,46.081105712331244,44.63214561240192,70.05636296379497,26.367505862434196
2019-04-18 12:00:00,2019-04-18 12:10:00,cross_down,2,2 (+3 to +5 pts),4.800100000000384,-4.0,-3.899999999999636,2,11754.3999,11757.3999,11752.5,11755.7999,11755.1,11758.0,11751.7999,11751.8999,41.058807385339186,41.052994283964566,70.05636296379497,22.836573627367237
2019-04-18 12:30:00,2019-04-18 14:55:00,cross_down,8,8 (+29 to +41 pts),37.70010000000002,-4.199899999999616,21.400100000000748,29,11752.3999,11755.7,11750.1,11754.2999,11776.2999,11777.7999,11773.7,11775.7,41.0229501801161,38.987869855184606,66.37136900648113,22.688227640666355
2019-04-22 10:20:00,2019-04-22 15:25:00,session_end_forced,3,3 (+5 to +8 pts),6.0,-81.70010000000002,-73.70010000000002,61,11666.5,11670.1,11664.1,11665.6,11593.2,11597.1,11590.0,11591.8999,28.73490277730452,26.526800519579265,51.51077731027816,54.80312887012235
2019-04-26 09:20:00,2019-04-26 14:55:00,cross_down,10,10 (+64 to +504 pts),75.80010000000038,-9.699899999999616,58.0,67,11693.6,11695.7,11670.7,11671.3999,11730.3999,11731.2,11725.3999,11729.3999,35.56135501140341,34.240472153149696,56.433269762637195,43.90948698217781
2019-04-26 15:00:00,2019-04-26 15:25:00,cross_down,4,4 (+8 to +11 pts),8.899900000000343,-23.899999999999636,-7.899999999999636,5,11731.2,11760.5,11730.1,11754.0,11755.8999,11757.8999,11746.0,11746.1,67.97891822484304,66.48788776919667,53.348313239547274,31.558375519838204
2019-04-30 10:55:00,2019-04-30 13:30:00,cross_down,7,7 (+21 to +28 pts),26.800100000000384,-9.699899999999616,9.800100000000384,31,11681.5,11691.7999,11681.1,11690.7999,11703.3999,11705.7,11694.2,11700.6,42.96857376704796,42.4914486453096,53.78234259923789,40.828279961327496
2019-04-30 14:10:00,2019-04-30 15:25:00,session_end_forced,9,9 (+41 to +64 pts),47.5,-16.900100000000748,30.699899999999616,15,11707.8999,11712.7999,11703.3999,11708.7,11748.7,11749.5,11738.6,11739.3999,50.644637508284966,47.81768613111797,52.031898094630264,26.362940863402585
2019-05-02 10:05:00,2019-05-02 10:55:00,cross_down,6,6 (+15 to +21 pts),17.5,-26.399999999999636,-4.099899999999252,10,11745.7,11772.2,11745.3999,11771.7999,11774.2,11774.2,11766.3999,11767.7,59.91203104430279,58.03066396215666,55.17201001534919,25.91809292286028
2019-05-02 13:45:00,2019-05-02 14:35:00,cross_down,7,7 (+21 to +28 pts),26.600099999999657,-9.699899999999616,-0.5,10,11744.2,11748.7999,11738.2,11747.8999,11751.3999,11757.2,11742.2,11747.3999,48.25297211793587,47.36331044565475,56.197817435645845,27.853551949161986
2019-05-03 09:20:00,2019-05-03 11:20:00,cross_down,6,6 (+15 to +21 pts),18.0,-13.700000000000728,1.099899999999252,24,11750.0,11751.3999,11741.2,11750.2,11756.8999,11757.7999,11747.0,11751.2999,46.76039103547862,44.60546245632015,53.30257407790151,32.250488230883896
2019-05-03 12:35:00,2019-05-03 13:20:00,cross_down,3,3 (+5 to +8 pts),7.400100000000748,-12.0,-9.29989999999998,9,11755.3999,11756.5,11750.0,11750.7999,11752.2,11753.3999,11738.7999,11741.5,50.14330929207642,49.21620684352092,53.98305308969632,27.142277598652075
2019-05-03 13:55:00,2019-05-03 14:30:00,cross_down,5,5 (+11 to +15 pts),12.399900000000343,-23.100099999999657,-16.100099999999657,7,11756.1,11758.7,11754.0,11758.5,11744.1,11746.0,11735.3999,11742.3999,51.003648618019945,47.95397886961657,53.88078272804384,25.12414736503558
2019-05-15 13:45:00,2019-05-15 14:55:00,cross_down,9,9 (+41 to +64 pts),43.300100000000384,-27.699899999999616,-26.899900000000343,14,11235.6,11239.7,11230.5,11235.3999,11234.2,11235.1,11207.7,11208.5,42.75222181329432,42.40534111281881,50.15689628553503,37.14764127086448
2019-05-20 09:20:00,2019-05-20 09:30:00,cross_down,8,8 (+29 to +41 pts),29.399999999999636,-46.0,-41.800100000000384,2,11643.7,11667.1,11631.1,11637.7,11609.3999,11622.6,11591.7,11595.8999,78.27762744222964,75.72467954348353,72.60720247835981,48.672402087724564
2019-05-21 15:00:00,2019-05-21 15:25:00,session_end_forced,8,8 (+29 to +41 pts),31.0,-7.29989999999998,20.0,5,11685.5,11703.3999,11684.6,11691.8999,11710.7,11713.7999,11706.2,11711.8999,28.97982136884975,28.6067320083898,78.15191353390577,49.60683924386646
2019-05-22 11:30:00,2019-05-22 12:35:00,cross_down,4,4 (+8 to +11 pts),9.100000000000364,-34.09989999999925,-23.399999999999636,13,11727.3999,11738.3999,11726.5,11729.2999,11710.2,11714.2999,11695.2,11705.8999,45.22253613265035,44.32237441792894,63.41817207620238,27.34597299196676
2019-05-22 13:05:00,2019-05-22 14:35:00,cross_down,9,9 (+41 to +64 pts),56.899999999999636,-20.29989999999998,-4.899900000000343,18,11716.7999,11728.6,11711.8999,11727.8999,11737.0,11739.1,11707.6,11723.0,45.275961084321246,40.67467248449591,61.80907792614159,27.206239997247945
2019-05-23 13:15:00,2019-05-23 13:40:00,cross_down,2,2 (+3 to +5 pts),4.5,-41.70010000000002,-34.20010000000002,5,11847.2999,11860.5,11846.1,11856.0,11825.0,11828.0,11814.2999,11821.7999,48.77125086219927,46.779644668688356,63.05642776826801,30.362064792736152
2019-05-24 09:15:00,2019-05-24 13:45:00,cross_down,10,10 (+64 to +504 pts),86.69989999999962,-87.0,59.5,54,11747.8999,11775.5,11727.3999,11745.1,11807.5,11811.1,11801.7999,11804.6,37.51036189634435,31.33859183106264,51.47285472589862,47.994138190655114
2019-05-27 09:20:00,2019-05-27 09:30:00,cross_down,3,3 (+5 to +8 pts),7.399999999999636,-21.800100000000384,-7.600000000000364,2,11847.8999,11873.7999,11847.3999,11869.2,11865.0,11874.7,11859.1,11861.6,67.57119688169111,66.51299816146322,56.13344280461189,22.12228704004245
2019-05-27 09:35:00,2019-05-27 10:05:00,cross_down,8,8 (+29 to +41 pts),30.899999999999636,-16.5,12.399999999999636,6,11862.0,11871.2,11852.8999,11869.3999,11884.7999,11888.2,11873.7,11881.7999,69.50829981782825,68.74715170311048,56.13344280461189,17.113565382670295
2019-05-28 11:00:00,2019-05-28 11:50:00,cross_down,2,2 (+3 to +5 pts),3.399999999999636,-23.300100000000384,-17.70010000000002,10,11917.2,11937.5,11915.5,11934.1,11918.3999,11918.7,11910.7999,11916.3999,52.240277652818776,49.93170266518578,64.81885867901718,10.591488348625807
2019-05-28 13:05:00,2019-05-28 13:50:00,cross_down,5,5 (+11 to +15 pts),12.399999999999636,-21.0,-12.600000000000364,9,11902.7,11914.3999,11902.3999,11910.6,11894.8999,11900.6,11889.6,11898.0,45.05318579093297,43.575820081421206,63.189328876403394,22.79932933298029
2019-05-28 14:00:00,2019-05-28 14:05:00,cross_down,1,1 (+0 to +3 pts),2.8999000000003434,-10.399999999999636,-6.100099999999657,1,11897.6,11903.7,11892.1,11902.5,11902.3999,11905.3999,11894.2,11896.3999,45.230253392620206,45.14328256244636,62.145945269338945,18.04123660270797
2019-05-28 14:10:00,2019-05-28 14:15:00,cross_down,3,3 (+5 to +8 pts),7.399999999999636,-6.200000000000728,-3.0,1,11896.2,11903.2999,11895.7999,11901.7,11901.3999,11909.1,11895.5,11898.7,45.186683365054556,45.14328256244636,62.145945269338945,15.13258014017092
2019-05-28 14:55:00,2019-05-28 15:25:00,session_end_forced,9,9 (+41 to +64 pts),56.09989999999925,-16.700000000000728,47.699899999999616,6,11881.7,11894.3999,11877.5,11894.2,11945.0,11946.7999,11932.7999,11941.8999,42.17764208259655,41.94748853505878,60.8585997263741,17.289711176191094
2019-05-29 10:40:00,2019-05-29 11:50:00,cross_down,5,5 (+11 to +15 pts),14.79989999999998,-14.5,-5.300100000000384,14,11907.3999,11919.1,11906.6,11917.1,11911.1,11912.0,11902.6,11911.7999,49.97143544129983,48.938955679281605,60.29912514126818,18.035585679229854
2019-05-29 13:35:00,2019-05-29 14:35:00,cross_down,2,2 (+3 to +5 pts),4.199899999999616,-27.300100000000384,-25.800100000000384,12,11893.5,11896.7999,11888.7999,11892.6,11875.7999,11880.2,11866.6,11866.7999,41.75320053301651,38.706316451190936,54.55430725721269,32.72120494800796
2019-05-29 15:00:00,2019-05-29 15:25:00,session_end_forced,4,4 (+8 to +11 pts),8.5,-14.899999999999636,0.2998999999999796,5,11857.3999,11871.0,11856.7,11862.5,11866.2999,11868.1,11858.7,11862.7999,34.50962610758311,33.28394409533872,53.06160921540137,42.29084585084778
2019-05-30 12:20:00,2019-05-30 13:00:00,cross_down,4,4 (+8 to +11 pts),8.100099999999657,-7.699899999999616,-1.6998999999996158,8,11939.2999,11939.7,11931.7,11939.3999,11942.8999,11946.6,11936.0,11937.7,66.09224729467948,63.713830541900705,53.62780066186697,36.8794071448037
2019-05-31 09:20:00,2019-05-31 10:20:00,cross_down,7,7 (+21 to +28 pts),22.600000000000364,-14.800100000000384,-2.899999999999636,12,12002.6,12022.1,12001.7999,12016.6,12021.2999,12021.7,12011.0,12013.7,61.387123483789594,59.91892188695131,59.98699731642555,28.99679765918555
2019-05-31 13:45:00,2019-05-31 15:25:00,session_end_forced,8,8 (+29 to +41 pts),33.600000000000364,-22.100099999999657,14.100000000000364,20,11900.2999,11911.5,11896.2999,11904.5,11935.1,11936.5,11915.7999,11918.6,35.01704052328546,34.46806143653406,58.422231585889435,28.743994900059846
2019-06-03 12:05:00,2019-06-03 12:30:00,cross_down,5,5 (+11 to +15 pts),14.20010000000002,-9.899900000000343,3.7001000000000204,5,12002.2999,12011.7,12001.5,12011.3999,12014.8999,12018.2,12012.6,12015.1,68.73469888644298,68.67454451137624,55.39217798244826,36.334274443656476
2019-06-03 14:20:00,2019-06-03 14:55:00,cross_down,6,6 (+15 to +21 pts),20.699899999999616,-8.399999999999636,3.399999999999636,7,12058.2999,12061.5,12052.7,12061.1,12064.2,12073.8999,12063.6,12064.5,75.01371695524637,72.44306777899666,62.760890155465944,40.62812057505042
2019-06-03 15:10:00,2019-06-03 15:25:00,session_end_forced,5,5 (+11 to +15 pts),14.70010000000002,-7.29989999999998,4.20010000000002,3,12082.2,12092.7999,12081.0,12088.2999,12096.5,12098.1,12091.2999,12092.5,77.6965219396308,76.6987063712433,62.760890155465944,45.815312056227654
2019-06-04 12:50:00,2019-06-04 14:10:00,cross_down,7,7 (+21 to +28 pts),24.70010000000002,-10.0,-3.0,16,12042.3999,12052.1,12041.7,12046.3999,12053.2999,12057.7999,12043.2,12043.3999,46.48143087046636,42.22519948228741,62.76155894046361,31.11727057281435
2019-06-04 14:20:00,2019-06-04 14:30:00,cross_down,2,2 (+3 to +5 pts),3.2999999999992724,-10.5,-9.200000000000728,2,12047.6,12055.2999,12047.1,12053.2,12053.3999,12056.5,12042.7,12044.0,51.72272759595285,51.137778201508524,61.240524174640754,19.210979193005755
2019-06-06 10:45:00,2019-06-06 12:35:00,cross_down,4,4 (+8 to +11 pts),10.200000000000728,-64.10009999999966,-58.899999999999636,22,11959.3999,11967.2999,11956.2999,11965.5,11916.7,11920.6,11901.3999,11906.6,32.18293670133968,30.05559171429551,52.976974758565575,54.41792744425577
2019-06-11 11:55:00,2019-06-11 12:00:00,cross_down,2,2 (+3 to +5 pts),5.0,-8.0,-7.100000000000364,1,11956.6,11966.2,11955.3999,11961.2,11961.6,11964.1,11953.2,11954.1,66.4595732878955,64.67836029959103,54.80514152803449,31.23738820720854
2019-06-12 11:00:00,2019-06-12 11:05:00,cross_down,5,5 (+11 to +15 pts),12.099899999999252,-11.400100000000748,-9.600000000000364,1,11899.2,11900.2999,11887.3999,11888.2,11888.2,11888.8999,11876.7999,11878.6,29.171587796423708,28.43895187801118,57.06147299682378,54.36960991856402
2019-06-12 11:15:00,2019-06-12 15:25:00,session_end_forced,8,8 (+29 to +41 pts),35.29989999999998,-20.300100000000384,30.699899999999616,50,11881.0,11887.2,11878.1,11886.6,11915.2999,11921.8999,11912.2,11917.2999,29.932844300617056,26.575727578499436,52.18436862639818,52.888225410266365
2019-06-21 11:50:00,2019-06-21 12:35:00,cross_down,6,6 (+15 to +21 pts),17.79989999999998,-10.5,-7.0,9,11780.0,11783.5,11777.7999,11778.6,11775.2999,11779.5,11768.1,11771.6,50.52244761982114,50.11733398141921,58.94741763142281,24.538587933053478
2019-06-21 13:20:00,2019-06-21 13:30:00,cross_down,1,1 (+0 to +3 pts),0.5,-19.300100000000384,-16.800100000000384,2,11772.5,11789.1,11772.1,11788.6,11784.7999,11785.2999,11769.2999,11771.7999,49.825736851858224,49.05118856063111,57.14268564186024,21.742829502056924
2019-06-21 13:40:00,2019-06-21 13:45:00,cross_down,1,1 (+0 to +3 pts),2.400100000000748,-9.599899999999252,-8.79989999999998,1,11775.7999,11781.8999,11774.3999,11780.7999,11781.1,11783.2,11771.2,11772.0,50.790924207204796,50.355829333682635,57.14268564186024,20.03123612470573
2019-06-21 14:40:00,2019-06-21 15:25:00,session_end_forced,7,7 (+21 to +28 pts),27.799999999999272,-39.100000000000364,-11.900100000000748,9,11741.6,11749.2,11735.7,11744.2,11734.7,11735.7,11715.1,11732.2999,39.33740585163322,38.971022890884576,53.46267706151882,40.181151598759605
2019-06-26 14:40:00,2019-06-26 15:05:00,cross_down,6,6 (+15 to +21 pts),15.099899999999252,-25.200000000000728,-13.800100000000384,5,11833.6,11857.8999,11831.5,11856.7,11854.6,11855.2999,11840.8999,11842.8999,60.95038981467512,58.976909628477806,68.23719838659842,19.467944074755692
2019-06-27 10:20:00,2019-06-27 10:45:00,cross_down,4,4 (+8 to +11 pts),10.200000000000728,-5.399999999999636,-2.399999999999636,5,11885.3999,11888.5,11880.8999,11884.5,11887.2999,11889.0,11879.1,11882.1,65.82845071307992,65.48420796768647,72.68983190599249,32.82084042382079
2019-06-28 09:20:00,2019-06-28 09:25:00,cross_down,3,3 (+5 to +8 pts),6.800100000000384,-21.199899999999616,-21.100000000000364,1,11865.2,11866.2,11854.1,11859.3999,11859.8999,11860.3999,11838.2,11838.2999,45.46427812392734,44.35517193970019,63.907945242702716,24.736862060346112
2019-06-28 09:30:00,2019-06-28 09:40:00,cross_down,1,1 (+0 to +3 pts),3.100000000000364,-19.100099999999657,-16.0,2,11838.7,11847.3999,11832.7,11847.0,11829.3999,11836.0,11827.8999,11831.0,44.12824178374197,41.87603885101667,63.907945242702716,22.305935097144555
2019-06-28 09:45:00,2019-06-28 10:50:00,cross_down,7,7 (+21 to +28 pts),23.199899999999616,-15.5,-12.800100000000384,13,11830.1,11840.2999,11828.2999,11830.1,11825.7,11825.8999,11814.6,11817.2999,40.42676506922156,39.37791885746187,63.907945242702716,21.477291592387708
2019-06-28 11:35:00,2019-06-28 14:20:00,cross_down,7,7 (+21 to +28 pts),22.0,-20.299999999999272,-19.100099999999657,33,11811.2,11817.0,11810.0,11814.0,11807.7999,11809.1,11793.7,11794.8999,33.971572507925714,32.67061488595635,56.45083716669713,35.63970684706224
2019-07-01 14:05:00,2019-07-01 14:30:00,cross_down,2,2 (+3 to +5 pts),3.5,-11.20010000000002,-10.399999999999636,5,11875.1,11881.7,11875.1,11881.1,11882.2,11884.1,11869.8999,11870.7,64.38213584406246,61.9114501483807,54.39372063447409,28.786637341732114
2019-07-02 11:20:00,2019-07-02 14:40:00,cross_down,10,10 (+64 to +504 pts),63.899999999999636,-9.700000000000728,54.5,40,11833.2999,11835.8999,11832.2,11834.2,11894.3999,11896.5,11887.7,11888.7,39.26923249735533,37.88151597557512,52.362601278169514,33.09310401324719
2019-07-03 13:05:00,2019-07-03 13:10:00,cross_down,1,1 (+0 to +3 pts),2.5,-9.399999999999636,-8.199899999999616,1,11929.5,11934.2999,11928.7999,11931.7999,11932.8999,11933.5,11922.3999,11923.6,67.70537058827462,65.8674632966815,64.14575551885467,33.704551017085926
2019-07-04 09:30:00,2019-07-04 10:30:00,cross_down,6,6 (+15 to +21 pts),17.0,-4.399999999999636,7.400100000000748,12,11941.8999,11948.3999,11939.8999,11944.2999,11951.7,11952.1,11950.0,11951.7,59.01326977453843,58.820851810106745,64.76651871607912,33.78558387481481
2019-07-04 14:05:00,2019-07-04 14:10:00,cross_down,2,2 (+3 to +5 pts),3.2001000000000204,-15.29989999999998,-14.599899999999252,1,11950.2,11954.2999,11949.1,11951.7999,11953.8999,11955.0,11936.5,11937.2,54.23786888387237,52.959226995078446,67.66726669802671,25.231888151755292
2019-07-04 14:15:00,2019-07-04 14:20:00,cross_down,1,1 (+0 to +3 pts),2.800100000000384,-13.0,-2.899999999999636,1,11938.3999,11948.7,11933.7999,11946.7999,11946.6,11949.6,11940.7999,11943.8999,50.55583016192032,50.45667110175095,66.34854457996848,25.9204605530247
2019-07-04 14:30:00,2019-07-04 15:10:00,cross_down,6,6 (+15 to +21 pts),17.900100000000748,-12.5,-4.0,8,11944.6,11952.2,11938.7999,11951.2999,11953.0,11954.0,11940.0,11947.2999,51.087444377234135,50.20430917720219,66.34854457996848,25.912373434330153
2019-07-05 09:20:00,2019-07-05 10:00:00,cross_down,2,2 (+3 to +5 pts),4.100000000000364,-21.20010000000002,-20.600099999999657,8,11971.7999,11979.3999,11970.8999,11977.5,11963.7,11965.1,11956.2999,11956.8999,54.59766699370634,51.01805770461985,64.78395774092546,31.514603347016
2019-07-05 12:20:00,2019-07-05 13:05:00,cross_down,6,6 (+15 to +21 pts),17.0,-80.80010000000038,-79.20010000000002,9,11927.5,11933.5,11917.6,11927.6,11886.8999,11887.3999,11846.7999,11848.3999,40.51626348406398,37.67471392970352,59.01071632803402,38.762422996658195
2019-07-05 13:40:00,2019-07-05 15:15:00,cross_down,7,7 (+21 to +28 pts),23.700000000000728,-53.29999999999927,-52.60009999999966,19,11846.2999,11864.5,11838.2999,11857.5,11812.0,11815.2999,11804.2,11804.8999,34.24220180048749,33.65025880703516,51.567915506853794,43.982638416055096
2019-07-12 11:15:00,2019-07-12 12:05:00,cross_down,6,6 (+15 to +21 pts),15.899999999999636,-8.900100000000748,0.2999999999992724,10,11576.2999,11583.6,11574.2999,11583.2,11586.7,11589.3999,11582.5,11583.5,53.60544602983116,52.856676449115106,53.481168744631084,19.690401687774983
2019-07-12 12:55:00,2019-07-12 14:05:00,cross_down,9,9 (+41 to +64 pts),47.20010000000002,-1.0,20.20010000000002,14,11593.7,11596.1,11591.2999,11592.2999,11618.7,11620.0,11609.1,11612.5,56.86109112193779,56.02691399415316,54.34752330290979,15.454219902701253
2019-07-15 09:25:00,2019-07-15 09:35:00,cross_down,3,3 (+5 to +8 pts),7.70010000000002,-27.29989999999998,-26.899900000000343,2,11600.2,11602.6,11590.3999,11594.8999,11579.3999,11580.2,11567.6,11568.0,44.12656450534067,42.97299377777549,52.989259897138155,47.662197556991266
2019-07-15 09:40:00,2019-07-15 10:05:00,cross_down,4,4 (+8 to +11 pts),9.100000000000364,-18.599899999999252,-14.899999999999636,5,11567.7,11578.6,11567.5,11577.2999,11565.2999,11573.0,11558.7,11562.3999,46.1218243202117,45.345439998794674,52.989259897138155,33.93022791792112
2019-07-15 10:15:00,2019-07-15 10:40:00,cross_down,3,3 (+5 to +8 pts),6.5,-20.5,-17.899999999999636,5,11567.2999,11579.5,11566.6,11575.7999,11561.2,11564.6,11555.2999,11557.8999,46.53102491380206,45.060066674209146,52.077072216211434,20.254337784725063
2019-07-15 11:20:00,2019-07-15 12:20:00,cross_down,1,1 (+0 to +3 pts),2.6000999999996566,-25.199899999999616,-19.699899999999616,12,11555.7999,11560.0,11552.8999,11557.3999,11537.1,11539.2999,11532.2,11537.7,42.17534446763621,41.22991806452859,50.011642545667115,27.23967561061592
2019-07-16 09:35:00,2019-07-16 10:15:00,cross_down,7,7 (+21 to +28 pts),24.400100000000748,-10.099899999999252,2.800100000000384,8,11603.8999,11619.6,11602.7,11612.7999,11622.7,11626.0,11615.6,11615.6,62.237287301114826,60.51106965097249,52.524933113802454,20.480519287131436
2019-07-16 14:10:00,2019-07-16 14:55:00,cross_down,4,4 (+8 to +11 pts),10.5,-15.0,-2.399999999999636,9,11656.2,11659.8999,11651.2,11659.5,11653.6,11659.0,11653.5,11657.1,62.615346192023935,58.940725077585654,63.14270937067018,30.85634192692052
2019-07-17 14:35:00,2019-07-17 15:20:00,cross_down,3,3 (+5 to +8 pts),6.099899999999252,-9.5,-1.8001000000003842,9,11680.8999,11690.2999,11680.0,11689.2,11684.2999,11689.7,11682.7,11687.3999,51.75185490819512,49.38632741602418,71.23352462819285,20.180309794557296
2019-07-18 10:10:00,2019-07-18 11:20:00,cross_down,4,4 (+8 to +11 pts),9.399999999999636,-18.0,-13.700000000000728,14,11668.1,11668.7,11665.1,11667.7,11656.2999,11657.0,11649.7,11654.0,44.13915343393276,42.76360517940114,69.97233890251997,26.80256788542085
2019-07-18 11:45:00,2019-07-18 12:40:00,cross_down,1,1 (+0 to +3 pts),1.8999000000003434,-23.600099999999657,-17.0,11,11654.7,11662.3999,11654.0,11660.5,11645.7,11646.5,11642.6,11643.5,39.23995413535241,38.70946352702544,62.58216212283435,20.39603416912677
2019-07-18 12:45:00,2019-07-18 12:50:00,cross_down,3,3 (+5 to +8 pts),5.399999999999636,-2.0,-0.19989999999961583,1,11643.3999,11643.6,11640.8999,11642.8999,11643.0,11648.2999,11642.2999,11642.7,34.55374683640087,34.148769299145805,59.47602885390444,35.960065955901975
2019-07-18 13:00:00,2019-07-18 15:05:00,cross_down,6,6 (+15 to +21 pts),15.899900000000343,-44.20010000000002,-42.60009999999966,25,11642.5,11646.2,11639.5,11645.5,11606.1,11608.8999,11601.2999,11602.8999,34.9164513332932,32.3209142928319,59.47602885390444,34.940576809275875
2019-08-07 11:05:00,2019-08-07 12:05:00,cross_down,7,7 (+21 to +28 pts),25.5,-58.600000000000364,-20.5,12,10953.5,10956.7,10949.5,10950.1,10920.2999,10933.7999,10917.0,10929.6,49.063115139110614,48.43338808218219,52.58389318940252,18.949357707811107
2019-08-07 12:15:00,2019-08-07 12:30:00,cross_down,5,5 (+11 to +15 pts),11.400100000000748,-24.29989999999998,-11.29989999999998,3,10949.6,10952.6,10937.8999,10951.7999,10957.2,10957.2999,10927.5,10940.5,49.089984840080405,49.01850155274458,53.435011604914855,42.94696571475039
2019-08-07 13:05:00,2019-08-07 13:15:00,cross_down,4,4 (+8 to +11 pts),9.100000000000364,-10.199899999999616,-5.599899999999252,2,10950.0,10959.8999,10949.3999,10950.7999,10957.7999,10957.8999,10940.6,10945.2,50.3063004893735,50.05135682111637,53.435011604914855,39.5500301422133
2019-08-07 14:20:00,2019-08-07 14:35:00,cross_down,4,4 (+8 to +11 pts),8.799999999999272,-18.600000000000364,-16.600000000000364,3,10916.0,10916.5,10901.6,10907.7,10897.6,10906.2999,10889.1,10891.1,42.33938595811267,42.209357247680025,52.15336353746808,33.50564079655293
2019-08-07 14:40:00,2019-08-07 15:00:00,cross_down,1,1 (+0 to +3 pts),0.5,-49.5,-47.899999999999636,4,10889.7999,10911.2999,10888.2999,10910.7999,10895.6,10896.5,10861.2999,10862.8999,42.54333784344803,41.604595782149445,52.15336353746808,29.746433929640236
2019-08-13 10:00:00,2019-08-13 11:35:00,cross_down,9,9 (+41 to +64 pts),49.0,-13.199899999999616,-12.79989999999998,19,11068.3999,11074.2999,11064.2999,11072.3999,11072.2,11073.0,11059.3999,11059.6,35.96866530718954,35.81837809478086,69.0521553180794,50.246079928099164
2019-08-13 11:40:00,2019-08-13 11:50:00,cross_down,2,2 (+3 to +5 pts),4.099899999999252,-16.0,-11.5,2,11060.0,11074.5,11059.7,11072.7,11067.3999,11069.3999,11056.7,11061.2,41.0465395504919,40.997621071916065,63.31482487246054,29.39967070348299
2019-08-13 12:00:00,2019-08-13 13:20:00,cross_down,5,5 (+11 to +15 pts),11.5,-50.600000000000364,-43.90010000000075,16,11065.3999,11072.3999,11064.0,11069.7,11034.6,11038.1,11019.1,11025.7999,41.71467830008977,39.570425591058864,63.31482487246054,31.76176843799538
2019-08-13 13:45:00,2019-08-13 14:40:00,cross_down,1,1 (+0 to +3 pts),0.30010000000038417,-83.0,-82.5,11,11032.8999,11046.3999,11027.8999,11046.3999,10979.1,10989.6,10963.3999,10963.8999,36.48940471324084,32.53927254748969,58.19214775318675,38.027563604778585
2019-08-19 09:20:00,2019-08-19 09:40:00,cross_down,4,4 (+8 to +11 pts),8.100000000000364,-45.899999999999636,-34.60009999999966,4,11107.7999,11122.6,11106.7,11114.5,11088.5,11089.0,11078.2999,11079.8999,61.51586599865251,57.91818446676386,52.43013477870006,28.616927014324812
2019-08-19 09:50:00,2019-08-19 10:45:00,cross_down,7,7 (+21 to +28 pts),28.5,-17.20010000000002,16.29989999999998,11,11100.1,11113.1,11093.7999,11111.0,11135.2999,11135.7,11126.8999,11127.2999,63.66262728148886,62.414161089374105,52.43013477870006,25.41864933642568
2019-08-20 09:15:00,2019-08-20 10:05:00,cross_down,2,2 (+3 to +5 pts),4.199899999999616,-70.60000000000036,-68.80010000000038,10,11062.7,11074.2,11035.8999,11072.1,11026.1,11028.3999,11001.5,11003.2999,36.55363570837158,33.257398236032095,55.44491591187658,60.047640483304946
2019-08-20 10:15:00,2019-08-20 14:40:00,cross_down,9,9 (+41 to +64 pts),43.0,-30.699899999999616,-8.100000000000364,53,11003.2,11019.0,10998.8999,11015.8999,11029.7999,11034.5,10999.2,11007.7999,30.55709269379363,29.848432564959868,50.81829395664102,71.93327792871924
2019-08-26 14:05:00,2019-08-26 14:25:00,cross_down,8,8 (+29 to +41 pts),30.600000000000364,-8.899999999999636,7.29989999999998,4,11038.8999,11040.8999,11030.7,11039.6,11055.2,11070.2,11044.0,11046.8999,80.84758256632895,80.47269777665481,53.86825948409148,68.87706488518535
2019-08-27 14:40:00,2019-08-27 15:00:00,cross_down,5,5 (+11 to +15 pts),11.100000000000364,-32.100000000000364,-23.399999999999636,4,11123.7999,11125.1,11115.7999,11117.6,11128.0,11128.2999,11085.5,11094.2,53.02197515928378,52.59151928998809,75.03046015412905,27.311466841317994
2019-08-28 09:20:00,2019-08-28 09:25:00,cross_down,1,1 (+0 to +3 pts),1.8001000000003842,-22.0,-13.5,1,11114.2999,11128.6,11107.7,11127.7999,11127.7999,11129.6,11105.7999,11114.2999,54.95241192240654,54.14677688145851,74.78024187890841,19.498091498567064
2019-08-28 11:00:00,2019-08-28 11:40:00,cross_down,5,5 (+11 to +15 pts),14.0,-19.200000000000728,-16.100000000000364,8,11069.1,11083.8999,11067.8999,11078.2,11060.0,11065.1,11059.6,11062.1,42.48322565394187,39.32589557042094,71.20210442302651,20.93705071994541
2019-08-28 11:45:00,2019-08-28 11:50:00,cross_down,1,1 (+0 to +3 pts),1.1000000000003638,-11.0,-6.5,1,11062.1,11064.8999,11053.2999,11064.2999,11064.2,11065.3999,11056.0,11057.7999,41.518429969253205,40.948175665602605,69.24827919922855,22.968353076290956
2019-08-28 12:15:00,2019-08-28 12:35:00,cross_down,4,4 (+8 to +11 pts),8.800100000000384,-23.100000000000364,-22.100000000000364,4,11056.2999,11059.0,11053.3999,11058.3999,11050.2999,11053.5,11035.2999,11036.2999,39.327405893581115,38.5660333245942,65.51540987611475,28.76740472961592
2019-08-28 12:45:00,2019-08-28 13:20:00,cross_down,3,3 (+5 to +8 pts),5.400100000000748,-29.899999999999636,-27.099899999999252,7,11045.2,11045.7,11037.5,11041.2999,11020.5,11027.0,11011.3999,11014.2,36.765662315905885,36.53783747459945,65.51540987611475,31.648151560161427
2019-08-28 13:30:00,2019-08-28 15:25:00,session_end_forced,9,9 (+41 to +64 pts),46.29999999999927,-31.600000000000364,24.699899999999616,23,11021.1,11021.3999,11013.0,11019.2,11044.2,11052.2999,11042.7999,11043.8999,30.865010646844183,30.461121672320843,61.3572722304221,58.82479632767528
2019-08-29 10:25:00,2019-08-29 10:30:00,cross_down,3,3 (+5 to +8 pts),5.20010000000002,-13.29989999999998,-10.600000000000364,1,10981.1,10991.7,10978.8999,10986.8999,10986.8999,10992.1,10973.6,10976.2999,40.29591023879249,40.0074404138419,50.83634356253966,25.841878091761345
2019-08-29 10:50:00,2019-08-29 10:55:00,cross_down,1,1 (+0 to +3 pts),2.699899999999616,-7.70010000000002,-7.100000000000364,1,10970.3999,10975.7999,10967.1,10973.1,10973.1,10974.8999,10965.3999,10966.0,37.98044750943811,37.973616977554244,50.83634356253966,29.259355170472887
2019-08-29 11:00:00,2019-08-29 12:05:00,cross_down,5,5 (+11 to +15 pts),11.600000000000364,-21.799999999999272,-19.899999999999636,13,10966.5,10970.8999,10960.7,10964.5,10946.2999,10950.3999,10942.7,10944.6,37.136878808972725,36.606097906015826,50.83634356253966,30.3810196660568
2019-09-06 11:45:00,2019-09-06 11:50:00,cross_down,1,1 (+0 to +3 pts),0.6000000000003638,-9.600000000000364,-6.0,1,10911.2999,10912.8999,10907.0,10912.6,10912.8999,10913.2,10903.0,10906.6,63.06638699436868,62.949637701446804,51.51743867824916,26.786561935447054
2019-09-06 11:55:00,2019-09-06 12:00:00,cross_down,1,1 (+0 to +3 pts),0.19989999999961583,-9.5,-8.70010000000002,1,10906.5,10912.7999,10904.7999,10912.6,10912.2999,10912.6,10903.1,10903.8999,63.276964191002996,62.949637701446804,51.51743867824916,24.661924734875047
2019-09-06 13:10:00,2019-09-06 13:15:00,cross_down,3,3 (+5 to +8 pts),5.600000000000364,-4.599899999999252,-2.7998999999999796,1,10933.2999,10941.1,10932.7,10937.2999,10937.2,10942.8999,10933.6,10934.5,67.74123337637008,67.11068392440234,54.00391928203797,34.44732934748737
2019-09-06 13:25:00,2019-09-06 13:30:00,cross_down,1,1 (+0 to +3 pts),1.2001000000000204,-10.699899999999616,-6.899999999999636,1,10934.2999,10942.5,10930.7,10941.2999,10941.2999,10942.2,10930.6,10934.3999,70.07944152765319,68.89793473425573,56.733551481177045,39.41745589156554
2019-09-09 10:05:00,2019-09-09 11:15:00,cross_down,7,7 (+21 to +28 pts),26.20010000000002,-40.29989999999998,10.100099999999657,14,10947.0,10986.3999,10945.6,10985.8999,11003.1,11004.5,10994.1,10996.0,58.38870988224545,55.267571354869006,60.73403202722065,28.549880146434827
2019-09-09 15:20:00,2019-09-09 15:25:00,session_end_forced,1,1 (+0 to +3 pts),2.599899999999252,-3.400100000000748,-1.7000000000007276,1,11002.2,11006.8999,11001.5,11004.7,11005.1,11007.2999,11001.2999,11003.0,55.00907587202444,53.54619921747673,68.28755084958645,23.52897777091891
2019-09-11 14:10:00,2019-09-11 14:45:00,cross_down,3,3 (+5 to +8 pts),6.699899999999616,-13.900100000000748,-5.300100000000384,7,11046.7999,11052.3999,11043.2,11045.7,11046.2999,11046.3999,11031.7999,11040.3999,56.22017466817021,54.48254275487667,70.95065976698109,18.875628768954673
2019-09-12 09:20:00,2019-09-12 10:10:00,cross_down,4,4 (+8 to +11 pts),8.0,-14.0,-9.0,10,11071.8999,11080.2999,11066.6,11073.7,11070.3999,11071.2999,11059.7,11064.7,53.18469074881218,51.013153656010445,68.25703068837221,25.392806750870022
2019-09-12 12:15:00,2019-09-12 12:20:00,cross_down,1,1 (+0 to +3 pts),2.900100000000748,-10.399999999999636,-9.599899999999252,1,11048.1,11048.7,11042.2,11045.7999,11045.8999,11046.2999,11035.3999,11036.2,49.25417370479188,49.02319037951206,64.87996472301691,27.8930013983054
2019-09-12 12:25:00,2019-09-12 13:20:00,cross_down,5,5 (+11 to +15 pts),11.0,-12.5,-6.900100000000748,11,11035.7,11048.1,11034.2,11046.7,11048.7999,11049.2999,11038.6,11039.7999,49.79550129146225,49.02319037951206,64.87996472301691,24.832944390094458
2019-09-12 14:45:00,2019-09-12 15:05:00,cross_down,3,3 (+5 to +8 pts),6.900100000000748,-19.899999999999636,-18.79989999999998,4,11006.7,11011.6,11000.7,11004.7999,10992.1,10994.7,10984.8999,10986.0,37.20723032322001,36.76804261865788,60.342555980751726,55.26236342488376
2019-09-13 09:15:00,2019-09-13 10:05:00,cross_down,7,7 (+21 to +28 pts),23.699899999999616,-54.399999999999636,-52.0,10,10988.2999,11001.2999,10961.8999,11000.1,10957.1,10959.3999,10945.7,10948.1,35.63903573848111,31.72150650293558,51.25931810624378,53.620985023563065
2019-09-16 11:00:00,2019-09-16 11:45:00,cross_down,1,1 (+0 to +3 pts),2.5,-23.700000000000728,-19.900100000000748,9,11031.0,11050.3999,11030.5,11050.2,11036.2,11036.5,11026.5,11030.2999,55.01239989929084,54.31060353276837,55.73853577915792,23.506316790264016
2019-09-16 13:40:00,2019-09-16 14:50:00,cross_down,6,6 (+15 to +21 pts),17.900100000000748,-21.199899999999616,-18.5,14,10996.7,11004.2999,10994.8999,10998.2999,10982.7,10987.3999,10979.2999,10979.7999,41.69813026132137,39.83107013642025,51.409851433557854,35.41793029897678
2019-09-23 11:25:00,2019-09-23 11:45:00,cross_down,6,6 (+15 to +21 pts),16.299999999999272,-33.0,-13.5,4,11623.7999,11646.0,11621.6,11633.7,11633.8999,11634.6,11600.7,11620.2,79.71010110012907,78.36013193878185,75.18623696629813,50.33928444666526
2019-09-24 12:15:00,2019-09-24 15:10:00,cross_down,9,9 (+41 to +64 pts),50.79989999999998,-46.20010000000002,-2.399999999999636,35,11571.0,11589.2,11563.7999,11585.6,11591.7999,11591.8999,11574.1,11583.2,47.45984130402954,43.88380973860188,75.68338542201835,28.234946236861298
2019-09-25 10:45:00,2019-09-25 13:25:00,cross_down,7,7 (+21 to +28 pts),23.20010000000002,-46.199899999999616,-46.09989999999925,32,11476.2999,11492.2999,11473.5,11489.7999,11465.7,11467.2999,11443.6,11443.7,35.18476200973834,34.75977232215728,67.189038134916,41.420499229401834
2019-09-25 14:05:00,2019-09-25 14:35:00,cross_down,4,4 (+8 to +11 pts),10.5,-23.100000000000364,-19.199899999999616,6,11451.2999,11455.3999,11444.1,11444.8999,11423.7999,11432.1,11421.7999,11425.7,35.29215944098151,34.43700585659285,56.216445534743144,41.36896318353402
2019-09-25 14:40:00,2019-09-25 15:25:00,session_end_forced,7,7 (+21 to +28 pts),27.299999999999272,-18.200000000000728,-1.2000000000007276,9,11425.8999,11439.6,11421.7999,11434.2,11440.2,11442.6,11430.5,11433.0,33.610912427851545,31.79859315940193,52.46422666320761,34.509032584720686
2019-09-26 13:45:00,2019-09-26 15:25:00,session_end_forced,8,8 (+29 to +41 pts),38.300100000000384,-20.0,27.400100000000748,20,11545.1,11554.5,11539.5,11552.7999,11576.6,11586.2999,11574.6,11580.2,53.51261189378025,52.790193598675955,53.94818897087528,17.152885232296246
2019-09-27 11:30:00,2019-09-27 14:10:00,cross_down,9,9 (+41 to +64 pts),47.40010000000075,-10.0,20.20010000000002,32,11518.7,11530.2999,11517.7999,11527.7999,11545.7,11550.7999,11539.2999,11548.0,41.137189370290095,40.144484855840936,54.6714192965454,26.024763678017095
2019-10-10 12:25:00,2019-10-10 13:05:00,cross_down,5,5 (+11 to +15 pts),12.5,-45.79989999999998,-45.0,8,11252.0,11255.8999,11248.7,11254.2999,11218.3999,11218.6,11208.5,11209.2999,47.44682902600483,45.53995807600829,54.1612882569299,25.512055600375035
2019-10-10 13:20:00,2019-10-10 15:25:00,session_end_forced,7,7 (+21 to +28 pts),21.099899999999252,-20.300100000000384,6.199899999999616,25,11230.8999,11249.8999,11227.6,11232.7,11246.1,11246.7,11238.0,11238.8999,43.80003645508348,42.79043795302076,52.52025910634688,21.448277171504795
2019-10-11 12:35:00,2019-10-11 14:35:00,cross_down,10,10 (+64 to +504 pts),87.70010000000002,-17.699899999999616,41.10009999999966,24,11250.2,11254.8999,11237.2,11254.8999,11288.8999,11305.6,11277.6,11296.0,47.88031379895346,46.86415045224665,53.0224110812903,24.00337971546163
2019-10-14 09:15:00,2019-10-14 09:25:00,cross_down,2,2 (+3 to +5 pts),4.70010000000002,-47.5,-41.5,2,11342.2,11351.7999,11316.6,11347.2999,11321.8999,11332.7,11299.7999,11305.7999,59.86597802551472,58.47655012049272,56.55004676453643,21.618258672221415
2019-10-14 09:40:00,2019-10-14 09:45:00,cross_down,4,4 (+8 to +11 pts),9.5,-16.5,7.5,1,11333.5,11340.6,11328.2999,11335.0,11334.7999,11344.5,11318.5,11342.5,58.82720766275979,58.795964299382945,56.55004676453643,22.895572706837605
2019-10-14 09:50:00,2019-10-14 10:00:00,cross_down,2,2 (+3 to +5 pts),4.799999999999272,-19.5,-16.800100000000384,2,11342.7999,11351.8999,11336.7,11350.2,11340.1,11345.3999,11330.7,11333.3999,62.09941570798441,61.23176090796706,56.55004676453643,21.850417384194575
2019-10-14 10:35:00,2019-10-14 10:45:00,cross_down,3,3 (+5 to +8 pts),7.400100000000748,-16.699899999999616,-11.399999999999636,2,11369.8999,11377.3999,11364.0,11372.2999,11375.0,11379.7,11355.6,11360.8999,67.3153131510639,66.72061480672573,58.28189983702546,25.611631034593138
2019-10-14 14:05:00,2019-10-14 14:30:00,cross_down,6,6 (+15 to +21 pts),17.100000000000364,-10.199899999999616,2.2001000000000204,5,11397.6,11408.0,11393.1,11403.2999,11413.7999,11416.6,11403.1,11405.5,65.08447553681472,64.65680752061043,63.168667065626394,39.210448989788354
2019-10-15 09:55:00,2019-10-15 12:00:00,cross_down,8,8 (+29 to +41 pts),35.899999999999636,-14.0,24.100099999999657,25,11369.8999,11384.3999,11369.3999,11383.3999,11413.3999,11416.2,11406.1,11407.5,51.870926812239,51.32053805740115,59.81527409421428,21.280992660008582
2019-10-15 12:10:00,2019-10-15 12:25:00,cross_down,4,4 (+8 to +11 pts),8.5,-11.700000000000728,-4.200000000000728,3,11410.8999,11420.8999,11409.0,11420.7,11421.2999,11422.8999,11414.7999,11416.5,63.54349884516118,63.07022043889173,61.14725072076645,32.60182920040949
2019-10-15 14:10:00,2019-10-15 14:40:00,cross_down,7,7 (+21 to +28 pts),26.699899999999616,-9.399999999999636,6.100000000000364,6,11429.2,11438.5,11426.2,11435.6,11446.2999,11447.3999,11430.6,11441.7,62.997086023246204,61.835238038724164,62.307747056304464,32.02013953516757
2019-10-16 09:30:00,2019-10-16 09:50:00,cross_down,3,3 (+5 to +8 pts),7.5,-33.399999999999636,-30.399999999999636,4,11465.5,11479.6,11464.5,11473.5,11464.2,11464.3999,11440.1,11443.1,64.79232825730055,62.82661934437898,63.78397768830248,32.960831853397615
2019-10-16 14:05:00,2019-10-16 15:25:00,session_end_forced,8,8 (+29 to +41 pts),30.600000000000364,-25.399999999999636,25.800100000000384,16,11420.6,11449.5,11419.8999,11445.2999,11470.8999,11475.8999,11468.5,11471.1,41.480133501663786,41.29729023991215,64.97547733512309,48.131145142535125
2019-10-17 12:25:00,2019-10-17 12:30:00,cross_down,1,1 (+0 to +3 pts),0.3999999999996362,-8.399999999999636,-3.600000000000364,1,11471.7999,11473.1,11468.0,11473.1,11473.2,11473.5,11464.7,11469.5,57.06999888034899,55.97859770200822,65.97526947031143,31.493510416856527
2019-10-17 12:35:00,2019-10-17 14:15:00,cross_down,10,10 (+64 to +504 pts),72.5,-25.29989999999998,52.800100000000384,20,11469.3999,11494.3999,11467.5,11492.7999,11558.7,11561.1,11545.5,11545.6,60.705785949141415,56.998261593686536,65.97526947031143,32.3962640608714
2019-10-18 14:15:00,2019-10-18 14:20:00,cross_down,2,2 (+3 to +5 pts),4.700000000000728,-35.399999999999636,-32.20010000000002,1,11672.7,11684.7,11670.2,11680.0,11680.0,11680.2,11644.6,11647.7999,69.30655761909506,69.14327379857204,83.68588758153592,41.72801854585012
2019-10-22 09:25:00,2019-10-22 09:30:00,cross_down,6,6 (+15 to +21 pts),15.399999999999636,-30.0,-23.79989999999998,1,11693.3999,11714.2999,11691.7999,11698.8999,11699.0,11709.5,11668.8999,11675.1,64.53028865788654,61.48669829107282,83.24177057245662,31.492331775204853
2019-10-22 11:40:00,2019-10-22 12:45:00,cross_down,9,9 (+41 to +64 pts),41.70010000000002,-11.5,5.20010000000002,13,11645.5,11654.2,11642.2999,11653.7999,11676.2999,11679.3999,11651.3999,11659.0,48.57773129945067,47.564394844352705,78.99868031561873,14.660992404714076
2019-10-22 15:05:00,2019-10-22 15:25:00,session_end_forced,3,3 (+5 to +8 pts),6.5,-13.5,-2.199899999999616,4,11590.3999,11593.0,11585.2,11590.3999,11595.1,11596.8999,11586.0,11588.2,36.225351217911026,36.02124735978726,68.83784060389681,32.02581280147996
2019-10-23 13:35:00,2019-10-23 14:05:00,cross_down,3,3 (+5 to +8 pts),5.70010000000002,-17.699899999999616,-15.199899999999616,6,11627.5,11645.2999,11626.7999,11643.2999,11634.5,11635.7999,11625.6,11628.1,50.8304545734905,50.05170866251856,56.60075228425655,18.972249131673944
2019-10-23 15:20:00,2019-10-23 15:25:00,session_end_forced,1,1 (+0 to +3 pts),1.7001000000000204,-9.399999999999636,1.1000000000003638,1,11608.5,11613.7,11603.3999,11612.7999,11612.0,11614.5,11604.8999,11613.8999,44.959996046750845,43.26842188232176,52.71780606765046,27.813501036853722
2019-10-29 11:10:00,2019-10-29 11:35:00,cross_down,7,7 (+21 to +28 pts),25.399900000000343,-3.6000999999996566,15.100000000000364,5,11738.7999,11744.8999,11737.3999,11741.0,11760.3999,11764.6,11754.6,11756.1,77.43083342886516,76.86188345245391,50.33130676137639,68.25068110136961
2019-10-31 09:15:00,2019-10-31 10:15:00,cross_down,7,7 (+21 to +28 pts),23.0,-8.899900000000343,6.100099999999657,12,11892.2,11898.2999,11883.0,11891.8999,11910.3999,11910.3999,11895.7,11898.0,58.084119772303936,53.693755919267424,76.54787515536128,28.862577489563186
2019-10-31 10:55:00,2019-10-31 11:15:00,cross_down,3,3 (+5 to +8 pts),5.699899999999616,-8.70010000000002,-7.800100000000384,4,11918.0,11923.2,11916.3999,11922.1,11922.0,11922.3999,11913.3999,11914.2999,67.1955854874744,66.81493017372006,77.99961112128213,38.90311055688739
2019-11-01 09:25:00,2019-11-01 09:40:00,cross_down,4,4 (+8 to +11 pts),8.5,-27.599899999999252,-25.599899999999252,3,11910.7999,11918.2999,11905.7999,11909.7999,11891.7999,11893.2999,11882.2,11884.2,47.68235095133379,46.307907780280104,70.84594135749904,29.547626953079057
2019-11-01 09:45:00,2019-11-01 10:10:00,cross_down,5,5 (+11 to +15 pts),12.899900000000343,-12.399999999999636,-8.100099999999657,5,11884.0,11900.2999,11883.8999,11895.0,11890.7,11894.2999,11882.6,11886.8999,47.1494481669107,46.26549432426194,70.84594135749904,20.967103614453276
2019-11-01 11:05:00,2019-11-01 13:00:00,cross_down,6,6 (+15 to +21 pts),18.400100000000748,-20.79989999999998,-14.599899999999252,23,11866.7,11883.7,11866.5,11882.2999,11874.0,11877.3999,11867.1,11867.7,44.26599725558326,42.188809885391116,68.26952096752792,17.719563159347192
2019-11-01 13:25:00,2019-11-01 15:25:00,session_end_forced,8,8 (+29 to +41 pts),34.70010000000002,-10.399900000000343,22.0,24,11878.2999,11880.1,11873.3999,11877.3999,11893.8999,11900.3999,11891.2,11899.3999,46.85060897556175,45.019077200596975,61.00010540440378,19.11307031375145
2019-11-04 11:20:00,2019-11-04 11:25:00,cross_down,4,4 (+8 to +11 pts),8.800100000000384,-15.099899999999252,-12.699899999999616,1,11982.5,11989.1,11978.7,11980.2999,11980.0,11984.1,11965.2,11967.6,67.86333508383872,66.60970419223962,66.23252096312278,49.06516177607356
2019-11-04 13:35:00,2019-11-04 15:10:00,cross_down,7,7 (+21 to +28 pts),28.29989999999998,-11.799999999999272,7.399900000000343,19,11923.5,11930.1,11922.7999,11929.0,11941.7,11942.8999,11932.3999,11936.3999,47.78716151704096,46.34491817265227,62.02753442489369,25.883531946342295
2019-11-05 09:15:00,2019-11-05 09:20:00,cross_down,7,7 (+21 to +28 pts),21.79989999999998,-18.800100000000384,-13.0,1,11974.1,11978.8999,11939.6,11957.1,11956.8999,11962.2,11938.2999,11944.1,56.15140649834499,55.98293247039311,61.02783049301361,29.123635011119955
2019-11-05 13:30:00,2019-11-05 15:25:00,session_end_forced,8,8 (+29 to +41 pts),37.39990000000034,-14.600099999999657,29.200000000000728,23,11874.0,11891.5,11873.8999,11888.5,11921.2999,11925.8999,11917.1,11917.7,30.842426303402682,30.415814806195037,51.7752689194229,62.986781183574344
2019-11-07 12:55:00,2019-11-07 14:35:00,cross_down,5,5 (+11 to +15 pts),11.799999999999272,-20.200000000000728,-10.0,20,11985.2,12008.2,11983.0,12003.2,12004.8999,12005.1,11983.2999,11993.2,48.19682257352221,46.11226726505376,60.360622378992076,36.86449153629119
2019-11-07 15:10:00,2019-11-07 15:25:00,session_end_forced,3,3 (+5 to +8 pts),6.79989999999998,-7.100000000000364,2.699899999999616,3,12008.1,12016.7999,12006.0,12013.1,12017.7999,12019.8999,12013.7999,12015.7999,58.080837567575436,57.35958462789763,63.369094475653014,23.348901518697687
2019-11-08 11:15:00,2019-11-08 13:35:00,cross_down,10,10 (+64 to +504 pts),71.10000000000036,-7.799999999999272,-0.7001000000000204,28,11956.8999,11965.8999,11956.7,11963.0,11982.6,11985.8999,11958.7,11962.2999,37.72952790619848,36.9456223836435,59.45228158473446,34.724243733807604
2019-11-15 13:50:00,2019-11-15 13:55:00,cross_down,5,5 (+11 to +15 pts),11.899999999999636,-8.5,-7.899999999999636,1,11955.7999,11964.5,11950.7999,11952.6,11952.7999,11954.7999,11944.1,11944.7,63.5627639954525,62.35301119423115,57.08754944637377,28.868721591710184
2019-11-15 14:10:00,2019-11-15 14:15:00,cross_down,3,3 (+5 to +8 pts),7.600000000000364,-2.100000000000364,0.7998999999999796,1,11953.0,11957.2,11951.0,11953.1,11953.6,11960.7,11952.0,11953.8999,63.75200434830302,63.563560542847995,57.08754944637377,32.796504870628645
2019-11-18 10:30:00,2019-11-18 11:35:00,cross_down,2,2 (+3 to +5 pts),3.899999999999636,-32.300100000000384,-26.0,13,11897.0,11902.8999,11895.6,11902.1,11875.3999,11878.0,11873.6,11876.1,44.16304878640709,43.32310362180361,54.14098968229617,22.883769269094564
2019-11-18 11:45:00,2019-11-18 11:55:00,cross_down,3,3 (+5 to +8 pts),6.800100000000384,-12.79989999999998,-9.699899999999616,2,11881.7,11889.7,11880.7999,11882.8999,11879.2999,11879.8999,11870.1,11873.2,39.04420751103398,38.20660363781397,52.978857099265525,22.0611155847408
2019-11-18 12:00:00,2019-11-18 12:05:00,cross_down,1,1 (+0 to +3 pts),2.5,-5.5,-0.2998999999999796,1,11873.2999,11877.7999,11872.2999,11875.2999,11875.5,11875.7,11869.7999,11875.0,36.33156549700906,35.950026741194755,52.978857099265525,24.766551062925778
2019-11-18 12:15:00,2019-11-18 15:25:00,session_end_forced,7,7 (+21 to +28 pts),22.79989999999998,-14.5,11.79989999999998,38,11875.5,11884.8999,11874.7,11882.1,11888.1,11896.1,11887.6,11893.8999,38.494624714270586,34.667265050669556,50.412680933288726,23.323686616968608
2019-11-19 15:15:00,2019-11-19 15:25:00,session_end_forced,4,4 (+8 to +11 pts),8.79989999999998,-16.799999999999272,7.399900000000343,2,11935.2,11951.7,11933.2,11950.0,11956.2,11958.7999,11953.2,11957.3999,53.11753123875651,52.960740265954044,58.60194859192107,25.584069334337865
2019-11-20 15:05:00,2019-11-20 15:20:00,cross_down,2,2 (+3 to +5 pts),3.800100000000384,-18.29989999999998,-14.5,3,12006.3999,12008.7,12003.6,12004.8999,11996.8999,11997.1,11986.6,11990.3999,46.10370240703995,44.19772190557552,72.81597053627166,30.828371927712027
2019-11-21 09:15:00,2019-11-21 09:20:00,cross_down,8,8 (+29 to +41 pts),33.40010000000075,-14.29989999999998,-8.699899999999616,1,12030.2,12030.2,11992.5,11996.7999,11998.1,11999.2999,11982.5,11988.1,45.383075479208216,44.02510614907786,68.93034342638893,25.825060233630765
2019-11-21 09:40:00,2019-11-21 10:25:00,cross_down,4,4 (+8 to +11 pts),10.399999999999636,-21.0,-15.5,9,11985.2999,11999.1,11983.2999,11995.8999,11979.2,11983.5,11977.3999,11980.3999,43.91021880487506,42.90223172360957,68.93034342638893,23.083858480239343
2019-11-21 11:05:00,2019-11-21 13:40:00,cross_down,8,8 (+29 to +41 pts),31.5,-9.400100000000748,10.199899999999616,31,11970.8999,11979.7,11969.2999,11978.2,11993.7,11997.6,11985.1,11988.3999,36.42237369595705,34.35067593936522,66.64799456541465,25.59003527629891
2019-11-21 14:00:00,2019-11-21 14:05:00,cross_down,1,1 (+0 to +3 pts),3.099899999999252,-10.800100000000384,-9.700000000000728,1,11994.0,12004.2999,11993.2,12001.2,12001.5,12001.8999,11990.3999,11991.5,51.91312701228708,51.43241157704998,62.24744790612783,31.89143194129384
2019-11-21 14:30:00,2019-11-21 14:45:00,cross_down,1,1 (+0 to +3 pts),1.6000000000003638,-13.399999999999636,-12.100099999999657,3,11993.3999,12007.1,11992.7,12005.5,11994.1,11998.5,11992.1,11993.3999,51.992820477979365,50.55546889459929,60.3268575598482,27.22909135887119
2019-11-26 12:35:00,2019-11-26 13:15:00,cross_down,5,5 (+11 to +15 pts),13.899999999999636,-10.600000000000364,-7.600000000000364,8,12089.7,12094.6,12089.5,12093.2,12100.0,12100.1,12082.6,12085.6,57.73624104450928,55.84388541116911,72.80636345490255,31.55266894970763
2019-11-27 09:15:00,2019-11-27 10:55:00,cross_down,5,5 (+11 to +15 pts),11.899999999999636,-31.600000000000364,-16.5,20,12068.6,12098.0,12065.0,12096.6,12085.7999,12086.8999,12078.2,12080.1,48.0350764581641,42.33197792911548,62.70645698744252,38.4642123713602
2019-11-27 13:05:00,2019-11-27 13:55:00,cross_down,5,5 (+11 to +15 pts),14.599899999999252,-3.0,-0.8001000000003842,10,12074.2,12074.7999,12065.6,12067.2,12069.5,12072.0,12064.2,12066.3999,45.40632086970308,45.321159604491385,60.37065515526056,26.904957091597428
2019-11-27 14:00:00,2019-11-27 15:25:00,session_end_forced,9,9 (+41 to +64 pts),47.100000000000364,-2.7998999999999796,44.300100000000384,17,12066.3999,12071.1,12065.0,12067.7999,12110.5,12114.8999,12107.5,12112.1,46.89786910599234,46.84658932608614,59.24683166961719,20.314811073192296
2019-11-28 15:00:00,2019-11-28 15:25:00,session_end_forced,5,5 (+11 to +15 pts),14.29989999999998,-21.0,9.100000000000364,5,12124.1,12146.2999,12123.5,12144.5,12155.7,12157.8999,12151.2999,12153.6,53.95481850508938,53.690611811917535,65.48054963606718,26.0667028533108
2019-11-29 12:15:00,2019-11-29 15:25:00,session_end_forced,7,7 (+21 to +28 pts),23.700000000000728,-35.10009999999966,-5.5,38,12040.2999,12054.7999,12040.1,12053.0,12052.7,12057.7,12046.1,12047.5,29.954509045860405,25.822960279772452,51.35295223530791,55.78313110203621
2019-12-05 13:10:00,2019-12-05 14:05:00,cross_down,7,7 (+21 to +28 pts),23.600000000000364,-11.099899999999252,-5.79989999999998,11,12052.8999,12057.7999,12048.5,12052.2999,12055.6,12057.2999,12041.2,12046.5,54.02231864462561,53.65485364165136,52.95075798566224,18.359026038984986
2019-12-06 09:15:00,2019-12-06 10:20:00,cross_down,5,5 (+11 to +15 pts),14.900100000000748,-24.5,-23.399999999999636,13,12057.7,12057.7,12036.5,12042.7999,12028.7,12029.7999,12018.2999,12019.3999,43.4900716878554,42.789285002276806,51.59821660708321,31.773119983962946
2019-12-12 14:05:00,2019-12-12 15:00:00,cross_down,7,7 (+21 to +28 pts),28.399900000000343,-9.0,10.600000000000364,11,11973.2,11980.1,11968.0,11977.0,11999.6,12002.3999,11985.6,11987.6,65.99118543779234,64.23090881043724,58.28843144813503,34.66317434845718
2019-12-13 09:35:00,2019-12-13 09:45:00,cross_down,3,3 (+5 to +8 pts),6.79989999999998,-9.600000000000364,-3.899999999999636,2,12043.1,12049.3999,12038.0,12042.6,12038.3999,12041.2,12033.0,12038.7,69.1406496886832,68.53098830287455,64.51120407153256,49.44939121692427
2019-12-13 10:20:00,2019-12-13 10:25:00,cross_down,1,1 (+0 to +3 pts),2.0,-13.100000000000364,-11.300100000000384,1,12063.5,12065.7,12057.8999,12063.7,12063.5,12063.8999,12050.6,12052.3999,74.48990782593155,74.22598061078237,68.90709505742382,51.31939502243911
2019-12-16 13:00:00,2019-12-16 14:25:00,cross_down,7,7 (+21 to +28 pts),21.300100000000384,-7.199899999999616,-0.09989999999925203,17,12079.7,12082.2,12078.7999,12080.2999,12094.5,12095.1,12077.5,12080.2,51.01949441314612,49.197237126406804,78.29570947856507,18.858312052575123
2019-12-17 09:25:00,2019-12-17 11:30:00,cross_down,9,9 (+41 to +64 pts),44.100000000000364,-8.20010000000002,38.0,25,12095.0,12103.2,12092.2999,12100.5,12141.0,12144.2,12138.5,12138.5,50.31551642000149,43.47204895534975,66.67314041469668,41.339976831693605
2019-12-17 15:10:00,2019-12-17 15:25:00,session_end_forced,6,6 (+15 to +21 pts),16.300100000000384,-9.29989999999998,6.70010000000002,3,12158.2999,12167.6,12157.1,12166.3999,12173.2,12182.7,12169.2,12173.1,63.440870212926455,59.21143508762215,71.86526303686344,31.487152272790507
2019-12-18 12:40:00,2019-12-18 12:45:00,cross_down,2,2 (+3 to +5 pts),3.7001000000000204,-5.699899999999616,-1.0,1,12204.0,12209.1,12202.0,12205.3999,12205.3999,12207.3999,12199.7,12204.3999,68.69476660430662,67.85696991347638,78.61324934884048,35.437542424367905
2019-12-18 12:50:00,2019-12-18 13:15:00,cross_down,4,4 (+8 to +11 pts),8.899999999999636,-14.700000000000728,-9.600000000000364,5,12203.7999,12212.7999,12203.7999,12212.2,12213.2,12213.7999,12197.5,12202.6,71.56795830252388,69.94740019427798,78.61324934884048,38.32449912370172
2019-12-18 15:05:00,2019-12-18 15:10:00,cross_down,1,1 (+0 to +3 pts),2.400100000000748,-30.699899999999616,-19.099899999999252,1,12225.3999,12237.7,12224.8999,12235.2999,12234.3999,12235.7999,12204.6,12216.2,66.48312187239615,64.48661704432969,78.73678521391872,35.72741534380086
2019-12-19 11:00:00,2019-12-19 12:50:00,cross_down,8,8 (+29 to +41 pts),40.70000000000073,-8.299999999999272,28.899900000000343,22,12212.6,12223.1,12212.2,12220.5,12250.2999,12252.8999,12248.1,12249.3999,55.277574422854386,54.493499456525676,76.6514097764259,19.390161705376006
2019-12-20 09:15:00,2019-12-20 09:45:00,cross_down,5,5 (+11 to +15 pts),11.199899999999616,-29.899999999999636,4.0,6,12269.7,12283.1,12252.7,12282.6,12288.2,12289.7999,12281.6,12286.6,63.62944091468014,63.07717917747749,74.75538199625353,20.432237364724298
2019-12-20 14:20:00,2019-12-20 14:35:00,cross_down,4,4 (+8 to +11 pts),10.300100000000384,-14.899999999999636,-7.79989999999998,3,12273.8999,12277.5,12271.0,12274.2999,12271.7999,12272.1,12259.3999,12266.5,49.10648945992958,48.92791715858902,74.58189549177206,32.344398011614736
2019-12-20 14:50:00,2019-12-20 15:10:00,cross_down,5,5 (+11 to +15 pts),12.599899999999252,-11.700000000000728,-7.300100000000384,4,12272.3999,12277.1,12271.1,12274.2,12274.2999,12275.5,12262.5,12266.8999,50.653743308124206,50.1169049027279,74.58189549177206,22.57974759156409
2019-12-20 15:15:00,2019-12-20 15:25:00,cross_down,1,1 (+0 to +3 pts),1.7000000000007276,-13.399999999999636,-7.799999999999272,2,12266.3999,12275.0,12265.5,12275.0,12272.2999,12274.0,12261.6,12267.2,50.3651740148518,48.712296001564404,71.82138934304314,18.130617197103955
2019-12-23 09:20:00,2019-12-23 09:25:00,cross_down,3,3 (+5 to +8 pts),6.20010000000002,-15.5,-14.699899999999616,1,12263.6,12284.0,12262.2999,12277.7999,12277.2999,12279.2999,12262.8999,12263.1,48.982248378187556,47.52018266773104,69.70776159364078,23.949909185083158
2019-12-23 09:30:00,2019-12-23 10:45:00,cross_down,7,7 (+21 to +28 pts),21.20010000000002,-9.29989999999998,1.0,15,12263.1,12270.3999,12256.6,12265.8999,12272.6,12273.1,12266.7,12266.8999,47.048371270499636,45.69550819842619,69.70776159364078,25.942563688282746
2019-12-23 11:30:00,2019-12-23 12:50:00,cross_down,3,3 (+5 to +8 pts),7.0,-7.300100000000384,-3.5,16,12265.7999,12271.7999,12264.8999,12271.2,12266.8999,12268.1,12263.8999,12267.7,47.64718098749407,46.754273291648964,66.47557282896632,19.32815068102689
2019-12-23 14:05:00,2019-12-23 14:25:00,cross_down,2,2 (+3 to +5 pts),4.600000000000364,-24.699899999999616,-23.699899999999616,4,12246.3999,12250.3999,12245.6,12247.7999,12232.3999,12232.5,12223.1,12224.1,36.813999436233445,34.72342535723808,61.92099314474125,45.56763565655023
2019-12-23 14:45:00,2019-12-23 15:25:00,session_end_forced,9,9 (+41 to +64 pts),47.60009999999966,-5.5,40.10009999999966,8,12223.8999,12228.2999,12220.3999,12225.8999,12270.1,12273.2,12263.5,12266.0,30.94514304583297,28.407173086131575,57.53633062389889,48.83353375975713
2019-12-24 11:30:00,2019-12-24 11:50:00,cross_down,1,1 (+0 to +3 pts),0.8001000000003842,-12.29989999999998,-8.29989999999998,4,12255.2,12260.2,12254.7999,12259.3999,12250.5,12253.5,12247.1,12251.1,47.8921048522071,47.29502341482607,52.889486310618445,30.313977479555913
2019-12-24 12:55:00,2019-12-24 13:30:00,cross_down,1,1 (+0 to +3 pts),0.8999999999996362,-13.200000000000728,-11.600000000000364,7,12250.8999,12251.6,12246.2999,12251.2,12241.3999,12243.1,12238.0,12239.6,46.998959511067184,43.74550492311921,51.02706878317552,31.79086246354337
2019-12-30 13:05:00,2019-12-30 15:25:00,session_end_forced,8,8 (+29 to +41 pts),28.599899999999252,-10.0,24.399999999999636,28,12228.1,12236.8999,12226.1,12234.2,12257.2,12262.2,12256.3999,12258.6,42.19738178187226,40.93462561644118,58.773248895377144,39.35850565022537
2019-12-31 11:30:00,2019-12-31 14:15:00,cross_down,8,8 (+29 to +41 pts),33.5,-4.699899999999616,0.10009999999965657,33,12202.0,12208.1,12201.7,12206.3999,12229.1,12229.7,12206.0,12206.5,37.0489400896066,36.355715350894066,51.73699717724523,24.21734792813659
2020-01-02 11:20:00,2020-01-02 11:25:00,cross_down,1,1 (+0 to +3 pts),0.40010000000074797,-7.79989999999998,-4.699899999999616,1,12234.7,12242.7,12234.5,12242.2999,12242.0,12242.3999,12236.5,12237.6,65.96093648877776,65.89176041218403,50.463624926672765,38.60321906889231
2020-01-02 12:20:00,2020-01-02 12:45:00,cross_down,3,3 (+5 to +8 pts),6.5,-12.099899999999252,-10.5,5,12260.2,12264.5,12257.8999,12263.7999,12265.7,12266.7,12251.7,12253.2999,74.07639629680968,73.058022497275,55.22488304739284,70.36542360187401
2020-01-02 15:15:00,2020-01-02 15:20:00,cross_down,2,2 (+3 to +5 pts),3.3999000000003434,-8.70010000000002,-6.20010000000002,1,12283.1,12289.8999,12282.3999,12286.5,12286.7,12288.1,12277.7999,12280.2999,71.07263347563028,70.97490881393492,65.82367536395074,33.43753685773011
2020-01-03 11:20:00,2020-01-03 11:35:00,cross_down,2,2 (+3 to +5 pts),3.899999999999636,-8.0,-7.699899999999616,3,12248.2,12248.2999,12241.5,12244.3999,12240.1,12242.6,12236.3999,12236.7,46.39329949870547,46.36997868286712,63.2972468937473,19.81176628202206
2020-01-03 12:25:00,2020-01-03 14:10:00,cross_down,4,4 (+8 to +11 pts),10.100000000000364,-16.100099999999657,-15.399999999999636,21,12225.0,12230.3999,12223.2999,12230.0,12220.7999,12221.2,12213.8999,12214.6,38.43874779036364,37.7538975869093,58.822440379129425,46.67389040151542
2020-01-03 14:15:00,2020-01-03 14:20:00,cross_down,2,2 (+3 to +5 pts),4.599899999999252,-6.100000000000364,-4.300100000000384,1,12214.7,12216.7,12211.2999,12214.7,12214.5,12219.2999,12208.6,12210.3999,37.5764817576483,37.53077358698156,53.32657397884473,34.459447542450484
2020-01-03 15:00:00,2020-01-03 15:25:00,session_end_forced,5,5 (+11 to +15 pts),14.0,-24.099899999999252,2.900100000000748,5,12196.5,12222.2,12196.2,12220.2999,12232.0,12232.7999,12221.7999,12223.2,35.31774297385289,30.436303651317175,53.32657397884473,36.84080061412743
2020-01-06 10:10:00,2020-01-06 11:40:00,cross_down,5,5 (+11 to +15 pts),11.399999999999636,-56.20010000000002,-53.600000000000364,18,12093.7999,12094.2,12084.2,12087.1,12041.8999,12044.0,12030.8999,12033.5,27.64380237302067,27.575020610140687,50.50159893947781,61.3055667319027
2020-01-10 09:20:00,2020-01-10 09:30:00,cross_down,2,2 (+3 to +5 pts),4.600000000000364,-16.600099999999657,-12.299999999999272,2,12254.6,12257.1,12243.8999,12252.5,12248.0,12248.1,12235.8999,12240.2,70.23657225912409,69.95481757189037,68.62388620441881,36.587646137884015
2020-01-10 15:00:00,2020-01-10 15:25:00,session_end_forced,4,4 (+8 to +11 pts),8.0,-22.899999999999636,-0.6000000000003638,5,12234.5,12260.8999,12234.2,12257.1,12258.7,12259.7999,12254.6,12256.5,40.81573381671806,40.00732489324547,72.59082040777116,47.88490363394865
2020-01-13 14:40:00,2020-01-13 15:25:00,session_end_forced,6,6 (+15 to +21 pts),16.5,-6.0,9.399999999999636,9,12319.0,12325.1,12318.7,12320.3999,12331.1,12336.8999,12327.2,12329.7999,50.99277061862705,49.96097433057,68.79169767247163,26.687265184462014
2020-01-14 09:25:00,2020-01-14 09:55:00,cross_down,7,7 (+21 to +28 pts),22.400100000000748,-8.599899999999252,1.0,6,12320.8999,12330.6,12320.1,12327.2999,12334.5,12335.2,12327.0,12328.2999,55.43521932135827,55.30108908379089,68.82138904411832,26.135163534333795
2020-01-14 12:05:00,2020-01-14 12:25:00,cross_down,3,3 (+5 to +8 pts),5.29989999999998,-5.70010000000002,-3.300100000000384,4,12338.2999,12346.7,12337.8999,12343.6,12340.2,12342.1,12339.2,12340.2999,58.30566091742033,58.02428267859371,69.00608592333496,24.377262923157467
2020-01-14 14:40:00,2020-01-14 15:25:00,session_end_forced,6,6 (+15 to +21 pts),17.700000000000728,-19.399999999999636,3.7000000000007276,9,12338.0,12358.2999,12337.1,12356.5,12358.2999,12368.8999,12356.5,12360.2,56.123995192427216,51.97224100361019,67.19032940556235,34.97590240070056
2020-01-15 11:00:00,2020-01-15 12:25:00,cross_down,5,5 (+11 to +15 pts),11.599899999999252,-15.800100000000384,-11.200000000000728,17,12295.2999,12301.1,12294.7,12300.2,12290.2,12291.1,12287.7,12289.0,38.62277635552429,37.165480636904086,62.602216192385924,20.926827237216212
2020-01-15 12:30:00,2020-01-15 13:50:00,cross_down,4,4 (+8 to +11 pts),10.600000000000364,-13.799999999999272,-11.399999999999636,16,12288.8999,12293.1,12286.2,12292.5,12280.0,12284.6,12279.2999,12281.1,38.66964156106303,36.71701018740695,55.29169875433439,29.722051792462604
2020-01-15 14:00:00,2020-01-15 15:25:00,session_end_forced,9,9 (+41 to +64 pts),63.5,-6.100000000000364,48.5,17,12286.0,12291.8999,12285.5,12291.6,12349.0,12350.3999,12338.2999,12340.1,40.00502259134908,37.72502010334547,53.06870577997805,27.777622428557706
2020-01-16 12:50:00,2020-01-16 14:35:00,cross_down,8,8 (+29 to +41 pts),33.59989999999925,-3.900100000000748,23.399999999999636,21,12335.1,12336.7999,12333.1,12334.7,12364.8999,12365.1,12356.0,12358.1,49.78258625798009,49.32192827559828,54.86008461023047,28.877216642800462
2020-01-17 10:05:00,2020-01-17 11:05:00,cross_down,5,5 (+11 to +15 pts),12.899900000000343,-10.299999999999272,-1.8999999999996362,12,12372.1,12382.2,12370.5,12372.5,12379.1,12379.1,12369.3999,12370.6,58.238122937764714,56.85901972946811,57.160875421216154,26.814146549154195
2020-01-17 12:40:00,2020-01-17 12:50:00,cross_down,1,1 (+0 to +3 pts),1.5,-14.5,-9.800100000000384,2,12358.7,12360.2,12356.6,12358.7,12354.1,12357.2,12344.2,12348.8999,49.85219730251849,48.35689522700763,56.7295281868778,30.630697615667213
2020-01-17 13:00:00,2020-01-17 14:05:00,cross_down,1,1 (+0 to +3 pts),1.6998999999996158,-15.399999999999636,-7.70010000000002,13,12350.8999,12367.2999,12350.2,12365.6,12359.3999,12360.7999,12356.2,12357.8999,50.97265293165496,47.925725193081945,56.7295281868778,27.891366013473156
2020-01-17 14:10:00,2020-01-17 14:15:00,cross_down,2,2 (+3 to +5 pts),3.2998999999999796,-12.899999999999636,-12.100099999999657,1,12357.8999,12363.6,12357.3999,12361.5,12361.7999,12364.7999,12348.6,12349.3999,52.395428751364086,51.547947911960804,56.642301421731986,11.783911976512192
2020-01-20 09:15:00,2020-01-20 09:40:00,cross_down,8,8 (+29 to +41 pts),32.899999999999636,-59.699899999999616,-45.29989999999998,5,12432.2999,12432.7999,12370.8999,12399.8999,12350.6,12359.0,12346.8999,12354.6,51.807157066775574,46.10564612447424,53.62570388951003,23.3213268106323
2020-01-24 13:35:00,2020-01-24 13:45:00,cross_down,1,1 (+0 to +3 pts),2.699899999999616,-7.20010000000002,-4.70010000000002,2,12247.8999,12255.7999,12245.8999,12253.1,12250.1,12253.3999,12247.2,12248.3999,69.8713518939721,69.48602505458231,60.292930546416656,31.253356871375168
2020-01-24 14:05:00,2020-01-24 14:30:00,cross_down,5,5 (+11 to +15 pts),13.300100000000384,-6.599899999999252,-5.5,5,12259.5,12262.7999,12256.5,12258.7999,12261.0,12262.0,12252.2,12253.2999,73.86093300899958,72.65909044461279,60.292930546416656,48.18166521748659
2020-01-27 10:20:00,2020-01-27 11:05:00,cross_down,1,1 (+0 to +3 pts),0.20010000000002037,-28.199899999999616,-25.899999999999636,9,12206.0,12216.5,12205.3999,12216.2999,12196.7,12198.7,12190.0,12190.3999,47.744752228765044,46.10448553468487,61.045934858104985,27.68316294007587
2020-01-27 11:15:00,2020-01-27 11:20:00,cross_down,1,1 (+0 to +3 pts),1.7998999999999796,-6.600099999999657,-5.70010000000002,1,12191.0,12196.2999,12189.6,12194.5,12194.2999,12195.5,12187.8999,12188.7999,42.165119429050975,41.570700904797974,57.064010425787,20.951370628434866
2020-01-27 11:45:00,2020-01-27 13:05:00,cross_down,6,6 (+15 to +21 pts),16.0,-10.799999999999272,-7.0,16,12188.2999,12196.3999,12187.7999,12191.5,12185.2,12189.8999,12182.7999,12184.5,40.744389795874035,39.024503154089736,57.064010425787,21.781837591021258
2020-01-27 13:45:00,2020-01-27 14:30:00,cross_down,4,4 (+8 to +11 pts),10.100000000000364,-23.0,-22.600000000000364,9,12167.1,12170.8999,12161.7999,12170.6,12161.5,12164.8999,12147.6,12148.0,34.86908016369825,34.24121701315162,51.27877047351083,39.66203803495679
2020-02-05 09:35:00,2020-02-05 09:45:00,cross_down,2,2 (+3 to +5 pts),3.7000000000007276,-24.600099999999657,-18.600099999999657,2,12027.2,12037.2,12026.2,12033.5,12025.2,12029.3999,12008.8999,12014.8999,77.02597723044121,75.85693345243193,57.638030417088835,55.71973302711194
2020-02-05 13:55:00,2020-02-05 15:15:00,cross_down,9,9 (+41 to +64 pts),56.20010000000002,-17.899900000000343,44.899999999999636,16,12024.7,12044.8999,12024.0,12041.8999,12087.2,12089.2,12082.2,12086.7999,57.47706423709678,56.364933557421736,63.556458171817134,24.937727195295274
2020-02-06 09:15:00,2020-02-06 09:45:00,cross_down,7,7 (+21 to +28 pts),22.900100000000748,-16.79989999999998,7.20010000000002,6,12121.5,12144.7,12114.2999,12128.2999,12150.1,12151.2,12134.3999,12135.5,73.3613952375045,72.00737078193038,68.7243352481621,63.039816459594476
2020-02-06 11:55:00,2020-02-06 13:05:00,cross_down,4,4 (+8 to +11 pts),8.799999999999272,-23.900100000000748,-5.700000000000728,14,12146.0,12156.0,12141.6,12150.2,12148.3999,12151.1,12143.2,12144.5,60.0724941214623,58.523581542892884,69.78169255581214,34.92927603007117
2020-02-07 11:55:00,2020-02-07 12:10:00,cross_down,2,2 (+3 to +5 pts),4.800100000000384,-10.599899999999252,-9.5,3,12094.7999,12097.6,12090.7999,12092.7999,12086.8999,12089.6,12082.2,12083.2999,38.059970138077745,37.987521000532105,66.34186629704726,33.4407155003962
2020-02-07 12:25:00,2020-02-07 13:40:00,cross_down,7,7 (+21 to +28 pts),26.70010000000002,-10.599899999999252,-4.5,15,12081.7,12094.1,12081.6,12091.2999,12085.3999,12093.2999,12084.6,12086.7999,36.30797273823495,35.756239032494115,62.77802855851362,41.94138055477821
2020-02-07 13:45:00,2020-02-07 13:50:00,cross_down,3,3 (+5 to +8 pts),6.20010000000002,-6.29989999999998,-5.699899999999616,1,12086.2999,12095.6,12085.8999,12089.3999,12089.3999,12089.6,12083.1,12083.7,41.84825671521846,41.002649617348894,61.21670766032569,21.133798918752348
2020-02-07 14:00:00,2020-02-07 15:25:00,session_end_forced,7,7 (+21 to +28 pts),27.0,-12.600099999999657,-1.1000999999996566,17,12075.7,12086.8999,12073.8999,12086.5,12092.8999,12094.2999,12084.3999,12085.3999,39.41622361581217,38.752947493942266,61.21670766032569,23.820254882288317
2020-02-10 10:55:00,2020-02-10 13:50:00,cross_down,8,8 (+29 to +41 pts),36.09989999999925,-6.200000000000728,-4.900100000000748,35,12009.2,12010.2999,12003.6,12005.2,12007.1,12011.3999,12000.0,12000.2999,25.29759955828183,24.047796397918937,51.01869301389799,68.26321678017153
2020-02-12 09:20:00,2020-02-12 10:45:00,cross_down,8,8 (+29 to +41 pts),32.90010000000075,-18.399999999999636,14.0,17,12182.8999,12200.6,12180.3999,12198.7999,12216.7,12217.5,12209.7,12212.7999,52.90010164115226,46.90732700871003,57.003332611086186,58.26462820672515
2020-02-12 14:05:00,2020-02-12 14:30:00,cross_down,1,1 (+0 to +3 pts),1.8001000000003842,-13.699899999999616,-12.600000000000364,5,12216.5,12216.7,12210.2999,12216.3999,12210.1,12211.2,12202.7,12203.7999,56.15914065115952,55.64264820332956,64.6186253347712,30.89867061388236
2020-02-13 11:00:00,2020-02-13 15:25:00,session_end_forced,7,7 (+21 to +28 pts),22.099899999999252,-19.400100000000748,8.699899999999616,53,12158.2999,12160.2999,12156.7,12159.2,12177.3999,12179.5,12166.2,12167.8999,36.99496648780404,35.37266252978155,62.095200523945934,20.321453892816216
2020-02-14 12:00:00,2020-02-14 12:40:00,cross_down,4,4 (+8 to +11 pts),10.70010000000002,-18.79989999999998,-10.699899999999616,8,12149.1,12167.0,12147.5,12162.2999,12147.7999,12155.8999,12143.5,12151.6,48.195329720045976,46.11732788471666,51.70134842611814,24.979104987308336
2020-02-14 12:45:00,2020-02-14 13:20:00,cross_down,1,1 (+0 to +3 pts),2.300100000000384,-23.899900000000343,-23.199899999999616,7,12151.6,12160.2,12150.7999,12157.8999,12147.1,12151.1,12134.0,12134.7,48.10833400786748,46.396536658913945,51.29445167361982,16.863657060784533
2020-02-14 14:00:00,2020-02-14 14:30:00,cross_down,2,2 (+3 to +5 pts),4.5,-27.399900000000343,-19.899900000000343,6,12141.2,12152.3999,12141.2,12147.8999,12127.5,12130.5,12120.5,12128.0,43.06984181704824,42.19942092142111,50.566106785343976,35.217519098081176
2020-02-19 15:05:00,2020-02-19 15:25:00,session_end_forced,5,5 (+11 to +15 pts),13.900100000000748,-4.599899999999252,10.0,4,12122.1,12123.2999,12116.2,12120.7999,12129.7,12133.3999,12124.8999,12130.7999,66.39699155959005,65.7335218459244,55.416267697025404,28.169403181832948
2020-02-20 11:55:00,2020-02-20 12:00:00,cross_down,1,1 (+0 to +3 pts),1.2998999999999796,-7.5,-6.600000000000364,1,12144.2999,12150.3999,12143.2999,12150.1,12149.7999,12151.3999,12142.6,12143.5,63.609617263837514,63.478574347468516,62.425607627343496,33.13901965694898
2020-02-24 10:05:00,2020-02-24 13:35:00,cross_down,7,7 (+21 to +28 pts),27.79989999999998,-22.800100000000384,-20.899999999999636,42,11957.3999,11962.7999,11951.8999,11953.1,11941.8999,11942.7,11930.2999,11932.2,23.181618411686088,22.38199163548658,56.090148657850676,66.56953017042414
2020-03-05 11:40:00,2020-03-05 11:45:00,cross_down,1,1 (+0 to +3 pts),2.900100000000748,-11.599899999999252,-8.5,1,11373.7,11381.7999,11372.7999,11379.2999,11379.7999,11382.2,11367.7,11370.7999,72.07904780670698,72.06353590025572,50.32559181314527,49.1523579966362
2020-03-06 10:00:00,2020-03-06 15:25:00,cross_down,10,10 (+64 to +504 pts),74.0,-81.89999999999964,17.600000000000364,65,10941.2999,10978.1,10937.5,10961.1,10983.6,10983.8999,10969.0,10978.7,25.248194646151116,20.030892513743865,51.04326491203432,62.57212205294119
2020-03-26 10:10:00,2020-03-26 10:25:00,cross_down,10,10 (+64 to +504 pts),73.25,-48.79999999999927,-21.0,3,8629.8,8679.0,8627.0,8675.8,8710.2,8715.9,8653.95,8654.8,81.67768050486637,79.94702886239959,61.535974349478025,54.88594411397001
2020-03-26 14:45:00,2020-03-26 15:25:00,session_end_forced,10,10 (+64 to +504 pts),76.75,-48.649999999999636,-2.0499999999992724,8,8610.7,8658.35,8608.7,8655.4,8642.6,8675.3,8642.3,8653.35,53.50578759063535,51.54340674060285,70.24869674598273,28.369657009693782
2020-03-27 12:10:00,2020-03-27 12:30:00,cross_down,8,8 (+29 to +41 pts),38.149999999999636,-38.45000000000073,-30.399999999999636,4,8694.65,8725.75,8686.45,8687.6,8685.35,8702.35,8649.15,8657.2,49.1827214631414,48.84444135704886,66.96630734397345,23.07488398803693
2020-03-27 13:40:00,2020-03-27 14:50:00,cross_down,10,10 (+64 to +504 pts),168.54999999999927,-48.350000000000364,-28.100000000000364,14,8627.65,8693.85,8624.0,8672.35,8652.7,8674.3,8643.65,8644.25,45.311155090569166,42.30235818864794,63.19884639472193,36.81579763220143
2020-03-30 10:25:00,2020-03-30 11:25:00,cross_down,9,9 (+41 to +64 pts),58.25,-41.350000000000364,-31.900000000001455,12,8510.65,8531.1,8498.85,8517.7,8495.95,8500.8,8476.35,8485.8,42.264479483815485,41.548802261598965,57.002387043911334,23.495093675140488
2020-04-08 14:35:00,2020-04-08 15:25:00,session_end_forced,9,9 (+41 to +64 pts),60.850000000000364,-28.299999999999272,5.350000000000364,10,8733.7,8753.85,8721.85,8750.15,8749.65,8756.5,8741.1,8755.5,39.79878354792436,39.111162172399744,69.16084041850833,27.44261979506114
2020-04-09 11:50:00,2020-04-09 12:00:00,cross_down,6,6 (+15 to +21 pts),16.5,-29.850000000000364,-25.100000000000364,2,9034.05,9058.2,9033.35,9041.7,9046.6,9051.0,9011.85,9016.6,61.035438605622055,60.57903812367401,66.07225917516794,35.90148332089047
2020-04-09 15:05:00,2020-04-09 15:25:00,session_end_forced,2,2 (+3 to +5 pts),5.100000000000364,-29.700000000000728,-23.100000000000364,4,9102.9,9128.35,9101.75,9123.25,9103.2,9105.1,9093.55,9100.15,63.04221782089434,59.57993209228437,68.55182461065802,31.325215650280846
2020-04-13 10:40:00,2020-04-13 12:35:00,cross_down,10,10 (+64 to +504 pts),94.55000000000109,-44.849999999998545,28.5,23,8982.65,9028.3,8982.05,9007.05,9030.55,9041.7,9028.2,9035.55,46.94625611120855,43.6582143631511,65.88028921276475,33.76193338985341
2020-04-13 14:30:00,2020-04-13 15:25:00,session_end_forced,8,8 (+29 to +41 pts),34.649999999999636,-27.75,9.299999999999272,11,8970.2,9008.3,8969.25,8997.0,8993.05,9008.85,8993.0,9006.3,42.86281220273716,42.48185989221729,58.81954956797291,18.782819745378795
2020-04-15 14:45:00,2020-04-15 15:25:00,session_end_forced,4,4 (+8 to +11 pts),9.549999999999272,-48.75,-13.850000000000364,8,8954.65,8965.3,8944.55,8955.75,8925.5,8944.65,8920.9,8941.9,29.206334646455943,28.331631722974453,58.76168743461666,59.45509288307228
2020-04-17 12:55:00,2020-04-17 13:00:00,cross_down,5,5 (+11 to +15 pts),12.799999999999272,-20.899999999999636,-11.950000000000728,1,9166.7,9178.8,9161.25,9166.0,9165.15,9166.95,9145.1,9154.05,52.95587634712811,52.280924264743675,57.45587185996753,22.279994252104604
2020-04-17 13:55:00,2020-04-17 15:25:00,session_end_forced,10,10 (+64 to +504 pts),145.40000000000146,-18.549999999999272,137.0500000000011,18,9146.5,9153.8,9134.9,9153.05,9288.2,9294.15,9278.9,9290.1,51.95222365118007,49.52351610199424,57.61538619986692,13.92778510687461
2020-04-20 13:20:00,2020-04-20 14:50:00,cross_down,9,9 (+41 to +64 pts),49.150000000001455,-41.94999999999891,-40.25,18,9269.35,9298.45,9267.0,9293.3,9275.6,9281.95,9251.35,9253.05,53.12894513031926,52.04997838510164,66.23197516872713,23.02250902964997
2020-04-21 10:45:00,2020-04-21 12:45:00,cross_down,5,5 (+11 to +15 pts),12.800000000001091,-102.69999999999891,-99.44999999999891,24,9020.1,9033.75,9014.6,9031.55,8949.0,8960.35,8928.85,8932.1,32.81248261482994,29.101192944590686,56.05716277085382,52.78755132493845
2020-04-23 09:50:00,2020-04-23 10:25:00,cross_down,8,8 (+29 to +41 pts),31.94999999999891,-12.0,13.350000000000364,7,9248.55,9263.75,9244.85,9256.85,9282.75,9288.8,9268.25,9270.2,78.41298731342378,77.4009468091662,56.68711799258891,43.731161302291355
2020-04-24 11:10:00,2020-04-24 13:40:00,cross_down,10,10 (+64 to +504 pts),109.14999999999964,-16.399999999999636,64.60000000000036,30,9178.35,9193.65,9178.1,9187.75,9268.15,9269.35,9250.5,9252.35,40.08142202497604,37.38901378881529,64.85102616943524,26.412860589083202
2020-04-28 09:15:00,2020-04-28 09:50:00,cross_down,6,6 (+15 to +21 pts),18.25,-111.75,-105.0,7,9392.03,9402.55,9360.7,9384.3,9287.1,9297.95,9273.5,9279.3,45.845589644567475,41.42058688904148,56.829955496924036,49.402202833261725
2020-04-28 10:25:00,2020-04-28 12:10:00,cross_down,8,8 (+29 to +41 pts),36.850000000000364,-23.049999999999272,-0.6999999999989086,21,9275.0,9294.8,9269.6,9292.65,9304.7,9305.9,9289.2,9291.95,44.174137154858954,43.80899155232519,55.68992966217348,17.43629494859988
2020-04-28 12:45:00,2020-04-28 14:35:00,cross_down,9,9 (+41 to +64 pts),43.75,-16.299999999999272,19.149999999999636,22,9314.5,9330.35,9312.9,9328.65,9359.95,9361.5,9342.7,9347.8,52.22135781546077,49.70019861367826,54.98642315658661,27.357797961183838
2020-04-28 14:55:00,2020-04-28 15:00:00,cross_down,4,4 (+8 to +11 pts),8.850000000000364,-14.549999999999272,-13.25,1,9369.65,9381.95,9367.65,9377.25,9377.4,9386.1,9362.7,9364.0,62.08590111631268,60.37152539045068,58.851002143260246,29.72884255315096
2020-04-28 15:10:00,2020-04-28 15:15:00,cross_down,3,3 (+5 to +8 pts),7.0,-15.199999999998909,-3.149999999999636,1,9372.9,9390.9,9368.7,9383.9,9384.25,9385.65,9375.95,9380.75,62.11972948952078,61.9001428879824,58.851002143260246,31.863064857009853
2020-04-28 15:20:00,2020-04-28 15:25:00,session_end_forced,6,6 (+15 to +21 pts),16.25,-11.850000000000364,15.049999999999272,1,9381.3,9403.1,9376.25,9388.1,9388.15,9404.35,9387.6,9403.15,63.822773215568446,63.513517782101545,61.167915592678206,37.99419944155008
2020-04-29 14:50:00,2020-04-29 14:55:00,cross_down,2,2 (+3 to +5 pts),3.850000000000364,-21.5,-9.950000000000728,1,9597.1,9599.6,9585.05,9595.75,9595.45,9596.25,9574.25,9585.8,82.35232174446189,81.10491522284502,76.85479907854098,55.33021691972742
2020-04-30 09:40:00,2020-04-30 10:00:00,cross_down,6,6 (+15 to +21 pts),20.299999999999272,-22.899999999999636,16.25,4,9802.8,9812.55,9788.6,9811.5,9812.5,9831.8,9810.85,9827.75,79.2818519130454,77.20277527740669,78.98761426458553,57.55870707039825
2020-04-30 10:05:00,2020-04-30 10:15:00,cross_down,4,4 (+8 to +11 pts),9.049999999999272,-9.100000000000364,5.799999999999272,2,9827.8,9840.85,9825.3,9833.25,9837.75,9841.25,9824.15,9839.05,81.75803564712315,81.51668180742512,78.98761426458553,63.61921570536584
2020-04-30 10:20:00,2020-04-30 10:25:00,cross_down,4,4 (+8 to +11 pts),10.549999999999272,-19.55000000000109,-13.0,1,9839.2,9860.4,9835.25,9849.85,9849.25,9850.05,9830.3,9836.85,83.75966345566336,83.21969890104103,81.9855945096897,65.85969020523942
2020-04-30 15:10:00,2020-04-30 15:25:00,session_end_forced,5,5 (+11 to +15 pts),14.100000000000364,-24.19999999999891,-18.649999999999636,3,9856.8,9873.25,9854.25,9871.3,9865.45,9866.75,9847.1,9852.65,56.17305159454537,52.363566671527366,83.90106466751465,24.143978287092395
2020-05-04 10:45:00,2020-05-04 15:25:00,session_end_forced,5,5 (+11 to +15 pts),14.25,-127.20000000000073,-89.35000000000036,56,9394.65,9407.4,9389.65,9394.1,9308.9,9314.75,9298.95,9304.75,28.33807687278902,27.41581980519257,70.9763773634846,55.56732197021823
2020-05-11 12:50:00,2020-05-11 13:45:00,cross_down,5,5 (+11 to +15 pts),11.25,-22.69999999999891,-16.899999999999636,11,9335.8,9351.6,9333.0,9344.15,9338.55,9339.2,9321.45,9327.25,49.21998067965505,48.61711917038125,54.606868652515146,21.58364555707775
2020-05-14 11:00:00,2020-05-14 14:10:00,cross_down,7,7 (+21 to +28 pts),21.30000000000109,-79.04999999999927,-69.34999999999854,38,9224.15,9227.5,9213.2,9214.05,9155.8,9157.25,9135.0,9144.7,32.98669293744276,32.03342722821934,57.06253453999248,52.55861693225738
2020-05-21 13:20:00,2020-05-21 13:35:00,cross_down,4,4 (+8 to +11 pts),8.5,-21.149999999999636,-20.75,3,9168.65,9172.4,9163.7,9170.05,9170.75,9178.55,9148.9,9149.3,69.54129552489552,67.49716423714966,68.89272233233447,34.48348411642283
2020-05-22 09:45:00,2020-05-22 10:25:00,cross_down,8,8 (+29 to +41 pts),35.70000000000073,-70.64999999999964,-67.89999999999964,8,9101.0,9117.3,9091.0,9113.9,9071.05,9083.4,9043.25,9046.0,48.71691446170075,44.864889269336686,65.644559459522,31.63700208354363
2020-05-22 10:30:00,2020-05-22 10:35:00,cross_down,7,7 (+21 to +28 pts),21.200000000000728,-39.899999999999636,-36.19999999999891,1,9044.9,9045.35,9003.7,9024.15,9025.2,9025.7,8984.25,8987.95,37.64128111680045,37.306533520814746,62.02294206524672,34.18272974124401
2020-05-22 11:10:00,2020-05-22 15:25:00,session_end_forced,9,9 (+41 to +64 pts),59.5,-30.850000000000364,41.100000000000364,51,8999.8,9014.5,8993.3,9010.0,9046.8,9052.75,9044.85,9051.1,31.305302102890614,28.534231628343097,62.02294206524672,45.8910316211683
2020-05-26 12:55:00,2020-05-26 13:00:00,cross_down,2,2 (+3 to +5 pts),4.849999999998545,-16.600000000000364,-15.75,1,9104.0,9107.8,9099.4,9102.95,9103.2,9103.55,9086.35,9087.2,54.83430174687739,54.718868762392646,54.93743431440143,24.421654734476803
2020-05-26 14:35:00,2020-05-26 15:25:00,session_end_forced,7,7 (+21 to +28 pts),24.5,-16.149999999999636,14.049999999999272,10,9018.65,9034.9,9018.2,9031.85,9034.95,9048.9,9034.0,9045.9,36.53329035719923,36.069684359321585,50.50256208096239,39.87135403800915
2020-05-28 15:15:00,2020-05-28 15:25:00,session_end_forced,5,5 (+11 to +15 pts),12.149999999999636,-17.55000000000109,-12.649999999999636,2,9485.65,9499.5,9481.55,9499.1,9491.7,9492.9,9484.0,9486.45,64.4897835668126,62.98106451828201,80.16797626771731,28.115348966087108
2020-05-29 10:20:00,2020-05-29 11:45:00,cross_down,9,9 (+41 to +64 pts),53.25,-7.850000000000364,6.5,17,9470.35,9472.55,9462.15,9470.0,9494.3,9495.45,9469.85,9476.5,55.048604380180265,53.45571505079333,79.38048184132099,23.062853816016894
2020-05-29 13:00:00,2020-05-29 13:10:00,cross_down,2,2 (+3 to +5 pts),3.600000000000364,-24.75,-19.350000000000364,2,9486.7,9493.85,9481.5,9493.5,9487.55,9488.15,9468.75,9474.15,53.483591948735736,53.167531468261416,77.09129742470078,21.279399791038745
2020-05-29 13:30:00,2020-05-29 15:25:00,session_end_forced,10,10 (+64 to +504 pts),107.35000000000036,-13.25,73.0,23,9479.6,9498.5,9478.25,9491.5,9572.15,9576.8,9553.55,9564.5,52.82634126229035,52.45663902173564,75.50245423060167,18.089623286804024
2020-06-02 09:25:00,2020-06-02 10:10:00,cross_down,7,7 (+21 to +28 pts),25.44999999999891,-39.75,-38.55000000000109,9,9885.35,9915.1,9885.0,9910.1,9887.0,9887.25,9870.35,9871.55,52.525294603970785,50.19846101316662,77.46605812237054,36.8096051907905
2020-06-02 11:05:00,2020-06-02 11:15:00,cross_down,3,3 (+5 to +8 pts),6.5,-11.100000000000364,-9.850000000000364,2,9893.05,9908.45,9893.0,9901.95,9893.75,9902.75,9891.3,9892.1,54.93477256915865,54.88784539642828,76.64295960716314,21.058169506362226
2020-06-02 12:05:00,2020-06-02 13:25:00,cross_down,9,9 (+41 to +64 pts),57.899999999999636,-18.650000000001455,35.29999999999927,16,9913.25,9927.9,9912.75,9920.7,9937.3,9956.95,9929.6,9956.0,59.32055343666761,57.45529686593355,76.3757290737494,24.512695692107897
2020-06-03 09:20:00,2020-06-03 09:45:00,cross_down,7,7 (+21 to +28 pts),21.099899999999252,-60.40010000000075,-58.800100000000384,5,10148.1,10159.2999,10131.6,10138.2,10115.2999,10120.2,10077.7999,10079.3999,73.79795633313447,69.80797322647032,79.60739063059552,36.776789336634145
2020-06-03 14:15:00,2020-06-03 14:20:00,cross_down,1,1 (+0 to +3 pts),3.100000000000364,-13.899999999999636,-13.5,1,10150.0,10157.2,10144.2999,10154.1,10153.7999,10154.7999,10140.2,10140.6,67.73295402031545,66.16533607146164,84.52624749510755,28.31615799939397
2020-06-03 14:25:00,2020-06-03 14:40:00,cross_down,6,6 (+15 to +21 pts),19.0,-32.20000000000073,-27.400100000000748,3,10141.2,10158.1,10139.8999,10157.2,10167.6,10169.2,10125.0,10129.7999,66.70821703513404,66.16533607146164,84.52624749510755,31.212026208989162
2020-06-04 10:15:00,2020-06-04 11:05:00,cross_down,6,6 (+15 to +21 pts),16.29989999999998,-28.899999999999636,-25.20010000000002,10,10060.0,10074.2,10057.1,10073.5,10048.8999,10057.2,10044.6,10048.2999,46.61824750148875,43.95996597619722,72.29372343640216,20.75343837862825
2020-06-04 12:40:00,2020-06-04 15:25:00,session_end_forced,10,10 (+64 to +504 pts),65.69989999999962,-31.650000000001455,55.79999999999927,33,9969.2,9977.2,9956.7,9976.7,10037.3999,10039.8999,10027.2999,10032.5,31.541530174152946,30.095322575536812,63.97467816110651,47.306239215363156
2020-06-05 12:05:00,2020-06-05 12:30:00,cross_down,4,4 (+8 to +11 pts),9.70010000000002,-20.899999999999636,-7.199899999999616,5,10106.8999,10116.0,10102.8999,10106.2999,10102.8999,10103.5,10085.3999,10099.1,58.876884553968466,57.72887828254286,58.92867244313455,21.23483530504479
2020-06-05 12:40:00,2020-06-05 13:05:00,cross_down,4,4 (+8 to +11 pts),8.5,-10.5,-1.8999999999996362,5,10106.3999,10115.2999,10104.0,10113.1,10114.2999,10121.3999,10104.0,10111.2,60.211968950544936,59.59481703254366,60.78569085777916,16.3743776447218
2020-06-05 13:10:00,2020-06-05 14:00:00,cross_down,9,9 (+41 to +64 pts),42.0,-9.79989999999998,24.5,10,10110.2999,10118.8999,10108.0,10117.7999,10149.6,10158.0,10139.8999,10142.2999,62.43403930665008,61.565373205389136,60.78569085777916,13.576159394969046
2020-06-05 14:05:00,2020-06-05 14:20:00,cross_down,4,4 (+8 to +11 pts),10.399999999999636,-27.79989999999998,-20.79989999999998,3,10143.0,10168.7,10142.0,10167.3999,10167.8999,10168.7999,10139.6,10146.6,69.39228164214911,68.14605709773038,62.4720763119473,27.013315816187614
2020-06-08 09:20:00,2020-06-08 10:00:00,cross_down,6,6 (+15 to +21 pts),19.600099999999657,-42.199899999999616,-38.29989999999998,8,10304.7999,10328.5,10303.7999,10308.8999,10284.8999,10285.2,10266.7,10270.6,69.98969781940912,64.8158604331742,66.47294824450319,36.865681421322606
2020-06-08 14:30:00,2020-06-08 15:25:00,session_end_forced,6,6 (+15 to +21 pts),16.20010000000002,-41.89990000000034,-9.100000000000364,11,10162.7999,10200.1,10161.7999,10183.8999,10175.8999,10181.0,10173.6,10174.7999,40.474148756686155,40.43612740070152,66.43605857890113,40.34495930258784
2020-06-09 11:40:00,2020-06-09 11:45:00,cross_down,2,2 (+3 to +5 pts),4.899900000000343,-5.20010000000002,-2.2001000000000204,1,10261.7999,10267.8999,10258.3999,10263.0,10263.3999,10264.3999,10257.7999,10260.7999,61.155014271740654,60.6456631148134,61.94334401384945,28.021692450245947
2020-06-09 11:50:00,2020-06-09 12:10:00,cross_down,4,4 (+8 to +11 pts),10.899999999999636,-21.200000000000728,-13.600000000000364,4,10260.7,10285.3999,10259.0,10280.2,10275.1,10278.7,10259.0,10266.6,64.31577251390598,62.418071139058874,61.94334401384945,32.277549327338015
2020-06-09 15:00:00,2020-06-09 15:25:00,session_end_forced,6,6 (+15 to +21 pts),20.100000000000364,-35.20010000000002,-32.899999999999636,5,10051.7,10080.2,10051.3999,10060.1,10037.7999,10038.1,10025.1,10027.2,24.14227206697212,22.977704496539737,54.39949140263025,56.37680022399004
2020-06-16 14:00:00,2020-06-16 15:25:00,session_end_forced,10,10 (+64 to +504 pts),81.5,-25.100000000000364,39.5,17,9851.0,9862.55,9835.55,9860.65,9906.4,9906.6,9897.9,9900.15,42.51307699302657,39.84932365175024,50.78362521087769,44.99002593641411
2020-06-17 09:30:00,2020-06-17 10:25:00,cross_down,8,8 (+29 to +41 pts),30.649999999999636,-55.25,-30.75,11,9876.35,9932.55,9870.45,9925.7,9901.45,9902.5,9875.15,9894.95,48.97062364002476,48.09483311633511,51.286375948995534,23.2117102630286
2020-06-17 11:20:00,2020-06-17 13:30:00,cross_down,10,10 (+64 to +504 pts),100.55000000000109,-31.5,41.45000000000073,26,9905.9,9909.05,9890.95,9903.05,9961.5,9962.5,9939.2,9944.5,48.33683437977764,47.44832834105515,51.72637855201575,17.07691117675722
2020-06-18 09:45:00,2020-06-18 13:05:00,cross_down,10,10 (+64 to +504 pts),109.39999999999964,-5.75,93.69999999999891,40,9885.05,9885.6,9874.2,9879.95,9977.65,9980.9,9970.9,9973.65,40.70561613205358,38.660750196579244,51.09987983560383,53.24284155690897
2020-06-18 13:35:00,2020-06-18 14:40:00,cross_down,10,10 (+64 to +504 pts),98.0,-13.149999999999636,48.899999999999636,13,9996.75,10016.7999,9996.45,10009.6,10073.2,10076.8999,10055.0,10058.5,66.99426000318469,65.28404321673905,54.519290645656454,45.62026883207166
2020-06-19 11:25:00,2020-06-19 12:30:00,cross_down,9,9 (+41 to +64 pts),47.40010000000075,-20.0,18.70010000000002,13,10154.6,10168.2999,10145.2999,10165.2999,10203.7,10205.2999,10180.7,10184.0,67.36549040346324,65.76242504732177,69.4662391178136,20.103561552706523
2020-06-22 09:20:00,2020-06-22 09:55:00,cross_down,9,9 (+41 to +64 pts),48.39990000000034,-24.20010000000002,4.899900000000343,7,10314.7,10341.1,10313.7999,10338.0,10340.2,10350.6,10325.6,10342.8999,71.52341207047523,71.3217637071536,76.76348521048214,39.31730282501828
2020-06-22 12:50:00,2020-06-22 13:25:00,cross_down,7,7 (+21 to +28 pts),20.900100000000748,-15.899999999999636,6.0,7,10331.1,10349.8999,10330.8999,10346.7999,10358.0,10367.7,10352.1,10352.7999,65.41265850138117,63.84823735606823,78.30473532394755,25.599935370158406
2020-06-23 10:20:00,2020-06-23 10:55:00,cross_down,6,6 (+15 to +21 pts),17.400100000000748,-13.899999999999636,-7.899999999999636,7,10378.1,10386.2,10369.7999,10370.7999,10367.0,10372.2,10360.0,10362.8999,55.856001373391884,54.396451160053516,74.22465805130855,22.975969031604098
2020-06-23 11:50:00,2020-06-23 12:20:00,cross_down,4,4 (+8 to +11 pts),9.200000000000728,-14.600099999999657,-10.399999999999636,6,10380.1,10396.1,10379.0,10393.5,10388.2999,10390.2,10378.8999,10383.1,58.22431499948609,57.30882654807348,73.82229117673015,17.31489991309127
2020-06-23 12:45:00,2020-06-23 13:35:00,cross_down,7,7 (+21 to +28 pts),24.700000000000728,-9.399999999999636,12.5,10,10399.2,10414.3999,10398.1,10407.5,10430.2,10431.2999,10419.6,10420.0,61.484311351156926,60.677910557718064,74.12887923517826,24.122791389905732
2020-06-23 14:55:00,2020-06-23 15:25:00,session_end_forced,7,7 (+21 to +28 pts),22.800100000000384,-11.899900000000343,20.100099999999657,6,10455.3999,10466.1,10454.2,10461.8999,10477.3999,10484.2,10476.1,10482.0,67.81309446632238,66.75824979670045,74.98424664193702,33.11640776454413
2020-06-24 12:20:00,2020-06-24 13:05:00,cross_down,5,5 (+11 to +15 pts),14.79989999999998,-32.100000000000364,-28.0,9,10508.8999,10524.5,10504.0,10523.6,10503.0,10517.2999,10491.5,10495.6,55.70351708500877,53.44371253720566,73.74378309146161,34.98246000223017
2020-06-25 09:30:00,2020-06-25 12:00:00,cross_down,10,10 (+64 to +504 pts),101.0,-19.100099999999657,16.79989999999998,30,10238.2999,10260.8999,10235.8999,10255.0,10275.5,10284.7999,10263.7999,10271.7999,26.636559188710766,24.569624625370196,54.33799831941367,49.795890093112504
2020-06-26 12:20:00,2020-06-26 12:25:00,cross_down,4,4 (+8 to +11 pts),8.399999999999636,-24.0,-22.900100000000748,1,10371.2999,10388.1,10371.1,10379.7,10379.7,10380.1,10355.7,10356.7999,57.279366415797085,56.87742722638929,50.30280810321365,20.463897800516037
2020-06-26 14:10:00,2020-06-26 15:25:00,session_end_forced,9,9 (+41 to +64 pts),63.79989999999998,-7.299999999999272,53.79989999999998,15,10352.1,10354.2999,10340.7999,10346.0,10398.7999,10404.2,10396.7,10399.7999,47.96666964411922,47.111820855183545,50.505691632609285,19.460929898654012
2020-06-30 13:10:00,2020-06-30 13:45:00,cross_down,6,6 (+15 to +21 pts),16.900100000000748,-8.0,7.300100000000384,7,10369.2999,10372.6,10366.8999,10368.2999,10376.0,10378.2,10371.7,10375.6,55.08657578799081,54.27587530788787,52.66581202296197,15.428140637313863
2020-06-30 15:20:00,2020-06-30 15:25:00,session_end_forced,2,2 (+3 to +5 pts),4.299999999999272,-16.800100000000384,-1.2000000000007276,1,10306.1,10311.2999,10291.8999,10308.7,10309.1,10313.0,10302.8999,10307.5,41.019440570014325,40.297831490403915,51.72881931921616,37.29151136054084
2020-07-01 11:00:00,2020-07-01 13:15:00,cross_down,10,10 (+64 to +504 pts),90.59989999999925,-14.0,69.29999999999927,27,10335.7,10345.2999,10335.2999,10343.7,10422.1,10425.7999,10411.2,10413.0,49.4203596551486,49.354704700370824,50.978489302691024,17.85254795282911
2020-07-02 09:35:00,2020-07-02 10:15:00,cross_down,6,6 (+15 to +21 pts),15.399999999999636,-25.29989999999998,-16.199899999999616,8,10511.7999,10531.2,10504.6,10529.8999,10533.7,10540.2999,10512.1,10513.7,70.65668158491991,67.91854451471616,61.17182290311892,37.17667434099946
2020-07-02 13:55:00,2020-07-02 14:00:00,cross_down,4,4 (+8 to +11 pts),8.200000000000728,-15.20010000000002,-12.20010000000002,1,10587.7,10593.8999,10586.7,10590.0,10590.7,10598.2,10574.7999,10577.7999,71.9295559964812,71.70898371795508,69.5037236552697,28.12200500198983
2020-07-03 11:50:00,2020-07-03 12:30:00,cross_down,4,4 (+8 to +11 pts),9.699899999999616,-13.100000000000364,-6.800100000000384,8,10618.6,10629.0,10618.3999,10621.6,10618.7999,10627.2,10614.1,10614.7999,62.64809222785932,60.54342687827409,69.74953085902517,25.891854203518417
2020-07-03 14:10:00,2020-07-03 14:30:00,cross_down,4,4 (+8 to +11 pts),10.099899999999252,-24.0,-16.300100000000384,4,10599.6,10612.7999,10599.2,10602.7,10592.8999,10593.2,10578.7,10586.3999,50.79656240646263,49.58532562022676,69.04641723810758,24.194604554646077
2020-07-03 15:00:00,2020-07-03 15:25:00,session_end_forced,6,6 (+15 to +21 pts),16.899999999999636,-14.900100000000748,-1.3001000000003842,5,10589.8999,10604.2999,10589.2999,10604.2,10609.2,10611.6,10599.2999,10602.8999,51.527988756962074,49.62238038435612,68.54367311214101,14.838119996753361
2020-07-07 12:05:00,2020-07-07 13:55:00,cross_down,10,10 (+64 to +504 pts),79.0,-5.899999999999636,25.899999999999636,22,10711.2,10718.7999,10710.8999,10716.6,10766.7999,10767.5,10741.2,10742.5,37.67238716979731,35.851081174505325,73.22901586358834,40.604265712041894
2020-07-07 14:00:00,2020-07-07 14:05:00,cross_down,4,4 (+8 to +11 pts),10.199899999999616,-15.800100000000384,4.0,1,10742.7999,10758.1,10741.8999,10757.7,10758.0,10767.8999,10754.2,10761.7,52.68228145439534,52.43242929943579,69.19175859040038,33.25310826929958
2020-07-07 14:10:00,2020-07-07 15:25:00,session_end_forced,9,9 (+41 to +64 pts),44.29989999999998,-13.20010000000002,17.79989999999998,15,10761.7,10770.2999,10756.2999,10769.5,10783.8999,10788.3999,10779.2999,10787.2999,52.97928955854985,52.43242929943579,69.19175859040038,26.764161307008344
2020-07-08 12:35:00,2020-07-08 13:20:00,cross_down,7,7 (+21 to +28 pts),21.0,-8.399999999999636,-6.0,9,10801.2,10803.1,10794.8999,10798.2999,10800.8999,10801.2,10789.8999,10792.2999,51.34679187579917,50.23579265590521,68.92738288530776,20.981398533659213
2020-07-08 13:40:00,2020-07-08 13:45:00,cross_down,2,2 (+3 to +5 pts),4.70010000000002,-31.399900000000343,-8.600000000000364,1,10793.2,10827.6,10791.5,10822.8999,10821.7,10827.6,10811.7999,10814.2999,53.699847544626905,53.438193071474984,69.63839568042967,22.222642074260722
2020-07-08 13:50:00,2020-07-08 14:00:00,cross_down,3,3 (+5 to +8 pts),6.100000000000364,-17.899999999999636,-15.5,2,10814.5,10829.1,10812.8999,10823.0,10819.1,10823.5,10805.1,10807.5,57.016357879706014,55.5525193870145,69.63839568042967,25.867680923358346
2020-07-08 14:05:00,2020-07-08 14:15:00,cross_down,5,5 (+11 to +15 pts),11.899900000000343,-15.20010000000002,-4.0,2,10806.7999,10825.8999,10806.7999,10822.0,10823.2999,10830.5,10817.3999,10818.0,56.90183515525595,56.64587212181284,69.63839568042967,21.734843762901352
2020-07-09 09:20:00,2020-07-09 13:00:00,cross_down,9,9 (+41 to +64 pts),42.60009999999966,-26.5,1.6000999999996566,44,10749.3999,10761.8999,10746.7,10759.3999,10799.7999,10801.5,10758.5,10761.0,38.457493218036795,35.12482457471043,56.78154334534195,52.362015804492906
2020-07-09 13:35:00,2020-07-09 14:05:00,cross_down,2,2 (+3 to +5 pts),3.899999999999636,-23.5,-13.70010000000002,6,10790.6,10808.2,10790.1,10807.6,10793.2,10797.3999,10785.7,10793.8999,56.24974259546504,54.36026319766161,54.48782735537228,22.00557966237124
2020-07-09 14:10:00,2020-07-09 15:00:00,cross_down,7,7 (+21 to +28 pts),27.0,-9.0,-2.599899999999252,10,10794.3999,10801.2999,10790.2999,10798.7999,10805.2999,10806.2999,10789.7999,10796.2,56.23049225514286,55.96489756341041,54.48782735537228,16.77844923546966
2020-07-10 12:35:00,2020-07-10 14:20:00,cross_down,10,10 (+64 to +504 pts),64.10000000000036,-10.399999999999636,6.400100000000748,21,10725.2999,10736.5,10721.8999,10732.2999,10754.7,10755.2,10736.1,10738.7,35.13163389401383,34.929904694872285,52.32350393707106,41.10605882840993
2020-07-13 14:10:00,2020-07-13 15:25:00,session_end_forced,8,8 (+29 to +41 pts),33.29999999999927,-16.5,30.599899999999252,15,10775.5,10788.1,10774.8999,10785.2,10807.3999,10816.5,10805.3999,10815.7999,41.04876281662001,40.96136424150323,55.72344833335709,38.11498922674716
2020-07-17 14:50:00,2020-07-17 15:00:00,cross_down,5,5 (+11 to +15 pts),14.899900000000343,-13.70010000000002,8.5,2,10877.1,10879.8999,10869.2,10873.0,10864.2,10887.8999,10863.5,10881.5,66.74425894256457,65.57778804026015,61.95126122712616,31.287205876882233
2020-07-17 15:05:00,2020-07-17 15:25:00,session_end_forced,9,9 (+41 to +64 pts),52.199899999999616,-8.100000000000364,50.79999999999927,4,10881.8999,10884.2,10873.1,10881.2,10924.6,10933.3999,10923.7,10932.0,68.81587585986367,68.19931392489048,61.95126122712616,36.38096509010729
2020-07-21 09:15:00,2020-07-21 10:05:00,cross_down,8,8 (+29 to +41 pts),30.79989999999998,-15.70010000000002,-12.300100000000384,10,11126.2,11142.7,11121.7,11133.6,11137.3999,11137.8999,11117.8999,11121.2999,69.83968197831037,65.34524252950918,77.95411771220215,26.250052485877923
2020-07-22 10:25:00,2020-07-22 11:45:00,cross_down,7,7 (+21 to +28 pts),23.800100000000384,-17.199899999999616,4.0,16,11147.5,11167.7,11144.7,11161.8999,11173.0,11173.7999,11162.5,11165.8999,51.88459904045742,51.083486056974394,80.06157985351689,21.308661648642683
2020-07-22 14:30:00,2020-07-22 14:35:00,cross_down,4,4 (+8 to +11 pts),10.899999999999636,-24.0,-23.5,1,11108.0,11110.2999,11090.2,11099.3999,11098.5,11102.2,11075.3999,11075.8999,38.7588777337637,38.25260819947956,68.06195762398518,37.37752170984067
2020-07-22 14:45:00,2020-07-22 15:25:00,session_end_forced,10,10 (+64 to +504 pts),74.39990000000034,-24.5,62.89990000000034,8,11060.2999,11083.8999,11056.5,11081.0,11144.0,11145.3999,11132.3999,11143.8999,35.64698245253196,35.628072705741694,68.06195762398518,43.65644743802308
2020-07-23 15:20:00,2020-07-23 15:25:00,session_end_forced,4,4 (+8 to +11 pts),8.79989999999998,-19.5,4.899900000000343,1,11216.6,11231.7,11211.5,11231.0,11230.7,11239.7999,11227.5,11235.8999,59.28194251023881,58.162980864313404,67.3080921569245,24.981576157551757
2020-07-24 11:10:00,2020-07-24 15:25:00,session_end_forced,10,10 (+64 to +504 pts),107.5,-11.899900000000343,80.30010000000038,51,11116.1,11119.1,11108.7,11117.8999,11197.1,11200.1,11193.1,11198.2,36.364715034099646,35.28086801626498,63.95360996519506,45.656994049149446
2020-07-27 10:45:00,2020-07-27 11:25:00,cross_down,6,6 (+15 to +21 pts),17.700000000000728,-14.20010000000002,-11.399999999999636,8,11130.1,11135.0,11127.2,11132.0,11125.2,11137.7999,11117.7999,11120.6,46.2917996813586,45.55597699971959,51.656845040322466,22.686450875340306
2020-07-27 13:40:00,2020-07-27 13:55:00,cross_down,4,4 (+8 to +11 pts),8.0,-24.900100000000748,-20.0,3,11159.0,11179.7999,11158.7,11176.7,11175.2,11178.0,11151.7999,11156.7,54.18284477129365,52.92692063002943,50.449863282254626,28.87086534603197
2020-07-27 14:45:00,2020-07-27 14:50:00,cross_down,3,3 (+5 to +8 pts),7.399999999999636,-14.70010000000002,-14.70010000000002,1,11167.5,11174.6,11162.6,11173.6,11173.7,11181.0,11158.8999,11158.8999,52.67371095233281,52.645979045178365,50.49974601336679,16.221977711836423
2020-07-27 14:55:00,2020-07-27 15:00:00,cross_down,1,1 (+0 to +3 pts),1.7001000000000204,-17.199899999999616,-15.29989999999998,1,11159.0,11177.5,11158.7,11175.7999,11175.3999,11177.1,11158.6,11160.5,54.069734171971746,52.645979045178365,50.49974601336679,17.40440377125823
2020-07-29 11:35:00,2020-07-29 12:05:00,cross_down,5,5 (+11 to +15 pts),14.100000000000364,-10.299999999999272,-4.799999999999272,6,11298.7999,11303.1,11291.1,11295.5,11285.5,11296.7999,11285.2,11290.7,56.19529286511198,54.00943844122789,65.49675310802724,23.6533153817439
2020-07-29 15:00:00,2020-07-29 15:25:00,session_end_forced,5,5 (+11 to +15 pts),14.0,-31.5,-13.0,5,11189.5,11216.2999,11183.0,11211.7999,11195.6,11200.0,11190.2999,11198.7999,34.96627785058156,33.72532104501903,60.24472007855854,38.00046419936682
2020-08-05 09:15:00,2020-08-05 10:10:00,cross_down,8,8 (+29 to +41 pts),35.899999999999636,-41.600000000000364,27.100000000000364,11,11159.3999,11189.3999,11144.5,11186.1,11214.6,11217.2999,11209.7,11213.2,72.65307252598521,71.86136264928726,54.4378712991657,49.20040956976919
2020-08-05 14:15:00,2020-08-05 15:25:00,session_end_forced,7,7 (+21 to +28 pts),21.199899999999616,-31.400100000000748,7.399999999999636,14,11105.0,11116.6,11104.6,11113.7,11114.6,11123.8999,11112.2,11121.1,45.402823372503924,43.76124156886736,58.713316904293166,29.493629864252963
2020-08-06 12:50:00,2020-08-06 13:30:00,cross_down,6,6 (+15 to +21 pts),17.899999999999636,-20.100000000000364,-13.699899999999616,8,11219.2999,11239.5,11218.7999,11238.8999,11230.3999,11237.2999,11223.6,11225.2,65.89191589323556,64.4039512500568,61.12684867604533,33.010589736916145
2020-08-06 15:20:00,2020-08-06 15:25:00,session_end_forced,1,1 (+0 to +3 pts),2.599899999999252,-17.600000000000364,-3.100000000000364,1,11204.5,11211.7999,11191.6,11209.2,11209.5,11210.3999,11203.5,11206.1,54.34399226131233,51.79797980588195,63.929343450907865,27.709875602902716
2020-08-07 09:45:00,2020-08-07 10:20:00,cross_down,2,2 (+3 to +5 pts),4.199899999999616,-29.300100000000384,-28.899999999999636,7,11194.0,11213.5,11193.2,11209.6,11183.0,11193.0,11180.2999,11180.7,52.00391160212118,50.5562042672703,63.71185236968875,26.9315435806853
2020-08-07 11:20:00,2020-08-07 12:40:00,cross_down,7,7 (+21 to +28 pts),26.600000000000364,-16.299999999999272,-0.5,16,11188.6,11190.3999,11184.2,11186.0,11177.8999,11187.6,11176.5,11185.5,48.09616763539226,47.442158754713425,61.430410270426435,17.29487297666713
2020-08-07 12:50:00,2020-08-07 13:20:00,cross_down,5,5 (+11 to +15 pts),14.0,-16.300100000000384,-13.600000000000364,6,11188.3999,11198.3999,11180.8999,11194.2,11192.7,11194.2999,11177.8999,11180.6,50.36145957672301,49.09190095524473,60.69872335301765,20.532248174610583
2020-08-07 13:45:00,2020-08-07 13:50:00,cross_down,1,1 (+0 to +3 pts),0.6998999999996158,-10.700000000000728,-8.300100000000384,1,11193.2,11199.3999,11189.5,11199.2,11199.8999,11199.8999,11188.5,11190.8999,52.437192100657114,51.670244914333495,60.225058584660275,12.348033091696333
2020-08-07 14:00:00,2020-08-07 15:10:00,cross_down,8,8 (+29 to +41 pts),32.199899999999616,-13.800100000000384,14.0,14,11190.1,11205.6,11187.3999,11199.7,11215.7,11222.1,11212.6,11213.7,52.864853026830204,51.54002722685247,60.225058584660275,14.999434598574483
2020-08-10 09:15:00,2020-08-10 10:15:00,cross_down,8,8 (+29 to +41 pts),35.10009999999966,-30.29989999999998,21.800100000000384,12,11272.5,11296.5,11261.1,11291.3999,11307.7,11314.8999,11302.8999,11313.2,63.62289195093865,61.14384188319385,61.7358318901511,23.514886328075104
2020-08-11 12:50:00,2020-08-11 14:20:00,cross_down,8,8 (+29 to +41 pts),33.199899999999616,-3.800100000000384,14.699899999999616,18,11334.8999,11337.3999,11329.8999,11331.7,11351.0,11352.6,11340.7,11346.3999,50.656043840850366,49.727293424887655,65.77116619858211,28.00844599238879
2020-08-12 10:20:00,2020-08-12 13:35:00,cross_down,9,9 (+41 to +64 pts),44.29989999999998,-14.799999999999272,26.399900000000343,39,11280.1,11282.5,11274.1,11275.0,11304.2999,11307.7999,11300.3999,11301.3999,38.25587325136597,37.49035240824193,59.56619132353009,35.998357907016924
2020-08-12 14:15:00,2020-08-12 15:15:00,cross_down,5,5 (+11 to +15 pts),14.899999999999636,-7.800100000000384,-3.2001000000000204,12,11306.0,11313.7,11304.3999,11307.1,11311.2,11312.1,11302.0,11303.8999,51.234933017337134,50.334888550220235,54.38832384922574,25.336811100799647
2020-08-13 09:15:00,2020-08-13 10:00:00,cross_down,4,4 (+8 to +11 pts),8.79989999999998,-29.600099999999657,-4.5,9,11335.3999,11358.8999,11320.8999,11350.5,11350.2999,11354.5,11344.2999,11346.0,59.82083008938673,55.30861762103052,54.0526400798168,23.484743477154296
2020-08-13 13:10:00,2020-08-13 14:40:00,cross_down,6,6 (+15 to +21 pts),19.5,-20.20010000000002,-12.800100000000384,18,11298.0,11305.2999,11294.5,11304.6,11295.7,11299.5,11289.7,11291.7999,42.60494058514099,41.668234112317634,55.51064533643297,37.48743396233419
2020-08-13 14:45:00,2020-08-13 15:25:00,session_end_forced,7,7 (+21 to +28 pts),22.0,-9.70010000000002,18.100000000000364,8,11291.5,11295.1,11287.8999,11293.0,11311.2999,11312.6,11304.2,11311.1,42.44263978792492,42.332435237053595,52.79858286721332,29.449096856393048
2020-08-14 11:55:00,2020-08-14 12:45:00,cross_down,7,7 (+21 to +28 pts),27.0,-9.800100000000384,0.19989999999961583,10,11335.7999,11340.1,11334.7999,11339.2,11345.3999,11345.3999,11329.3999,11339.3999,56.69680010833463,54.247979993318864,53.88295741363778,22.113685138280356
2020-08-18 14:05:00,2020-08-18 14:30:00,cross_down,6,6 (+15 to +21 pts),17.100000000000364,-8.199899999999616,4.20010000000002,5,11370.2,11378.2999,11368.2999,11372.2999,11380.3999,11383.7999,11372.8999,11376.5,70.5708876768349,67.65861145886332,57.56415222750428,39.883498280803074
2020-08-20 10:30:00,2020-08-20 15:25:00,session_end_forced,5,5 (+11 to +15 pts),13.5,-58.100000000000364,-39.0,59,11332.5,11351.2999,11331.6,11347.8999,11310.7,11311.5,11306.2999,11308.8999,36.79560086339363,33.26058118551053,63.923212701015345,38.15113957583034
2020-08-21 12:35:00,2020-08-21 12:45:00,cross_down,1,1 (+0 to +3 pts),2.199899999999616,-17.200000000000728,-6.900100000000748,2,11402.5,11407.8999,11402.0,11405.7,11399.7,11401.2999,11388.5,11398.7999,62.814478669373415,61.21229530704311,53.17498143725977,20.377440322344995
2020-08-24 09:15:00,2020-08-24 10:30:00,cross_down,5,5 (+11 to +15 pts),13.199899999999616,-26.70010000000002,-3.2001000000000204,15,11412.2,11442.7,11410.3999,11437.1,11440.6,11442.7,11430.5,11433.8999,46.66830165464648,46.58066880928551,55.33363038724968,36.62511629887201
2020-08-24 12:15:00,2020-08-24 13:15:00,cross_down,6,6 (+15 to +21 pts),16.5,-22.0,9.5,12,11449.0,11479.7999,11448.2,11470.2,11478.1,11483.7,11477.2999,11479.7,68.52648083912811,65.472780563727,62.02039582759221,37.390897807923814
2020-08-25 09:25:00,2020-08-25 09:40:00,cross_down,3,3 (+5 to +8 pts),6.399900000000343,-30.0,-13.600099999999657,3,11512.7999,11520.6,11507.2999,11519.5,11509.2999,11510.2999,11489.5,11505.8999,61.61338705976064,61.49870552153135,67.52544106389277,36.78089749860428
2020-08-25 11:50:00,2020-08-25 12:45:00,cross_down,4,4 (+8 to +11 pts),10.800100000000384,-15.5,-5.29989999999998,11,11474.6,11478.3999,11468.6,11476.7999,11472.7,11474.7999,11466.8999,11471.5,51.157786036079,49.002747247725424,67.07004919713667,24.68411583001491
2020-08-25 13:10:00,2020-08-25 13:50:00,cross_down,6,6 (+15 to +21 pts),20.399999999999636,-19.199899999999616,-16.0,8,11475.5,11477.2999,11472.7999,11475.8999,11483.7,11484.5,11456.7,11459.8999,50.85402768818594,49.93457215102968,66.44675767395562,19.05019914740724
2020-08-25 14:50:00,2020-08-25 15:25:00,session_end_forced,8,8 (+29 to +41 pts),32.899999999999636,-6.600000000000364,24.399999999999636,7,11448.7999,11455.6,11448.5,11455.1,11481.5,11482.8999,11475.8999,11479.5,41.34202386762645,41.091081884390604,61.208315565515285,32.2270444010226
2020-08-26 10:50:00,2020-08-26 11:10:00,cross_down,2,2 (+3 to +5 pts),4.600000000000364,-13.5,-7.5,4,11487.8999,11492.7,11481.3999,11490.0,11486.5,11487.6,11478.2999,11482.5,54.626175934906854,53.29179487819697,58.579402716748724,21.227001150567418
2020-08-26 12:45:00,2020-08-26 13:30:00,cross_down,4,4 (+8 to +11 pts),10.100000000000364,-13.5,-10.399999999999636,9,11485.3999,11498.6,11484.2999,11494.5,11490.7,11491.3999,11481.0,11484.1,54.28124173159085,52.95140075414009,58.25976913876771,19.064939681880535
2020-08-26 13:55:00,2020-08-26 15:00:00,cross_down,9,9 (+41 to +64 pts),44.70000000000073,-10.100099999999657,34.100000000000364,13,11495.7999,11503.2,11492.3999,11502.5,11536.6,11540.7999,11531.7,11536.6,58.897118122906974,58.18699852422837,59.0694498156763,17.12242806620999
2020-08-27 09:20:00,2020-08-27 09:35:00,cross_down,3,3 (+5 to +8 pts),6.199899999999616,-21.70010000000002,-20.0,3,11600.6,11613.2999,11598.6,11611.1,11606.2999,11608.6,11589.3999,11591.1,79.5426106705217,77.3580903246775,66.45165592808995,67.49709466567586
2020-08-28 09:15:00,2020-08-28 10:15:00,cross_down,6,6 (+15 to +21 pts),19.799999999999272,-25.300100000000384,-14.300100000000384,12,11603.7999,11617.2999,11589.3999,11614.7,11604.3999,11609.0,11599.5,11600.3999,50.26713373087833,44.31915308895702,67.70250369635161,29.19433105501082
2020-08-28 10:55:00,2020-08-28 12:15:00,cross_down,9,9 (+41 to +64 pts),60.10009999999966,-6.199899999999616,35.60009999999966,16,11621.8999,11628.0,11619.7,11625.8999,11662.2,11663.7999,11650.7999,11661.5,59.13688917591821,58.63739170914529,68.27443133747154,25.254066661865718
2020-08-28 14:25:00,2020-08-28 15:00:00,cross_down,7,7 (+21 to +28 pts),22.899999999999636,-8.100000000000364,-1.3999000000003434,7,11653.0,11662.8999,11652.6,11654.8999,11674.5,11674.7999,11646.7999,11653.5,59.77796195372922,59.28581752328923,70.90805483459093,32.98083052400691
2020-08-31 09:20:00,2020-08-31 09:45:00,cross_down,5,5 (+11 to +15 pts),13.200000000000728,-46.10009999999966,-22.299999999999272,5,11780.2999,11794.2,11768.2999,11781.0,11775.7,11778.2999,11754.7,11758.7,63.48442631509433,59.210591781673386,69.68171926130276,36.0496652207015
2020-08-31 12:30:00,2020-08-31 13:05:00,cross_down,4,4 (+8 to +11 pts),9.0,-63.600000000000364,-58.5,7,11573.2,11578.3999,11561.8999,11578.1,11517.7,11532.6,11514.5,11519.6,38.823134704463925,36.53745809229369,62.83980832750612,39.72261304319659
2020-08-31 14:00:00,2020-08-31 15:25:00,session_end_forced,8,8 (+29 to +41 pts),28.899999999999636,-105.30010000000038,-88.5,17,11445.8999,11450.7,11430.2,11431.1,11365.8999,11367.2,11332.3999,11342.6,25.99081704147764,25.123078085981227,56.66914807440941,58.38705518491537
2020-09-03 12:55:00,2020-09-03 13:35:00,cross_down,8,8 (+29 to +41 pts),29.299999999999272,-4.5,3.599899999999252,8,11548.2,11551.1,11542.2999,11542.7,11544.5,11551.7,11538.2,11546.2999,51.11257557073737,50.8845208591639,55.489967200630474,25.584608356128435
2020-09-10 15:05:00,2020-09-10 15:25:00,session_end_forced,5,5 (+11 to +15 pts),14.799999999999272,-14.200000000000728,3.0,4,11436.3999,11451.7,11435.0,11449.2,11459.7999,11459.7999,11450.3999,11452.2,64.55852089406666,61.84391681624208,56.75391844455389,31.64342954310385
2020-09-11 12:50:00,2020-09-11 13:05:00,cross_down,3,3 (+5 to +8 pts),5.5,-22.300100000000384,-18.100000000000364,3,11466.0,11472.6,11464.7999,11467.1,11461.1,11462.3999,11444.7999,11449.0,58.44285860876815,56.71725146242571,67.48896353534532,22.29735903534587
2020-09-11 14:10:00,2020-09-11 14:30:00,cross_down,5,5 (+11 to +15 pts),11.0,-23.0,-17.70010000000002,4,11454.7999,11460.2999,11451.1,11459.6,11446.2999,11447.0,11436.6,11441.8999,51.9197089963571,49.35811364392348,65.71678726713347,23.500524723895595
2020-09-11 14:35:00,2020-09-11 15:25:00,session_end_forced,7,7 (+21 to +28 pts),23.699899999999616,-15.0,-1.400100000000748,10,11441.7,11458.3999,11440.7,11455.7,11461.2999,11461.7999,11453.0,11454.2999,51.794678724606015,50.61648409137156,65.95590473578167,16.934550261688997
2020-09-14 10:20:00,2020-09-14 10:30:00,cross_down,2,2 (+3 to +5 pts),4.5,-11.899999999999636,1.3001000000003842,2,11535.3999,11548.5,11533.8999,11545.7999,11541.5,11547.3999,11538.7999,11547.1,65.15001376028722,64.12836783704348,67.80926242351919,32.86402829663247
2020-09-14 10:35:00,2020-09-14 10:45:00,cross_down,3,3 (+5 to +8 pts),6.899900000000343,-10.299999999999272,-8.5,2,11546.3999,11553.8999,11544.2999,11547.0,11544.6,11550.0,11536.7,11538.5,65.86600080109349,65.51278990860487,67.80926242351919,36.076310456035586
2020-09-14 15:00:00,2020-09-14 15:25:00,session_end_forced,6,6 (+15 to +21 pts),18.700000000000728,-50.60009999999966,-38.79999999999927,5,11446.0,11479.2,11445.7,11460.5,11421.1,11423.2,11409.8999,11421.7,38.31719780197784,33.807652586233075,65.55278503441544,46.015601969307724
2020-09-15 11:15:00,2020-09-15 13:10:00,cross_down,9,9 (+41 to +64 pts),42.39990000000034,-14.20010000000002,6.5,23,11463.7,11473.2999,11457.7999,11472.0,11502.0,11502.3999,11464.0,11478.5,45.45695058107752,45.06692630183955,54.818736053323335,22.660846627348857
2020-09-15 14:00:00,2020-09-15 14:40:00,cross_down,6,6 (+15 to +21 pts),15.600099999999657,-27.199899999999616,-5.5,8,11493.2999,11523.5,11491.7,11518.8999,11526.2999,11532.0,11510.6,11513.3999,54.429797618521505,54.17126873866343,54.45676753403308,29.467641671282692
2020-09-16 09:55:00,2020-09-16 10:00:00,cross_down,2,2 (+3 to +5 pts),5.0,-10.399999999999636,-2.300100000000384,1,11544.7,11552.2999,11544.0,11551.1,11550.8999,11556.1,11540.7,11548.7999,66.13705192366331,64.913976102564,58.65327028870324,34.557210260146995
2020-09-16 10:35:00,2020-09-16 10:45:00,cross_down,4,4 (+8 to +11 pts),10.29989999999998,-7.70010000000002,-0.6000999999996566,2,11560.0,11570.2999,11558.0,11560.0,11557.5,11563.7,11552.2999,11559.3999,68.75963963562397,68.23443016832678,60.37657526831812,38.19611881059993
2020-09-16 12:55:00,2020-09-16 13:00:00,cross_down,4,4 (+8 to +11 pts),9.699899999999616,-4.899999999999636,0.3999999999996362,1,11577.2999,11582.7999,11572.8999,11573.1,11573.7999,11577.2999,11568.2,11573.5,61.18192171375345,60.12875874137143,62.46654623549868,35.55718371895194
2020-09-17 12:35:00,2020-09-17 14:55:00,cross_down,8,8 (+29 to +41 pts),33.699899999999616,-18.899999999999636,-16.800100000000384,28,11521.0,11531.5,11513.1,11528.6,11522.2999,11523.2,11509.7,11511.7999,37.37196894773404,35.39318305168533,60.952851451358995,48.08569485342775
2020-09-18 11:40:00,2020-09-18 11:50:00,cross_down,2,2 (+3 to +5 pts),5.199899999999616,-10.20010000000002,-9.800100000000384,2,11561.7,11570.0,11560.1,11566.1,11558.0,11563.7,11555.8999,11556.2999,54.914472817603134,52.441882325876705,52.10929650098742,20.318945695198938
2020-09-18 11:55:00,2020-09-18 12:10:00,cross_down,2,2 (+3 to +5 pts),3.899999999999636,-6.300100000000384,-4.20010000000002,3,11556.3999,11565.3999,11555.7999,11562.1,11561.1,11565.0,11556.7999,11557.8999,54.32110636274045,54.039383900086115,52.10929650098742,20.366437103717566
2020-09-18 12:15:00,2020-09-18 12:30:00,cross_down,3,3 (+5 to +8 pts),6.0,-6.200000000000728,-3.800100000000384,3,11557.6,11569.7,11557.5,11563.7,11563.8999,11566.0,11558.7999,11559.8999,54.94634062650499,54.418710127690304,53.02898029572666,24.703492288586887
2020-09-18 13:50:00,2020-09-18 14:20:00,cross_down,4,4 (+8 to +11 pts),8.20010000000002,-79.09989999999925,-75.89999999999964,6,11573.3999,11576.0,11566.7999,11567.7999,11556.2999,11557.2999,11488.7,11491.8999,54.16172043724037,52.516806670533185,53.936792627374615,30.50713563803006
2020-09-18 15:15:00,2020-09-18 15:25:00,session_end_forced,2,2 (+3 to +5 pts),4.900100000000748,-15.29989999999998,3.7001000000000204,2,11508.2999,11514.0,11498.6,11513.2999,11508.6,11518.2,11507.1,11517.0,43.94893258136822,41.24610856536345,51.52151055768431,35.70154592602466
2020-09-29 09:25:00,2020-09-29 09:30:00,cross_down,5,5 (+11 to +15 pts),11.399999999999636,-25.700000000000728,-24.600000000000364,1,11296.0,11298.1,11284.2999,11286.7,11286.7,11287.5,11261.0,11262.1,69.41255947887153,68.2539987161112,70.62754591531885,29.182709039280496
2020-09-29 12:00:00,2020-09-29 12:10:00,cross_down,2,2 (+3 to +5 pts),4.800100000000384,-21.100000000000364,-16.29989999999998,2,11234.2999,11241.5,11232.6,11241.3999,11236.7999,11237.5,11220.2999,11225.1,53.85182827716737,52.957477692690325,70.33664846121127,19.1864033399187
2020-09-29 13:40:00,2020-09-29 14:55:00,cross_down,9,9 (+41 to +64 pts),63.79999999999927,-19.400100000000748,-4.700000000000728,15,11209.2999,11224.0,11200.7999,11220.2,11242.5,11243.5,11214.2999,11215.5,46.91424505596945,45.980146657799565,67.30683511104839,29.544063252760637
2020-09-30 10:20:00,2020-09-30 11:20:00,cross_down,9,9 (+41 to +64 pts),52.800100000000384,-16.100000000000364,9.600099999999657,12,11216.7999,11229.5,11211.7999,11227.8999,11243.7999,11244.5,11234.5,11237.5,47.224035304135015,44.5633669595201,63.04013362912782,18.172495827925324
2020-09-30 12:30:00,2020-09-30 14:20:00,cross_down,9,9 (+41 to +64 pts),43.199899999999616,-21.200000000000728,15.899999999999636,22,11238.0,11258.3999,11231.0,11252.2,11280.2999,11280.7999,11267.7999,11268.1,53.14928837841613,50.61194481413041,62.37301232266721,21.727565992868655
2020-10-01 09:20:00,2020-10-01 11:15:00,cross_down,8,8 (+29 to +41 pts),35.600000000000364,-13.20010000000002,28.0,23,11370.7,11376.2999,11360.8999,11374.1,11399.7,11406.2,11394.5,11402.1,53.18674638858889,50.76447104560804,59.737204991747745,42.59532005750686
2020-10-01 11:35:00,2020-10-01 11:50:00,cross_down,3,3 (+5 to +8 pts),6.399999999999636,-10.300100000000384,-5.70010000000002,3,11410.1,11420.8999,11406.7999,11417.1,11416.0,11418.5,11409.6,11411.3999,74.68789085599641,74.38669034518837,65.5071947327249,57.70260129674562
2020-10-05 09:15:00,2020-10-05 10:15:00,cross_down,7,7 (+21 to +28 pts),27.399900000000343,-50.10009999999966,13.100000000000364,12,11487.5,11527.2,11476.3999,11526.5,11538.7,11541.2,11531.7999,11539.6,63.648199972946216,62.559156533533105,72.44195788672738,31.805978771184122
2020-10-05 14:00:00,2020-10-05 14:55:00,cross_down,7,7 (+21 to +28 pts),28.29989999999998,-10.0,-5.899999999999636,11,11509.8999,11521.2999,11507.0,11515.1,11517.2,11523.5,11505.1,11509.2,50.51319616909615,49.12981605145205,74.68342317930578,27.50761884374708
2020-10-06 09:15:00,2020-10-06 10:35:00,cross_down,8,8 (+29 to +41 pts),30.699899999999616,-20.300100000000384,17.699899999999616,16,11603.6,11615.2999,11581.2999,11584.6,11594.7,11603.3999,11593.5,11602.2999,52.4874478749653,50.772277077438254,69.57032507767472,26.153009923178892
2020-10-06 14:25:00,2020-10-06 15:25:00,session_end_forced,10,10 (+64 to +504 pts),71.0,-13.29989999999998,52.40010000000075,12,11605.3999,11615.1,11596.0,11609.2999,11670.2999,11671.1,11658.0,11661.7,59.32570411547721,58.22465257364478,71.83561526787763,22.65103834464265
2020-10-07 10:05:00,2020-10-07 10:15:00,cross_down,2,2 (+3 to +5 pts),3.2000000000007276,-13.5,-4.70010000000002,2,11728.7,11735.5,11722.0,11733.0,11732.2999,11735.5,11722.2999,11728.2999,77.6193627463165,76.80243233788026,74.94909080121738,53.506837109835466
2020-10-07 10:25:00,2020-10-07 10:30:00,cross_down,4,4 (+8 to +11 pts),7.899999999999636,-7.79989999999998,-3.7998999999999796,1,11735.0,11747.7999,11733.6,11739.8999,11740.7999,11744.0,11732.1,11736.1,79.01521173097959,78.82045835441834,77.25847170335908,55.82593613270757
2020-10-08 09:15:00,2020-10-08 10:40:00,cross_down,8,8 (+29 to +41 pts),38.699899999999616,-23.100000000000364,30.699899999999616,17,11842.5,11853.7999,11820.1,11843.2,11879.0,11881.8999,11872.2999,11873.8999,60.033221372269665,59.628868185736124,78.54346522041676,27.45225734973885
2020-10-09 09:15:00,2020-10-09 09:40:00,cross_down,6,6 (+15 to +21 pts),17.699899999999616,-56.100000000000364,-53.100000000000364,5,11847.7,11875.2,11844.2,11863.1,11824.2999,11834.5,11807.0,11810.0,48.941397138189416,43.517042183228085,77.08042675490636,35.819789711659375
2020-10-09 09:45:00,2020-10-09 12:00:00,cross_down,10,10 (+64 to +504 pts),107.30010000000038,-23.199899999999616,88.70010000000002,27,11811.3999,11834.7999,11805.2,11828.3999,11907.0,11921.7999,11906.2,11917.1,45.775862810785426,44.21198886505208,77.08042675490636,30.258522837627382
2020-10-09 14:20:00,2020-10-09 15:00:00,cross_down,6,6 (+15 to +21 pts),15.899900000000343,-13.299999999999272,-6.70010000000002,8,11910.2,11918.2,11904.2,11911.0,11912.5,11916.2,11897.7,11904.2999,54.37272661659017,53.61435315640275,73.3461172772496,29.059523602293794
2020-10-09 15:20:00,2020-10-09 15:25:00,session_end_forced,5,5 (+11 to +15 pts),14.0,-13.800100000000384,10.29989999999998,1,11911.0,11933.7,11910.7999,11924.6,11923.7999,11938.6,11921.7999,11934.8999,58.44096664370396,58.14006758381087,73.15591485552537,21.042751098059206
2020-10-12 12:40:00,2020-10-12 12:45:00,cross_down,3,3 (+5 to +8 pts),5.399999999999636,-21.20010000000002,-9.70010000000002,1,11959.2,11961.5,11948.7,11956.1,11957.2,11957.7,11934.8999,11946.3999,49.043783456816485,48.906108416199054,70.98136333525305,30.841049235685688
2020-10-12 13:55:00,2020-10-12 15:25:00,session_end_forced,8,8 (+29 to +41 pts),32.29999999999927,-19.400100000000748,22.799999999999272,18,11923.2,11926.1,11909.7,11913.7,11937.5,11939.3999,11931.3999,11936.5,44.46039544177369,43.56749742817335,68.51416802087827,30.642269777496537
2020-10-13 13:25:00,2020-10-13 15:25:00,cross_down,8,8 (+29 to +41 pts),29.900100000000748,-15.79989999999998,-0.09989999999925203,24,11929.2999,11930.2,11918.3999,11923.2999,11932.1,11933.6,11921.7,11923.2,42.91506173755953,42.55882040766458,63.2747854995897,33.3237880528506
2020-10-14 10:15:00,2020-10-14 13:25:00,cross_down,7,7 (+21 to +28 pts),27.29989999999998,-34.899999999999636,-24.600099999999657,38,11851.7,11859.2999,11844.8999,11857.0,11828.3999,11832.8999,11824.5,11832.3999,30.163385099475647,29.87714992006044,51.5262095175251,52.604130123725646
2020-10-15 12:45:00,2020-10-15 12:50:00,cross_down,3,3 (+5 to +8 pts),5.800100000000384,-12.79989999999998,-12.0,1,11903.2999,11908.7999,11897.0,11908.3999,11908.7,11914.2,11895.6,11896.3999,46.73705363376521,46.48001446713901,51.88157748754004,24.354604622940084
2020-10-19 14:05:00,2020-10-19 14:35:00,cross_down,5,5 (+11 to +15 pts),14.600000000000364,-17.299999999999272,-10.299999999999272,6,11872.5,11878.5,11863.7,11872.0,11883.5,11886.6,11859.0,11861.7,60.546691992854676,57.32243188929605,53.55521975886889,18.473966055039142
2020-10-20 09:25:00,2020-10-20 09:50:00,cross_down,7,7 (+21 to +28 pts),21.29989999999998,-19.20010000000002,-9.299999999999272,5,11892.0,11905.0,11886.5,11903.0,11909.6,11911.1,11883.7999,11893.7,62.630323644745104,61.82596643867065,59.42079986348959,25.067437899352615
2020-10-20 15:00:00,2020-10-20 15:25:00,session_end_forced,2,2 (+3 to +5 pts),3.699899999999616,-12.700000000000728,-1.5,5,11899.7,11902.7999,11894.3999,11900.7,11897.0,11903.2,11894.6,11899.2,44.906504854165895,43.8659394554447,64.73801541719705,27.323209223480067
2020-10-21 14:35:00,2020-10-21 15:25:00,session_end_forced,10,10 (+64 to +504 pts),112.5,-24.099899999999252,87.80010000000038,10,11836.3999,11846.2,11820.7,11844.7999,11943.3999,11946.0,11929.5,11932.6,28.277506206048777,27.22566445997674,61.35047090740528,62.037287718299346
2020-10-22 10:40:00,2020-10-22 11:35:00,cross_down,8,8 (+29 to +41 pts),31.0,-19.699899999999616,-5.699899999999616,11,11892.5,11896.2999,11885.0,11892.3999,11883.1,11891.7,11878.2999,11886.7,45.58696981613045,44.960180658103454,55.48424027904718,20.707804046165542
2020-10-22 11:40:00,2020-10-22 12:25:00,cross_down,3,3 (+5 to +8 pts),7.5,-30.5,-15.200000000000728,9,11886.8999,11900.2,11886.0,11899.7,11887.3999,11888.7,11869.2,11884.5,48.172385400478746,46.97519745594367,53.89014446976852,17.32771184601353
2020-10-22 13:05:00,2020-10-22 14:25:00,cross_down,7,7 (+21 to +28 pts),24.300100000000384,-43.29989999999998,-24.899999999999636,16,11890.7,11903.2999,11886.0,11897.7999,11880.7,11882.7,11870.5,11872.8999,48.4557183588016,45.499440220469296,52.57479525373327,28.26608882426127
2020-10-23 12:30:00,2020-10-23 13:20:00,cross_down,7,7 (+21 to +28 pts),20.899999999999636,-10.0,0.19989999999961583,10,11946.1,11953.2999,11943.5,11948.2,11948.1,11951.2,11941.5,11948.3999,57.80330537749902,57.43542464290362,52.43613759115366,18.46564046296859
2020-10-26 10:25:00,2020-10-26 11:15:00,cross_down,3,3 (+5 to +8 pts),7.700000000000728,-42.70010000000002,-36.60009999999966,10,11897.8999,11902.7999,11894.0,11900.0,11884.3999,11885.1,11857.2999,11863.3999,39.971313413102806,39.84182684824407,50.96459612023351,44.77396757069383
2020-10-28 11:45:00,2020-10-28 12:25:00,cross_down,6,6 (+15 to +21 pts),15.399999999999636,-60.600000000000364,-47.899999999999636,8,11835.2,11846.6,11827.2,11846.6,11841.3999,11844.5,11786.0,11798.7,45.93750965357962,45.39983044969491,51.23632878339426,27.123181460180454
2020-11-04 09:15:00,2020-11-04 10:05:00,cross_down,9,9 (+41 to +64 pts),59.0,-83.89999999999964,8.600000000000364,10,11778.6,11871.1,11777.7,11861.6,11886.6,11887.2999,11862.8999,11870.2,57.96901861331507,57.16622454553566,67.33963862343107,25.054787939617164
2020-11-04 12:05:00,2020-11-04 12:15:00,cross_down,2,2 (+3 to +5 pts),5.100000000000364,-30.70010000000002,-21.100000000000364,2,11892.8999,11912.7999,11888.6,11911.1,11895.5,11897.2999,11880.3999,11890.0,65.23841182562539,62.148792362903436,70.9229937283385,31.947914055611275
2020-11-04 14:10:00,2020-11-04 15:25:00,session_end_forced,10,10 (+64 to +504 pts),76.10000000000036,-3.2001000000000204,38.89990000000034,15,11856.7999,11867.0,11850.2999,11853.5,11893.7,11896.5,11887.0,11892.3999,50.62783763011588,49.9832625165714,69.07545187648599,24.91703316044226
2020-11-05 15:20:00,2020-11-05 15:25:00,session_end_forced,3,3 (+5 to +8 pts),6.70010000000002,-5.199899999999616,3.0,1,12121.1,12128.3999,12119.2,12124.3999,12124.7999,12131.1,12122.2999,12127.3999,67.94171340813402,66.49048315069757,76.7027039450191,39.092340557239396
2020-11-06 12:35:00,2020-11-06 13:20:00,cross_down,9,9 (+41 to +64 pts),43.89990000000034,-2.899999999999636,23.600000000000364,9,12214.0,12218.8999,12211.1,12214.0,12247.2999,12247.7,12233.1,12237.6,73.82849963968323,72.2749889169706,79.48656541992014,41.76421286470729
2020-11-09 09:15:00,2020-11-09 10:10:00,cross_down,9,9 (+41 to +64 pts),41.699899999999616,-26.20010000000002,23.699899999999616,11,12389.0,12430.7999,12383.8999,12410.1,12437.7,12439.5,12430.7,12433.7999,67.5267500472495,65.439504443642,82.58325534055692,37.26940384167199
2020-11-09 13:35:00,2020-11-09 14:55:00,cross_down,8,8 (+29 to +41 pts),37.199899999999616,-14.0,17.199899999999616,16,12409.3999,12425.2,12407.2,12421.2,12441.6,12445.6,12437.8999,12438.3999,63.08797785789671,61.719547028806105,81.5813002568635,27.42556060596801
2020-11-09 15:00:00,2020-11-09 15:25:00,session_end_forced,7,7 (+21 to +28 pts),22.799999999999272,-12.900100000000748,17.399999999999636,5,12439.2,12455.1,12438.2999,12451.2,12469.7,12473.3999,12465.5,12468.6,68.60457440466338,67.8200251361039,81.34260663942901,47.07195300773478
2020-11-10 15:05:00,2020-11-10 15:25:00,session_end_forced,4,4 (+8 to +11 pts),9.699899999999616,-12.600000000000364,9.399999999999636,4,12629.3999,12638.3999,12626.8999,12634.2,12633.0,12643.8999,12631.1,12643.6,62.57790258676124,61.21140277917286,81.29988405809235,28.935342166715266
2020-11-11 12:40:00,2020-11-11 12:55:00,cross_down,3,3 (+5 to +8 pts),5.5,-32.5,-26.399900000000343,3,12645.3999,12660.3999,12644.8999,12654.8999,12647.7999,12650.5,12622.3999,12628.5,48.9291558444535,48.20999438266438,73.30044170970842,25.908911818195815
2020-11-11 13:00:00,2020-11-11 13:10:00,cross_down,4,4 (+8 to +11 pts),9.5,-12.0,-8.900100000000748,2,12629.0,12649.7,12628.2,12640.2,12634.5,12641.7,12629.8999,12631.2999,48.539319300283516,47.9502460320099,73.30044170970842,20.160439753124322
2020-11-11 13:35:00,2020-11-11 15:25:00,session_end_forced,10,10 (+64 to +504 pts),110.69989999999962,-27.399999999999636,105.0,22,12634.7999,12659.1,12624.7,12652.1,12757.7999,12759.2999,12750.7,12757.1,44.78885787930037,44.60969715640128,70.35421718364942,28.869844696894567
2020-11-12 11:35:00,2020-11-12 11:50:00,cross_down,2,2 (+3 to +5 pts),3.7001000000000204,-19.199899999999616,-15.600000000000364,3,12685.0,12694.1,12680.1,12690.3999,12680.1,12684.1,12671.2,12674.7999,48.67399077156916,48.05636243001165,65.31227360593489,23.10281383070978
2020-11-12 12:05:00,2020-11-12 12:15:00,cross_down,2,2 (+3 to +5 pts),4.100099999999657,-21.100000000000364,-19.5,2,12680.7999,12685.7,12676.5,12684.3999,12685.1,12688.5,12663.2999,12664.8999,49.14652061615018,48.10237754350764,65.31227360593489,17.560464729399047
2020-11-12 12:25:00,2020-11-12 13:05:00,cross_down,7,7 (+21 to +28 pts),20.899900000000343,-31.20010000000002,-21.899999999999636,8,12671.6,12697.6,12666.2999,12697.5,12678.5,12684.5,12671.7999,12675.6,49.19625570336034,48.258146782371355,63.59802991591664,22.464454149425805
2020-11-12 13:55:00,2020-11-12 14:40:00,cross_down,6,6 (+15 to +21 pts),19.600000000000364,-46.399999999999636,-30.600000000000364,9,12656.3999,12694.3999,12653.3999,12685.6,12661.6,12661.8999,12645.7999,12655.0,44.48167544258768,41.98971300165132,62.058800126318246,25.99924459101582
2020-11-12 14:45:00,2020-11-12 15:25:00,session_end_forced,8,8 (+29 to +41 pts),36.70000000000073,-20.0,24.700000000000728,8,12655.5,12670.8999,12649.5,12669.5,12692.6,12699.6,12688.2999,12694.2,47.52778003125538,45.639617517478946,61.07525505689606,21.528509763639345
2020-11-13 10:10:00,2020-11-13 11:25:00,cross_down,10,10 (+64 to +504 pts),83.60000000000036,-11.699899999999616,17.5,15,12649.2,12654.7,12640.6,12652.2999,12698.2999,12699.2,12668.8999,12669.7999,46.34167956720844,43.82689945131586,60.23785251203361,23.56053186114334
2020-11-13 13:10:00,2020-11-13 13:15:00,cross_down,1,1 (+0 to +3 pts),1.5,-20.20010000000002,-17.800100000000384,1,12683.7,12691.2,12681.1,12691.1,12691.0,12692.6,12670.8999,12673.2999,51.34224365835919,49.347646203403755,57.266700536964265,20.026998735481612
2020-11-13 13:25:00,2020-11-13 13:35:00,cross_down,2,2 (+3 to +5 pts),5.100000000000364,-18.70010000000002,-13.0,2,12677.7,12690.2,12671.5,12688.0,12685.1,12686.2999,12669.2999,12675.0,51.14787939607798,50.836100672802885,56.94982716585996,18.502010060388418
2020-11-13 13:50:00,2020-11-13 15:15:00,cross_down,8,8 (+29 to +41 pts),36.5,-17.899999999999636,19.29989999999998,17,12685.7999,12697.2999,12677.6,12695.5,12722.2,12723.6,12713.7,12714.7999,52.616744274480595,50.41359149445896,56.94982716585996,16.542923834648832
2020-11-17 09:15:00,2020-11-17 10:05:00,cross_down,9,9 (+41 to +64 pts),61.29989999999998,-35.100000000000364,-6.300100000000384,10,12934.2999,12934.3999,12850.1,12873.1,12856.6,12869.5,12853.0,12866.7999,66.40286596114136,62.038054490354654,59.65175090223933,31.284743233411337
2020-11-17 13:30:00,2020-11-17 13:50:00,cross_down,2,2 (+3 to +5 pts),4.899900000000343,-18.299999999999272,-10.20010000000002,4,12857.6,12866.6,12854.2,12866.0,12858.7,12863.0,12847.7,12855.7999,65.57076843601396,64.91537318694638,67.23679941113153,15.117537811858492
2020-11-18 09:20:00,2020-11-18 09:25:00,cross_down,2,2 (+3 to +5 pts),3.600000000000364,-30.70010000000002,-28.20010000000002,1,12895.6,12901.7,12878.2,12898.1,12899.2,12901.0,12867.3999,12869.8999,66.34527155611363,64.61227374798386,71.18846752576032,21.32959335049138
2020-11-18 12:30:00,2020-11-18 12:40:00,cross_down,1,1 (+0 to +3 pts),0.6998999999996158,-24.100000000000364,-16.5,2,12842.6,12848.7999,12841.7999,12848.1,12829.3999,12835.0,12824.3999,12831.6,46.58071075511576,43.62544196313794,66.82612892284087,21.69678263558669
2020-11-18 12:45:00,2020-11-18 15:25:00,session_end_forced,10,10 (+64 to +504 pts),107.19989999999962,-10.0,97.0,32,12832.1,12842.5,12831.6,12841.6,12945.6,12948.5,12934.5,12938.6,44.39897116739344,41.661282612726296,66.82612892284087,24.33994498899118
2020-11-19 14:55:00,2020-11-19 15:05:00,cross_down,3,3 (+5 to +8 pts),5.29989999999998,-38.899999999999636,-33.800100000000384,2,12812.7,12817.3999,12798.7,12816.6,12789.7999,12795.7,12777.7,12782.7999,34.6943910090306,33.083684341682456,64.33071791956492,54.64119688164405
2020-11-20 09:15:00,2020-11-20 10:55:00,cross_down,5,5 (+11 to +15 pts),11.0,-83.40010000000075,-69.60000000000036,20,12811.6,12850.1,12784.3999,12844.2,12774.1,12787.2,12760.7999,12774.6,35.92729788939437,31.04674174231868,50.144349921587775,56.159896214368736
2020-11-23 11:30:00,2020-11-23 11:40:00,cross_down,5,5 (+11 to +15 pts),13.20010000000002,-20.0,-14.599899999999252,2,12900.0,12918.5,12898.5,12905.2999,12895.3999,12896.6,12885.2999,12890.7,57.79766202232235,57.73809241926172,52.41140621522512,20.335490451985144
2020-11-23 11:45:00,2020-11-23 11:50:00,cross_down,1,1 (+0 to +3 pts),1.2999999999992724,-23.200000000000728,-10.100000000000364,1,12890.1,12904.0,12879.5,12902.7,12901.8999,12903.1,12886.8999,12892.6,58.41647034765059,57.8799931907675,52.41140621522512,20.713347385808174
2020-11-23 12:40:00,2020-11-23 13:00:00,cross_down,6,6 (+15 to +21 pts),18.099899999999252,-13.200000000000728,-5.300100000000384,4,12915.0,12915.5,12903.7999,12912.2,12910.7,12911.0,12901.2,12906.8999,56.54044823525962,56.06374205835365,53.57435037871924,20.90063473129336
2020-11-23 13:35:00,2020-11-23 14:05:00,cross_down,7,7 (+21 to +28 pts),24.899999999999636,-16.899900000000343,-0.5,6,12928.3999,12948.7999,12927.0,12943.8999,12954.8999,12968.7999,12940.0,12943.3999,61.85425733015074,61.1107130583473,55.323484269214816,37.12911138425866
2020-11-24 09:25:00,2020-11-24 10:30:00,cross_down,7,7 (+21 to +28 pts),27.900100000000748,-19.099899999999252,4.100000000000364,13,13015.7,13022.6,13001.7,13020.7999,13036.0,13041.8999,13023.7999,13024.8999,62.95592191458238,62.4818979421649,60.159625609156976,44.0672539327348
2020-11-24 13:35:00,2020-11-24 13:45:00,cross_down,3,3 (+5 to +8 pts),5.700000000000728,-11.0,-4.799999999999272,2,13037.8999,13043.1,13031.0,13042.0,13039.8999,13047.7,13034.8999,13037.2,62.04285956182027,61.79951129429983,67.83874195710786,25.37028848859039
2020-11-24 13:50:00,2020-11-24 14:15:00,cross_down,3,3 (+5 to +8 pts),7.70010000000002,-17.0,5.0,5,13038.7999,13052.1,13036.6,13051.2999,13049.8999,13059.0,13045.5,13056.2999,65.15224296810496,63.03082090761356,67.83874195710786,27.33113250136275
2020-11-24 14:20:00,2020-11-24 14:30:00,cross_down,1,1 (+0 to +3 pts),1.2000000000007276,-12.5,-1.1000999999996566,2,13055.7999,13064.1,13050.5,13063.0,13057.0,13063.7,13054.6,13061.8999,67.6096252276945,66.01386426366672,69.46403893395862,24.47674442496589
2020-11-25 09:20:00,2020-11-25 09:55:00,cross_down,5,5 (+11 to +15 pts),13.29989999999998,-17.100099999999657,-12.600099999999657,7,13123.2999,13136.6,13122.7,13131.5,13129.5,13130.8999,13117.2,13118.8999,72.75429481288144,69.59396420963381,72.43371145365258,42.740818677080966
2020-11-25 12:00:00,2020-11-25 13:55:00,cross_down,8,8 (+29 to +41 pts),38.5,-74.90010000000075,-73.5,23,12987.7999,13005.2999,12986.8999,13002.2,12954.5,12967.6,12927.2999,12928.7,39.35293554625098,39.124849771805046,68.5682621658738,42.0235911079487
2020-11-27 12:05:00,2020-11-27 12:50:00,cross_down,8,8 (+29 to +41 pts),37.29999999999927,-12.200000000000728,-1.7000000000007276,9,12988.3999,12997.5,12985.2999,12993.7,13014.1,13014.7999,12985.7,12992.0,59.892387201606816,58.07497262673757,52.19891853893138,29.285888105350857
2020-12-01 09:15:00,2020-12-01 11:30:00,cross_down,10,10 (+64 to +504 pts),97.09989999999925,-23.5,84.0,27,13067.0,13070.7,12972.6,12986.2,13074.0,13075.1,13069.5,13070.2,48.41115735253935,48.064634813162,52.89884489655471,21.023279273065114
2020-12-02 12:10:00,2020-12-02 13:00:00,cross_down,7,7 (+21 to +28 pts),25.5,-50.199899999999616,-40.09989999999925,10,13072.2,13080.5,13069.7999,13079.7999,13047.3999,13048.1,13029.6,13039.7,45.2643724125178,44.85660273711184,64.61396862476794,29.678746556139238
2020-12-02 14:00:00,2020-12-02 14:05:00,cross_down,3,3 (+5 to +8 pts),6.700000000000728,-33.5,-19.299999999999272,1,13015.2999,13023.7,13010.8999,13017.0,13017.3999,13018.2999,12983.5,12997.7,35.373585371277734,35.000640796436976,59.2721043210654,41.733402668602174
2020-12-02 14:10:00,2020-12-02 15:25:00,session_end_forced,10,10 (+64 to +504 pts),114.89999999999964,-14.899900000000343,94.80010000000038,15,12997.5,13012.0,12994.5,13009.3999,13106.5,13110.2999,13099.3999,13104.2,35.25399064713818,35.000640796436976,59.2721043210654,45.634669511127285
2020-12-03 10:20:00,2020-12-03 10:30:00,cross_down,3,3 (+5 to +8 pts),6.600000000000364,-13.599899999999252,-5.79989999999998,2,13166.1,13179.0,13164.2,13177.7999,13178.2999,13180.2,13169.2999,13172.0,67.03390851032341,65.86503409425758,59.6501340940545,55.431177112469044
2020-12-03 13:50:00,2020-12-03 14:15:00,cross_down,3,3 (+5 to +8 pts),7.199899999999616,-36.800100000000384,-35.800100000000384,5,13152.7999,13156.8999,13147.5,13149.7,13141.0,13145.7999,13112.8999,13113.8999,51.885850861985624,51.043339434009766,60.93922754540295,20.263479352617036
2020-12-03 14:40:00,2020-12-03 15:00:00,cross_down,5,5 (+11 to +15 pts),11.899999999999636,-11.900100000000748,-11.0,4,13141.3999,13153.6,13141.1,13141.7,13141.0,13151.2999,13129.7999,13130.7,51.10967682512365,51.08429026811045,60.940111297986036,16.79051760527805
2020-12-04 09:15:00,2020-12-04 10:35:00,cross_down,10,10 (+64 to +504 pts),65.60000000000036,-18.0,51.600000000000364,16,13167.8999,13187.2,13164.6,13182.6,13239.3999,13242.6,13224.7,13234.2,53.87898036633443,50.917738601434195,60.405197387408336,24.534972456094774
2020-12-04 13:35:00,2020-12-04 14:10:00,cross_down,6,6 (+15 to +21 pts),18.0,-15.399999999999636,-9.0,7,13205.0,13213.2,13204.5,13206.0,13206.5,13208.0,13195.5,13197.0,52.417435076591445,51.205827005408906,65.99686285317435,29.82331130959751
2020-12-04 14:15:00,2020-12-04 15:25:00,session_end_forced,10,10 (+64 to +504 pts),77.79999999999927,-6.300100000000384,69.5,14,13196.8999,13206.7,13196.2,13202.2,13270.5,13280.0,13268.7,13271.7,52.21999128201818,51.745025711191296,65.30250809404647,19.699614235099535
2020-12-07 12:20:00,2020-12-07 13:00:00,cross_down,5,5 (+11 to +15 pts),14.899999999999636,-15.0,2.7999999999992724,8,13325.6,13329.2,13319.5,13328.0,13336.9,13337.3,13329.3,13330.8,67.14894969004754,66.1495233899845,73.82110104539318,31.84706693830268
2020-12-07 13:25:00,2020-12-07 13:30:00,cross_down,1,1 (+0 to +3 pts),1.0,-30.399999999999636,-22.200000000000728,1,13344.8,13352.4,13341.8,13351.6,13351.5,13352.6,13321.2,13329.4,73.40705889023388,70.97610495901753,75.40946372042501,43.34845255597762
2020-12-07 15:00:00,2020-12-07 15:25:00,session_end_forced,6,6 (+15 to +21 pts),15.200000000000728,-8.100000000000364,3.5,5,13345.3,13360.4,13343.3,13351.4,13353.8,13357.8,13350.9,13354.9,62.187394658845804,60.976542332124936,74.62221081631648,28.042558124828098
2020-12-08 12:40:00,2020-12-08 14:45:00,cross_down,9,9 (+41 to +64 pts),51.300100000000384,-20.699899999999616,24.600099999999657,25,13373.3999,13380.5,13365.5,13379.8999,13413.5,13420.2,13404.2,13404.5,51.609907904485155,50.03192199142457,71.79195809438602,34.46081565993875
2020-12-09 09:20:00,2020-12-09 10:25:00,cross_down,7,7 (+21 to +28 pts),27.699899999999616,-11.20010000000002,9.600000000000364,13,13470.2999,13474.2999,13455.8999,13467.1,13488.2999,13489.0,13474.6,13476.7,57.078757959067154,55.19881974613854,67.53473565547519,25.272808956749333
2020-12-09 13:25:00,2020-12-09 14:30:00,cross_down,8,8 (+29 to +41 pts),40.5,-10.79989999999998,17.0,13,13498.6,13510.7,13497.6,13508.3999,13525.2,13529.5,13521.5,13525.3999,65.04465510496873,64.45715989118499,73.45324085937446,27.128104553101487
2020-12-10 10:40:00,2020-12-10 15:25:00,session_end_forced,9,9 (+41 to +64 pts),63.399999999999636,-38.70010000000002,40.600000000000364,57,13431.1,13442.2,13424.8999,13440.1,13478.7,13481.6,13473.8999,13480.7,39.284406089329295,38.74954614917845,69.38496170100012,34.940334653982625
2020-12-11 14:45:00,2020-12-11 15:25:00,session_end_forced,9,9 (+41 to +64 pts),48.39990000000034,-26.299999999999272,24.5,8,13463.3999,13481.3999,13454.2,13480.5,13515.8999,13521.1,13503.1,13505.0,37.424463204810664,36.64287125259047,58.60434748842069,48.85420657918472
2020-12-14 10:20:00,2020-12-14 10:30:00,cross_down,1,1 (+0 to +3 pts),2.899999999999636,-19.0,-7.20010000000002,2,13540.7,13552.0,13534.8999,13549.1,13551.3999,13551.5,13530.1,13541.8999,54.131169560698666,53.83214667818499,57.319155653504936,16.08650056648561
2020-12-14 12:30:00,2020-12-14 12:55:00,cross_down,2,2 (+3 to +5 pts),4.099899999999252,-59.300100000000384,-41.300100000000384,5,13518.7,13535.7999,13518.2,13531.7,13517.8999,13518.1,13472.3999,13490.3999,50.62674091756022,48.18388373858385,56.29023589557798,18.74323363761458
2020-12-14 13:10:00,2020-12-14 15:25:00,session_end_forced,8,8 (+29 to +41 pts),30.800100000000384,-32.29989999999998,18.20010000000002,27,13515.6,13539.8999,13514.7999,13537.2999,13553.8999,13558.7999,13552.2999,13555.5,48.854870050252885,46.41220504350358,56.29023589557798,25.677678363921615
2020-12-15 11:00:00,2020-12-15 14:55:00,cross_down,10,10 (+64 to +504 pts),117.10000000000036,-19.20010000000002,84.29989999999998,47,13455.1,13475.6,13453.2999,13472.5,13565.3999,13565.7999,13553.7,13556.7999,33.96461288775066,33.20262308588608,54.21303660718413,47.41350570942538
2020-12-16 09:15:00,2020-12-16 10:05:00,cross_down,6,6 (+15 to +21 pts),18.0,-23.600000000000364,-20.600000000000364,10,13665.3999,13666.3999,13642.7,13648.3999,13646.8999,13647.1,13624.7999,13627.7999,64.74388119063906,63.898209319389835,57.0191526212365,43.158032896084904
2020-12-16 13:55:00,2020-12-16 14:00:00,cross_down,3,3 (+5 to +8 pts),6.600000000000364,-8.79989999999998,-1.3999999999996362,1,13672.0,13680.3999,13670.2,13676.2999,13676.8999,13682.8999,13667.5,13674.8999,63.79908784312937,62.874995270678816,66.80931143886362,24.328172665969532
2020-12-16 14:05:00,2020-12-16 14:15:00,cross_down,1,1 (+0 to +3 pts),2.300100000000384,-16.0,-7.5,2,13675.5,13686.0,13669.7999,13685.7999,13685.7999,13686.7999,13675.2999,13678.2999,67.6843988259449,65.62049405054563,66.80931143886362,26.02475925991939
2020-12-17 09:50:00,2020-12-17 10:15:00,cross_down,4,4 (+8 to +11 pts),8.900100000000748,-11.29989999999998,-7.899999999999636,5,13708.0,13717.8999,13704.5,13715.7999,13712.3999,13712.8999,13704.8999,13707.8999,69.35160546135937,68.63499738384479,71.04456014161153,39.69937763287936
2020-12-17 13:35:00,2020-12-17 13:45:00,cross_down,1,1 (+0 to +3 pts),2.7000000000007276,-9.399999999999636,-2.6000999999996566,2,13756.7,13762.0,13752.3999,13760.5,13755.7999,13763.2,13754.6,13757.8999,72.69804649258747,71.19443560314917,76.48237136869551,40.43245556989096
2020-12-18 10:30:00,2020-12-18 12:35:00,cross_down,6,6 (+15 to +21 pts),20.100099999999657,-13.29989999999998,-9.600000000000364,25,13690.7,13698.0,13684.1,13697.3999,13704.0,13704.5,13686.2,13687.7999,43.4326228691422,43.187538901453486,69.97815006023939,28.180973567876677
2020-12-18 12:45:00,2020-12-18 15:25:00,cross_down,10,10 (+64 to +504 pts),72.39999999999964,-4.699899999999616,43.20010000000002,32,13696.2999,13706.0,13695.7,13700.3999,13758.8999,13759.7,13735.6,13743.6,46.19627215093197,45.048695528941266,64.08036213693825,16.43615887498195
2020-12-21 10:10:00,2020-12-21 10:50:00,cross_down,7,7 (+21 to +28 pts),21.100000000000364,-11.399999999999636,-6.29989999999998,8,13750.0,13760.8999,13744.8999,13756.2999,13762.7999,13766.3999,13749.3999,13750.0,57.00017279610719,56.40762797647123,64.11351197751864,22.31693504981985
2020-12-23 15:10:00,2020-12-23 15:25:00,session_end_forced,5,5 (+11 to +15 pts),14.399900000000343,-14.399999999999636,5.399900000000343,3,13591.5,13605.7999,13590.6,13605.0,13615.5,13617.6,13600.6,13610.3999,68.68072208477614,68.30939456997245,52.83664948791251,27.20459239730738
2020-12-24 12:40:00,2020-12-24 12:50:00,cross_down,3,3 (+5 to +8 pts),5.899999999999636,-21.800100000000384,-19.5,2,13704.0,13713.1,13703.0,13709.6,13711.3999,13711.5,13687.7999,13690.1,63.44538611664041,62.4635485418597,64.40304954867163,31.324681883533373
2020-12-24 13:25:00,2020-12-24 14:05:00,cross_down,6,6 (+15 to +21 pts),16.5,-9.0,-3.600000000000364,8,13723.0,13725.8999,13717.7,13723.7,13722.2,13723.1,13715.2,13720.1,63.90971898933479,62.571580902949734,65.22694853954164,23.251484978321177
2020-12-24 14:35:00,2020-12-24 15:05:00,cross_down,4,4 (+8 to +11 pts),10.800100000000384,-21.899900000000343,-9.399900000000343,6,13749.2999,13764.5,13748.7,13760.8999,13759.7999,13760.7999,13747.3999,13751.5,70.24399400220675,67.74306743966937,66.58200452993363,20.762334462085963
2020-12-28 09:25:00,2020-12-28 09:40:00,cross_down,2,2 (+3 to +5 pts),3.899999999999636,-35.0,-21.300100000000384,3,13843.3999,13861.3999,13829.7,13860.7,13837.0,13843.7999,13825.7,13839.3999,70.17448232322526,67.540802006744,68.69644176712563,33.998798233087065
2020-12-29 09:20:00,2020-12-29 10:10:00,cross_down,5,5 (+11 to +15 pts),14.899999999999636,-16.800100000000384,3.599899999999252,10,13948.2,13957.2999,13943.2,13952.7,13963.3999,13964.0,13955.0,13956.2999,68.68676080494444,67.47253376312798,76.70879260564652,29.597455151965825
2020-12-29 13:05:00,2020-12-29 13:50:00,cross_down,2,2 (+3 to +5 pts),3.6000999999996566,-29.29989999999998,-25.5,9,13920.1,13940.5,13914.3999,13937.3999,13923.6,13925.5,13908.1,13911.8999,56.25912232686474,51.19055968218149,74.74866694196965,24.934956650524192
2020-12-30 10:55:00,2020-12-30 11:55:00,cross_down,4,4 (+8 to +11 pts),8.299999999999272,-26.700000000000728,-22.0,12,13926.6,13952.0,13924.7999,13943.7,13933.2999,13934.1,13917.0,13921.7,53.87204919340328,49.00462505297555,70.6503886152423,23.87504999494096
2020-12-30 13:30:00,2020-12-30 15:25:00,session_end_forced,10,10 (+64 to +504 pts),80.70010000000002,-11.79989999999998,58.0,23,13905.5,13922.2999,13904.5,13916.2999,13987.6,13990.2999,13968.2999,13974.2999,47.90978797681365,45.83336795882217,67.0155488071455,22.15558250934642
2020-12-31 12:50:00,2020-12-31 13:15:00,cross_down,3,3 (+5 to +8 pts),6.200000000000728,-19.5,-18.0,5,13994.6,13999.2,13992.6,13994.5,13989.7,13993.3999,13975.0,13976.5,54.331685076503376,54.18457641219442,67.66256558589717,32.70232754362583
2020-12-31 13:30:00,2020-12-31 14:10:00,cross_down,6,6 (+15 to +21 pts),17.899999999999636,-16.399900000000343,-13.600000000000364,8,13995.5,14008.8999,13994.7,14006.8999,14014.6,14015.2,13990.5,13993.2999,56.543581983862346,56.54291220946662,67.54018530129693,22.23647493412806
2021-01-01 09:20:00,2021-01-01 10:35:00,cross_down,7,7 (+21 to +28 pts),23.0,-13.29989999999998,11.70010000000002,15,14011.7999,14023.3999,14005.3999,14013.3999,14029.6,14031.2,14022.5,14025.1,51.60028204296352,49.689074882986134,64.14201951422002,32.21938251229544
2021-01-01 12:40:00,2021-01-01 12:50:00,cross_down,1,1 (+0 to +3 pts),2.400100000000748,-11.099899999999252,-8.29989999999998,2,14032.7,14039.0,14031.5,14037.7999,14031.3999,14032.1,14026.7,14029.5,58.69980844734884,56.58075518332897,66.88313734333187,23.666306336716413
2021-01-01 12:55:00,2021-01-01 13:00:00,cross_down,1,1 (+0 to +3 pts),1.5,-7.699899999999616,-3.3999000000003434,1,14028.7,14036.2999,14028.3999,14034.8999,14035.1,14036.3999,14027.2,14031.5,58.30171784462727,58.169675257353745,66.88313734333187,24.94309149496977
2021-01-01 14:05:00,2021-01-01 14:45:00,cross_down,4,4 (+8 to +11 pts),9.899999999999636,-5.899900000000343,0.7001000000000204,8,14037.0,14042.0,14035.5,14039.8999,14043.7999,14046.5,14040.0,14040.6,58.649384185951995,57.1970408304634,67.50122127350846,20.896998137768506
2021-01-04 09:20:00,2021-01-04 10:15:00,cross_down,7,7 (+21 to +28 pts),21.300100000000384,-12.79989999999998,-0.09989999999925203,11,14092.1,14100.7999,14090.1,14092.7999,14086.3999,14095.5,14083.2999,14092.7,52.145135173860865,51.15677966953586,64.40422443624573,40.52447405249641
2021-01-04 12:05:00,2021-01-04 14:15:00,cross_down,10,10 (+64 to +504 pts),66.20000000000073,-11.399999999999636,20.29989999999998,26,14039.6,14050.2999,14038.6,14050.0,14096.7,14098.2,14068.6,14070.2999,49.05903037128841,48.50616239697565,63.43960101502566,23.789831294761974
2021-01-04 15:05:00,2021-01-04 15:15:00,cross_down,1,1 (+0 to +3 pts),3.0,-10.700000000000728,-3.300100000000384,2,14130.8999,14136.2,14129.2,14133.2,14127.6,14131.2,14122.5,14129.8999,64.10292322023565,63.0398094746948,63.945709591824404,23.93003360759977
2021-01-04 15:20:00,2021-01-04 15:25:00,session_end_forced,2,2 (+3 to +5 pts),4.699899999999616,-16.600000000000364,2.0,1,14129.3999,14144.7,14126.6,14143.2,14143.2999,14147.8999,14139.7999,14145.2,66.65786413450704,64.77217076262713,65.57279530633163,26.35633505158914
2021-01-05 10:50:00,2021-01-05 13:00:00,cross_down,9,9 (+41 to +64 pts),47.399999999999636,-8.5,31.599899999999252,26,14099.8999,14110.0,14099.2,14107.7,14150.2999,14152.7999,14137.2,14139.2999,51.69879406458658,49.57534832737457,64.087495729891,34.24704654162145
2021-01-05 14:00:00,2021-01-05 14:50:00,cross_down,6,6 (+15 to +21 pts),16.100000000000364,-19.0,3.8999000000003434,10,14155.8999,14166.2999,14155.2999,14165.5,14174.2999,14176.0,14168.6,14169.3999,60.437879901236215,60.06168961367792,63.20863587425073,25.053725102823837
2021-01-05 15:05:00,2021-01-05 15:25:00,session_end_forced,6,6 (+15 to +21 pts),17.600099999999657,-9.100000000000364,0.7001000000000204,4,14190.6,14202.1,14188.7999,14197.8999,14210.2999,14212.0,14192.6,14198.6,66.33181598977097,63.974129246130964,64.1256636648468,25.95513443708105
2021-01-06 14:40:00,2021-01-06 15:25:00,session_end_forced,7,7 (+21 to +28 pts),28.400100000000748,-43.199899999999616,-5.099899999999252,9,14095.7999,14138.6,14095.1,14138.2999,14139.7,14140.2,14126.7,14133.2,37.8350549557826,34.429993158462,58.6065811667958,49.11969863856467
2021-01-07 12:30:00,2021-01-07 13:30:00,cross_down,5,5 (+11 to +15 pts),11.600000000000364,-18.199899999999616,-13.0,12,14188.5,14206.7,14187.6,14205.7999,14208.2,14209.8999,14191.0,14192.7999,54.04944568878133,53.450686674647365,56.56537822847397,11.684284118883824
2021-01-08 09:20:00,2021-01-08 11:15:00,cross_down,9,9 (+41 to +64 pts),54.399999999999636,-13.29989999999998,33.20010000000002,23,14236.1,14246.1,14221.6,14234.8999,14273.2999,14273.6,14266.3999,14268.1,48.03575626201873,41.400048008735396,52.42741863532611,54.8349961543581
2021-01-08 15:05:00,2021-01-08 15:25:00,session_end_forced,6,6 (+15 to +21 pts),20.5,-12.700000000000728,-3.300100000000384,4,14337.1,14347.2999,14334.0,14346.7,14348.3999,14356.2999,14341.2,14343.3999,65.19717820951263,64.06921489965876,63.461343813360266,32.09048448612821
2021-01-11 13:30:00,2021-01-11 13:55:00,cross_down,6,6 (+15 to +21 pts),17.800100000000384,-16.399900000000343,-0.19989999999961583,5,14449.7,14463.6,14449.2,14455.8999,14448.0,14457.5,14446.1,14455.7,61.22363105330952,60.758913146352036,75.07427952439471,19.369657397110807
2021-01-12 12:05:00,2021-01-12 13:45:00,cross_down,9,9 (+41 to +64 pts),57.800100000000384,-14.399999999999636,25.5,20,14517.6,14525.7999,14509.3999,14523.7999,14578.6,14581.6,14548.1,14549.2999,62.78567146757916,59.427796886144016,76.39623372609532,29.731006010843952
2021-01-13 09:40:00,2021-01-13 09:45:00,cross_down,4,4 (+8 to +11 pts),8.29989999999998,-8.299999999999272,-8.0,1,14647.0,14653.2999,14642.7999,14645.0,14644.8999,14651.0,14636.7,14637.0,71.76876043553654,71.12925953432827,80.92013151129449,44.37147885886131
2021-01-13 12:45:00,2021-01-13 13:30:00,cross_down,5,5 (+11 to +15 pts),13.299999999999272,-58.300100000000384,-57.20000000000073,9,14561.2999,14578.7,14560.8999,14576.7,14550.0,14564.6,14518.3999,14519.5,47.011087868081916,43.8690665611326,77.21600913429432,29.033203254621576
2021-01-13 14:20:00,2021-01-13 15:25:00,session_end_forced,10,10 (+64 to +504 pts),75.5,-19.200000000000728,54.5,13,14490.1,14506.2,14485.5,14504.7,14556.6,14561.0,14549.6,14559.2,33.617332990749695,33.168331747786056,66.74328383693091,47.70563883376052
2021-01-14 10:15:00,2021-01-14 12:55:00,cross_down,10,10 (+64 to +504 pts),88.5,-8.700000000000728,63.399999999999636,32,14508.3999,14514.5,14499.5,14508.2,14579.8999,14582.5,14569.2999,14571.6,43.908519872438106,43.43176257332376,59.71426127718024,37.57004013979683
2021-01-14 13:50:00,2021-01-14 14:00:00,cross_down,4,4 (+8 to +11 pts),9.199899999999616,-13.100000000000364,-9.600000000000364,2,14600.1,14610.3999,14599.3999,14608.6,14602.3999,14608.0,14595.5,14599.0,58.517819010493525,58.40519721194016,58.97197590963163,21.072944629055208
2021-01-15 11:35:00,2021-01-15 13:50:00,cross_down,9,9 (+41 to +64 pts),57.899999999999636,-22.600000000000364,-8.899900000000343,27,14462.0,14495.1,14460.7999,14483.3999,14520.8999,14523.8999,14470.1,14474.5,33.94221207284866,32.317224415428335,52.07352714968814,42.85659697958656
2021-01-19 14:50:00,2021-01-19 15:00:00,cross_down,3,3 (+5 to +8 pts),5.299999999999272,-21.300100000000384,-18.0,2,14539.0,14546.0,14534.2999,14540.7,14539.0,14539.6,14519.3999,14522.7,75.60191280463785,74.44503545093009,50.83195791607308,46.13213692003581
2021-01-20 14:10:00,2021-01-20 15:00:00,cross_down,8,8 (+29 to +41 pts),34.699899999999616,-6.700000000000728,27.699899999999616,10,14628.0,14634.1,14625.0,14631.7,14664.1,14666.3999,14657.8999,14659.3999,67.0478216086346,66.89109192131878,65.48504035562327,19.701496794552455
2021-01-21 09:35:00,2021-01-21 09:45:00,cross_down,4,4 (+8 to +11 pts),8.5,-13.5,-7.0,2,14727.5,14736.3999,14719.6,14727.8999,14727.7999,14729.8999,14714.3999,14720.8999,69.3184998141362,69.12704974637998,68.82013319916803,45.67025770829261
2021-01-21 11:10:00,2021-01-21 11:15:00,cross_down,2,2 (+3 to +5 pts),4.100000000000364,-6.100000000000364,-5.5,1,14743.0,14744.0,14737.5,14741.1,14741.3999,14745.2,14735.0,14735.6,69.48160430547247,69.46335024208526,71.12750564204376,38.65215252219278
2021-01-22 09:20:00,2021-01-22 09:25:00,cross_down,5,5 (+11 to +15 pts),12.300100000000384,-63.199899999999616,-59.899999999999636,1,14583.8999,14600.2999,14565.8999,14599.7999,14600.3999,14612.1,14536.6,14539.8999,37.62982441646009,37.33043646500792,62.58785926935569,62.02332411215458
2021-01-22 09:30:00,2021-01-22 11:10:00,cross_down,10,10 (+64 to +504 pts),79.29989999999998,-54.5,-42.0,20,14540.5,14545.1,14518.3999,14540.5,14501.8999,14510.1,14486.0,14498.5,34.56189429317449,34.193262155933276,62.58785926935569,62.83932526362237
2021-01-22 11:30:00,2021-01-22 15:25:00,session_end_forced,8,8 (+29 to +41 pts),32.5,-146.89999999999964,-137.89999999999964,47,14498.0,14504.7999,14479.6,14504.6,14374.0,14375.3999,14357.7,14366.7,32.48042523462803,30.09242400458423,53.047159300396935,44.53831981849421
2021-02-01 14:35:00,2021-02-01 15:05:00,cross_down,8,8 (+29 to +41 pts),35.800100000000384,-30.699899999999616,8.600000000000364,6,14254.2999,14263.6,14235.1,14260.2999,14278.0,14296.1,14262.5,14268.8999,72.51902443726796,71.21848354563838,50.38709866772647,31.033524553240436
2021-02-02 14:20:00,2021-02-02 14:45:00,cross_down,7,7 (+21 to +28 pts),28.0,-40.300100000000384,-38.300100000000384,5,14663.0,14670.3999,14652.7,14662.1,14675.7999,14677.2999,14621.7999,14623.7999,65.50603251296069,65.34440959979773,76.73456043114089,23.284942039116764
2021-02-03 10:15:00,2021-02-03 10:45:00,cross_down,8,8 (+29 to +41 pts),33.199899999999616,-24.20010000000002,15.699899999999616,6,14755.6,14779.8999,14753.3999,14777.6,14801.8999,14809.6,14789.5,14793.2999,71.41704808125655,71.3230900738657,80.59379856396768,43.965970783461984
2021-02-04 10:30:00,2021-02-04 10:50:00,cross_down,5,5 (+11 to +15 pts),11.600000000000364,-38.09989999999925,-20.099899999999252,4,14762.8999,14764.3999,14748.2,14752.7999,14724.7999,14733.7999,14722.6,14732.7,42.56636819958277,41.34606467603302,77.64627568406641,45.06285406343771
2021-02-04 10:55:00,2021-02-04 13:10:00,cross_down,10,10 (+64 to +504 pts),124.60000000000036,-10.5,93.10000000000036,27,14733.3999,14739.0,14727.5,14738.0,14836.1,14839.3999,14828.1,14831.1,40.26635711105626,39.801390576187345,77.64627568406641,44.74621744365313
2021-02-04 14:05:00,2021-02-04 14:30:00,cross_down,8,8 (+29 to +41 pts),31.399900000000343,-13.70010000000002,-4.600099999999657,5,14866.5,14879.3999,14866.2,14876.5,14893.3999,14898.2999,14862.7999,14871.8999,60.34606711435356,59.12600266023265,75.42858554306045,25.18275028010018
2021-02-05 09:20:00,2021-02-05 09:45:00,cross_down,8,8 (+29 to +41 pts),31.899999999999636,-36.40010000000075,-27.800100000000384,5,14985.7999,15001.5,14961.5,14982.7,14980.5,14991.7,14948.1,14954.8999,65.26285274682448,65.19212030742032,76.2584906554692,39.21404567387661
2021-02-05 11:50:00,2021-02-05 12:00:00,cross_down,2,2 (+3 to +5 pts),5.0,-16.699899999999616,-9.29989999999998,2,14977.8999,14990.6,14973.8999,14985.7999,14980.6,14983.2999,14969.1,14976.5,61.98644197614004,61.89550849847474,77.66510212448456,20.856996658328164
2021-02-05 14:30:00,2021-02-05 14:35:00,cross_down,3,3 (+5 to +8 pts),6.800100000000384,-38.5,-37.0,1,14924.5,14952.1,14923.7999,14945.2999,14943.2,14947.7,14906.7999,14908.2999,50.69486363827656,50.03440475927209,73.80351007556607,16.78945518505138
2021-02-05 15:00:00,2021-02-05 15:05:00,cross_down,1,1 (+0 to +3 pts),2.5,-25.399900000000343,-24.79989999999998,1,14920.8999,14934.3999,14917.7999,14931.8999,14931.3999,14934.2999,14906.5,14907.1,48.83674749403762,48.708469010668296,73.80351007556607,18.96412839796253
2021-02-05 15:15:00,2021-02-05 15:25:00,session_end_forced,3,3 (+5 to +8 pts),7.100000000000364,-22.600099999999657,3.2000000000007276,2,14919.8999,14939.5,14915.8999,14938.5,14933.6,14945.6,14931.7,14941.7,48.75666814828914,47.86464685686995,71.06584145706925,21.112241770251753
2021-02-08 14:00:00,2021-02-08 14:25:00,cross_down,6,6 (+15 to +21 pts),16.199899999999616,-15.400100000000748,-4.0,5,15144.8999,15153.6,15138.5,15143.7,15137.2,15142.7999,15128.2999,15139.7,64.30755650430837,63.78000649258888,74.34025074581905,21.482759297671265
2021-02-09 09:35:00,2021-02-09 09:40:00,cross_down,5,5 (+11 to +15 pts),13.399999999999636,-13.100000000000364,-8.79989999999998,1,15184.2,15187.7999,15170.3999,15174.3999,15173.2,15183.2,15161.2999,15165.6,61.560098604850374,61.47993997026781,74.14719214162172,36.94237015851711
2021-02-10 09:30:00,2021-02-10 13:20:00,cross_down,6,6 (+15 to +21 pts),18.0,-129.39999999999964,-66.0,46,15094.6,15136.8999,15094.3999,15135.5,15073.7999,15077.7,15063.7999,15069.5,39.07145817083325,34.03641620063426,67.4019989715733,40.07292030882585
2021-02-10 14:10:00,2021-02-10 15:25:00,session_end_forced,10,10 (+64 to +504 pts),101.39999999999964,-49.40010000000075,95.29999999999927,15,15036.6,15050.1,15034.1,15042.2,15135.2,15141.7999,15133.5,15137.5,37.181524160838336,36.31518494261189,52.5864214149148,40.905140897172494
2021-02-11 10:40:00,2021-02-11 10:45:00,cross_down,2,2 (+3 to +5 pts),3.5,-8.29989999999998,-4.199899999999616,1,15152.2,15158.7,15150.3999,15157.7999,15157.1,15161.2999,15149.5,15153.6,60.64299920427713,60.18276383774527,53.41689940716667,17.088741198549364
2021-02-11 13:55:00,2021-02-11 14:00:00,cross_down,3,3 (+5 to +8 pts),7.699899999999616,-18.100000000000364,-16.100000000000364,1,15131.8999,15147.8999,15131.7,15145.2,15145.6,15152.8999,15127.1,15129.1,52.68637608461142,51.08817497219737,54.30130900657565,17.13169537758987
2021-02-11 14:05:00,2021-02-11 15:25:00,session_end_forced,9,9 (+41 to +64 pts),48.0,-13.5,36.100000000000364,16,15128.8999,15143.2999,15127.0,15140.5,15181.8999,15187.2999,15171.7999,15176.6,53.29035551221056,52.39557800725247,54.30130900657565,23.200542210889367
2021-02-12 14:40:00,2021-02-12 15:25:00,session_end_forced,9,9 (+41 to +64 pts),43.899999999999636,-12.199899999999616,19.899999999999636,9,15152.3999,15157.1,15133.7,15145.8999,15170.1,15172.7,15159.2,15165.7999,41.222879213068694,40.925665410365085,59.401527402651766,45.5727121369056
2021-02-15 15:20:00,2021-02-15 15:25:00,session_end_forced,5,5 (+11 to +15 pts),13.800100000000384,-14.5,7.600000000000364,1,15315.2,15340.1,15311.7999,15326.2999,15326.1,15337.5,15322.0,15333.8999,58.6101302724872,57.53994099828562,65.12538622624736,21.5935246695419
2021-02-16 13:40:00,2021-02-16 13:55:00,cross_down,1,1 (+0 to +3 pts),2.800100000000384,-53.59989999999925,-48.899999999999636,3,15281.0,15298.6,15279.6,15295.7999,15268.2,15270.5,15242.2,15246.8999,38.509343810610694,38.27044583003086,63.49443280915406,31.16874689902827
2021-02-16 14:00:00,2021-02-16 15:25:00,session_end_forced,10,10 (+64 to +504 pts),76.10000000000036,-11.599899999999252,61.100000000000364,17,15247.7,15258.6,15244.7,15256.2999,15321.8999,15323.2,15311.7,15317.3999,35.38615995351972,34.5994442075638,63.49443280915406,30.24693588975266
2021-02-17 10:15:00,2021-02-17 12:50:00,cross_down,9,9 (+41 to +64 pts),58.399999999999636,-32.699899999999616,0.10009999999965657,31,15239.7,15257.2999,15229.8999,15255.8999,15276.7,15280.3999,15255.7,15256.0,38.34613754372924,36.52606256296996,54.035054444183075,40.54925071853025
2021-02-26 11:15:00,2021-02-26 15:20:00,cross_down,9,9 (+41 to +64 pts),45.40010000000075,-232.09989999999925,-222.69989999999962,49,14744.7999,14745.2,14688.6,14699.7999,14505.1,14514.2999,14467.7,14477.1,20.430619513483727,18.990928292274496,54.57665894475014,80.31250626442231
2021-03-02 13:45:00,2021-03-02 14:45:00,cross_down,5,5 (+11 to +15 pts),11.20010000000002,-42.79989999999998,-32.100000000000364,12,14841.2,14872.1,14840.2999,14860.8999,14850.8999,14864.2999,14828.1,14828.7999,52.23537995577878,50.88180625223538,52.21443992234768,30.195753913591933
2021-03-02 15:00:00,2021-03-02 15:25:00,session_end_forced,10,10 (+64 to +504 pts),89.30010000000038,-33.199899999999616,74.5,5,14838.7,14874.7,14836.6,14869.7999,14954.1,14959.1,14939.1,14944.2999,54.711728285422495,54.21962546836357,53.193358856342186,21.98211808382406
2021-03-04 10:45:00,2021-03-04 13:25:00,cross_down,10,10 (+64 to +504 pts),127.0,-16.699899999999616,75.60000000000036,32,15079.7999,15088.2,15073.3999,15075.2999,15160.2999,15168.5,15137.2999,15150.8999,48.567528140809145,48.35907603787775,70.22200699692301,23.26095761175901
2021-03-05 09:55:00,2021-03-05 13:40:00,cross_down,8,8 (+29 to +41 pts),30.0,-111.39999999999964,-97.69989999999962,45,15056.1,15063.7999,15039.6,15062.2999,14979.6,14982.3999,14963.0,14964.6,42.11915068208866,39.02942114785374,58.796146757766834,37.0141035722093
2021-03-10 13:00:00,2021-03-10 13:30:00,cross_down,6,6 (+15 to +21 pts),19.29989999999998,-16.0,-13.20010000000002,6,15157.2,15162.3999,15149.3999,15157.1,15157.3999,15161.2999,15141.1,15143.8999,58.28062776685731,58.22847435352142,58.19805200112929,20.229696778216525
2021-03-10 14:10:00,2021-03-10 14:45:00,cross_down,5,5 (+11 to +15 pts),14.600000000000364,-10.300100000000384,-9.300100000000384,7,15178.7999,15184.6,15172.5,15180.6,15187.2999,15187.5,15170.2999,15171.2999,60.0963607948264,58.5348258163922,59.12467221732962,15.706195002266922
2021-03-12 09:20:00,2021-03-12 10:00:00,cross_down,5,5 (+11 to +15 pts),14.5,-30.700000000000728,-17.300100000000384,8,15310.8999,15321.2,15304.3999,15306.7,15297.2999,15301.7999,15286.2,15289.3999,64.80077138694051,59.81227956903108,61.094629800761425,29.112493861360864
2021-03-12 14:35:00,2021-03-12 15:25:00,session_end_forced,9,9 (+41 to +64 pts),52.29989999999998,-25.300100000000384,13.5,10,15024.7999,15028.7999,14993.3999,15009.6,15022.5,15027.0,15017.2999,15023.1,27.91627023439148,27.81848107861763,56.5473978800272,67.12295569186249
2021-03-23 12:50:00,2021-03-23 13:35:00,cross_down,5,5 (+11 to +15 pts),14.5,-50.800100000000384,-32.800100000000384,9,14782.8999,14804.2,14775.8999,14799.2,14795.2999,14795.8999,14748.3999,14766.3999,54.71155169049714,52.163843728501064,56.1050067693544,21.789564104033172
2021-03-23 13:45:00,2021-03-23 14:55:00,cross_down,10,10 (+64 to +504 pts),78.5,-13.70010000000002,49.399999999999636,14,14788.0,14806.0,14786.3999,14800.1,14866.6,14868.5,14849.2999,14849.5,55.80780118665774,55.40539657238443,56.93088383904895,19.352764955184526
2021-03-30 13:50:00,2021-03-30 14:35:00,cross_down,9,9 (+41 to +64 pts),55.0,-11.599899999999252,33.5,9,14813.8999,14822.7999,14810.5,14821.2999,14852.7999,14866.5,14852.1,14854.7999,72.59482025549947,71.21337826684076,63.26108261228053,36.60469561833558
2021-03-31 11:15:00,2021-03-31 11:35:00,cross_down,5,5 (+11 to +15 pts),11.29989999999998,-28.100000000000364,-27.0,4,14741.2999,14755.8999,14740.3999,14744.6,14723.6,14727.8999,14716.5,14717.6,45.577524264338265,44.22644340866328,65.04183840666158,25.617314293006974
2021-03-31 11:40:00,2021-03-31 13:25:00,cross_down,9,9 (+41 to +64 pts),45.20010000000002,-40.09989999999925,-31.399999999999636,21,14716.3999,14738.1,14713.2,14731.2999,14710.6,14718.0,14697.5,14699.8999,43.93788268165268,43.70856224327271,65.04183840666158,17.611081330886933
2021-03-31 13:30:00,2021-03-31 14:35:00,cross_down,8,8 (+29 to +41 pts),32.800100000000384,-24.399999999999636,-16.699899999999616,13,14699.0,14719.2,14692.8999,14717.2999,14713.0,14720.7999,14699.2999,14700.6,43.183157905213,42.823783046296576,61.655924540014986,28.479187342780612
2021-03-31 14:50:00,2021-03-31 15:00:00,cross_down,5,5 (+11 to +15 pts),11.0,-49.29999999999927,-37.20010000000002,2,14708.5,14723.7999,14707.5,14719.5,14725.6,14727.2999,14670.2,14682.2999,43.951746909822575,43.24613982475035,60.37938633232835,20.160565844282434
2021-04-01 09:15:00,2021-04-01 10:30:00,cross_down,3,3 (+5 to +8 pts),5.600000000000364,-66.60009999999966,-49.399999999999636,15,14797.2,14814.6,14781.1,14809.0,14757.2999,14762.1,14742.3999,14759.6,49.19566023267731,41.53937461985477,54.97186641703666,36.4907348048456
2021-04-01 11:55:00,2021-04-01 14:50:00,cross_down,10,10 (+64 to +504 pts),132.69989999999962,-7.600000000000364,115.09989999999925,35,14738.7999,14747.2999,14733.3999,14734.7,14860.2,14865.0,14848.1,14849.7999,48.25432183748204,46.56536152141536,55.191137387135214,26.879298103415767
2021-04-05 11:00:00,2021-04-05 11:10:00,cross_down,8,8 (+29 to +41 pts),28.600000000000364,-51.70010000000002,-37.20010000000002,2,14538.2,14539.7,14497.6,14511.1,14500.0,14506.2,14459.3999,14473.8999,28.97254411377217,28.25154221263179,56.6200293297379,72.67543925648825
2021-04-06 11:20:00,2021-04-06 11:25:00,cross_down,4,4 (+8 to +11 pts),9.5,-14.300100000000384,-13.5,1,14767.2999,14775.6,14761.7,14769.6,14770.2,14779.1,14755.2999,14756.1,69.11447192091663,68.19010089381888,50.60575104609924,32.777309294073305
2021-04-06 14:15:00,2021-04-06 15:25:00,session_end_forced,8,8 (+29 to +41 pts),35.100000000000364,-28.0,30.699899999999616,14,14653.6,14671.7999,14641.8999,14669.1,14702.5,14703.8999,14696.1,14699.7999,45.16710302109922,43.347880506119125,50.02870577332695,26.678385454067325
2021-04-07 11:10:00,2021-04-07 11:15:00,cross_down,5,5 (+11 to +15 pts),11.5,-20.899999999999636,-10.299999999999272,1,14847.5,14861.3999,14835.1,14856.0,14856.2,14867.5,14845.0,14845.7,72.77472006226486,70.58960644708624,53.36743548637063,30.37489713528852
2021-04-07 11:25:00,2021-04-07 11:30:00,cross_down,4,4 (+8 to +11 pts),10.699899999999616,-9.20010000000002,0.7998999999999796,1,14848.6,14853.5,14842.3999,14851.6,14852.7,14862.2999,14849.8999,14852.3999,73.36133208628493,73.03301627599228,57.04742382688136,36.490416517765325
2021-04-08 09:20:00,2021-04-08 10:50:00,cross_down,8,8 (+29 to +41 pts),36.0,-19.5,19.099899999999252,18,14928.0,14939.1,14920.7999,14923.2,14943.2999,14952.0,14939.2,14942.2999,56.950877521886,51.26207637562261,60.83511879599844,29.078409478327252
2021-04-08 13:20:00,2021-04-08 13:55:00,cross_down,7,7 (+21 to +28 pts),21.20010000000002,-16.899900000000343,-14.899900000000343,7,14952.0,14963.7999,14946.0,14962.8999,14958.0,14961.3999,14946.5,14948.0,59.35906261440154,58.235710460401734,64.88387854097304,20.442794447532947
2021-04-09 09:40:00,2021-04-09 09:45:00,cross_down,5,5 (+11 to +15 pts),14.899900000000343,-30.5,-29.399999999999636,1,14866.6,14891.5,14864.7999,14880.5,14880.6,14895.3999,14850.0,14851.1,42.31487816548478,41.49376909360499,60.663337895070875,44.149296700240775
2021-04-09 09:50:00,2021-04-09 11:00:00,cross_down,9,9 (+41 to +64 pts),54.5,-23.100000000000364,-5.699899999999616,14,14850.6,14864.6,14840.7999,14863.8999,14868.1,14879.6,14852.7999,14858.2,43.54952813488461,42.31502673242847,60.663337895070875,38.242744993970426
2021-04-09 11:40:00,2021-04-09 13:35:00,cross_down,7,7 (+21 to +28 pts),25.700000000000728,-25.100099999999657,-21.600099999999657,23,14853.2999,14866.8999,14851.1,14865.0,14858.0,14859.1,14839.8999,14843.3999,42.70306100073405,41.86936734509743,57.33981055658832,24.641140111810724
2021-04-09 14:15:00,2021-04-09 15:25:00,session_end_forced,7,7 (+21 to +28 pts),21.899999999999636,-24.29989999999998,-6.199899999999616,14,14822.2,14846.6,14821.2999,14844.3999,14838.8999,14841.0,14831.1,14838.2,41.37322880357775,38.84476124595452,51.885649523311955,34.06858724099926
2021-04-19 10:25:00,2021-04-19 14:55:00,cross_down,10,10 (+64 to +504 pts),106.0,-27.099899999999252,50.5,54,14268.0,14288.1,14267.1,14276.2999,14323.0,14330.0,14314.6,14326.7999,29.853480448551522,27.823424647781177,51.76990153100732,53.727289439443055
2021-04-23 10:35:00,2021-04-23 10:45:00,cross_down,4,4 (+8 to +11 pts),8.5,-20.199899999999616,-9.399900000000343,2,14413.5,14414.3999,14392.6,14405.8999,14400.8999,14402.3999,14385.7,14396.5,60.0744621022788,59.68322432111084,50.766034171570574,24.90993796399326
2021-04-23 11:00:00,2021-04-23 11:50:00,cross_down,8,8 (+29 to +41 pts),35.70010000000002,-25.0,1.8999999999996362,10,14401.5,14426.7,14400.3999,14425.3999,14429.7999,14441.1,14426.2999,14427.2999,60.64535338481047,59.36995764934404,50.766034171570574,20.426054960410248
2021-04-23 15:05:00,2021-04-23 15:25:00,session_end_forced,3,3 (+5 to +8 pts),7.0,-27.0,-21.399999999999636,4,14339.5,14359.6,14337.7,14352.6,14345.5,14347.0,14325.6,14331.2,42.17521703007134,38.30231831975106,52.1249894320063,34.01981884805118
2021-04-26 15:05:00,2021-04-26 15:25:00,session_end_forced,3,3 (+5 to +8 pts),7.100000000000364,-14.600099999999657,-0.10009999999965657,4,14478.6,14489.6,14477.1,14489.0,14491.3999,14492.8999,14482.1,14488.8999,47.9335902046072,46.273337427612894,59.594317914509816,15.60321550651007
2021-04-27 12:05:00,2021-04-27 12:20:00,cross_down,6,6 (+15 to +21 pts),15.200000000000728,-8.20010000000002,-0.8999999999996362,3,14611.6,14616.3999,14606.7999,14615.0,14623.3999,14623.7,14609.8999,14614.1,75.45044678760736,74.16269874528592,64.54080816937838,49.810470270774104
2021-04-27 14:10:00,2021-04-27 14:50:00,cross_down,7,7 (+21 to +28 pts),26.899999999999636,-8.20010000000002,2.7998999999999796,8,14634.7999,14640.3999,14630.6,14632.6,14642.3999,14646.8999,14634.8999,14635.3999,67.6090790904444,65.80463708220978,67.78597424326387,35.84944897465405
2021-04-28 09:15:00,2021-04-28 10:00:00,cross_down,8,8 (+29 to +41 pts),29.399900000000343,-40.10009999999966,13.899900000000343,9,14710.3999,14739.6,14694.8999,14735.0,14744.1,14751.5,14742.8999,14748.8999,75.11204186869713,71.47933097654638,71.71088676497943,46.69471997845912
2021-04-29 11:50:00,2021-04-29 11:55:00,cross_down,4,4 (+8 to +11 pts),9.29989999999998,-33.300100000000384,-28.70010000000002,1,14894.7999,14914.8999,14893.7,14905.6,14905.7999,14910.7999,14872.2999,14876.8999,53.04854290118104,52.48973452570293,79.59301302563097,26.554976363579083
2021-04-29 12:00:00,2021-04-29 13:45:00,cross_down,10,10 (+64 to +504 pts),70.39999999999964,-18.70010000000002,36.699899999999616,21,14876.7999,14889.2999,14869.3999,14888.1,14941.5,14942.7,14917.1,14924.7999,51.99980521930713,51.72825398099885,79.59301302563097,21.986069619753945
2021-04-30 10:00:00,2021-04-30 10:05:00,cross_down,6,6 (+15 to +21 pts),15.100000000000364,-42.399999999999636,-41.79989999999998,1,14840.6,14852.3999,14832.2999,14837.2999,14838.6,14840.1,14794.8999,14795.5,40.92713315558734,40.6314571770253,71.0385128956658,33.91597097528604
2021-04-30 10:25:00,2021-04-30 11:35:00,cross_down,2,2 (+3 to +5 pts),4.699899999999616,-43.5,-42.300100000000384,14,14805.7999,14824.1,14803.2999,14823.1,14794.0,14795.3999,14779.6,14780.7999,39.1543752746936,38.255633295995935,65.40150919099712,36.519430465982545
2021-04-30 12:00:00,2021-04-30 13:15:00,cross_down,6,6 (+15 to +21 pts),20.0,-46.5,-32.60009999999966,15,14786.0,14799.2,14785.6,14799.0,14762.5,14776.7999,14760.1,14766.3999,37.38020408246292,34.71709554999561,61.35307104859283,36.336333000095046
2021-05-06 12:05:00,2021-05-06 13:20:00,cross_down,9,9 (+41 to +64 pts),56.10009999999966,-8.199899999999616,18.300100000000384,15,14667.3999,14671.7999,14660.7,14668.8999,14707.8999,14708.2,14681.8999,14687.2,59.422576681789195,58.70962877007423,51.58453452145296,23.73541046430743
2021-05-06 15:20:00,2021-05-06 15:25:00,session_end_forced,1,1 (+0 to +3 pts),2.399999999999636,-13.199899999999616,-8.29989999999998,1,14729.7999,14742.1,14728.2,14741.3999,14740.6,14743.7999,14728.3999,14733.1,65.26871216392215,62.13466452879618,59.976720096189325,29.903940999980133
2021-05-07 13:50:00,2021-05-07 15:00:00,cross_down,7,7 (+21 to +28 pts),25.700000000000728,-28.5,4.29989999999998,14,14818.2,14831.5,14814.0,14827.0,14839.3999,14843.7,14828.2999,14831.2999,56.445571533619834,52.55129373672921,66.44315706423126,26.66864405628992
2021-05-10 09:20:00,2021-05-10 09:55:00,cross_down,4,4 (+8 to +11 pts),10.200000000000728,-48.5,-45.399999999999636,7,14927.8999,14951.2,14926.8999,14941.0,14900.7,14909.8999,14892.5,14895.6,60.32498205818321,57.44537800865633,67.09967000878797,34.58929245550428
2021-05-11 10:30:00,2021-05-11 12:55:00,cross_down,10,10 (+64 to +504 pts),66.69989999999962,-6.300100000000384,32.09989999999925,29,14829.7,14836.6,14826.8999,14833.2,14858.6,14868.7999,14856.3999,14865.2999,35.631048149991685,35.459917086358566,68.73328319783558,39.42630881456703
2021-05-11 14:00:00,2021-05-11 15:25:00,session_end_forced,6,6 (+15 to +21 pts),17.20010000000002,-16.199899999999616,6.100099999999657,17,14836.7999,14843.2999,14834.1,14839.8999,14849.0,14849.8999,14840.3999,14846.0,41.35265142355951,40.881679896674925,58.13783343620403,36.911343505071414
2021-05-19 11:40:00,2021-05-19 12:50:00,cross_down,8,8 (+29 to +41 pts),36.899999999999636,-10.399999999999636,-2.0,14,15086.3999,15087.8999,15080.8999,15087.1,15099.6,15099.7999,15083.7,15085.1,45.50324687012261,44.8739097957605,79.34906586637408,20.121798887782923
2021-05-19 14:20:00,2021-05-19 15:25:00,session_end_forced,8,8 (+29 to +41 pts),28.600099999999657,-35.100000000000364,-24.0,13,15043.6,15047.3999,15039.8999,15043.8999,15011.7999,15021.2999,15008.7999,15019.8999,36.61042171103697,35.60610487999255,70.13418556074949,37.53795547453336
2021-05-21 14:25:00,2021-05-21 15:25:00,session_end_forced,9,9 (+41 to +64 pts),51.70010000000002,-17.29989999999998,47.20010000000002,12,15127.7,15138.6,15121.0,15138.2999,15179.2999,15185.7,15174.3999,15185.5,67.30039354313492,64.07965663346043,57.21449799548721,31.18978212580825
2021-05-24 14:40:00,2021-05-24 15:05:00,cross_down,7,7 (+21 to +28 pts),23.800100000000384,-42.600000000000364,-25.199899999999616,5,15233.3999,15239.5,15229.2999,15232.3999,15215.7999,15218.2999,15189.7999,15207.2,57.13744916819407,54.329490177607624,72.60747122057147,23.036086102728916
2021-05-25 09:20:00,2021-05-25 10:15:00,cross_down,5,5 (+11 to +15 pts),13.600099999999657,-24.399900000000343,-17.79989999999998,11,15269.2,15278.7999,15258.7999,15271.3999,15261.7999,15266.8999,15248.8999,15253.6,53.2033055521602,53.18265497339335,69.9707422161763,37.28385761429364
2021-05-25 14:35:00,2021-05-25 15:25:00,session_end_forced,3,3 (+5 to +8 pts),7.5,-29.29989999999998,2.400100000000748,10,15211.7999,15218.7,15205.2999,15215.2999,15221.5,15222.7,15216.1,15217.7,38.7432879523946,35.851312927972444,64.25710744395678,49.175046126657385
2021-05-27 10:10:00,2021-05-27 10:40:00,cross_down,4,4 (+8 to +11 pts),10.100000000000364,-9.899999999999636,-3.0,6,15311.7,15317.2,15307.2999,15314.1,15311.8999,15314.0,15304.2,15311.1,57.3309643729639,55.87992060780259,66.99264386780646,24.819230403916336
2021-05-27 11:00:00,2021-05-27 12:15:00,cross_down,8,8 (+29 to +41 pts),34.800100000000384,-11.099899999999252,11.400100000000748,15,15321.0,15331.7999,15320.6,15330.2999,15351.7,15353.2999,15336.7999,15341.7,62.072241442666915,60.11239432037421,67.9595351947521,24.943817910140694
2021-05-27 15:05:00,2021-05-27 15:25:00,session_end_forced,9,9 (+41 to +64 pts),53.399999999999636,-7.300100000000384,40.29989999999998,4,15329.3999,15334.8999,15327.0,15331.1,15345.2,15384.5,15344.5,15371.3999,47.065387799735376,45.32099548734661,68.4550904890719,35.21418627534321
2021-05-31 09:55:00,2021-05-31 12:15:00,cross_down,10,10 (+64 to +504 pts),83.80010000000038,-2.399999999999636,79.30010000000038,28,15462.8999,15467.7,15454.8999,15457.2999,15536.8999,15541.1,15534.2999,15536.6,53.91581245349091,52.85874964827791,72.04446710226179,27.26109712326732
2021-05-31 12:35:00,2021-05-31 12:50:00,cross_down,5,5 (+11 to +15 pts),13.899999999999636,-7.200000000000728,2.899999999999636,3,15555.5,15561.2,15549.5,15556.2,15568.3999,15569.1,15558.2999,15559.1,71.4351383868273,70.53360968128976,77.78846747893127,42.84468728078313
2021-06-01 09:20:00,2021-06-01 09:50:00,cross_down,7,7 (+21 to +28 pts),21.400100000000748,-41.09989999999925,-28.0,6,15602.0,15640.2,15598.2,15639.2999,15630.0,15631.2,15607.2,15611.2999,67.35937820960932,66.43414846671605,83.14997951500884,42.79921396440503
2021-06-01 12:15:00,2021-06-01 14:05:00,cross_down,9,9 (+41 to +64 pts),42.79989999999998,-35.79999999999927,-20.799999999999272,22,15567.2999,15579.3999,15565.1,15575.0,15549.8999,15567.6,15539.2,15554.2,49.45806517501573,47.536397539112976,77.2454531536286,23.019245067932438
2021-06-02 10:45:00,2021-06-02 10:50:00,cross_down,3,3 (+5 to +8 pts),5.600000000000364,-9.29989999999998,-8.399999999999636,1,15502.5,15506.8999,15498.6,15501.2999,15501.3999,15501.7999,15492.0,15492.8999,35.07447530499595,34.548797556671474,63.557211631594754,64.72809074358462
2021-06-02 10:55:00,2021-06-02 15:25:00,session_end_forced,10,10 (+64 to +504 pts),100.19989999999962,-37.40010000000075,93.29999999999927,54,15493.0,15499.0,15491.1,15497.2,15590.6,15594.6,15584.6,15590.5,34.73632907357984,34.548797556671474,63.557211631594754,65.20024307543918
2021-06-03 14:10:00,2021-06-03 14:45:00,cross_down,3,3 (+5 to +8 pts),7.299999999999272,-16.400100000000748,-13.400100000000748,7,15655.6,15676.1,15654.8999,15669.7,15668.5,15669.0,15653.2999,15656.2999,62.42687798587619,60.47439497569091,64.50642317693632,31.128786998851684
2021-06-03 15:10:00,2021-06-03 15:15:00,cross_down,1,1 (+0 to +3 pts),1.1998999999996158,-14.5,-2.5,1,15695.2,15696.5,15688.6,15695.6,15696.1,15696.7999,15681.1,15693.1,66.18817840108674,65.04755596235593,65.98037349168028,36.35696866794701
2021-06-03 15:20:00,2021-06-03 15:25:00,cross_down,4,4 (+8 to +11 pts),10.0,-15.100000000000364,-7.100000000000364,1,15694.2999,15705.1,15688.7999,15695.1,15694.7999,15696.1,15680.0,15688.0,68.5775563434752,67.65080866861129,67.90388429176258,34.86816645899552
2021-06-04 09:25:00,2021-06-04 09:45:00,cross_down,5,5 (+11 to +15 pts),11.5,-15.5,-1.8999000000003434,4,15699.7,15715.1,15696.8999,15712.3999,15714.1,15716.1,15704.1,15710.5,69.76471244791853,68.12384127522058,68.75231602081561,37.950652209192164
2021-06-04 12:30:00,2021-06-04 13:05:00,cross_down,7,7 (+21 to +28 pts),24.400100000000748,-22.199899999999616,-13.599899999999252,7,15680.5,15686.1,15675.3999,15679.2999,15667.6,15673.7,15657.1,15665.7,50.784208528481216,49.583151551355,65.48885207083723,24.411387296331053
2021-06-04 14:15:00,2021-06-04 15:25:00,session_end_forced,7,7 (+21 to +28 pts),25.900100000000748,-8.699899999999616,13.0,14,15662.6,15670.0,15655.3999,15656.2999,15676.6,15679.3999,15665.5,15669.2999,44.08891299500228,44.011207465812966,62.018875724334755,29.625862377615103
2021-06-07 13:25:00,2021-06-07 14:30:00,cross_down,8,8 (+29 to +41 pts),31.199899999999616,-3.800100000000384,18.799999999999272,13,15743.3999,15747.3999,15738.3999,15742.2,15763.6,15767.7,15759.3999,15761.0,60.644342895700966,59.684314752361985,66.00436497827829,34.0208433734781
2021-06-08 10:45:00,2021-06-08 12:05:00,cross_down,8,8 (+29 to +41 pts),28.599899999999252,-11.700000000000728,-8.5,16,15713.2,15719.8999,15712.0,15713.2,15713.0,15713.8999,15701.5,15704.7,43.11786232429789,42.75920902802656,63.842846373676785,20.77326201484791
2021-06-08 12:35:00,2021-06-08 14:00:00,cross_down,8,8 (+29 to +41 pts),32.5,-8.79989999999998,-2.899999999999636,17,15716.8999,15725.1,15716.0,15723.7999,15734.3999,15735.7999,15715.0,15720.8999,48.91171970279245,47.04313701939674,59.8076188616587,16.74682921332696
2021-06-08 14:40:00,2021-06-08 15:05:00,cross_down,5,5 (+11 to +15 pts),14.800100000000384,-8.79989999999998,-2.899999999999636,5,15742.7,15745.2,15739.3999,15743.7999,15751.2,15752.1,15735.0,15740.8999,55.88408958878159,55.53104188280379,59.07212775251819,24.832850794888703
2021-06-09 09:35:00,2021-06-09 09:45:00,cross_down,3,3 (+5 to +8 pts),5.79989999999998,-11.399999999999636,0.1000000000003638,2,15772.0,15778.2999,15766.0,15772.5,15770.3999,15777.3999,15767.6,15772.6,58.96274977777603,58.84479870072178,59.86701215301017,29.22843272215407
2021-06-09 09:50:00,2021-06-09 10:15:00,cross_down,3,3 (+5 to +8 pts),6.100000000000364,-15.79989999999998,-8.5,5,15772.7999,15788.7999,15771.0,15786.7999,15783.6,15786.2,15774.6,15778.2999,64.18626862717109,62.06969789367601,59.86701215301017,32.021476657324754
2021-06-09 14:15:00,2021-06-09 14:25:00,cross_down,3,3 (+5 to +8 pts),6.29989999999998,-54.899999999999636,-50.100000000000364,2,15682.7999,15698.8999,15679.8999,15692.6,15658.7,15665.5,15637.7,15642.5,38.42583904798144,36.56974983392773,54.798360655436696,51.49452087068728
2021-06-09 14:45:00,2021-06-09 15:25:00,session_end_forced,9,9 (+41 to +64 pts),53.70000000000073,-34.60009999999966,40.79989999999998,8,15579.0,15603.7999,15566.8999,15601.5,15636.8999,15644.2999,15636.2,15642.2999,30.225897345092648,28.84127893990566,54.798360655436696,59.98344874822544
2021-06-10 14:20:00,2021-06-10 14:50:00,cross_down,5,5 (+11 to +15 pts),13.300100000000384,-8.199899999999616,-4.79989999999998,6,15741.1,15747.1,15733.7999,15737.8999,15738.0,15740.2,15731.5,15733.1,57.79270430988439,56.81281397586367,50.450935841856676,18.127093198198033
2021-06-11 09:15:00,2021-06-11 10:10:00,cross_down,7,7 (+21 to +28 pts),24.799999999999272,-29.300100000000384,-1.900100000000748,11,15796.2,15816.2999,15781.3999,15810.7,15818.7999,15819.7,15808.0,15808.7999,62.4195967609882,60.28052562050869,53.76264948638098,23.560950453102993
2021-06-11 13:55:00,2021-06-11 14:50:00,cross_down,7,7 (+21 to +28 pts),23.699899999999616,-6.300100000000384,2.2998999999999796,11,15793.1,15794.3999,15785.2999,15789.1,15796.7,15797.0,15782.7999,15791.3999,51.12620380879652,50.881100450787564,59.912212104590374,19.46925098230234
2021-06-14 10:10:00,2021-06-14 14:30:00,cross_down,10,10 (+64 to +504 pts),78.5,-48.699899999999616,62.10009999999966,52,15714.7,15740.7999,15712.2999,15732.3999,15801.7,15804.5,15793.7,15794.5,44.18422228764004,41.53408705438527,61.19601375843939,35.395587558357846
2021-06-15 09:20:00,2021-06-15 10:00:00,cross_down,6,6 (+15 to +21 pts),15.099899999999252,-10.600000000000364,2.899999999999636,8,15870.2999,15878.7,15865.6,15876.2,15887.2,15888.5,15872.5,15879.1,69.82315990852467,69.78511934349594,55.79119952722278,36.330902875261245
2021-06-16 10:45:00,2021-06-16 10:50:00,cross_down,3,3 (+5 to +8 pts),6.600099999999657,-24.899900000000343,-24.199899999999616,1,15808.5,15808.5,15800.5,15801.8999,15801.7,15802.7999,15777.0,15777.7,32.34154141844951,32.02061155526786,61.6805582754901,50.56327583318675
2021-06-16 11:00:00,2021-06-16 15:00:00,cross_down,8,8 (+29 to +41 pts),35.100000000000364,-35.699899999999616,-8.29989999999998,48,15777.3999,15791.6,15773.2,15790.7999,15801.6,15802.0,15770.0,15782.5,30.366835450112603,29.23467831857949,61.6805582754901,52.88290441800485
2021-06-22 09:20:00,2021-06-22 10:00:00,cross_down,7,7 (+21 to +28 pts),27.600000000000364,-18.599899999999252,21.100000000000364,8,15834.7999,15862.3999,15834.7,15853.2999,15865.5,15875.3999,15858.1,15874.3999,79.08987429741,76.39937549034926,53.68361864627491,33.651399862389226
2021-06-23 09:20:00,2021-06-23 10:15:00,cross_down,8,8 (+29 to +41 pts),30.399999999999636,-70.5,-61.899999999999636,11,15822.7,15827.5,15776.2999,15797.1,15751.6,15752.8999,15726.6,15735.2,39.80756867238981,38.78677168800934,58.60085139720546,49.33668003588224
2021-06-23 10:30:00,2021-06-23 14:35:00,cross_down,7,7 (+21 to +28 pts),25.199899999999616,-74.20000000000073,-71.0,49,15750.2,15767.3999,15749.7999,15765.7,15736.5,15738.8999,15691.5,15694.7,39.602449562040235,36.91649276634723,56.04773471312279,33.16996069544379
2021-06-24 14:05:00,2021-06-24 14:15:00,cross_down,1,1 (+0 to +3 pts),2.899999999999636,-26.600000000000364,-16.70010000000002,2,15801.0,15812.7999,15800.0,15811.6,15805.1,15806.6,15785.0,15794.8999,64.66566842742549,62.3248064651663,51.48029998707568,37.15755988743286
2021-06-25 11:50:00,2021-06-25 13:10:00,cross_down,8,8 (+29 to +41 pts),37.399999999999636,-9.700000000000728,21.399999999999636,16,15811.0,15824.5,15810.5,15820.2,15850.2999,15851.8999,15838.7,15841.6,57.88066798145986,56.82596354216429,58.5389290603083,11.877330420363938
2021-06-28 12:40:00,2021-06-28 13:50:00,cross_down,7,7 (+21 to +28 pts),21.600000000000364,-14.70010000000002,-13.300100000000384,14,15829.5,15837.1,15828.3999,15832.6,15825.8999,15829.0,15817.8999,15819.2999,45.08351021628455,44.54711535599753,62.49618656106055,23.050431253994905
2021-06-28 14:05:00,2021-06-28 15:00:00,cross_down,5,5 (+11 to +15 pts),13.0,-22.199899999999616,-18.699899999999616,11,15827.3999,15833.3999,15826.0,15830.7999,15829.1,15829.8999,15808.6,15812.1,44.21813834105423,43.53861070892405,61.526937137591034,27.871874673624305
2021-06-29 09:30:00,2021-06-29 09:50:00,cross_down,4,4 (+8 to +11 pts),10.79989999999998,-38.20010000000002,-34.0,4,15816.8999,15827.0,15810.6,15825.1,15802.1,15803.7999,15786.8999,15791.1,45.171170820332556,42.79626779739052,55.334881443921155,36.872745523295535
2021-06-29 10:45:00,2021-06-29 14:15:00,cross_down,9,9 (+41 to +64 pts),43.90010000000075,-21.29989999999998,-8.399999999999636,42,15754.5,15759.7,15751.2999,15755.7999,15765.6,15766.8999,15746.6,15747.3999,30.893291687081998,30.749620713434524,50.44941197949622,49.533414898262045
2021-07-05 15:20:00,2021-07-05 15:25:00,session_end_forced,2,2 (+3 to +5 pts),4.399900000000343,-8.5,0.3999000000003434,1,15839.7999,15844.8999,15834.6,15841.5,15841.2,15845.8999,15833.0,15841.8999,65.77276843703002,64.06095512054753,67.75173811753189,27.41865346153599
2021-07-06 11:20:00,2021-07-06 12:20:00,cross_down,7,7 (+21 to +28 pts),24.400100000000748,-2.2998999999999796,14.400100000000748,12,15884.2999,15893.8999,15883.0,15885.2999,15905.7999,15907.2,15899.3999,15899.7,72.61769331042736,71.43310004064408,74.26493118345883,28.12312641967905
2021-07-07 09:35:00,2021-07-07 13:00:00,cross_down,1,1 (+0 to +3 pts),2.900100000000748,-48.5,-29.199899999999616,41,15841.7999,15846.2,15834.6,15843.7999,15822.7,15823.3999,15813.2,15814.6,43.987930465281224,40.80315239727986,64.07318792277358,43.93180693291299
2021-07-07 13:10:00,2021-07-07 13:25:00,cross_down,1,1 (+0 to +3 pts),2.2001000000000204,-15.699899999999616,-9.699899999999616,3,15826.7,15834.5,15822.5,15834.2999,15823.7,15825.5,15818.6,15824.6,48.08272787384189,47.135868193739825,56.27286574664011,19.01125850609648
2021-07-07 13:45:00,2021-07-07 15:25:00,session_end_forced,9,9 (+41 to +64 pts),58.60009999999966,-10.899900000000343,44.800100000000384,20,15828.1,15835.3999,15824.0,15834.8999,15887.1,15893.5,15876.1,15879.7,48.639750929816586,47.566829240499864,55.44182238242724,22.70843608829692
2021-07-13 13:05:00,2021-07-13 13:20:00,cross_down,4,4 (+8 to +11 pts),8.700000000000728,-15.799999999999272,-13.799999999999272,3,15804.3999,15812.2,15801.5,15803.5,15799.5,15802.0,15787.7,15789.7,69.62780166008595,67.92067542344714,52.58936593970412,45.00678401834452
2021-07-14 10:30:00,2021-07-14 12:00:00,cross_down,8,8 (+29 to +41 pts),40.600000000000364,-5.5,31.5,18,15797.2,15802.2,15796.2999,15801.7999,15838.2999,15842.3999,15833.1,15833.2999,52.67129321190766,51.49360762566245,61.179471866468454,27.57066400441553
2021-07-14 12:35:00,2021-07-14 13:00:00,cross_down,7,7 (+21 to +28 pts),23.300100000000384,-13.0,22.100000000000364,5,15842.8999,15848.2,15833.2999,15846.2999,15861.2,15869.6,15860.7,15868.3999,68.07357419907281,68.00826969714595,64.2090354822601,30.190227163564593
2021-07-14 13:05:00,2021-07-14 13:15:00,cross_down,4,4 (+8 to +11 pts),9.199899999999616,-8.399999999999636,-6.899999999999636,2,15867.2999,15874.0,15867.2,15868.1,15875.0,15876.8999,15859.7,15861.2,72.63539207586687,72.45753420383821,64.2090354822601,45.883981172440755
2021-07-15 09:35:00,2021-07-15 10:05:00,cross_down,5,5 (+11 to +15 pts),12.600000000000364,-10.899999999999636,-1.6000000000003638,6,15886.6,15892.7,15878.7,15889.6,15885.8999,15893.2999,15884.7,15888.0,61.93917162016216,61.79527906217193,65.81553865674142,33.33431856061907
2021-07-15 10:40:00,2021-07-15 11:45:00,cross_down,7,7 (+21 to +28 pts),28.5,-12.100000000000364,19.29989999999998,13,15900.5,15913.8999,15900.0,15912.1,15931.2,15933.1,15927.2,15931.3999,67.41878300237452,65.95116305169711,66.74672338261651,33.583806942632805
2021-07-16 09:40:00,2021-07-16 10:00:00,cross_down,3,3 (+5 to +8 pts),7.5,-24.699899999999616,-22.899900000000343,4,15954.0,15959.6,15948.2999,15953.8999,15956.2,15956.8999,15929.2,15931.0,57.970816730022335,56.50336414198595,70.36901993251783,45.20061598318744
2021-07-16 12:45:00,2021-07-16 13:40:00,cross_down,5,5 (+11 to +15 pts),11.199899999999616,-20.400100000000748,-15.900100000000748,11,15916.1,15918.2,15912.1,15913.7,15895.5,15904.6,15895.0,15897.7999,43.78834131158275,42.77352160625849,66.56779864879451,27.65381653761998
2021-07-16 14:10:00,2021-07-16 15:25:00,session_end_forced,8,8 (+29 to +41 pts),37.40010000000075,-19.399999999999636,18.100000000000364,15,15885.2999,15904.5,15884.8999,15904.2999,15922.6,15924.8999,15917.5,15922.3999,39.48862780145366,39.31315172385018,64.79888186283483,41.851764367971846
2021-07-19 10:05:00,2021-07-19 12:40:00,cross_down,4,4 (+8 to +11 pts),8.399900000000343,-53.0,-50.5,31,15836.1,15836.8999,15825.1,15828.5,15784.7,15786.0,15775.5,15778.0,35.71021241636907,35.31067086248112,60.67267823655104,41.30981235588045
2021-07-22 15:10:00,2021-07-22 15:25:00,session_end_forced,6,6 (+15 to +21 pts),16.0,-0.5,9.900100000000748,3,15822.3999,15827.0,15818.6,15818.7999,15831.3999,15832.5,15820.5,15828.7,55.043667649755314,53.867394135739886,51.41002538118063,41.76339349572609
2021-07-23 11:50:00,2021-07-23 14:15:00,cross_down,9,9 (+41 to +64 pts),52.5,-10.199899999999616,27.300100000000384,29,15837.6,15850.7,15837.1,15847.2999,15892.3999,15894.0,15872.6,15874.6,54.79617742697107,54.56882711297868,59.31629464710351,14.872632875646246
2021-07-26 10:05:00,2021-07-26 11:30:00,cross_down,6,6 (+15 to +21 pts),20.0,-15.599899999999252,-10.899999999999636,17,15872.7,15880.7,15865.8999,15873.2999,15877.5,15880.8999,15859.1,15862.3999,51.38149548078606,51.15653582286003,62.337922209523775,31.81118335098537
2021-07-26 12:35:00,2021-07-26 13:30:00,cross_down,2,2 (+3 to +5 pts),3.899999999999636,-21.100000000000364,-15.0,11,15866.7999,15867.3999,15858.6,15866.2,15858.7,15862.3999,15845.1,15851.2,47.10200994309148,46.323584720664726,60.657670284142206,37.64454229041842
2021-07-26 13:35:00,2021-07-26 13:55:00,cross_down,4,4 (+8 to +11 pts),10.29989999999998,-17.899999999999636,-16.70010000000002,4,15850.2999,15863.5,15849.2999,15861.5,15854.0,15854.5,15843.6,15844.7999,48.6128719184646,46.53956901858213,59.1146468564938,21.880960167053125
2021-07-26 14:00:00,2021-07-26 14:30:00,cross_down,5,5 (+11 to +15 pts),13.700000000000728,-25.100099999999657,-16.799999999999272,6,15845.5,15855.3999,15841.0,15854.5,15858.8999,15859.2999,15829.3999,15837.7,47.36768876341279,45.71669091202093,59.1146468564938,22.54569880623629
2021-07-27 09:15:00,2021-07-27 10:50:00,cross_down,4,4 (+8 to +11 pts),9.799999999999272,-26.800100000000384,-19.200000000000728,19,15860.2999,15881.5,15851.3999,15871.7,15856.6,15858.2,15851.8999,15852.5,42.71556058783702,38.66310002082363,52.183227516093815,20.775498420727438
2021-07-30 09:35:00,2021-07-30 10:20:00,cross_down,4,4 (+8 to +11 pts),10.400100000000748,-18.399999999999636,-4.699899999999616,9,15806.0,15818.3999,15805.5,15812.7999,15804.2,15813.6,15803.8999,15808.1,55.190187820798315,52.63899461685405,55.996564701150724,28.001895506401276
2021-07-30 12:05:00,2021-07-30 12:20:00,cross_down,2,2 (+3 to +5 pts),5.200000000000728,-8.600099999999657,-4.799999999999272,3,15809.8999,15816.7999,15808.6,15816.0,15812.1,15817.8999,15807.3999,15811.2,57.12969064426249,56.17988700267668,58.684253182184364,17.268002414057896
2021-07-30 13:40:00,2021-07-30 14:30:00,cross_down,8,8 (+29 to +41 pts),30.0,-17.899999999999636,4.900100000000748,10,15815.6,15836.5,15814.8999,15832.7999,15847.2,15848.1,15832.0,15837.7,60.01045398186182,57.163281029655124,60.13873761000015,16.726392633418225
2021-08-02 09:25:00,2021-08-02 11:50:00,cross_down,6,6 (+15 to +21 pts),18.0,-17.899900000000343,8.300100000000384,29,15861.7999,15871.7,15855.5,15863.3999,15872.3999,15876.6,15870.0,15871.7,52.452052447761886,47.10589967563726,55.6264042834229,52.187134901996714
2021-08-02 15:10:00,2021-08-02 15:25:00,session_end_forced,2,2 (+3 to +5 pts),3.5,-8.399900000000343,-1.6998999999996158,3,15885.1,15892.5,15881.0,15889.3999,15889.3999,15892.8999,15881.7999,15887.7,53.50874832366301,53.39065709129505,62.10338284642333,35.15238278672843
2021-08-04 14:15:00,2021-08-04 14:30:00,cross_down,3,3 (+5 to +8 pts),6.29989999999998,-14.0,-10.799999999999272,3,16266.5,16281.3999,16265.5,16279.5,16278.7999,16280.3999,16268.6,16268.7,63.91781339174175,62.87039096541713,85.3796803405703,27.861125699358006
2021-08-05 11:15:00,2021-08-05 13:45:00,cross_down,10,10 (+64 to +504 pts),93.0,-7.5,78.29989999999998,30,16239.0,16250.0,16237.2999,16244.6,16327.1,16329.7999,16305.2999,16322.8999,48.284125001711075,48.24168433200281,79.52983413367606,14.106802895503684
2021-08-06 11:20:00,2021-08-06 11:35:00,cross_down,2,2 (+3 to +5 pts),3.800100000000384,-36.79989999999998,-36.0,3,16281.6,16287.2,16277.7,16283.3999,16264.6,16265.1,16246.6,16247.3999,45.69920117325668,44.667593325114616,69.60463380162042,27.83228908745757
2021-08-06 11:45:00,2021-08-06 12:55:00,cross_down,6,6 (+15 to +21 pts),17.399999999999636,-29.0,-21.29989999999998,14,16241.6,16269.7999,16239.8999,16268.8999,16263.7,16267.8999,16246.7,16247.6,42.1685909385015,41.76965988110139,69.60463380162042,30.824018641737286
2021-08-06 13:20:00,2021-08-06 14:55:00,cross_down,4,4 (+8 to +11 pts),9.100000000000364,-23.899999999999636,-19.0,19,16256.3999,16269.2999,16241.2,16265.1,16253.7,16256.1,16243.5,16246.1,44.60084023700378,43.75065729539451,63.72447654462779,19.89481625244834
2021-08-09 09:15:00,2021-08-09 10:35:00,cross_down,7,7 (+21 to +28 pts),23.5,-50.800100000000384,-7.900100000000748,16,16284.7,16304.8999,16246.3999,16297.2,16295.7999,16298.2999,16286.8999,16289.2999,48.29239012541058,43.09010834995818,55.85788766024059,36.25355687670447
2021-08-09 14:10:00,2021-08-09 15:25:00,session_end_forced,8,8 (+29 to +41 pts),40.70010000000002,-23.0,23.100099999999657,15,16214.2,16232.7,16206.8999,16229.8999,16262.1,16265.8999,16247.3999,16253.0,40.097586375629945,35.88946104146096,53.37364481213681,38.72552028672046
2021-08-10 10:50:00,2021-08-10 11:10:00,cross_down,6,6 (+15 to +21 pts),15.100000000000364,-28.399999999999636,-25.70010000000002,4,16320.7999,16346.7,16317.3999,16344.1,16344.1,16350.1,16315.7,16318.3999,64.64075397094253,63.40262203486383,53.85906884208353,34.63001687939711
2021-08-10 11:55:00,2021-08-10 12:10:00,cross_down,1,1 (+0 to +3 pts),2.600000000000364,-12.20010000000002,-5.5,3,16347.0,16358.1,16344.3999,16356.6,16352.3999,16355.7999,16350.1,16351.1,66.64992366383821,65.19358119914271,56.21849069698744,31.420447223688058
2021-08-10 14:55:00,2021-08-10 15:25:00,session_end_forced,7,7 (+21 to +28 pts),22.399999999999636,-9.79989999999998,-2.7998999999999796,6,16278.7,16280.6,16270.1,16272.3999,16274.5,16277.1,16263.0,16269.6,43.26833655403322,42.19745284874568,54.87325709971104,39.633510169345605
2021-08-13 09:20:00,2021-08-13 10:00:00,cross_down,7,7 (+21 to +28 pts),22.099999999998545,-8.0,14.0,8,16423.4,16435.4,16417.4,16425.4,16442.9,16443.5999,16435.7999,16439.4,66.39900563880366,63.66906804062532,64.22878405411558,36.66362947576073
2021-08-16 11:20:00,2021-08-16 11:30:00,cross_down,5,5 (+11 to +15 pts),12.600099999999657,-7.0,-4.299900000001799,2,16573.5,16575.4,16566.5,16572.7999,16573.5,16577.7,16565.7999,16568.5,65.63115546995436,64.58490874175669,84.14593240925176,35.4342836708253
2021-08-16 14:45:00,2021-08-16 14:50:00,cross_down,2,2 (+3 to +5 pts),4.600099999999657,-9.5,-8.0,1,16580.9,16585.2999,16577.7999,16584.7999,16584.9,16589.4,16575.2999,16576.7999,60.31143507967373,60.067055147620444,85.27031705974218,33.08281822162067
2021-08-17 10:30:00,2021-08-17 11:40:00,cross_down,5,5 (+11 to +15 pts),12.0,-20.700000000000728,-9.700000000000728,14,16561.4,16578.5,16554.5,16575.2,16574.7,16577.0,16561.7999,16565.5,52.31379323160474,51.420930600735986,80.23175258473313,14.914535307269455
2021-08-17 13:10:00,2021-08-17 15:25:00,session_end_forced,10,10 (+64 to +504 pts),97.59999999999854,-9.300100000000384,76.5,27,16524.7999,16535.5999,16521.5999,16530.9,16621.0,16624.2999,16601.4,16607.4,41.671676373051525,39.620766999476935,73.28005804386235,35.770826079057784
2021-08-18 14:45:00,2021-08-18 15:25:00,session_end_forced,9,9 (+41 to +64 pts),50.59990000000107,-4.200099999998201,12.0,8,16542.5999,16551.0,16535.7999,16540.0,16558.2,16560.5,16545.0,16552.0,30.7090431299473,30.536421890819284,60.557411244917404,49.59170099283455
2021-08-20 09:30:00,2021-08-20 13:10:00,cross_down,7,7 (+21 to +28 pts),23.599999999998545,-81.90000000000146,-45.20000000000073,44,16462.5999,16488.2999,16454.2999,16485.9,16432.0,16442.0999,16424.5999,16440.7,31.800533475920226,31.739981648248545,54.55680057859429,46.74097205027607
2021-08-24 11:25:00,2021-08-24 11:40:00,cross_down,1,1 (+0 to +3 pts),2.5,-12.900099999998929,-12.799999999999272,3,16542.7999,16551.5999,16539.2,16551.2,16546.9,16548.2999,16538.2999,16538.4,59.79842333933097,57.6820374169417,50.722078602528065,14.139062434853743
2021-08-24 12:05:00,2021-08-24 13:10:00,cross_down,6,6 (+15 to +21 pts),20.5,-12.899900000000343,7.600099999999657,13,16548.5,16563.0999,16545.2,16558.0999,16571.0999,16571.7999,16561.9,16565.7,61.29691367120031,59.974677831264486,50.722078602528065,18.019488754179832
2021-08-24 13:20:00,2021-08-24 14:15:00,cross_down,9,9 (+41 to +64 pts),45.199899999999616,-7.600099999999657,38.099999999998545,11,16574.5999,16587.2999,16573.2999,16580.9,16617.2,16621.0,16609.2999,16619.0,67.43440738743797,66.37269589939265,55.09232946265117,40.81515366235605
2021-08-24 14:20:00,2021-08-24 14:30:00,cross_down,3,3 (+5 to +8 pts),5.800100000000384,-16.59990000000107,1.3001000000003842,2,16619.4,16636.9,16618.0,16634.5999,16635.5999,16640.4,16632.5999,16635.9,75.36147549159553,75.24662369746626,58.46989109673556,62.34369430631893
2021-08-25 13:25:00,2021-08-25 13:30:00,cross_down,3,3 (+5 to +8 pts),6.100099999999657,-12.699899999999616,-9.299999999999272,1,16675.2999,16690.0999,16674.9,16687.5999,16687.0,16693.7,16677.5,16678.2999,55.696105553690266,55.16155480929856,69.1171564144332,22.399520447585598
2021-08-26 09:25:00,2021-08-26 11:00:00,cross_down,8,8 (+29 to +41 pts),28.700000000000728,-33.29999999999927,6.099900000001071,19,16624.0999,16655.5,16621.7,16655.0,16668.7,16670.2,16658.7,16661.0999,44.82843201776968,42.221779812591635,63.69881555857557,41.03015315755658
2021-08-26 13:05:00,2021-08-26 14:40:00,cross_down,5,5 (+11 to +15 pts),12.599900000001071,-34.099999999998545,-28.2000999999982,19,16630.5,16643.0,16630.2,16641.0,16618.4,16621.0,16612.2,16612.7999,38.66319775712287,37.78664142799677,62.90609165506742,26.422875017332178
2021-08-26 14:45:00,2021-08-26 15:25:00,session_end_forced,7,7 (+21 to +28 pts),26.7000999999982,-17.700000000000728,10.799999999999272,8,16612.7999,16627.0999,16606.5999,16624.2999,16638.0,16638.7,16622.0999,16635.0999,39.47681334819221,36.36186253893794,59.42151717833926,27.170173263173194
2021-08-30 09:25:00,2021-08-30 10:45:00,cross_down,10,10 (+64 to +504 pts),65.39990000000034,-7.5,48.5,16,16821.2,16830.4,16808.4,16815.9,16877.4,16881.2999,16861.9,16864.4,66.82892326872589,63.75423865769035,66.91358543043748,43.09704116034322
2021-08-31 12:25:00,2021-08-31 13:15:00,cross_down,8,8 (+29 to +41 pts),41.099999999998545,-23.900000000001455,-19.900000000001455,10,16995.5999,17012.2999,16995.4,17010.9,17045.2999,17052.0,16987.0,16991.0,68.86257543831547,67.44846109832255,87.98395981972732,35.14073274547211
2021-08-31 15:05:00,2021-08-31 15:25:00,session_end_forced,6,6 (+15 to +21 pts),17.200000000000728,-28.0,-6.299999999999272,4,17109.7999,17139.2999,17108.2,17136.2,17133.9,17147.7,17124.2,17129.9,73.8174838351722,70.62002818797025,89.71329510950694,41.72365956927099
2021-09-01 12:50:00,2021-09-01 14:30:00,cross_down,8,8 (+29 to +41 pts),28.799999999999272,-22.899900000000343,-11.399900000000343,20,17116.5,17121.9,17114.7999,17118.7999,17120.5,17128.2999,17100.7999,17107.4,49.20487123455033,48.403922716141444,81.31464845248506,31.18300472337376
2021-09-02 09:25:00,2021-09-02 12:35:00,cross_down,9,9 (+41 to +64 pts),56.20000000000073,-29.100099999999657,47.70000000000073,38,17112.0,17132.0999,17108.7999,17127.7,17175.0,17180.0999,17170.0,17175.4,47.2015039521596,42.00101875880969,67.26328546193179,34.603191279331185
2021-09-02 14:10:00,2021-09-02 15:05:00,cross_down,8,8 (+29 to +41 pts),28.799999999999272,-9.700000000000728,16.899900000000343,11,17209.5999,17217.9,17207.0,17216.7,17235.7,17240.0,17229.2,17233.5999,67.12686630595428,64.40459497273392,68.58945823823245,29.858239666950265
2021-09-03 12:15:00,2021-09-03 12:40:00,cross_down,4,4 (+8 to +11 pts),10.900099999998929,-18.09990000000107,-14.399900000000343,5,17271.4,17279.4,17270.0999,17276.5999,17272.2999,17272.9,17258.5,17262.2,58.03648266637551,57.60179213063637,71.72801352203959,29.006997457086225
2021-09-03 12:45:00,2021-09-03 13:55:00,cross_down,9,9 (+41 to +64 pts),46.59990000000107,-16.600099999999657,8.799999999999272,14,17262.7999,17276.2999,17258.0999,17274.7,17296.9,17300.0999,17282.0999,17283.5,58.39142137264747,58.09916945537753,71.72801352203959,20.935846967509914
2021-09-03 15:00:00,2021-09-03 15:25:00,session_end_forced,6,6 (+15 to +21 pts),20.199899999999616,-33.900000000001455,0.5999999999985448,5,17287.0,17321.0,17286.0,17319.9,17336.7,17338.4,17317.4,17320.5,57.3278448428781,56.559214842975294,70.05580365720576,22.1202851581657
2021-09-06 13:05:00,2021-09-06 13:15:00,cross_down,4,4 (+8 to +11 pts),9.5,-10.400099999998929,-10.200099999998201,2,17386.2,17393.5999,17385.5,17388.5,17390.4,17398.0,17378.0999,17378.2999,60.17143879004384,59.117835758084674,71.3200869436723,21.930139551478234
2021-09-07 10:45:00,2021-09-07 13:40:00,cross_down,10,10 (+64 to +504 pts),97.40009999999893,-23.299999999999272,81.90009999999893,35,17329.4,17341.0,17329.4,17339.0999,17423.2,17426.7,17417.0,17421.0,42.805939865894665,41.90356386410723,64.83070268580832,24.493565253419696
2021-09-08 10:20:00,2021-09-08 11:40:00,cross_down,6,6 (+15 to +21 pts),18.699899999999616,-13.5,-3.0,16,17345.4,17358.0999,17344.4,17357.9,17356.5,17359.5,17349.5,17354.9,45.245521273947965,44.48096945540301,56.79585870259123,42.661011096547796
2021-09-08 11:45:00,2021-09-08 12:20:00,cross_down,5,5 (+11 to +15 pts),11.200000000000728,-39.20000000000073,-36.70000000000073,7,17354.4,17367.2999,17353.2,17363.2,17347.4,17348.2,17324.0,17326.5,48.82161421326929,46.67875904985607,56.324207461874515,21.353618476181367
2021-09-08 13:20:00,2021-09-08 15:25:00,session_end_forced,10,10 (+64 to +504 pts),63.90009999999893,-33.79999999999927,55.40009999999893,25,17296.2,17314.9,17295.5,17310.5999,17369.0,17374.5,17364.0,17366.0,34.48113810435732,33.03301051190955,50.61077064102187,51.970542597808425
2021-09-09 10:20:00,2021-09-09 11:25:00,cross_down,7,7 (+21 to +28 pts),25.399900000000343,-13.200000000000728,0.09990000000107102,13,17332.5999,17346.5999,17330.5,17343.7,17353.9,17354.7,17343.2999,17343.7999,51.45345090866594,49.842458068482415,50.18176674092601,22.41712668205079
2021-09-14 09:15:00,2021-09-14 10:00:00,cross_down,7,7 (+21 to +28 pts),25.5,-23.90009999999893,-6.400099999998929,9,17418.2,17425.7,17389.0999,17413.0,17417.2,17417.4,17405.7,17406.5999,56.33992539870114,56.20372570110854,51.9905450224288,28.37605509336939
2021-09-14 14:20:00,2021-09-14 14:25:00,cross_down,3,3 (+5 to +8 pts),5.299999999999272,-9.399900000000343,-8.899900000000343,1,17395.9,17397.5999,17391.5999,17392.2999,17392.9,17393.2999,17382.9,17383.4,46.978204893129465,46.147071986943864,58.19933828512385,23.85634988521345
2021-09-14 15:00:00,2021-09-14 15:25:00,session_end_forced,3,3 (+5 to +8 pts),6.899900000000343,-9.600099999999657,-0.10009999999965657,5,17380.0999,17388.5999,17378.7,17381.7,17383.7,17385.2999,17374.7999,17381.5999,43.61884264785857,42.20812789271491,58.19933828512385,21.03331806761208
2021-09-16 12:05:00,2021-09-16 12:55:00,cross_down,6,6 (+15 to +21 pts),20.25,-17.05080000000089,-1.4491999999991094,10,17559.6992,17580.5,17559.6992,17576.75,17583.1992,17584.8496,17570.8496,17575.3008,63.75984054622988,60.91383739468299,74.5181866912989,18.746747896192055
2021-09-16 14:10:00,2021-09-16 15:00:00,cross_down,8,8 (+29 to +41 pts),35.399600000000646,-10.850399999999354,22.649600000000646,10,17598.1504,17611.2999,17597.8496,17608.7,17640.5508,17644.0996,17629.0996,17631.3496,67.35660235291462,66.94085763620576,75.98165551255897,36.362641581732845
2021-09-17 09:25:00,2021-09-17 09:30:00,cross_down,5,5 (+11 to +15 pts),11.300100000000384,-18.799999999999272,-5.199899999999616,1,17738.2999,17740.7999,17718.7999,17737.5999,17737.4,17748.9,17726.0,17732.4,74.06178831790034,72.80925393750309,79.85616264021112,56.52554171513624
2021-09-17 13:25:00,2021-09-17 13:30:00,cross_down,4,4 (+8 to +11 pts),8.200000000000728,-29.599999999998545,-28.799999999999272,1,17643.0,17645.2,17632.0,17637.0,17636.7999,17639.5999,17607.4,17608.2,46.154592903688595,46.08146928018239,73.79180062856659,25.704080693824146
2021-09-17 13:40:00,2021-09-17 14:20:00,cross_down,5,5 (+11 to +15 pts),13.900099999998929,-66.59990000000107,-61.70000000000073,8,17629.5999,17650.0999,17629.2999,17645.2999,17635.2,17637.7999,17578.7,17583.5999,46.36760748113263,45.35014049645655,73.79180062856659,26.79537637674936
2021-09-17 14:50:00,2021-09-17 15:25:00,session_end_forced,4,4 (+8 to +11 pts),10.399900000000343,-59.60009999999966,-22.5,7,17611.5999,17625.7,17607.7999,17624.4,17582.9,17607.2,17574.7999,17601.9,42.84800831300978,39.72230628036318,69.67025646007079,30.51143449254775
2021-09-20 09:30:00,2021-09-20 11:50:00,cross_down,10,10 (+64 to +504 pts),86.70000000000073,-35.90009999999893,27.59990000000107,28,17506.7,17536.4,17504.2999,17536.0,17567.7999,17572.7999,17558.7,17563.5999,38.712393670117,38.0095748471482,61.3299672348485,35.87380776233977
2021-09-20 13:00:00,2021-09-20 14:05:00,cross_down,7,7 (+21 to +28 pts),20.900000000001455,-60.0,-47.29999999999927,13,17521.0999,17535.5999,17519.2999,17533.5,17478.2,17505.5,17473.5,17486.2,41.742261820500566,40.38463849219849,52.18123646740698,25.449733322741164
2021-09-22 13:05:00,2021-09-22 13:15:00,cross_down,4,4 (+8 to +11 pts),10.899900000000343,-9.600099999999657,-6.800100000000384,2,17595.9,17599.9,17589.2999,17598.9,17596.5999,17609.7999,17591.5999,17592.0999,60.504571703123545,60.17252062056002,55.65204073075527,22.33834436465483
2021-09-22 14:30:00,2021-09-22 14:35:00,cross_down,2,2 (+3 to +5 pts),4.299999999999272,-25.299999999999272,-23.600099999999657,1,17587.2999,17601.5,17583.0999,17597.2,17596.9,17598.0999,17571.9,17573.5999,57.22647381175838,56.29984636310639,58.402031450741994,22.36519475582587
2021-09-23 09:15:00,2021-09-23 11:15:00,cross_down,10,10 (+64 to +504 pts),79.09990000000107,-11.200000000000728,74.39990000000034,24,17677.5,17677.5999,17646.5,17657.7,17731.2999,17732.9,17726.2,17732.0999,49.01366441412024,48.02913282395408,55.39313153848279,31.619780281001233
2021-09-23 11:20:00,2021-09-23 11:30:00,cross_down,2,2 (+3 to +5 pts),3.6000999999996566,-7.599900000001071,-2.2000000000007276,2,17731.5999,17741.0,17730.2,17737.7999,17739.0999,17741.4,17733.5,17735.5999,72.13807721283023,71.71116354841101,62.461990551519094,53.16630524897246
2021-09-23 12:20:00,2021-09-23 12:45:00,cross_down,6,6 (+15 to +21 pts),15.599999999998545,-7.100099999999657,6.099999999998545,5,17760.4,17770.0,17758.7999,17765.9,17766.7999,17775.2999,17761.7999,17772.0,73.77402260190631,73.03508652126638,65.43908457201114,48.616648416568125
2021-09-24 14:35:00,2021-09-24 15:25:00,cross_down,7,7 (+21 to +28 pts),21.299999999999272,-27.5,-19.5,10,17853.7999,17864.0,17848.7,17860.7999,17845.5999,17847.7999,17833.2999,17841.2999,47.64164047157633,45.13997939941159,74.16200269422099,22.870266104204855
2021-09-27 09:15:00,2021-09-27 10:05:00,cross_down,8,8 (+29 to +41 pts),35.099999999998545,-51.5,-20.700000000000728,10,17935.7,17935.9,17891.7,17908.4,17880.5,17889.2999,17870.4,17887.7,52.07873984312523,47.424489227173524,70.55449617090963,21.807948678513515
2021-09-27 12:00:00,2021-09-27 14:10:00,cross_down,9,9 (+41 to +64 pts),42.60009999999966,-8.799900000001799,27.7000999999982,26,17848.2999,17856.5999,17845.5,17854.2999,17882.5,17887.2999,17876.4,17882.0,45.77582859470299,44.42139027035576,67.26692039469582,27.508312805947202
2021-09-28 09:40:00,2021-09-28 10:25:00,cross_down,7,7 (+21 to +28 pts),24.799999999999272,-34.800100000000384,-21.100099999999657,9,17844.7999,17866.2,17825.5999,17860.4,17846.7999,17848.7999,17837.7999,17839.2999,45.691545226065145,43.82383185310393,61.532468756269864,25.140480736475418
2021-09-28 10:30:00,2021-09-28 10:35:00,cross_down,2,2 (+3 to +5 pts),4.900099999998929,-20.399900000000343,-5.200000000000728,1,17839.0,17853.5999,17832.9,17853.2999,17853.2,17858.2,17847.2999,17848.0999,48.60092973487725,48.25611563531989,61.33074095065167,21.584256298466713
2021-10-04 13:35:00,2021-10-04 14:15:00,cross_down,5,5 (+11 to +15 pts),11.048800000000483,-19.60160000000178,-9.650400000002264,8,17698.9492,17711.0508,17698.75,17705.3008,17699.4492,17700.8496,17693.5,17695.6504,59.76962807105882,58.80670404999407,52.47514603159481,27.855598650146227
2021-10-05 10:20:00,2021-10-05 11:05:00,cross_down,4,4 (+8 to +11 pts),9.30080000000089,-17.0,-10.900399999998626,9,17702.8496,17706.0508,17693.6504,17696.75,17686.9004,17688.8008,17679.9492,17685.8496,50.81445382904724,48.103878484838994,57.01478484957303,28.931146631850226
2021-10-05 11:15:00,2021-10-05 11:50:00,cross_down,5,5 (+11 to +15 pts),14.650400000002264,-10.800799999997253,-8.25,7,17686.25,17693.1504,17685.4004,17691.1504,17687.0,17690.0,17681.75,17682.9004,51.15631258347092,50.55548307601581,57.12526537672761,14.650422279990059
2021-10-05 12:10:00,2021-10-05 13:55:00,cross_down,10,10 (+64 to +504 pts),79.05080000000089,-7.199199999999109,62.25,21,17693.5996,17697.25,17690.5,17695.4492,17760.6504,17765.1992,17753.6992,17757.6992,51.827762994714185,50.55245519113424,57.12526537672761,13.905059125524751
2021-10-05 14:05:00,2021-10-05 14:15:00,cross_down,6,6 (+15 to +21 pts),15.601600000001781,-11.298800000000483,-5.048800000000483,2,17774.5996,17784.0996,17771.1504,17782.4492,17793.5996,17798.0508,17777.4004,17777.4004,70.53883841678193,70.17246555841531,60.54287841054278,45.76339877674801
2021-10-05 14:40:00,2021-10-05 14:45:00,cross_down,1,1 (+0 to +3 pts),0.75,-12.25,-6.101600000001781,1,17815.8496,17826.3008,17814.0508,17826.3008,17826.1992,17827.0508,17816.9004,17820.1992,74.10141162387836,73.27670416098184,63.82040880639928,58.48613414654068
2021-10-06 12:10:00,2021-10-06 12:35:00,cross_down,5,5 (+11 to +15 pts),14.75,-35.099600000001374,-31.05080000000089,5,17864.9492,17868.6504,17860.5508,17863.5,17858.8008,17859.25,17828.4004,17832.4492,62.568035097424186,61.54746262429356,72.85065382640755,20.663896976125702
2021-10-06 14:00:00,2021-10-06 14:20:00,cross_down,3,3 (+5 to +8 pts),5.800799999997253,-86.15040000000226,-72.0,4,17758.1504,17780.6504,17756.5508,17779.8496,17708.8496,17717.5508,17693.6992,17707.8496,41.65432932732163,41.21186376664342,69.79096986146335,47.0024289742942
2021-10-06 15:00:00,2021-10-06 15:25:00,session_end_forced,1,1 (+0 to +3 pts),2.1504000000022643,-77.09959999999774,-65.5,5,17648.0996,17692.0,17648.0996,17691.9492,17625.3008,17628.8008,17614.8496,17626.4492,29.662651505459984,28.546679124919795,65.28774616466275,52.02062887017806
2021-10-07 11:40:00,2021-10-07 12:45:00,cross_down,8,8 (+29 to +41 pts),29.701199999999517,-21.849600000001374,11.300799999997253,13,17806.0,17825.6992,17803.5,17825.3496,17845.0508,17850.5508,17827.0508,17836.6504,56.52282587064809,54.45802451295844,54.07700757537685,16.897823701078206
2021-10-08 09:20:00,2021-10-08 10:45:00,cross_down,10,10 (+64 to +504 pts),68.69919999999911,-24.55080000000089,44.14839999999822,17,17866.75,17882.8008,17855.6992,17872.8008,17922.75,17929.0996,17913.5508,17916.9492,50.687006085773845,45.703335985456306,55.81637868459138,45.15034948443711
2021-10-08 13:30:00,2021-10-08 13:35:00,cross_down,3,3 (+5 to +8 pts),5.951199999999517,-25.75,-23.548800000000483,1,17891.5996,17910.6504,17891.5996,17904.6992,17905.0,17909.6504,17878.9492,17881.1504,53.37234478250515,53.083262914897645,59.764264388788924,21.27157756724013
2021-10-08 13:50:00,2021-10-08 15:00:00,cross_down,9,9 (+41 to +64 pts),41.20119999999952,-11.44919999999911,5.550800000000891,14,17889.8008,17894.5,17884.3008,17894.4492,17910.1504,17911.8496,17888.5996,17900.0,52.103133848474684,51.546804866776625,59.764264388788924,14.938760620474321
2021-10-11 09:40:00,2021-10-11 11:40:00,cross_down,10,10 (+64 to +504 pts),85.09960000000137,-18.25,68.94919999999911,24,17932.0996,17951.5,17930.9492,17946.25,18010.9492,18016.8008,18008.6992,18015.1992,58.14600589635524,53.83940930131959,61.07579829756347,25.64841978486531
2021-10-12 09:50:00,2021-10-12 10:35:00,cross_down,3,3 (+5 to +8 pts),7.798800000000483,-77.0,-67.84959999999774,9,17938.75,17968.0,17934.1504,17966.1504,17900.4004,17905.3008,17889.1504,17898.3008,42.86341991090028,40.58943881797844,63.19457373877066,35.678782744302055
2021-10-12 10:40:00,2021-10-12 15:25:00,session_end_forced,10,10 (+64 to +504 pts),82.0,-57.95119999999952,81.79880000000048,57,17898.1504,17924.4492,17897.1504,17923.5508,18003.0508,18005.3496,17997.5996,18005.3496,38.361782132263436,38.266830609857585,61.74841562066836,36.706520197477985
2021-10-14 09:55:00,2021-10-14 10:00:00,cross_down,1,1 (+0 to +3 pts),0.1503999999986263,-14.900399999998626,-3.5508000000008906,1,18273.9492,18286.9004,18271.8496,18286.75,18285.9492,18285.9492,18275.1504,18283.1992,70.8750248024447,69.94109220824505,76.19121116013159,40.938907787176824
2021-10-14 11:25:00,2021-10-14 11:35:00,cross_down,4,4 (+8 to +11 pts),9.75,-7.800799999997253,-6.0,2,18308.1992,18313.5508,18306.5,18309.4004,18313.0508,18314.5,18301.5996,18303.4004,74.13355502553397,73.46329945214129,81.06773201181576,47.62177801605847
2021-10-14 14:15:00,2021-10-14 14:30:00,cross_down,3,3 (+5 to +8 pts),6.300799999997253,-21.349600000001374,-4.199200000002747,3,18309.0996,18321.8496,18306.5508,18318.0996,18304.5,18313.9004,18296.75,18313.9004,60.83364575880819,60.49975030928125,82.05796532010652,31.149218091167363
2021-10-14 14:55:00,2021-10-14 15:25:00,cross_down,6,6 (+15 to +21 pts),19.89839999999822,-5.451199999999517,8.75,6,18331.0,18334.6992,18325.8008,18330.3008,18334.6992,18339.6504,18332.1504,18339.0508,61.7996035898906,61.19211743409625,82.05796532010652,26.637192499207586
2021-10-18 09:15:00,2021-10-18 09:55:00,cross_down,10,10 (+64 to +504 pts),71.75,-1.5996000000013737,15.650399999998626,8,18475.4004,18496.5508,18447.0,18448.5996,18467.5996,18476.9004,18449.9004,18464.25,71.22062569066114,67.680146377228,82.80125111473433,42.91202795265066
2021-10-19 09:20:00,2021-10-19 10:00:00,cross_down,7,7 (+21 to +28 pts),23.099600000001374,-74.44919999999911,-74.34960000000137,8,18562.75,18579.4492,18555.5,18571.75,18557.5508,18559.5,18497.3008,18497.4004,52.10123052822024,51.545897333689545,79.65580474621622,39.659929965366246
2021-10-19 11:00:00,2021-10-19 12:40:00,cross_down,9,9 (+41 to +64 pts),49.0,-12.75,11.150400000002264,20,18541.6992,18551.4004,18536.5,18541.9492,18561.4492,18564.6504,18551.3496,18553.0996,54.42298664659306,54.37718836292767,76.41092515564365,20.165856647985443
2021-10-20 09:30:00,2021-10-20 12:05:00,cross_down,10,10 (+64 to +504 pts),77.59959999999774,-76.15040000000226,-55.650400000002264,31,18376.6992,18389.3496,18362.0,18379.3008,18310.8496,18334.75,18303.1504,18323.6504,31.585064173107646,30.933248606260054,61.902823105986535,56.02234570770879
2021-10-20 12:20:00,2021-10-20 14:25:00,cross_down,8,8 (+29 to +41 pts),31.900399999998626,-119.5,-111.75,25,18296.1992,18334.6504,18295.9492,18332.3496,18225.5996,18235.0508,18213.75,18220.5996,34.79206925069037,32.44860953523738,50.097896010073605,44.101721187787575
2021-10-26 15:10:00,2021-10-26 15:25:00,session_end_forced,9,9 (+41 to +64 pts),46.25,-5.849599999997736,46.25,3,18257.5996,18265.5996,18256.8496,18262.6992,18291.0,18308.9492,18290.6504,18308.9492,63.33423915062904,61.97057695378888,52.437178319763554,24.733029026787822
2021-10-28 10:05:00,2021-10-28 14:05:00,cross_down,7,7 (+21 to +28 pts),23.298800000000483,-150.95119999999952,-149.60160000000178,48,18067.0508,18080.5,18060.5508,18080.0508,17930.4004,17944.6504,17930.0996,17930.4492,26.280643227913902,25.728567096291187,55.074331564957184,79.53221381752579
2021-11-02 13:50:00,2021-11-02 13:55:00,cross_down,4,4 (+8 to +11 pts),8.0,-74.70119999999952,-60.70119999999952,1,17919.5,17940.8008,17914.0996,17932.8008,17932.5,17932.9492,17858.0996,17872.0996,52.08043773138933,50.944396828525896,56.359692160258234,24.64521460730475
2021-11-02 14:45:00,2021-11-02 15:25:00,session_end_forced,8,8 (+29 to +41 pts),31.849599999997736,-27.900400000002264,-11.949200000002747,8,17897.75,17903.5508,17890.9004,17901.0996,17895.6504,17897.1504,17884.4004,17889.1504,47.2368202819454,46.093902878304235,54.92231837607331,25.218985080701245
2021-11-03 13:35:00,2021-11-03 15:25:00,session_end_forced,10,10 (+64 to +504 pts),70.70119999999952,-77.34960000000137,-2.5996000000013737,22,17809.25,17842.9004,17807.4004,17835.5996,17830.0,17834.25,17821.5508,17833.0,27.892705884543744,27.57601200924991,51.293403055686866,60.532750268788185
2021-11-09 13:00:00,2021-11-09 13:05:00,cross_down,1,1 (+0 to +3 pts),1.4492000000027474,-19.099599999997736,-19.099599999997736,1,18051.3496,18058.3496,18049.1992,18056.9004,18056.6992,18056.8496,18037.8008,18037.8008,52.44893646531179,51.619262961816496,66.45073235005572,14.40721814242534
2021-11-09 13:10:00,2021-11-09 13:30:00,cross_down,6,6 (+15 to +21 pts),18.951199999999517,-41.29880000000048,-32.69920000000275,4,18038.3496,18054.1504,18037.1992,18052.8496,18053.1504,18071.8008,18011.5508,18020.1504,51.70801146848919,51.619262961816496,66.45073235005572,15.210432050121167
2021-11-09 14:20:00,2021-11-09 14:50:00,cross_down,5,5 (+11 to +15 pts),11.25,-37.30080000000089,-36.900400000002264,6,18033.8496,18050.9492,18032.9004,18041.5508,18022.8496,18023.6504,18004.25,18004.6504,47.61795265912996,44.6530481052669,64.09381103723145,27.736961380177128
2021-11-09 15:00:00,2021-11-09 15:25:00,session_end_forced,7,7 (+21 to +28 pts),28.5,-30.900400000002264,14.798800000000483,5,18005.1504,18036.0508,18005.1504,18036.0508,18056.3008,18057.9492,18041.6504,18050.8496,44.76874668307142,43.570331722631785,64.09381103723145,24.95083619097557
2021-11-10 10:10:00,2021-11-10 14:40:00,cross_down,10,10 (+64 to +504 pts),100.64839999999822,-20.5,48.19919999999911,54,17963.5,17967.0996,17953.4004,17960.3008,18029.75,18035.1992,18007.8008,18008.5,39.887861369464034,38.1829630195058,63.19619047658784,33.84916798709385
2021-11-15 13:35:00,2021-11-15 13:45:00,cross_down,2,2 (+3 to +5 pts),4.349599999997736,-20.900400000002264,-20.5,2,18120.8496,18121.4004,18115.3496,18117.0508,18114.75,18117.25,18096.1504,18096.5508,48.88051520799275,48.78578493855956,65.17208615098747,29.34644834193635
2021-11-15 14:00:00,2021-11-15 14:50:00,cross_down,7,7 (+21 to +28 pts),21.849599999997736,-15.199200000002747,-6.798800000000483,10,18113.75,18122.25,18113.75,18122.0996,18121.4004,18127.3008,18112.1992,18115.3008,50.66332735909424,49.8773912682654,65.17208615098747,29.77555456561356
2021-11-16 10:10:00,2021-11-16 10:20:00,cross_down,2,2 (+3 to +5 pts),5.048800000000483,-22.800799999997253,-19.650399999998626,2,18073.3496,18086.4492,18073.3496,18081.4004,18067.1992,18067.25,18058.5996,18061.75,39.99847034753773,39.516282725511005,62.30449380801035,19.057632515973626
2021-11-16 10:30:00,2021-11-16 10:35:00,cross_down,3,3 (+5 to +8 pts),7.849599999997736,-11.699200000002747,-4.949200000002747,1,18064.5508,18071.6992,18062.3008,18063.8496,18063.3496,18065.25,18052.1504,18058.9004,40.53261724777244,39.8876532033465,60.33855074805393,13.161094368729241
2021-11-16 10:40:00,2021-11-16 11:05:00,cross_down,4,4 (+8 to +11 pts),10.650400000002264,-30.951199999999517,-29.599599999997736,5,18059.0996,18070.0508,18057.5996,18068.9004,18048.0996,18048.25,18037.9492,18039.3008,41.70202304496206,39.8876532033465,60.33855074805393,12.620284163095025
2021-11-16 11:30:00,2021-11-16 13:50:00,cross_down,10,10 (+64 to +504 pts),75.09959999999774,-5.0,39.89839999999822,28,18049.0,18051.75,18044.0508,18049.0508,18097.5508,18099.0,18087.5,18088.9492,38.30046892533892,37.18739752731784,56.70312106810423,27.393287455128124
2021-12-02 15:10:00,2021-12-02 15:25:00,session_end_forced,5,5 (+11 to +15 pts),13.900399999998626,-17.349600000001374,-2.5996000000013737,3,17387.3496,17404.0996,17386.75,17404.0996,17411.0508,17411.6992,17399.3008,17401.5,72.77431865297001,71.47992106648294,61.29500272443993,37.50165890286622
2021-12-03 14:45:00,2021-12-03 15:25:00,session_end_forced,7,7 (+21 to +28 pts),24.699200000002747,-43.05079999999725,-13.849599999997736,8,17208.8496,17224.6504,17193.0996,17224.1504,17202.1504,17211.3496,17196.1992,17210.3008,28.768634444827374,26.11720491241117,58.49071007350285,43.17841580680201
2021-12-08 09:25:00,2021-12-08 10:15:00,cross_down,9,9 (+41 to +64 pts),46.650400000002264,-11.048800000000483,0.9511999999995169,10,17389.1504,17389.1504,17367.4004,17377.6992,17405.8008,17414.9492,17378.0,17378.6504,60.88697576220363,59.27075454211293,50.731259242615025,47.83430441032253
2021-12-09 11:00:00,2021-12-09 11:15:00,cross_down,1,1 (+0 to +3 pts),1.0,-37.55079999999725,-28.599599999997736,3,17435.9004,17447.1504,17423.9004,17447.1504,17429.5996,17429.5996,17409.5996,17418.5508,50.75685873474955,50.65493696512398,69.75368335082658,21.29649797435244
2021-12-09 11:30:00,2021-12-09 11:45:00,cross_down,2,2 (+3 to +5 pts),4.099600000001374,-23.451199999999517,-15.75,3,17433.1992,17444.5,17431.0,17442.6504,17427.4004,17435.0996,17426.1992,17426.9004,51.79165416533375,50.5164205869103,68.73822167771134,16.450621237114827
2021-12-09 11:55:00,2021-12-09 13:25:00,cross_down,10,10 (+64 to +504 pts),96.75,-17.19919999999911,78.84960000000137,18,17426.6504,17440.5996,17423.0508,17440.25,17502.3496,17520.8008,17493.5508,17519.0996,51.39250810936254,50.157129977347715,68.73822167771134,12.02197320293757
2021-12-09 15:10:00,2021-12-09 15:25:00,session_end_forced,3,3 (+5 to +8 pts),7.050800000000891,-15.798800000000483,-14.048800000000483,3,17517.1992,17518.75,17511.1504,17516.6992,17516.8008,17516.9004,17500.9004,17502.6504,56.86077332778289,54.69962864673663,69.28935138597464,25.901112636799528
2021-12-10 09:25:00,2021-12-10 09:30:00,cross_down,3,3 (+5 to +8 pts),7.150400000002264,-29.548800000000483,-24.099599999997736,1,17524.0508,17526.3008,17498.0508,17522.9492,17524.4492,17530.0996,17493.4004,17498.8496,57.285565001935424,56.48885978768631,68.23414753949619,21.81439465223589
2021-12-10 10:55:00,2021-12-10 11:05:00,cross_down,4,4 (+8 to +11 pts),8.099600000001374,-20.701199999999517,-20.400399999998626,2,17482.4004,17486.5,17476.4004,17478.4004,17471.9004,17473.1504,17457.6992,17458.0,48.89163353814025,48.26324335772604,64.82385056125435,12.70143438402955
2021-12-10 11:45:00,2021-12-10 12:05:00,cross_down,3,3 (+5 to +8 pts),6.599600000001374,-25.701199999999517,-24.300799999997253,4,17459.25,17473.5996,17457.6992,17471.1504,17454.9492,17456.6504,17445.4492,17446.8496,46.86214392887985,46.13842421044608,62.80525112002713,13.432185895870933
2021-12-10 13:30:00,2021-12-10 15:25:00,session_end_forced,10,10 (+64 to +504 pts),91.94919999999911,-27.94919999999911,60.69919999999911,23,17413.8008,17445.25,17410.5508,17438.5,17499.0,17501.5996,17493.3008,17499.1992,42.78828144643421,37.44863687904554,57.57536194045726,29.607959183376348
2021-12-13 13:35:00,2021-12-13 15:25:00,session_end_forced,7,7 (+21 to +28 pts),27.599599999997736,-65.20119999999952,-36.80080000000089,22,17421.1504,17427.3008,17404.0,17421.3008,17375.6992,17386.1504,17373.8496,17384.5,33.789421766241944,32.86610242828788,56.506969656424275,55.42317811940443
2021-12-22 12:40:00,2021-12-22 13:10:00,cross_down,6,6 (+15 to +21 pts),19.548800000000483,-23.60160000000178,-23.60160000000178,6,16889.1992,16897.8008,16884.1992,16897.8008,16913.3008,16913.5,16874.1992,16874.1992,58.365292369202805,57.12536800835547,51.27412131025093,19.48273694263395
2021-12-22 14:50:00,2021-12-22 15:25:00,session_end_forced,9,9 (+41 to +64 pts),52.400400000002264,-9.648399999998219,49.900400000002264,7,16916.0996,16920.25,16908.5508,16918.1992,16966.9004,16970.5996,16961.9492,16968.0996,58.51144955322991,57.43838960861242,52.993030308771715,22.30092728911958
2021-12-23 12:25:00,2021-12-23 12:55:00,cross_down,3,3 (+5 to +8 pts),6.398399999998219,-11.701199999999517,-4.601600000001781,6,17084.0996,17088.5996,17080.6992,17085.5508,17085.9004,17087.5,17080.9492,17080.9492,71.08012810426946,69.03361467186727,65.71179887812363,39.31147682659909
2021-12-24 11:00:00,2021-12-24 15:00:00,cross_down,10,10 (+64 to +504 pts),123.15039999999863,-19.650399999998626,58.75,48,16927.6992,16945.4492,16927.5,16945.0,17008.3008,17024.5508,17002.1504,17003.75,36.863938355216085,35.92924470085414,61.6270388026105,37.45258387880158
2021-12-27 10:00:00,2021-12-27 13:15:00,cross_down,10,10 (+64 to +504 pts),113.70119999999952,-16.349600000001374,93.20119999999952,39,16957.25,16962.3008,16941.25,16957.5996,17040.4492,17052.1504,17034.9004,17050.8008,45.23944564780018,44.81578363248304,53.86561752300846,23.158434644866823
2021-12-27 13:20:00,2021-12-27 14:00:00,cross_down,8,8 (+29 to +41 pts),34.099599999997736,-12.199200000002747,16.951199999999517,8,17050.3008,17063.6504,17048.6504,17060.8496,17070.25,17079.0996,17059.5996,17077.8008,62.08932398247277,61.307493409807826,54.308223844368044,30.653186817523405
2021-12-28 09:15:00,2021-12-28 09:45:00,cross_down,6,6 (+15 to +21 pts),20.599599999997736,-33.79880000000048,-18.900400000002264,6,17178.6504,17203.1992,17167.8496,17199.3496,17190.1992,17193.0508,17175.4004,17180.4492,65.41192300642955,64.91115203426304,60.379547864224705,21.708879550919065
2021-12-29 09:15:00,2021-12-29 10:00:00,cross_down,8,8 (+29 to +41 pts),35.150399999998626,-68.90040000000226,17.349599999997736,9,17219.8496,17251.5508,17181.6992,17250.5996,17271.25,17273.6992,17267.1992,17267.9492,58.109600539880816,57.7263960878777,72.83835996168357,24.607699073439047
2021-12-29 12:50:00,2021-12-29 14:35:00,cross_down,7,7 (+21 to +28 pts),24.701199999999517,-13.5,9.550799999997253,21,17221.1504,17229.8496,17219.8008,17228.5996,17236.5,17242.8496,17236.1504,17238.1504,48.611192011155566,44.40895732341335,69.12426027291075,35.212140149345075
2021-12-29 14:40:00,2021-12-29 15:00:00,cross_down,4,4 (+8 to +11 pts),9.400400000002264,-18.25,-2.951199999999517,4,17238.3008,17248.75,17236.6504,17246.4004,17246.0,17255.8008,17228.1504,17243.4492,55.632948434675484,55.25918799786575,68.0240674266666,20.895203363197147
2021-12-30 09:45:00,2021-12-30 11:00:00,cross_down,8,8 (+29 to +41 pts),29.5,-20.849600000001374,4.300800000000891,15,17221.4492,17234.6992,17213.6504,17234.5,17236.8008,17247.8008,17236.6992,17238.8008,47.33984932764096,45.996245536425846,62.097392158249576,44.21871190750511
2021-12-30 12:10:00,2021-12-30 13:25:00,cross_down,7,7 (+21 to +28 pts),26.05080000000089,-4.25,7.5,15,17234.25,17238.3008,17230.75,17232.5,17240.5,17242.5996,17234.3496,17240.0,49.18469280358654,48.160003208654416,61.1396052433611,18.949561268157197
2022-01-03 09:20:00,2022-01-03 10:30:00,cross_down,10,10 (+64 to +504 pts),87.05080000000089,-3.1503999999986263,79.59960000000137,14,17472.1992,17478.0996,17438.9004,17439.5,17512.8008,17526.5508,17509.9492,17519.0996,58.152335420484405,55.08840283778118,67.55969763216068,34.74848248905681
2022-01-04 14:20:00,2022-01-04 15:25:00,session_end_forced,10,10 (+64 to +504 pts),85.45119999999952,-10.699200000002747,65.5,13,17732.6992,17741.8496,17731.1504,17741.8496,17820.0508,17820.0508,17804.6992,17807.3496,58.06400642760082,57.515352217362576,82.53370943581386,25.480567214525017
2022-01-05 12:10:00,2022-01-05 13:25:00,cross_down,10,10 (+64 to +504 pts),63.900400000002264,-13.849599999997736,45.25,15,17852.1504,17864.9004,17849.3008,17863.1504,17903.5,17911.6992,17900.3008,17908.4004,64.71210281698251,64.02396209681156,81.83402032978236,18.865729466719422
2022-01-06 10:55:00,2022-01-06 15:20:00,cross_down,10,10 (+64 to +504 pts),97.05080000000089,-37.79880000000048,51.150400000002264,53,17691.1992,17694.5,17676.0508,17693.6992,17751.5996,17755.3008,17740.3008,17744.8496,32.549203266559715,31.750621415366282,70.7134319161317,51.367022400258726
2022-01-07 09:15:00,2022-01-07 10:40:00,cross_down,10,10 (+64 to +504 pts),76.05079999999725,-37.69920000000275,53.900399999998626,17,17792.8496,17841.0508,17790.9004,17828.5996,17899.5508,17899.9492,17872.1992,17882.5,57.27518685879877,53.42809378085374,51.03820797945066,27.124387323449685
2022-01-07 13:25:00,2022-01-07 15:25:00,session_end_forced,9,9 (+41 to +64 pts),49.44919999999911,-39.95119999999952,38.14839999999822,24,17772.6992,17781.5,17764.6504,17780.0508,17826.6992,17829.4004,17817.3496,17818.1992,45.16573531330502,42.70096282439224,53.47246195566247,37.24688235316948
2022-01-10 12:50:00,2022-01-10 12:55:00,cross_down,1,1 (+0 to +3 pts),0.5996000000013737,-16.800799999997253,-16.800799999997253,1,17967.8496,17977.9492,17964.5,17977.4004,17976.6992,17978.0,17960.5996,17960.5996,65.34109687105386,63.51744554443929,61.90135575869866,28.828222834324997
2022-01-10 14:55:00,2022-01-10 15:25:00,session_end_forced,7,7 (+21 to +28 pts),22.05080000000089,-12.75,10.69919999999911,6,17988.4004,17996.3496,17982.0,17994.75,18006.9004,18016.8008,18004.9492,18005.4492,64.96314875229143,63.91624095622625,64.66460427226164,22.262767155770725
2022-01-11 13:20:00,2022-01-11 13:45:00,cross_down,5,5 (+11 to +15 pts),13.5,-24.25,-22.25,5,18062.6992,18068.1992,18061.3496,18067.4492,18068.75,18069.8008,18043.1992,18045.1992,65.34018259865648,63.67168858522205,71.62460656753694,34.237447506230666
2022-01-12 09:15:00,2022-01-12 10:05:00,cross_down,6,6 (+15 to +21 pts),19.798800000000483,-31.951199999999517,-7.25,10,18159.3008,18181.6992,18144.1504,18161.9004,18147.3496,18169.8008,18147.3496,18154.6504,59.20914995594774,55.37733363350296,73.12393507981965,24.249033601293135
2022-01-12 10:40:00,2022-01-12 10:45:00,cross_down,1,1 (+0 to +3 pts),2.3495999999977357,-14.599600000001374,-6.449200000002747,1,18182.0996,18190.3496,18175.75,18190.3496,18190.0,18192.6992,18182.6504,18183.9004,70.82991099926926,70.20131954015643,75.59189525434972,44.63055271360955
2022-01-12 14:55:00,2022-01-12 15:20:00,cross_down,6,6 (+15 to +21 pts),18.900400000002264,-5.398399999998219,-3.0,5,18203.9492,18211.8008,18203.0508,18208.4492,18209.0,18215.4004,18203.1504,18205.4492,60.3612741841184,58.202224435398406,79.39972623059147,22.729941319489043
2022-01-13 09:15:00,2022-01-13 09:55:00,cross_down,8,8 (+29 to +41 pts),32.80080000000089,-35.349600000001374,3.3008000000008906,8,18252.8008,18252.8008,18203.4004,18238.75,18252.5996,18258.6504,18239.0996,18242.0508,60.875988930349685,60.85795882189817,78.4547394405708,23.03366597014577
2022-01-13 11:25:00,2022-01-13 11:30:00,cross_down,2,2 (+3 to +5 pts),4.900399999998626,-10.099600000001374,-9.699200000002747,1,18230.0,18238.0,18229.6992,18233.0996,18231.9004,18235.75,18223.0,18223.4004,56.08291454052215,54.84542805200954,77.22388145509737,23.21134412122148
2022-01-13 11:40:00,2022-01-13 12:25:00,cross_down,7,7 (+21 to +28 pts),23.300799999997253,-10.449200000002747,-1.25,9,18222.75,18232.9492,18222.4004,18232.8496,18237.4492,18245.1504,18231.25,18231.5996,56.80315466518164,55.88661585695753,77.22388145509737,20.811893421720775
2022-01-13 13:50:00,2022-01-13 14:25:00,cross_down,5,5 (+11 to +15 pts),11.05080000000089,-24.75,-15.94919999999911,7,18227.6992,18235.3496,18225.4492,18234.0,18218.0,18225.0,18213.6992,18218.0508,52.29709354727273,50.3884513997396,75.45067309511333,23.39636428975176
2022-01-13 15:00:00,2022-01-13 15:25:00,session_end_forced,6,6 (+15 to +21 pts),18.400400000002264,-33.599599999997736,7.150400000002264,5,18217.9004,18251.4004,18217.8008,18251.4004,18263.6992,18264.3496,18255.25,18258.5508,51.91952383824749,50.026160604888105,73.57065720379478,31.33727809443136
2022-01-14 11:10:00,2022-01-14 11:15:00,cross_down,3,3 (+5 to +8 pts),6.800800000000891,-15.0,-10.69919999999911,1,18186.3008,18192.75,18183.5,18185.9492,18186.1992,18186.1992,18170.9492,18175.25,44.050731301471885,43.504957858426984,68.84766437107791,31.81700955655886
2022-01-14 11:45:00,2022-01-14 14:15:00,cross_down,10,10 (+64 to +504 pts),72.0,-10.201199999999517,45.349600000001374,30,18168.9492,18180.8496,18168.9492,18179.1504,18227.8008,18234.6992,18221.1504,18224.5,41.99146236343488,41.34860111745525,64.46933832290185,34.04339795255918
2022-01-14 14:45:00,2022-01-14 15:15:00,cross_down,8,8 (+29 to +41 pts),35.650400000002264,-14.599599999997736,-2.8495999999977357,6,18237.0996,18253.3008,18236.3496,18250.9492,18256.6992,18258.8008,18246.9492,18248.0996,62.067545054916394,60.765222919745895,60.388697219704596,21.472044344727493
2022-01-17 14:30:00,2022-01-17 14:50:00,cross_down,5,5 (+11 to +15 pts),13.80080000000089,-13.80080000000089,-9.05080000000089,4,18307.5,18312.8008,18305.8496,18307.25,18307.9492,18311.8008,18295.4492,18298.1992,57.937726520939826,57.2854155974031,66.79275358124613,18.913601044142144
2022-01-18 09:15:00,2022-01-18 09:35:00,cross_down,1,1 (+0 to +3 pts),2.6504000000022643,-75.25,-75.25,4,18339.6504,18348.9004,18323.0,18347.9492,18322.4004,18323.8496,18272.6992,18272.6992,62.324937294373235,58.44428608303802,68.72503728010108,25.053208229013627
2022-01-18 10:50:00,2022-01-18 13:50:00,cross_down,10,10 (+64 to +504 pts),76.70119999999952,-19.298800000000483,24.25,36,18238.4492,18244.0,18233.3496,18241.3496,18271.5,18274.6992,18261.75,18265.5996,42.649759962796665,42.52558338800658,62.864515218141236,33.972924291995724
2022-01-31 11:10:00,2022-01-31 11:20:00,cross_down,3,3 (+5 to +8 pts),6.351600000001781,-16.599599999997736,-12.5,2,17337.8496,17345.8008,17335.25,17339.4492,17336.1504,17336.1504,17322.8496,17326.9492,55.63140087283991,54.71503596566462,51.209159191392814,21.727786541575217
2022-01-31 11:50:00,2022-01-31 13:00:00,cross_down,9,9 (+41 to +64 pts),57.39839999999822,-15.400400000002264,27.298800000000483,14,17339.5,17349.0508,17333.6504,17349.0508,17395.8008,17400.1504,17373.25,17376.3496,58.10239606695492,57.17992501653729,53.287754511713985,13.765428540362787
2022-01-31 14:30:00,2022-01-31 14:55:00,cross_down,4,4 (+8 to +11 pts),9.55080000000089,-26.650399999998626,-11.94919999999911,5,17388.9492,17406.5508,17385.6504,17397.0,17389.6992,17399.75,17377.4004,17385.0508,58.069363946428865,57.992228808008164,58.53870732891517,30.223722531445702
2022-02-01 09:20:00,2022-02-01 10:40:00,cross_down,10,10 (+64 to +504 pts),78.75,-32.19920000000275,44.70119999999952,16,17498.0,17521.75,17485.1504,17517.3496,17545.0996,17569.1504,17540.8496,17562.0508,54.45376689923178,52.34917794107583,57.86943555604559,43.892343267377
2022-02-01 14:00:00,2022-02-01 15:25:00,session_end_forced,10,10 (+64 to +504 pts),94.84959999999774,-19.150400000002264,89.30079999999725,17,17500.3496,17522.3008,17496.1992,17515.3496,17594.8008,17605.8008,17593.4492,17604.6504,51.31388166727545,51.30444027177457,60.943971478770024,34.045084191362825
2022-02-02 11:55:00,2022-02-02 12:10:00,cross_down,1,1 (+0 to +3 pts),2.048800000000483,-19.150400000002264,-19.150400000002264,3,17760.5508,17767.4492,17756.6504,17765.5508,17759.9004,17766.0996,17746.4004,17746.4004,67.62685419925705,65.96005352796762,63.97720803760504,24.416796982547787
2022-02-03 10:55:00,2022-02-03 11:05:00,cross_down,3,3 (+5 to +8 pts),7.798800000000483,-8.75,-7.849599999997736,2,17708.3496,17717.1992,17707.5508,17709.4004,17705.6504,17708.3496,17700.6504,17701.5508,44.27486328509083,44.14885688046873,66.85551888922046,46.12109217024283
2022-02-03 12:35:00,2022-02-03 13:40:00,cross_down,7,7 (+21 to +28 pts),22.048800000000483,-65.34959999999774,-61.150399999998626,13,17651.5508,17673.9004,17650.4492,17672.6504,17633.4492,17633.8008,17607.3008,17611.5,36.73538482695082,30.980483658118523,61.03000249944289,47.272607015111156
2022-02-03 14:05:00,2022-02-03 15:10:00,cross_down,5,5 (+11 to +15 pts),11.349600000001374,-65.69919999999911,-60.25,13,17625.0996,17635.3008,17613.6504,17630.0,17581.6992,17588.4492,17564.3008,17569.75,33.98793229847374,31.83596939099603,59.062204580785206,33.36852169741353
2022-02-09 14:15:00,2022-02-09 14:50:00,cross_down,4,4 (+8 to +11 pts),8.548800000000483,-18.849599999997736,-7.201199999999517,7,17438.5,17457.3496,17435.1992,17453.4004,17452.1992,17460.6992,17444.6992,17446.1992,64.02553073553129,63.62164004495357,54.35858128061133,17.50247253688104
2022-02-10 09:20:00,2022-02-10 09:25:00,cross_down,1,1 (+0 to +3 pts),1.8008000000008906,-34.05080000000089,-24.94919999999911,1,17500.0,17509.5508,17473.6992,17507.75,17506.1504,17506.3008,17481.6992,17482.8008,72.24217943536985,70.26807873750913,58.88571351396774,36.06247030490186
2022-02-10 10:35:00,2022-02-10 11:15:00,cross_down,7,7 (+21 to +28 pts),22.798800000000483,-18.650400000002264,9.648399999998219,8,17558.9492,17575.1504,17552.9004,17571.5508,17584.0996,17585.75,17572.3496,17581.1992,68.50899782435144,67.84678982895682,61.31425564359422,28.51346651203695
2022-02-11 10:40:00,2022-02-11 14:10:00,cross_down,10,10 (+64 to +504 pts),102.20119999999952,-41.900400000002264,34.20119999999952,42,17330.75,17351.0,17328.3008,17345.0996,17368.8496,17389.0996,17350.5996,17379.3008,27.72266721657511,26.071617337571883,62.1315379522967,71.52705290115448
2022-02-16 12:25:00,2022-02-16 13:00:00,cross_down,9,9 (+41 to +64 pts),41.69919999999911,-15.5,37.04880000000048,7,17382.6992,17396.4492,17382.6992,17384.8008,17393.9004,17421.8496,17393.9004,17421.8496,62.49676058593886,60.612203345720715,59.14773549507893,26.786456665196418
2022-02-16 13:50:00,2022-02-16 14:00:00,cross_down,5,5 (+11 to +15 pts),13.0,-13.75,-2.0507999999972526,2,17474.9492,17489.9004,17474.8008,17476.9004,17471.1504,17478.4004,17465.75,17474.8496,71.09015489508826,70.70528188061857,61.77464765935461,34.490527281890515
2022-02-17 10:40:00,2022-02-17 13:10:00,cross_down,10,10 (+64 to +504 pts),94.75,-38.19919999999911,59.05080000000089,30,17287.0508,17323.0,17284.8008,17323.0,17389.6504,17405.6992,17379.0508,17382.0508,42.930038012946454,41.61063420098934,58.78783355073064,33.71318265300392
2022-02-17 13:15:00,2022-02-17 13:20:00,cross_down,3,3 (+5 to +8 pts),5.349599999997736,-20.400400000002264,-20.0,1,17382.5996,17397.9492,17382.5996,17392.5996,17392.8008,17394.3496,17372.1992,17372.5996,55.71635617804373,55.60313678233365,59.67294734843264,11.576076272990463
2022-02-17 13:40:00,2022-02-17 13:55:00,cross_down,1,1 (+0 to +3 pts),1.5995999999977357,-49.05080000000089,-43.60160000000178,3,17397.6504,17413.9004,17396.6504,17413.5508,17396.5,17397.0508,17364.5,17369.9492,56.01433742850442,54.61844674822433,59.67294734843264,12.321079188048326
2022-02-18 09:55:00,2022-02-18 13:20:00,cross_down,10,10 (+64 to +504 pts),105.34959999999774,-21.298800000000483,70.30079999999725,41,17253.3008,17282.9004,17253.3008,17274.5996,17363.1504,17365.0,17344.9004,17344.9004,36.83473697593249,36.49026551818539,53.09789706803646,40.65330237912298
2022-03-02 11:00:00,2022-03-02 12:10:00,cross_down,7,7 (+21 to +28 pts),21.900400000002264,-76.59959999999774,-73.5,14,16575.3008,16585.9492,16572.0508,16585.4492,16526.6504,16531.0996,16508.8496,16511.9492,40.536925232912566,38.41508255923615,50.85905193616479,34.313739320977064
2022-03-09 12:50:00,2022-03-09 13:20:00,cross_down,8,8 (+29 to +41 pts),39.54980000000069,-13.700199999999313,21.349599999999555,6,16271.2998,16291.4004,16271.2998,16285.0,16297.2002,16309.0498,16296.3496,16306.3496,78.51040510422803,78.42608644455115,54.28536465197168,56.16135772766838
2022-03-10 14:35:00,2022-03-10 15:25:00,session_end_forced,6,6 (+15 to +21 pts),19.35160000000178,-62.25,-44.099599999997736,10,16578.5996,16607.6992,16568.4492,16607.6992,16586.8008,16587.1504,16552.0,16563.5996,42.74401223471777,41.8947310323816,72.84759614938234,44.758494235434625
2022-03-11 11:20:00,2022-03-11 12:50:00,cross_down,9,9 (+41 to +64 pts),47.849600000001374,-20.69919999999911,-1.0996000000013737,18,16607.0996,16620.3008,16594.5508,16615.25,16647.1992,16651.0996,16604.0996,16614.1504,50.22416739027491,50.13555833874528,67.06100825766833,18.281698656959687
2022-03-11 14:15:00,2022-03-11 15:25:00,session_end_forced,8,8 (+29 to +41 pts),34.25,-29.201199999999517,1.9491999999991094,14,16614.5,16631.4004,16614.4004,16618.5508,16624.5,16627.6992,16620.0508,16620.5,49.540070759259265,48.911710190507144,63.62471615444524,20.98133473643894
2022-03-14 10:35:00,2022-03-14 12:05:00,cross_down,10,10 (+64 to +504 pts),70.84959999999774,-25.0,55.95119999999952,18,16673.8008,16691.8496,16666.8496,16691.8496,16755.9004,16762.25,16745.1992,16747.8008,58.63584403661167,57.4342058000682,63.31367259726791,22.644004350134534
2022-03-14 14:25:00,2022-03-14 14:45:00,cross_down,6,6 (+15 to +21 pts),17.39839999999822,-20.0,12.148399999998219,4,16837.3008,16858.5508,16837.3008,16857.3008,16861.3008,16874.6992,16859.8008,16869.4492,77.87129820532431,75.29222184520569,69.87340864057089,47.54298437610421
2022-03-15 12:10:00,2022-03-15 12:15:00,cross_down,3,3 (+5 to +8 pts),6.949200000002747,-21.300799999997253,-21.300799999997253,1,16877.6992,16885.3496,16871.5,16878.4004,16878.3008,16878.3496,16857.0996,16857.0996,58.35389198595324,57.30150843036978,74.06818667235164,22.317094924498434
2022-03-15 14:40:00,2022-03-15 15:25:00,session_end_forced,10,10 (+64 to +504 pts),103.39839999999822,-41.20119999999952,40.19919999999911,9,16583.5508,16609.4004,16563.5996,16604.8008,16653.1504,16653.3008,16638.9492,16645.0,27.159446863917495,25.486889874624975,61.41823298868546,64.45782082771115
2022-03-16 11:30:00,2022-03-16 12:30:00,cross_down,6,6 (+15 to +21 pts),19.900400000002264,-21.048800000000483,8.30080000000089,12,16885.1504,16906.1992,16885.1504,16906.1992,16907.5,16922.75,16894.0,16914.5,60.72565848941117,59.74655750051944,57.07500993724547,24.899179671409893
2022-03-16 14:55:00,2022-03-16 15:25:00,session_end_forced,9,9 (+41 to +64 pts),52.5,-20.60160000000178,31.048800000000483,6,16914.6992,16939.8496,16914.6992,16935.3008,16973.9492,16976.1992,16964.5,16966.3496,59.30849887238049,56.70433121567672,59.83193276896357,24.761585708759885
2022-03-21 11:00:00,2022-03-21 11:55:00,cross_down,4,4 (+8 to +11 pts),10.849600000001374,-35.5,-33.20119999999952,11,17255.3008,17269.1504,17254.25,17267.4004,17237.1992,17237.5,17231.9004,17234.1992,47.431507491774,46.47168631555312,74.2441542863051,17.522016816010787
2022-03-21 13:35:00,2022-03-21 15:25:00,session_end_forced,6,6 (+15 to +21 pts),18.650400000002264,-74.09959999999774,-57.599599999997736,22,17154.0,17171.5508,17153.8008,17171.4492,17126.25,17127.0,17107.4004,17113.8496,31.308061744082664,27.200914634292985,65.0468720394849,42.84851924269972
2022-03-22 15:20:00,2022-03-22 15:25:00,session_end_forced,2,2 (+3 to +5 pts),4.849599999997736,-7.150400000002264,1.4003999999986263,1,17321.0,17330.0,17320.1992,17327.3496,17326.5996,17332.1992,17324.9492,17328.75,71.61215804666335,71.34720904268471,56.75348608081671,24.950470468652195
2022-03-23 13:20:00,2022-03-23 13:50:00,cross_down,4,4 (+8 to +11 pts),7.900399999998626,-73.84960000000137,-70.79880000000048,6,17257.25,17287.25,17242.5996,17283.3496,17244.1504,17244.4004,17209.5,17212.5508,45.77988093792684,43.90584542229958,60.01558570826953,31.3737266776032
2022-03-23 14:05:00,2022-03-23 15:15:00,cross_down,9,9 (+41 to +64 pts),46.25,-32.29880000000048,-31.19919999999911,14,17246.1992,17264.5996,17243.0508,17260.9492,17254.5508,17256.0996,17228.6504,17229.75,44.77549975717936,42.810752369648824,60.01558570826953,27.118490195546613
2022-03-24 09:45:00,2022-03-24 11:55:00,cross_down,10,10 (+64 to +504 pts),82.64839999999822,-14.201199999999517,23.89839999999822,26,17210.0,17219.3008,17194.5996,17208.8008,17239.25,17246.6504,17224.0,17232.6992,40.340238544980785,39.852394944987296,54.92497077357377,30.417891945569806
2022-03-29 09:15:00,2022-03-29 09:30:00,cross_down,6,6 (+15 to +21 pts),19.349600000001374,-34.44919999999911,-12.69919999999911,3,17297.2,17306.5508,17264.5508,17296.0,17286.6504,17291.75,17268.6504,17283.3008,66.45178667815952,64.93782975365399,50.02824064492242,38.16437752418342
2022-03-29 09:35:00,2022-03-29 09:45:00,cross_down,3,3 (+5 to +8 pts),7.849599999997736,-35.900400000002264,-4.849600000001374,2,17282.8496,17315.1992,17278.4492,17314.3496,17307.0,17312.8496,17295.3008,17309.5,68.96574443369657,67.87271274531686,50.02824064492242,47.78994874494195
2022-03-29 13:05:00,2022-03-29 13:10:00,cross_down,5,5 (+11 to +15 pts),13.048800000000483,-34.05079999999725,-18.800799999997253,1,17294.6504,17298.8496,17292.0508,17297.4004,17297.9004,17310.4492,17263.3496,17278.5996,60.15270674596502,59.719320377578185,57.291153544336474,23.718249653710743
2022-03-29 14:15:00,2022-03-29 14:40:00,cross_down,4,4 (+8 to +11 pts),10.30080000000089,-23.44919999999911,-12.44919999999911,5,17282.0508,17296.1504,17278.1504,17294.0,17279.9492,17286.6992,17278.0996,17281.5508,54.9534701811287,54.024085152005846,59.69312021687202,20.36188184174347
2022-03-29 14:45:00,2022-03-29 15:25:00,session_end_forced,9,9 (+41 to +64 pts),55.599599999997736,-5.050800000000891,49.19919999999911,8,17281.5,17291.5996,17281.5,17286.5508,17338.5,17342.1504,17332.1992,17335.75,55.65330353875175,55.63541552522512,59.69312021687202,20.718105611308264
2022-03-30 11:05:00,2022-03-30 11:10:00,cross_down,2,2 (+3 to +5 pts),3.5996000000013737,-13.55080000000089,-4.199199999999109,1,17495.9004,17507.4004,17493.6992,17507.25,17507.3496,17510.8496,17502.3496,17503.0508,81.51335906425119,81.41550957915257,67.49939264697746,73.69041894671645
2022-03-30 14:55:00,2022-03-30 15:20:00,cross_down,6,6 (+15 to +21 pts),18.650399999998626,-14.94919999999911,-14.94919999999911,5,17496.4004,17503.5,17491.25,17503.5,17497.75,17501.8008,17488.5508,17488.5508,58.9748037230046,56.81816295759036,73.36498539084619,24.874845973847144
2022-03-31 09:15:00,2022-03-31 09:25:00,cross_down,4,4 (+8 to +11 pts),8.951199999999517,-48.650400000002264,-43.849600000001374,2,17519.2,17544.3008,17498.9492,17535.3496,17512.6992,17512.6992,17486.6992,17491.5,57.12462529422585,56.90550672490096,72.05167101248277,27.190828689259416
2022-03-31 09:30:00,2022-03-31 10:00:00,cross_down,7,7 (+21 to +28 pts),22.800799999997253,-44.19920000000275,3.3495999999977357,6,17492.0996,17536.25,17491.9004,17536.0996,17544.8496,17546.3008,17532.3008,17539.4492,56.971300603911764,56.81358245279744,72.05167101248277,23.06664928452889
2022-03-31 12:35:00,2022-03-31 13:25:00,cross_down,6,6 (+15 to +21 pts),20.599599999997736,-28.0,-28.0,10,17498.5508,17511.3008,17496.6992,17509.8008,17489.0996,17505.5,17481.8008,17481.8008,50.449809058296935,47.790328525947174,68.78448700312707,39.66209495764887
2022-03-31 15:00:00,2022-03-31 15:25:00,session_end_forced,4,4 (+8 to +11 pts),9.650399999998626,-22.75,0.6503999999986263,5,17445.3496,17475.5996,17445.3496,17468.0996,17465.4004,17468.75,17454.0508,17468.75,41.816066129383536,41.31762781488761,64.5097776207578,26.107828730082314
2022-04-01 11:05:00,2022-04-01 11:15:00,cross_down,2,2 (+3 to +5 pts),4.5,-24.849600000001374,-15.900400000002264,2,17527.0,17551.8496,17527.0,17551.8496,17548.5508,17549.6504,17535.0508,17535.9492,63.13595049974114,60.562585248327835,61.31634498335206,24.65499224365237
2022-04-01 12:50:00,2022-04-01 12:55:00,cross_down,3,3 (+5 to +8 pts),5.201199999999517,-8.798800000000483,-7.048800000000483,1,17548.0996,17550.8008,17544.75,17546.8496,17547.5,17552.0508,17538.0508,17539.8008,61.066546651992745,60.59759008717248,62.11103908240981,23.91139178591329
2022-04-01 13:25:00,2022-04-01 14:30:00,cross_down,8,8 (+29 to +41 pts),33.75,-10.798800000000483,21.650400000002264,13,17551.9492,17565.3496,17550.9004,17561.6992,17577.1504,17583.6504,17570.0996,17583.3496,60.01296594506704,59.4160121157497,62.22063651340403,23.627999442552856
2022-04-01 15:05:00,2022-04-01 15:25:00,session_end_forced,9,9 (+41 to +64 pts),48.69919999999911,-8.701199999999517,34.54880000000048,4,17645.0996,17659.4004,17645.0996,17653.8008,17695.5,17700.0508,17685.9004,17688.3496,71.14487969528545,69.95044841276531,63.81871334927804,40.96133163114415
2022-04-04 13:50:00,2022-04-04 14:05:00,cross_down,5,5 (+11 to +15 pts),13.648399999998219,-16.75,-10.900400000002264,3,17993.8496,18007.4004,17986.3008,18003.0508,18014.1504,18016.6992,17986.4492,17992.1504,63.08282494859791,63.005101524630284,74.78879026724121,38.28251130597681
2022-04-04 14:35:00,2022-04-04 15:20:00,cross_down,7,7 (+21 to +28 pts),25.75,-16.550799999997253,2.1504000000022643,9,18032.5996,18045.5508,18027.0996,18043.6504,18064.5,18065.3008,18042.4004,18045.8008,66.53717060371235,64.5626223123301,74.97195873657942,43.18528882770458
2022-04-05 11:30:00,2022-04-05 11:35:00,cross_down,2,2 (+3 to +5 pts),3.351600000001781,-12.94919999999911,-11.048800000000483,1,18012.0996,18022.3008,18009.4004,18018.9492,18018.8008,18021.4492,18006.0,18007.9004,53.87486451217155,53.19909063371995,73.0747870368831,16.795232338166
2022-04-05 11:40:00,2022-04-05 11:50:00,cross_down,5,5 (+11 to +15 pts),11.099600000001374,-10.19919999999911,-6.599600000001374,2,18008.3496,18016.9492,18005.5508,18015.75,18015.0508,18020.9492,18009.1504,18009.1504,53.820561535593434,53.19909063371995,73.0747870368831,16.721593152380184
2022-04-05 12:00:00,2022-04-05 12:15:00,cross_down,5,5 (+11 to +15 pts),13.80080000000089,-16.798800000000483,-10.849599999997736,3,18012.8008,18015.9004,18006.6992,18014.1992,18023.3496,18028.0,17997.4004,18003.3496,53.66998144652291,53.533933737825784,73.0747870368831,18.391996130980704
2022-04-05 13:00:00,2022-04-05 14:00:00,cross_down,10,10 (+64 to +504 pts),67.75,-39.900399999998626,-10.650399999998626,12,18009.0508,18028.0508,18009.0508,18027.4004,18027.75,18030.75,17987.5,18016.75,53.009919047537196,51.71022054311776,72.52508613959333,14.212392127328634
2022-04-06 10:20:00,2022-04-06 13:25:00,cross_down,10,10 (+64 to +504 pts),68.15039999999863,-50.150400000002264,-41.150400000002264,37,17839.5996,17841.4004,17829.8008,17830.3496,17815.3496,17819.3008,17788.6504,17789.1992,27.734908736464572,27.212297031489367,57.8679630292891,51.82299017842422
2022-04-22 10:40:00,2022-04-22 13:00:00,cross_down,10,10 (+64 to +504 pts),72.29880000000048,-10.75,29.19919999999911,28,17233.5508,17244.0,17232.0508,17242.8008,17280.0508,17289.25,17272.0,17272.0,38.65659482082037,37.87327322591069,60.66816591731313,33.959611700788855
2022-04-22 13:35:00,2022-04-22 13:45:00,cross_down,3,3 (+5 to +8 pts),7.800800000000891,-36.80080000000089,-30.55080000000089,2,17279.1504,17301.6504,17278.1504,17299.75,17281.0996,17282.1992,17262.9492,17269.1992,47.88046023865382,47.229662818522414,55.86675631257533,37.72774398365093
2022-04-22 15:05:00,2022-04-22 15:25:00,session_end_forced,7,7 (+21 to +28 pts),22.849600000001374,-18.099599999997736,-5.300799999997253,4,17200.25,17200.25,17177.0,17177.4004,17170.0,17172.0996,17161.1992,17172.0996,32.11420647455222,30.3755243067032,52.86855988677663,51.54223550913893
2022-04-27 11:10:00,2022-04-27 11:30:00,cross_down,1,1 (+0 to +3 pts),0.4004000000022643,-45.04880000000048,-42.0,4,17058.1504,17067.3496,17054.6504,17066.9492,17047.6992,17047.6992,17021.9004,17024.9492,41.79801558101764,41.01491019102099,50.78379163462486,35.101423913655395
2022-04-29 11:20:00,2022-04-29 12:00:00,cross_down,7,7 (+21 to +28 pts),21.048800000000483,-10.150400000002264,1.1483999999982188,8,17333.3496,17339.4492,17326.1504,17336.3008,17344.3496,17348.4492,17330.9004,17337.4492,63.83246124100905,62.80984912702169,63.53595056125771,19.748458479118135
2022-05-02 10:00:00,2022-05-02 15:25:00,session_end_forced,10,10 (+64 to +504 pts),103.59960000000137,-35.400399999998626,76.44919999999911,65,16974.8496,16998.0,16974.8496,16988.25,17072.1992,17072.1992,17056.25,17064.6992,31.592621734759163,29.23026470930908,54.379575793002324,50.278383973025036
2022-05-18 09:25:00,2022-05-18 09:30:00,cross_down,3,3 (+5 to +8 pts),6.950200000001132,-28.849599999999555,-28.849599999999555,1,16363.5996,16375.5498,16350.7998,16368.5996,16368.0,16370.7002,16339.75,16339.75,80.42730272965198,79.41496820239188,67.12824484961874,44.23520155551747
2022-05-18 13:35:00,2022-05-18 14:10:00,cross_down,5,5 (+11 to +15 pts),13.850599999999758,-89.04979999999887,-77.94919999999911,7,16320.7998,16343.3496,16319.9502,16340.8496,16265.0,16272.9004,16251.7998,16262.9004,51.09583013362572,45.938384450593716,70.85555748413923,42.91650668790562
2022-05-19 10:30:00,2022-05-19 15:25:00,session_end_forced,4,4 (+8 to +11 pts),9.349600000001374,-169.4501999999993,-117.0,59,15939.9502,15953.0498,15938.5,15945.4502,15838.7002,15839.5996,15821.0,15828.4502,28.82657672849512,26.37309929198844,57.464233027923015,48.83845017186634
2022-05-24 09:20:00,2022-05-24 13:15:00,cross_down,4,4 (+8 to +11 pts),8.600599999999758,-135.5,-101.54979999999887,47,16235.9004,16261.7002,16228.5498,16253.0996,16162.9502,16170.3496,16145.7002,16151.5498,34.56900549105376,33.749151940039404,58.29040731169206,39.927451515534294
2022-05-27 13:05:00,2022-05-27 14:05:00,cross_down,9,9 (+41 to +64 pts),56.54979999999887,-25.650400000000445,32.54979999999887,12,16311.3496,16315.8496,16303.25,16313.9004,16362.0498,16367.1504,16334.9502,16346.4502,64.3462863884629,63.26311459471282,58.76531740787874,15.529669659134868
2022-05-30 09:15:00,2022-05-30 10:30:00,cross_down,10,10 (+64 to +504 pts),98.84960000000137,-33.349600000001374,87.59960000000137,15,16527.9004,16547.0,16506.1504,16539.5,16630.5996,16638.0508,16624.25,16627.0996,67.46976817055155,65.08533271785817,68.17177478894038,28.176531428924275
2022-05-31 10:25:00,2022-05-31 11:45:00,cross_down,9,9 (+41 to +64 pts),57.0,-20.201199999999517,16.349599999997736,16,16590.6504,16607.0508,16585.0996,16605.3008,16630.0508,16632.75,16611.0508,16621.6504,48.661281586748295,45.51502027775021,75.48904720447206,23.589778565399858
2022-05-31 11:55:00,2022-05-31 12:35:00,cross_down,5,5 (+11 to +15 pts),13.599600000001374,-30.550799999997253,-14.201199999999517,8,16626.25,16657.8008,16626.0996,16656.6504,16651.5508,16653.5508,16633.1992,16642.4492,54.710020936537276,52.90260371593524,73.96345819015794,24.777271507123253
2022-05-31 13:35:00,2022-05-31 14:35:00,cross_down,7,7 (+21 to +28 pts),27.900399999998626,-23.150399999998626,-22.19919999999911,12,16643.9004,16663.5508,16643.8008,16662.75,16655.8008,16657.0508,16639.5996,16640.5508,50.50667559758757,49.55922814404971,70.45357866520159,23.118924596607222
2022-06-01 10:15:00,2022-06-01 11:15:00,cross_down,8,8 (+29 to +41 pts),35.5,-28.55080000000089,-23.599600000001374,12,16583.6992,16597.4004,16583.5996,16596.75,16587.9004,16589.9492,16568.1992,16573.1504,44.33884392143458,42.143659211799275,60.12482611834491,26.691467628782636
2022-06-01 11:25:00,2022-06-01 12:10:00,cross_down,7,7 (+21 to +28 pts),24.75,-17.55080000000089,-7.449199999999109,9,16585.5508,16593.75,16576.1992,16593.75,16589.9492,16591.8008,16576.4492,16586.3008,46.17927280040374,46.073656460769016,58.632575556856196,20.199126080880028
2022-06-01 14:15:00,2022-06-01 14:25:00,cross_down,4,4 (+8 to +11 pts),9.951199999999517,-21.44919999999911,-21.44919999999911,2,16466.5508,16482.6504,16464.25,16477.6992,16479.0996,16479.0996,16456.25,16456.25,30.837448420179584,30.68107595632631,50.09820887236017,48.268884113554044
2022-06-01 14:30:00,2022-06-01 15:25:00,session_end_forced,10,10 (+64 to +504 pts),80.60160000000178,-30.14839999999822,71.60160000000178,11,16456.5,16472.3496,16455.5,16469.1992,16542.4492,16549.8008,16538.3496,16540.8008,31.774821211510286,28.86581906171675,50.09820887236017,49.660832711996164
2022-06-03 09:20:00,2022-06-03 09:45:00,cross_down,5,5 (+11 to +15 pts),11.94919999999911,-30.0,-14.650400000002264,5,16775.5,16781.8496,16766.6504,16781.3008,16765.3008,16779.5996,16759.6992,16766.6504,71.09832995847862,70.46504465835118,57.92346724814156,34.06108030034772
2022-06-03 09:50:00,2022-06-03 10:00:00,cross_down,4,4 (+8 to +11 pts),9.75,-12.150400000002264,-10.25,2,16767.0508,16775.9492,16765.3008,16773.8496,16774.75,16783.5996,16762.4004,16763.5996,77.29485872233467,76.9188259917468,57.92346724814156,54.20794647966535
2022-06-06 09:50:00,2022-06-06 14:20:00,cross_down,10,10 (+64 to +504 pts),85.90040000000226,-42.79880000000048,49.20119999999952,54,16530.75,16545.1504,16524.0508,16524.9492,16590.9492,16595.8008,16572.1504,16574.1504,29.035957969312395,27.081310639705322,55.74882193341528,51.61366902986857
2022-06-22 10:30:00,2022-06-22 12:50:00,cross_down,7,7 (+21 to +28 pts),23.349600000001374,-101.95019999999931,-87.40039999999863,28,15470.25,15511.2998,15469.2998,15509.9502,15427.9004,15427.9004,15408.0,15422.5498,36.168118073790325,33.643872145065245,61.99931969813623,54.28448700355849
2022-06-22 13:45:00,2022-06-22 15:25:00,session_end_forced,9,9 (+41 to +64 pts),56.70020000000113,-15.849599999999555,-12.75,20,15416.0498,15423.5,15404.2002,15413.8496,15406.0996,15409.4502,15398.0,15401.0996,33.165307832759424,30.710414101490464,52.00614451609304,32.08750716213275
2022-06-24 13:05:00,2022-06-24 13:20:00,cross_down,4,4 (+8 to +11 pts),7.849600000001374,-30.400399999998626,-25.35059999999976,3,15686.6504,15692.5498,15679.7998,15684.7002,15668.2002,15671.2002,15654.2998,15659.3496,57.684107378445084,55.40121082587624,57.573649106081426,31.856099718042902
2022-06-24 14:05:00,2022-06-24 14:35:00,cross_down,6,6 (+15 to +21 pts),17.799800000000687,-27.25,-0.6504000000004453,6,15681.2998,15708.2998,15672.0,15699.25,15695.6504,15698.5996,15676.5,15698.5996,56.2764030678625,55.06608705665181,58.60388529704478,17.815042222788044
2022-06-27 09:15:00,2022-06-27 10:10:00,cross_down,9,9 (+41 to +64 pts),59.0,-4.0,0.9004000000004453,11,15926.2002,15926.2002,15867.0996,15867.5,15883.5498,15886.7998,15868.4004,15868.4004,62.432406185020454,59.02379961272278,61.35774568163596,19.06522434592764
2022-06-27 12:55:00,2022-06-27 13:30:00,cross_down,6,6 (+15 to +21 pts),18.5,-8.950200000001132,-3.549800000000687,7,15884.9004,15901.0,15884.0996,15893.0498,15904.5498,15911.0996,15885.25,15889.5,64.39961976260648,63.40980992287072,68.04887700375433,32.05010754783214
2022-06-28 10:25:00,2022-06-28 13:10:00,cross_down,10,10 (+64 to +504 pts),105.64940000000024,-5.650400000000445,30.39940000000024,33,15732.9004,15740.8496,15730.0,15731.6504,15765.25,15770.9004,15759.2998,15762.0498,33.18544508968098,33.12736778277589,62.31750266976873,50.55524297217315
2022-06-28 13:35:00,2022-06-28 14:00:00,cross_down,4,4 (+8 to +11 pts),10.25,-22.900400000000445,-22.549800000000687,5,15796.75,15806.5498,15791.6504,15804.75,15798.2998,15800.3496,15781.8496,15782.2002,51.65640802368354,50.18584495654004,56.52381274593319,25.06399080668571
2022-06-28 14:20:00,2022-06-28 15:25:00,session_end_forced,10,10 (+64 to +504 pts),83.54980000000069,-11.950199999999313,70.54980000000069,13,15795.6504,15806.7998,15792.25,15804.2002,15853.6504,15887.75,15851.0,15874.75,53.123497663320926,51.513390455806615,56.08292806804917,13.798121793290564
2022-06-29 10:20:00,2022-06-29 10:55:00,cross_down,2,2 (+3 to +5 pts),5.049799999998868,-34.400400000000445,-33.35059999999976,7,15777.6504,15787.4502,15777.4004,15782.4004,15754.2002,15755.4004,15748.0,15749.0498,49.27452320595601,47.94854128619284,55.94424006635885,21.410930194882585
2022-06-29 11:00:00,2022-06-29 13:55:00,cross_down,10,10 (+64 to +504 pts),89.75,-19.950200000001132,69.75,35,15748.6504,15766.1504,15743.3496,15763.2998,15825.5996,15839.5498,15821.6504,15833.0498,46.74165859719104,45.69722637968272,55.94424006635885,15.198923202306617
2022-06-29 14:05:00,2022-06-29 14:30:00,cross_down,5,5 (+11 to +15 pts),14.450200000001132,-24.5,-22.64940000000024,5,15839.7998,15855.25,15834.3496,15846.8496,15856.9004,15857.1504,15822.3496,15824.2002,61.163801610362235,60.053144066327135,54.577843507852414,44.06019940677535
2022-06-30 09:35:00,2022-06-30 10:10:00,cross_down,5,5 (+11 to +15 pts),12.900400000000445,-45.900400000000445,-40.650400000000445,7,15851.2002,15879.0996,15850.5498,15876.75,15849.0,15853.2998,15830.8496,15836.0996,57.07601489451405,53.797368439435544,52.65566139054305,32.36019941065393
2022-06-30 12:50:00,2022-06-30 14:35:00,cross_down,10,10 (+64 to +504 pts),89.30080000000089,-6.849599999999555,47.0,21,15760.1504,15769.2002,15756.25,15763.0996,15816.2002,15830.4004,15809.4004,15810.0996,41.822034900266765,41.303907069284264,50.009267564968454,30.829590044517076
2022-07-04 14:45:00,2022-07-04 15:25:00,session_end_forced,8,8 (+29 to +41 pts),35.29980000000069,-30.549800000000687,12.150400000000445,8,15789.2002,15817.7998,15786.4502,15817.0,15830.3496,15838.0,15824.5996,15829.1504,63.72283344847269,62.953363708389574,51.980353765317645,23.080826059342286
2022-07-05 15:15:00,2022-07-05 15:25:00,session_end_forced,2,2 (+3 to +5 pts),3.5,-23.25,-19.849600000001374,2,15814.9502,15823.2998,15813.0996,15819.7998,15807.3496,15814.4004,15796.5498,15799.9502,31.078553135211294,29.985871261775344,59.318317631449304,65.7576181236669
2022-07-06 12:20:00,2022-07-06 13:50:00,cross_down,10,10 (+64 to +504 pts),109.89940000000024,-8.80080000000089,76.29979999999887,18,15890.4004,15894.25,15882.3496,15891.1504,15966.8496,15973.2002,15957.0498,15967.4502,50.66366136556795,48.54822452913916,55.3023991945013,19.539000437530603
2022-07-06 15:10:00,2022-07-06 15:25:00,session_end_forced,6,6 (+15 to +21 pts),16.549800000000687,-31.849599999999555,13.799800000000687,3,15962.4004,15994.9004,15962.4004,15994.25,16003.5498,16010.7998,16002.0498,16008.0498,56.3928534164308,56.32241779937323,57.281803881168436,22.394266647104114
2022-07-07 10:40:00,2022-07-07 10:45:00,cross_down,1,1 (+0 to +3 pts),0.6005999999997584,-11.0,-7.25,1,16116.8496,16125.5498,16115.1504,16125.5498,16124.7998,16126.1504,16114.5498,16118.2998,70.19558507704899,69.64006755700797,61.9159513621683,44.64420384714964
2022-07-07 14:55:00,2022-07-07 15:25:00,session_end_forced,7,7 (+21 to +28 pts),22.099600000001374,-15.600599999999758,10.950200000001132,6,16128.0498,16138.3496,16126.9004,16127.9502,16132.4004,16140.7002,16130.2998,16138.9004,58.063750922397475,56.98457459441696,65.50831069256762,25.56704323078536
2022-07-08 13:40:00,2022-07-08 13:45:00,cross_down,4,4 (+8 to +11 pts),9.700200000001132,-13.75,-10.5,1,16221.0,16226.4004,16214.7998,16216.7002,16216.2998,16216.5996,16202.9502,16206.2002,59.05704309703022,58.525854086716016,70.20227856962748,22.959877949919008
2022-07-08 15:05:00,2022-07-08 15:25:00,session_end_forced,5,5 (+11 to +15 pts),14.450200000001132,-7.949199999999109,-4.599599999999555,4,16222.5,16223.4502,16214.6504,16222.0996,16220.2998,16230.25,16215.7002,16217.5,54.210215922569766,50.185054377815916,69.95129687736734,32.73205110346372
2022-07-11 10:25:00,2022-07-11 10:35:00,cross_down,1,1 (+0 to +3 pts),0.9502000000011321,-18.650399999998626,-18.35059999999976,2,16160.1504,16166.1504,16156.8496,16165.2002,16152.4502,16158.25,16146.5498,16146.8496,47.66242719649422,46.35510737536006,67.4973899311933,19.843201525447537
2022-07-11 10:50:00,2022-07-11 11:25:00,cross_down,3,3 (+5 to +8 pts),5.75,-17.049799999998868,-17.049799999998868,7,16148.2002,16161.5996,16145.5,16161.0996,16147.5996,16154.7998,16144.0498,16144.0498,46.02893227276759,45.21908895389154,67.4973899311933,15.127153565204194
2022-07-11 11:30:00,2022-07-11 11:35:00,cross_down,3,3 (+5 to +8 pts),6.300800000000891,-18.19919999999911,-18.19919999999911,1,16144.25,16154.9004,16140.7998,16154.0996,16155.0996,16160.4004,16135.9004,16135.9004,45.77462451661975,43.73296104037509,64.6220292924358,10.808694745750092
2022-07-11 11:55:00,2022-07-11 12:25:00,cross_down,5,5 (+11 to +15 pts),11.299799999998868,-21.60059999999976,-21.60059999999976,6,16139.6504,16145.2998,16138.0996,16144.9004,16134.4004,16134.4004,16123.2998,16123.2998,42.5117210580587,41.97609601947642,64.6220292924358,9.616720632148795
2022-07-11 12:35:00,2022-07-11 15:00:00,cross_down,10,10 (+64 to +504 pts),108.45020000000113,-12.700199999999313,83.0,29,16128.2998,16140.2998,16127.25,16139.9502,16224.6504,16234.5,16214.5996,16222.9502,41.9927770040942,40.457728916461654,61.61730945340928,19.805763255032282
2022-07-12 10:35:00,2022-07-12 11:20:00,cross_down,3,3 (+5 to +8 pts),5.900400000000445,-19.200199999999313,-15.099599999999555,9,16152.5498,16158.6504,16150.0996,16152.75,16138.75,16139.3496,16133.5498,16137.6504,44.49505432520419,44.16470347879298,57.86617083454984,26.82758380557592
2022-07-19 14:00:00,2022-07-19 15:20:00,cross_down,9,9 (+41 to +64 pts),47.55080000000089,-32.349599999999555,19.950200000001132,16,16301.5996,16311.5996,16300.5,16311.5996,16327.6504,16339.5996,16327.4502,16331.5498,55.96279391800435,55.82971845119342,76.3451378176457,23.346543805770928
2022-07-20 09:15:00,2022-07-20 10:30:00,cross_down,9,9 (+41 to +64 pts),43.69919999999911,-19.69919999999911,17.5,15,16562.8008,16565.4492,16502.0508,16521.75,16539.3008,16541.9004,16530.0508,16539.25,65.85809379004043,63.12270177810775,74.37432981324362,34.124190540986106
2022-07-21 09:40:00,2022-07-21 11:55:00,cross_down,9,9 (+41 to +64 pts),57.900400000002264,-12.0,39.650400000002264,27,16525.8008,16533.6992,16521.6992,16533.6992,16578.0,16584.4004,16571.9004,16573.3496,48.86011483205276,46.149923604355855,74.8872165817989,26.29313758537881
2022-07-21 14:10:00,2022-07-21 15:25:00,session_end_forced,9,9 (+41 to +64 pts),63.599599999997736,-11.55080000000089,49.25,15,16556.0,16560.5508,16549.0,16560.5508,16623.6504,16624.1504,16608.8496,16609.8008,46.8223557149553,43.699225335106796,71.8959073654157,28.080420419242856
2022-07-22 11:45:00,2022-07-22 13:00:00,cross_down,8,8 (+29 to +41 pts),39.05079999999725,-15.400400000002264,15.300799999997253,15,16653.6992,16669.8496,16652.6992,16668.0996,16694.0,16694.0,16678.0,16683.4004,59.7188290724426,59.57351023902423,73.41733162253658,25.275448417076092
2022-07-22 14:10:00,2022-07-22 14:15:00,cross_down,4,4 (+8 to +11 pts),10.849599999997736,-1.9004000000022643,-1.3008000000008906,1,16733.4004,16738.6504,16725.9004,16727.8008,16727.8496,16738.5508,16726.0996,16726.5,66.36959933163223,66.17183751356526,76.39605853841354,39.75081572717294
2022-07-22 14:20:00,2022-07-22 14:30:00,cross_down,4,4 (+8 to +11 pts),10.25,-16.69919999999911,-7.0,2,16726.5996,16744.1992,16725.3008,16742.0,16741.0996,16752.25,16731.1992,16735.0,68.46010546374723,68.15308008967057,78.33948853676017,44.455283742295975
2022-07-25 10:50:00,2022-07-25 11:05:00,cross_down,3,3 (+5 to +8 pts),6.75,-28.099599999997736,-26.349599999997736,3,16607.4004,16612.4004,16605.4004,16605.6504,16588.3496,16591.0996,16577.5508,16579.3008,37.14406241518048,37.095653208360126,72.83424564965719,38.66422389690242
2022-07-25 11:25:00,2022-07-25 15:10:00,cross_down,10,10 (+64 to +504 pts),99.10160000000178,-4.398399999998219,47.650400000002264,45,16580.5508,16589.75,16580.5508,16584.9492,16646.1992,16648.9492,16631.3008,16632.5996,33.71522153028921,32.31674014081809,65.45748135322049,40.81557687142518
2022-07-28 11:05:00,2022-07-28 11:15:00,cross_down,4,4 (+8 to +11 pts),10.25,-8.849600000001374,0.09959999999773572,2,16864.8008,16873.5996,16863.5,16872.3496,16877.1992,16882.5996,16871.4004,16872.4492,84.77346681147407,84.38329574154928,61.85828915980622,74.7219192824605
2022-07-29 09:20:00,2022-07-29 10:10:00,cross_down,8,8 (+29 to +41 pts),29.75,-23.05080000000089,-2.1991999999991094,10,17095.0996,17118.0996,17090.3496,17111.5,17123.5,17127.9004,17108.4492,17109.3008,68.18381291511547,66.12479668926798,80.11696592351988,36.94070726404263
2022-07-29 15:05:00,2022-07-29 15:25:00,session_end_forced,7,7 (+21 to +28 pts),24.349599999997736,-4.798800000000483,10.099599999997736,4,17149.9004,17151.6504,17143.0508,17147.8496,17166.5508,17168.75,17153.9492,17157.9492,61.42895354617497,58.83029691416882,84.14668202036779,32.97888711077366
2022-08-02 11:20:00,2022-08-02 12:40:00,cross_down,8,8 (+29 to +41 pts),39.54880000000048,-26.951199999999517,-24.050799999997253,16,17253.8008,17265.75,17253.25,17264.9004,17251.0996,17258.9004,17237.9492,17240.8496,46.27773003832818,44.69134223941815,76.70650363815929,17.93354315688584
2022-08-02 13:20:00,2022-08-02 15:05:00,cross_down,10,10 (+64 to +504 pts),110.5,-12.398399999998219,98.40040000000226,21,17276.75,17282.3496,17275.25,17279.1992,17354.1992,17380.9492,17354.1992,17377.5996,49.34527174910758,47.85909337956065,71.30699644666997,21.73437788060607
2022-08-03 11:45:00,2022-08-03 12:10:00,cross_down,4,4 (+8 to +11 pts),8.0,-29.44919999999911,-23.349599999997736,5,17266.5508,17279.6992,17266.0,17271.6992,17247.4492,17251.8496,17242.25,17248.3496,43.9052917754576,43.89594782895861,61.5548094875366,29.95901032629519
2022-08-03 12:20:00,2022-08-03 15:25:00,session_end_forced,10,10 (+64 to +504 pts),150.75,-19.300799999997253,137.25,37,17238.4492,17257.6504,17236.3496,17255.6504,17397.3008,17406.4004,17390.1992,17392.9004,44.33057707367686,43.31453218707551,58.784225932350836,22.455154057249686
2022-08-04 12:35:00,2022-08-04 14:05:00,cross_down,9,9 (+41 to +64 pts),54.25,-29.5,-26.599599999997736,18,17283.75,17304.4492,17283.75,17294.6992,17291.9004,17302.0508,17265.1992,17268.0996,44.08359664169018,42.79760069105263,60.75793943238839,42.3695166767873
2022-08-04 14:30:00,2022-08-04 15:25:00,session_end_forced,10,10 (+64 to +504 pts),92.94919999999911,-24.849600000001374,50.25,11,17288.9004,17318.1504,17288.9004,17313.75,17374.0996,17376.6992,17356.4492,17364.0,46.57293012123296,43.88754787569783,55.06543528207366,30.27043961028142
2022-08-05 14:50:00,2022-08-05 15:25:00,session_end_forced,6,6 (+15 to +21 pts),18.150400000002264,-26.0,-9.599599999997736,7,17397.6504,17400.5508,17390.5996,17398.6504,17397.5,17398.9004,17383.25,17389.0508,42.52868016577631,41.48690837766637,58.01026135920285,36.172374417245145
2022-08-08 11:35:00,2022-08-08 11:40:00,cross_down,2,2 (+3 to +5 pts),4.75,-15.349600000001374,-14.5,1,17477.6504,17485.8496,17476.6992,17481.0996,17481.25,17482.0,17465.75,17466.5996,64.51110916923297,64.48266970005506,58.505652615639896,46.88171334054612
2022-08-08 12:20:00,2022-08-08 12:55:00,cross_down,5,5 (+11 to +15 pts),12.449200000002747,-10.150399999998626,2.548800000000483,7,17505.5,17519.25,17505.5,17515.6504,17522.3008,17523.8008,17513.4492,17518.1992,68.83530065879506,68.73703393940337,60.946953377673644,44.99777861967078
2022-08-10 10:30:00,2022-08-10 11:10:00,cross_down,6,6 (+15 to +21 pts),17.548800000000483,-18.05080000000089,-15.601600000001781,8,17522.5508,17542.3496,17521.6992,17524.8008,17521.0,17523.5996,17506.75,17509.1992,53.91135602256376,53.09841738082838,66.53236432544053,36.65089943510395
2022-08-10 12:20:00,2022-08-10 12:35:00,cross_down,1,1 (+0 to +3 pts),1.4491999999991094,-20.19919999999911,-11.75,3,17515.5,17521.4492,17512.75,17520.0,17510.0508,17515.9492,17499.8008,17508.25,51.230113005711814,50.27919852597868,65.38647886450215,16.207641098509033
2022-08-10 12:40:00,2022-08-10 12:50:00,cross_down,1,1 (+0 to +3 pts),0.9003999999986263,-15.44919999999911,-10.30080000000089,2,17508.6504,17520.0,17504.0508,17519.5,17515.1504,17518.5,17509.1992,17509.1992,52.66674677486436,51.08297428757693,65.38647886450215,16.101176628102653
2022-08-10 14:00:00,2022-08-10 15:25:00,cross_down,8,8 (+29 to +41 pts),36.20119999999952,-11.699200000002747,13.150399999998626,17,17500.6992,17511.8008,17498.9004,17510.5996,17536.5,17537.1504,17520.4004,17523.75,46.82398947542771,46.61313264860319,63.923239494460745,20.093073555341853
2022-08-11 09:15:00,2022-08-11 10:10:00,cross_down,7,7 (+21 to +28 pts),27.0,-22.099600000001374,-17.30080000000089,11,17711.6504,17717.5,17686.0996,17690.5,17683.8496,17687.5996,17672.5996,17673.1992,63.88268061877365,57.41978004722675,64.84222349975137,33.79673348649938
2022-08-11 15:05:00,2022-08-11 15:10:00,cross_down,2,2 (+3 to +5 pts),4.548800000000483,-17.701199999999517,-16.451199999999517,1,17672.1504,17673.9492,17665.5996,17669.4004,17669.25,17670.4492,17651.6992,17652.9492,54.596340904269155,53.406352330697466,72.54059652249646,18.608229098150737
2022-08-12 09:55:00,2022-08-12 11:55:00,cross_down,9,9 (+41 to +64 pts),44.19919999999911,-7.851600000001781,21.548800000000483,24,17659.6992,17662.4004,17648.0,17655.0508,17679.4004,17681.9004,17674.8496,17676.5996,47.991103749557695,45.5179825920778,69.9851986585592,26.066857349538687
2022-08-12 12:50:00,2022-08-12 13:20:00,cross_down,4,4 (+8 to +11 pts),9.650399999998626,-10.298800000000483,-3.8496000000013737,6,17697.9004,17706.25,17697.9004,17702.0996,17698.25,17702.4004,17696.4004,17698.25,59.952580967694786,58.35772658812471,70.7858259581291,19.125956353387576
2022-08-12 13:30:00,2022-08-12 13:55:00,cross_down,6,6 (+15 to +21 pts),17.099600000001374,-7.900399999998626,-0.20119999999951688,5,17703.5508,17708.6992,17703.5508,17707.1504,17707.75,17709.4004,17699.6992,17706.9492,61.91676312218406,60.94122344194552,71.63806569727087,15.03029289581354
2022-08-16 14:10:00,2022-08-16 14:45:00,cross_down,7,7 (+21 to +28 pts),22.400399999998626,-8.099600000001374,-7.650399999998626,7,17799.0508,17802.75,17793.5996,17794.75,17800.8496,17807.9004,17786.6504,17787.0996,53.21203729335821,52.08675019458036,73.98952321504008,20.981987384419188
2022-08-16 15:05:00,2022-08-16 15:25:00,session_end_forced,3,3 (+5 to +8 pts),6.900399999998626,-12.94919999999911,-1.4491999999991094,4,17817.6504,17829.75,17816.8008,17829.75,17831.6992,17836.6504,17828.3008,17828.3008,57.69047306325881,53.85399556794314,72.91265080689183,28.485101315578127
2022-08-18 10:05:00,2022-08-18 10:20:00,cross_down,1,1 (+0 to +3 pts),1.4004000000022643,-29.300799999997253,-22.849599999997736,3,17949.1992,17952.4004,17942.5,17952.1504,17931.3008,17935.3008,17922.8496,17929.3008,55.76102272332407,53.80486721298789,78.40142125278174,27.95139843225607
2022-08-18 12:30:00,2022-08-18 15:25:00,session_end_forced,10,10 (+64 to +504 pts),81.25,-9.900400000002264,78.14839999999822,35,17876.6992,17890.5996,17876.4004,17886.3008,17964.3008,17967.5508,17960.9492,17964.4492,43.681608672176296,40.561708964065986,68.14507874885909,32.697180937248
2022-08-19 12:40:00,2022-08-19 15:25:00,session_end_forced,9,9 (+41 to +64 pts),43.29880000000048,-67.75,-51.95119999999952,33,17787.1992,17797.9492,17778.9004,17778.9004,17737.6992,17738.6992,17725.6992,17726.9492,30.607833195484307,29.087549700672177,55.10605472557839,65.60664862855575
2022-08-25 12:20:00,2022-08-25 12:25:00,cross_down,2,2 (+3 to +5 pts),3.6504000000022643,-10.44919999999911,-8.648399999998219,1,17700.0508,17708.0996,17699.1992,17704.4492,17704.4492,17706.0996,17694.0,17695.8008,62.13957789335005,61.924052325514715,56.99416169905297,33.55540939340132
2022-08-25 12:45:00,2022-08-25 13:05:00,cross_down,5,5 (+11 to +15 pts),13.550799999997253,-18.25,-8.400400000002264,4,17695.4492,17715.25,17694.5996,17712.8496,17712.3008,17718.5996,17702.5508,17704.4492,62.3811060564057,62.2702967660691,56.99416169905297,31.88800495772263
2022-09-01 14:30:00,2022-09-01 15:25:00,session_end_forced,5,5 (+11 to +15 pts),12.101600000001781,-52.29880000000048,3.3008000000008906,11,17529.9004,17570.8008,17528.0996,17559.9492,17551.9492,17564.0996,17550.0508,17563.25,42.271565246436694,37.463796147602615,53.31893334799845,33.25181876699429
2022-09-05 12:10:00,2022-09-05 12:55:00,cross_down,7,7 (+21 to +28 pts),21.19919999999911,-11.05080000000089,-3.25,9,17648.9492,17662.1504,17648.9492,17660.0,17657.4004,17665.0,17654.75,17656.75,62.00843606886602,60.47696878988333,53.120903757983406,30.937363816348217
2022-09-06 09:20:00,2022-09-06 09:35:00,cross_down,2,2 (+3 to +5 pts),4.5,-71.39839999999822,-71.39839999999822,3,17737.0996,17747.4492,17726.8008,17742.9492,17697.9492,17717.9004,17671.5508,17671.5508,60.67365437156279,56.8642675888141,58.46795115235993,29.628686305899436
2022-09-06 11:05:00,2022-09-06 13:10:00,cross_down,9,9 (+41 to +64 pts),51.0,-28.64839999999822,29.30080000000089,25,17636.0508,17667.6992,17636.0508,17664.6992,17684.5996,17694.1992,17682.8496,17694.0,47.128701784226834,46.685933799152764,57.643455156018824,35.18591674998643
2022-09-07 10:00:00,2022-09-07 14:10:00,cross_down,10,10 (+64 to +504 pts),67.44919999999911,-49.94919999999911,45.69919999999911,50,17567.6504,17586.4492,17564.4004,17583.25,17639.1992,17639.1992,17628.9492,17628.9492,35.19712068993233,33.44212362621909,57.372698163426314,40.1696562501368
2022-09-08 14:20:00,2022-09-08 15:25:00,session_end_forced,9,9 (+41 to +64 pts),47.75,-10.798800000000483,40.900400000002264,13,17748.4492,17760.8008,17748.4004,17759.1992,17796.4004,17804.5,17795.0508,17800.0996,57.297212632817526,55.46354962905043,60.666394389165106,17.28436211058712
2022-09-09 13:55:00,2022-09-09 15:10:00,cross_down,6,6 (+15 to +21 pts),20.75,-16.0,-8.701199999999517,15,17841.9492,17849.1992,17836.0508,17847.5508,17851.0996,17854.4004,17837.4492,17838.8496,49.67659299625906,46.500011323025504,67.05687534108604,34.850314169202456
2022-09-12 09:20:00,2022-09-12 10:30:00,cross_down,9,9 (+41 to +64 pts),62.89839999999822,-14.75,30.64839999999822,14,17920.3496,17923.5996,17892.5508,17907.3008,17952.6504,17955.6504,17937.9492,17937.9492,53.81382630760446,49.27823803831287,64.55374696288337,34.23649455668388
2022-09-13 09:20:00,2022-09-13 10:30:00,cross_down,7,7 (+21 to +28 pts),23.599600000001374,-25.599599999997736,-5.300799999997253,14,18029.0,18048.25,18022.9492,18041.6504,18033.4004,18042.0508,18016.0508,18036.3496,54.10383282005391,50.827199126044675,66.44717449783637,42.01806888754473
2022-09-14 10:15:00,2022-09-14 13:45:00,cross_down,10,10 (+64 to +504 pts),154.6991999999991,-7.25,118.84959999999774,42,17913.5996,17914.8496,17903.4492,17910.0508,18048.6504,18051.25,18026.8496,18028.9004,34.80536659387823,32.596786775391706,64.17648051248034,43.77058555658151
2022-09-14 14:20:00,2022-09-14 14:45:00,cross_down,2,2 (+3 to +5 pts),4.451199999999517,-25.19919999999911,-21.5,5,18070.1992,18087.9004,18069.1992,18086.1992,18077.0,18082.0508,18061.0,18064.6992,62.885788031877496,61.57833065498678,59.533641310959126,35.46553306557478
2022-09-21 10:20:00,2022-09-21 11:35:00,cross_down,6,6 (+15 to +21 pts),19.35160000000178,-41.5,-32.349599999997736,15,17786.5508,17802.1992,17781.1992,17800.9492,17766.4492,17775.0,17765.5996,17768.5996,41.38033010858222,40.497840428357414,56.76198313369666,31.9871605128422
2022-09-21 12:40:00,2022-09-21 14:50:00,cross_down,10,10 (+64 to +504 pts),76.34959999999774,-35.85160000000178,20.548800000000483,26,17689.9492,17719.4492,17681.6992,17717.5508,17728.3496,17742.8496,17723.4492,17738.0996,33.67788498123592,29.25025167373721,51.902959781598604,54.27607991226496
2022-09-30 14:20:00,2022-09-30 14:25:00,cross_down,4,4 (+8 to +11 pts),9.701199999999517,-13.650400000002264,-6.548800000000483,1,17164.6504,17186.3008,17163.4492,17177.0996,17177.6992,17186.8008,17170.3496,17170.5508,80.96283951327547,80.81415665426283,56.19275994599348,69.30355417300879
2022-10-03 11:15:00,2022-10-03 12:30:00,cross_down,9,9 (+41 to +64 pts),48.5,-30.75,-13.650399999998626,15,16980.5,17013.5996,16980.5,17011.25,17007.5508,17008.9492,16982.3496,16997.5996,44.085875837985405,38.806134142177235,54.48234483112573,29.720728512148646
2022-10-03 12:45:00,2022-10-03 13:30:00,cross_down,6,6 (+15 to +21 pts),19.19919999999911,-34.45119999999952,-33.85160000000178,9,17000.5,17029.0,16997.8496,17027.0508,17012.8496,17015.3496,16992.5996,16993.1992,48.273948844087,46.69859836014304,54.05644814940658,23.03329113389296
2022-10-03 15:10:00,2022-10-03 15:25:00,session_end_forced,4,4 (+8 to +11 pts),10.0,-16.599600000001374,-15.25,3,16900.5508,16901.25,16886.3008,16891.25,16880.6504,16885.8008,16874.6504,16876.0,31.79033917843187,30.122729552613812,51.42529713803408,55.87251067600382
2022-10-04 12:40:00,2022-10-04 12:55:00,cross_down,3,3 (+5 to +8 pts),5.798800000000483,-17.599599999997736,-16.201199999999517,3,17256.0996,17261.4492,17251.3496,17255.6504,17253.4004,17259.1992,17238.0508,17239.4492,69.2888156367706,67.85473299958687,58.051179754921904,23.900653969271033
2022-10-06 09:15:00,2022-10-06 10:25:00,cross_down,9,9 (+41 to +64 pts),53.60160000000178,-29.298800000000483,35.30080000000089,14,17379.25,17428.3008,17368.5508,17374.6992,17409.0996,17415.8008,17402.6992,17410.0,68.6433767469717,65.59649627908749,66.52673586313179,31.276602742889075
2022-10-07 09:55:00,2022-10-07 10:35:00,cross_down,4,4 (+8 to +11 pts),8.75,-64.95119999999952,-62.45119999999952,8,17301.0,17328.5,17300.5508,17325.8008,17263.1504,17268.0508,17260.8496,17263.3496,34.873439093774714,33.987148698900846,67.44444316800664,48.772095223463545
2022-10-07 10:40:00,2022-10-07 10:45:00,cross_down,3,3 (+5 to +8 pts),5.400400000002264,-17.900399999998626,-17.550799999997253,1,17262.75,17282.8008,17261.0,17277.4004,17277.0996,17277.6992,17259.5,17259.8496,37.78091467744704,37.462904157156835,64.29034985719417,28.568776767402795
2022-10-07 10:50:00,2022-10-07 10:55:00,cross_down,1,1 (+0 to +3 pts),0.05080000000089058,-17.94919999999911,-12.25,1,17259.5996,17267.75,17254.3496,17267.6992,17267.6992,17267.6992,17249.75,17255.4492,37.81740309540692,37.45419634815392,64.29034985719417,25.16025691185368
2022-10-07 11:00:00,2022-10-07 12:10:00,cross_down,6,6 (+15 to +21 pts),17.5,-38.94919999999911,-26.099599999997736,14,17255.5508,17258.4492,17243.6992,17256.4492,17223.8008,17232.0,17217.5,17230.3496,36.786045668675335,36.410625808560916,64.29034985719417,25.63385527346648
2022-10-07 12:15:00,2022-10-07 15:25:00,session_end_forced,10,10 (+64 to +504 pts),96.44920000000275,-12.050799999997253,75.5,38,17230.75,17240.8496,17228.5996,17240.6504,17321.5,17321.5,17312.9492,17316.1504,36.80620863589465,34.441520679684785,56.438381495939865,25.619349670392275
2022-10-17 09:50:00,2022-10-17 11:55:00,cross_down,10,10 (+64 to +504 pts),122.20119999999952,-17.25,80.34959999999774,25,17148.8496,17163.6992,17144.5996,17161.8496,17236.8008,17244.25,17227.6504,17242.1992,36.82440193882455,35.16344517307689,58.288723293938936,50.67067546780267
2022-10-17 12:15:00,2022-10-17 13:00:00,cross_down,8,8 (+29 to +41 pts),31.949200000002747,-18.451199999999517,10.699200000002747,9,17272.0508,17274.8008,17263.6504,17274.6504,17283.1504,17289.6504,17273.3008,17285.3496,55.31409444500834,54.769549052663066,59.463260528261394,21.54608781798281
2022-10-17 13:10:00,2022-10-17 13:55:00,cross_down,8,8 (+29 to +41 pts),30.099599999997736,-15.048800000000483,-14.099600000001374,9,17285.6992,17305.5996,17285.6992,17298.0996,17304.9004,17306.0,17283.0508,17284.0,60.47772654008398,58.900916878171174,59.463260528261394,24.024027338751853
2022-10-18 09:15:00,2022-10-18 10:35:00,cross_down,9,9 (+41 to +64 pts),62.80079999999725,-30.548800000000483,30.650399999998626,16,17438.75,17473.0996,17434.0508,17464.5996,17518.4004,17519.4492,17495.25,17495.25,63.34321130836621,60.62639971601489,63.67222782018183,31.389934759441296
2022-10-18 15:05:00,2022-10-18 15:25:00,session_end_forced,1,1 (+0 to +3 pts),2.8495999999977357,-15.25,-2.25,4,17489.0508,17495.6992,17489.0508,17492.8496,17487.0508,17493.9492,17485.9492,17490.5996,51.991130059542265,51.41660219676233,72.56109894763495,22.079161662496755
2022-10-19 10:40:00,2022-10-19 10:45:00,cross_down,2,2 (+3 to +5 pts),4.048800000000483,-8.050799999997253,-6.599599999997736,1,17600.6504,17606.1992,17594.0996,17602.1504,17601.0,17602.0508,17594.5996,17595.5508,73.5044659466838,73.35906414712227,74.22303172174871,51.7552004461635
2022-10-19 13:45:00,2022-10-19 13:55:00,cross_down,3,3 (+5 to +8 pts),5.550799999997253,-23.0,-22.199200000002747,2,17527.25,17537.1504,17523.9004,17531.5996,17527.4492,17528.6504,17508.5996,17509.4004,47.35737916100997,46.659386344331125,72.06196034714563,23.302643963853235
2022-10-19 14:10:00,2022-10-19 14:50:00,cross_down,5,5 (+11 to +15 pts),11.101600000001781,-66.64839999999822,-64.84959999999774,8,17520.0996,17547.8008,17519.3008,17546.4492,17516.0508,17516.4004,17479.8008,17481.5996,47.58201772863987,44.26582566323905,72.06196034714563,24.158640981141957
2022-10-19 15:20:00,2022-10-19 15:25:00,session_end_forced,1,1 (+0 to +3 pts),1.7988000000004831,-17.30080000000089,-10.201199999999517,1,17513.25,17529.3008,17511.75,17529.0508,17529.5996,17530.8496,17517.4004,17518.8496,46.48943885292382,43.889588793080705,68.0073876278601,24.55283027069959
2022-10-20 09:55:00,2022-10-20 13:35:00,cross_down,9,9 (+41 to +64 pts),52.45119999999952,-12.798800000000483,14.400400000002264,44,17473.4492,17478.9004,17464.0508,17471.9492,17506.25,17507.9004,17486.0,17486.3496,39.145570280458834,37.46497247068049,66.08099422130323,36.59756730383824
2022-10-20 14:15:00,2022-10-20 15:25:00,session_end_forced,10,10 (+64 to +504 pts),73.04880000000048,-15.900400000002264,54.19919999999911,14,17506.1504,17515.3008,17505.5508,17511.0508,17572.8008,17575.0996,17562.6504,17565.25,51.53824721754961,51.01215961274853,56.99352794799261,26.667636562626654
2022-10-21 15:05:00,2022-10-21 15:25:00,session_end_forced,6,6 (+15 to +21 pts),19.150399999998626,-15.25,6.150399999998626,4,17562.3496,17577.9492,17562.3496,17577.5996,17594.75,17596.75,17581.6992,17583.75,40.73310049771012,37.6795388717219,66.07285272519063,45.705912670621856
2022-10-25 13:35:00,2022-10-25 14:35:00,cross_down,7,7 (+21 to +28 pts),26.349599999997736,-5.949200000002747,6.800799999997253,12,17687.25,17692.8008,17685.6504,17689.3496,17692.5996,17700.3496,17692.5508,17696.1504,53.323807657622254,50.618383681314484,62.11193032291075,24.562368947474454
2022-10-25 14:40:00,2022-10-25 14:55:00,cross_down,4,4 (+8 to +11 pts),10.601600000001781,-15.44919999999911,-13.398399999998219,3,17695.9004,17718.8008,17692.75,17708.1992,17702.1504,17704.4492,17694.5508,17694.8008,58.23542831743447,56.11383642930439,62.29224779853865,21.521639012322012
2022-10-27 09:25:00,2022-10-27 10:10:00,cross_down,5,5 (+11 to +15 pts),14.05080000000089,-38.55080000000089,-34.599600000001374,9,17764.4492,17770.1992,17757.4004,17766.0,17731.6504,17739.4492,17727.4492,17731.4004,54.05625929909435,47.755814617842915,58.258555330330964,45.63762979665894
2022-10-27 13:20:00,2022-10-27 14:25:00,cross_down,4,4 (+8 to +11 pts),10.201199999999517,-28.44919999999911,-21.25,13,17691.3008,17703.25,17690.3008,17702.6992,17685.75,17686.25,17674.25,17681.4492,43.68526899914875,43.28070433319705,58.56694719114548,30.949320669866925
2022-10-27 15:00:00,2022-10-27 15:25:00,session_end_forced,9,9 (+41 to +64 pts),57.150400000002264,-56.55079999999725,42.75,5,17659.5996,17716.5,17659.5996,17716.1504,17762.3008,17773.3008,17756.0,17758.9004,42.2782520769197,38.795971637601646,58.112485915809714,32.24378502076791
2022-10-28 14:20:00,2022-10-28 15:25:00,session_end_forced,9,9 (+41 to +64 pts),56.44919999999911,-9.5,51.89839999999822,13,17742.9004,17747.75,17734.5508,17744.0508,17794.6992,17797.4492,17792.0,17795.9492,44.372472812605274,43.08127668273473,58.619058555924596,20.75971222264461
2022-10-31 15:00:00,2022-10-31 15:25:00,session_end_forced,6,6 (+15 to +21 pts),17.94919999999911,-27.19919999999911,13.650399999998626,5,17979.6504,18008.1992,17977.5508,18004.75,18019.9492,18022.6992,18017.25,18018.4004,64.51730830833866,63.2421259107216,71.63319601675033,36.92804812474437
2022-11-01 14:40:00,2022-11-01 15:25:00,session_end_forced,8,8 (+29 to +41 pts),37.19920000000275,-15.349599999997736,24.349600000001374,9,18106.5996,18118.5996,18106.0,18118.4004,18147.9004,18151.0508,18137.5508,18142.75,51.43918117532961,50.669047135071686,73.70555634336924,13.897411425965142
2022-11-02 13:05:00,2022-11-02 15:25:00,session_end_forced,7,7 (+21 to +28 pts),23.05080000000089,-26.25,-4.099599999997736,28,18070.9492,18079.5996,18067.1992,18076.1992,18075.75,18079.1504,18070.6992,18072.0996,34.84071816872143,33.311615015077685,66.75604060181072,46.231147669717885
2022-11-03 09:30:00,2022-11-03 11:05:00,cross_down,8,8 (+29 to +41 pts),41.04880000000048,-28.150399999998626,-0.3495999999977357,19,18036.5,18070.0,18036.5,18064.6504,18072.0,18072.75,18062.6992,18064.3008,42.313366477015045,39.46878525505417,57.63695234919115,33.52424356191329
2022-11-03 11:10:00,2022-11-03 11:30:00,cross_down,5,5 (+11 to +15 pts),11.25,-25.80080000000089,-17.80080000000089,4,18063.4492,18088.0,18059.5,18085.3008,18078.9492,18079.9004,18067.4492,18067.5,50.92539566721632,50.536182692120526,56.91863489152314,13.92103240312042
2022-11-03 13:15:00,2022-11-03 15:25:00,session_end_forced,8,8 (+29 to +41 pts),40.55080000000089,-19.19919999999911,18.85160000000178,26,18030.1992,18035.5,18023.0,18027.6992,18052.8496,18054.4492,18044.4492,18046.5508,37.08115041059407,34.649187271021546,50.60554468647423,36.49287341668638
2022-11-07 14:00:00,2022-11-07 15:25:00,session_end_forced,10,10 (+64 to +504 pts),93.5,-17.25,78.25,17,18107.8496,18129.25,18107.8496,18125.0996,18217.3496,18217.8496,18197.5508,18203.3496,45.575050849296815,43.29548713240454,65.70282058893028,28.42911630889087
2022-11-09 13:40:00,2022-11-09 14:30:00,cross_down,7,7 (+21 to +28 pts),21.0,-10.849599999997736,-1.8495999999977357,10,18193.9492,18199.25,18191.9492,18191.9492,18194.5,18195.0508,18186.0508,18190.0996,50.89567827541048,48.58158370991525,66.7059150517483,18.63736968866603
2022-11-10 10:15:00,2022-11-10 12:20:00,cross_down,7,7 (+21 to +28 pts),21.951199999999517,-42.099600000001374,-39.900400000002264,25,18026.0,18040.5508,18020.5508,18039.3496,18004.6504,18011.1504,17997.25,17999.4492,29.917662927848436,29.1497101271534,51.553469702891846,52.24182876529873
2022-11-14 13:10:00,2022-11-14 14:35:00,cross_down,9,9 (+41 to +64 pts),42.35160000000178,-2.3495999999977357,15.851600000001781,17,18336.3496,18337.5508,18330.3496,18332.6992,18356.4492,18358.8496,18343.6504,18348.5508,45.04038166301823,44.72138247250776,73.56298313631879,29.26853003268117
2022-11-15 10:45:00,2022-11-15 13:55:00,cross_down,9,9 (+41 to +64 pts),41.75,-21.05080000000089,16.75,38,18292.1504,18304.5,18290.3008,18303.3008,18326.3008,18334.25,18320.0508,18320.0508,39.538661662598614,37.46888199468116,64.49465255822753,21.812036843403057
2022-11-15 14:30:00,2022-11-15 15:25:00,session_end_forced,10,10 (+64 to +504 pts),84.45119999999952,-12.650400000002264,79.45119999999952,11,18338.9492,18345.3496,18333.8496,18342.0996,18422.6504,18426.5508,18419.25,18421.5508,55.65482738495703,55.48415130013184,57.7180338954327,21.23539796699923
2022-11-16 10:35:00,2022-11-16 11:10:00,cross_down,7,7 (+21 to +28 pts),21.900400000002264,-18.048800000000483,5.0,7,18401.0508,18417.1504,18398.4004,18416.4492,18423.5508,18424.0996,18414.3008,18421.4492,64.21679675956571,63.43151617283872,64.41457537634288,30.63628433691666
2022-11-16 11:15:00,2022-11-16 11:20:00,cross_down,1,1 (+0 to +3 pts),0.8495999999977357,-12.400400000002264,-3.201199999999517,1,18421.3496,18431.0508,18418.6504,18431.0508,18430.0996,18431.9004,18427.4492,18427.8496,67.1512273986762,66.7159620432306,65.6270458696054,40.84531692756777
2022-11-16 11:30:00,2022-11-16 11:35:00,cross_down,1,1 (+0 to +3 pts),2.5,-13.201199999999517,-8.101600000001781,1,18430.3008,18441.8008,18426.0996,18439.3008,18439.1504,18439.1504,18429.6504,18431.1992,67.47109341436187,67.10562455929853,65.6270458696054,39.284834875380994
2022-11-16 13:40:00,2022-11-16 14:00:00,cross_down,2,2 (+3 to +5 pts),5.199200000002747,-23.050799999997253,-22.800799999997253,4,18432.5,18435.25,18424.6992,18432.4004,18425.4492,18425.4492,18409.3496,18409.5996,61.18651110873809,58.39617446092335,65.13981229076362,21.987598664533785
2022-11-16 15:05:00,2022-11-16 15:25:00,session_end_forced,1,1 (+0 to +3 pts),2.9491999999991094,-23.85160000000178,-15.701199999999517,4,18409.0996,18420.8008,18403.9004,18420.5508,18404.8008,18413.1504,18396.9492,18404.8496,50.89668868256153,47.4626515272477,63.206345678679384,34.96162681161342
2022-11-17 09:55:00,2022-11-17 10:00:00,cross_down,2,2 (+3 to +5 pts),3.5,-30.19919999999911,-23.89839999999822,1,18384.3496,18417.1992,18383.5,18413.6992,18413.9004,18416.9492,18389.4004,18389.8008,47.8346246737143,46.4889201774933,62.35637982684588,23.758008924997597
2022-11-17 11:35:00,2022-11-17 14:20:00,cross_down,8,8 (+29 to +41 pts),35.099600000001374,-14.400399999998626,21.599600000001374,33,18369.25,18380.0996,18368.6992,18374.0,18404.3496,18405.1992,18394.8008,18395.5996,42.04500764302131,41.49541477817302,56.804535805898965,17.53066509259471
2022-11-23 14:00:00,2022-11-23 14:20:00,cross_down,2,2 (+3 to +5 pts),3.3495999999977357,-9.201199999999517,-7.101600000001781,4,18284.3008,18289.5996,18282.8496,18288.3008,18284.3008,18287.8008,18279.0996,18281.1992,60.98615130032829,60.17401407730243,59.58285590293798,23.25971803566589
2022-11-23 14:25:00,2022-11-23 14:30:00,cross_down,1,1 (+0 to +3 pts),2.548800000000483,-12.951199999999517,-0.9004000000022643,1,18281.1992,18293.8496,18280.3496,18293.3008,18293.5996,18295.8496,18290.3008,18292.4004,62.674503756602704,62.01766079835948,61.534619151203415,27.41369630380831
2022-11-23 14:40:00,2022-11-23 15:00:00,cross_down,5,5 (+11 to +15 pts),10.900399999998626,-11.69919999999911,-11.05080000000089,4,18291.6992,18303.0,18291.0,18301.75,18310.8008,18312.6504,18290.0508,18290.6992,66.10236401742334,63.993525069333856,61.534619151203415,30.953628944741496
2022-11-24 09:35:00,2022-11-24 11:10:00,cross_down,8,8 (+29 to +41 pts),39.05080000000089,-19.849600000001374,28.5,19,18321.3496,18337.0508,18316.6504,18336.5,18372.0,18372.5996,18362.1504,18365.0,60.740945300149576,57.93132971293524,58.59695747803268,44.08389680488026
2022-11-24 15:05:00,2022-11-24 15:25:00,session_end_forced,9,9 (+41 to +64 pts),51.14839999999822,-29.05080000000089,34.54880000000048,4,18453.6992,18480.5,18447.25,18476.3008,18519.6504,18527.4492,18508.4492,18510.8496,71.91121915723224,66.79146368852477,71.79351833198297,42.64289100005061
2022-11-25 12:45:00,2022-11-25 13:15:00,cross_down,5,5 (+11 to +15 pts),11.150400000002264,-14.75,-1.4491999999991094,6,18476.5,18484.0508,18469.1992,18483.9492,18483.4492,18486.6504,18476.4492,18482.5,58.97661682952725,58.07533648831546,74.5969884186269,22.097002980757754
2022-11-25 13:35:00,2022-11-25 13:40:00,cross_down,2,2 (+3 to +5 pts),5.0,-7.25,-5.900399999998626,1,18491.5996,18496.4004,18488.9004,18491.4004,18491.5,18494.1992,18484.1504,18485.5,60.970554306051156,60.44718505118396,74.40443447956876,21.070310206821
2022-11-25 13:50:00,2022-11-25 14:10:00,cross_down,4,4 (+8 to +11 pts),7.949199999999109,-27.80080000000089,-17.60160000000178,4,18485.9004,18506.0,18484.6992,18504.5508,18502.3496,18503.8008,18476.75,18486.9492,61.70625507271029,60.83064246954701,74.40443447956876,24.16875077161085
2022-11-28 09:45:00,2022-11-28 09:55:00,cross_down,3,3 (+5 to +8 pts),7.849599999997736,-11.400400000002264,-10.30080000000089,2,18538.0996,18549.4004,18535.9004,18541.5508,18538.3008,18540.9004,18530.1504,18531.25,65.22341047185091,65.18833873396336,73.85605382967401,37.74057607032225
2022-11-28 10:15:00,2022-11-28 10:30:00,cross_down,5,5 (+11 to +15 pts),11.5,-10.94919999999911,-9.75,3,18539.9004,18547.3496,18539.3496,18547.0,18551.0996,18551.6504,18536.0508,18537.25,65.97399668431423,65.73481084480684,74.03148911615321,31.698725856376218
2022-11-28 11:10:00,2022-11-28 11:15:00,cross_down,1,1 (+0 to +3 pts),2.0,-6.949199999999109,-4.75,1,18567.0996,18567.1992,18562.1992,18565.1992,18564.6992,18565.9004,18558.25,18560.4492,67.08977196912844,66.51845536670915,74.03148911615321,22.855159446140682
2022-11-28 11:35:00,2022-11-28 12:35:00,cross_down,7,7 (+21 to +28 pts),27.0,-3.9004000000022643,12.349599999997736,12,18575.9004,18580.0,18573.5,18575.5508,18593.3008,18597.0508,18584.25,18587.9004,68.29447449716015,67.9000673910473,74.86110841559356,25.923811913859026
2022-11-29 09:25:00,2022-11-29 11:25:00,cross_down,8,8 (+29 to +41 pts),39.20119999999952,-15.69919999999911,23.10160000000178,24,18622.9004,18630.8008,18615.8008,18623.1992,18649.5,18652.3496,18643.4004,18646.3008,51.70327694255527,51.572806686336385,70.92282249178791,36.93297060749097
2022-11-30 09:20:00,2022-11-30 10:40:00,cross_down,6,6 (+15 to +21 pts),16.75,-44.54880000000048,-38.44919999999911,16,18675.3496,18677.9492,18661.1992,18661.1992,18631.4004,18639.1504,18622.5996,18622.75,42.6408415680941,41.15183863041986,66.81937874414596,45.10405008562772
2022-11-30 10:55:00,2022-11-30 12:50:00,cross_down,8,8 (+29 to +41 pts),31.30080000000089,-6.849599999997736,8.30080000000089,23,18632.8008,18635.8496,18629.75,18632.6992,18647.5508,18647.5508,18639.8008,18641.0,46.83905806393955,46.24841004627529,66.04823172372063,15.311479741267243
2022-11-30 12:55:00,2022-11-30 13:40:00,cross_down,6,6 (+15 to +21 pts),20.14839999999822,-14.701199999999517,4.599599999997736,9,18640.8496,18657.5508,18640.8496,18655.5508,18658.3496,18662.9004,18657.1504,18660.1504,54.89355248756987,53.74491886972376,64.30364727885546,19.490512992621344
2022-11-30 14:25:00,2022-11-30 14:55:00,cross_down,5,5 (+11 to +15 pts),13.849599999997736,-16.150400000002264,-11.351600000001781,6,18672.0996,18687.75,18671.4004,18687.3008,18686.6504,18687.25,18671.1504,18675.9492,62.96598552766743,60.03948708835312,65.45292760173874,25.49833597792674
2022-11-30 15:00:00,2022-11-30 15:25:00,session_end_forced,10,10 (+64 to +504 pts),91.59959999999774,-42.94920000000275,57.599599999997736,5,18676.4004,18720.9492,18676.4004,18719.3496,18799.9004,18810.9492,18772.8008,18776.9492,66.08519842426993,64.52080863679817,65.45292760173874,30.7944292393063
2022-12-01 14:30:00,2022-12-01 14:35:00,cross_down,3,3 (+5 to +8 pts),5.951199999999517,-28.548800000000483,-19.900400000002264,1,18834.25,18845.3008,18833.3496,18839.3496,18838.5,18838.5508,18810.8008,18819.4492,55.04192387190347,54.719944900449846,78.70641320887721,29.348830825451273
2022-12-01 14:55:00,2022-12-01 15:00:00,cross_down,3,3 (+5 to +8 pts),7.400399999998626,-20.599600000001374,-2.75,1,18827.25,18839.25,18823.6992,18831.8496,18832.5,18838.0,18811.25,18829.0996,53.867199991850114,53.82433090505458,78.70641320887721,21.74973396189692
2022-12-02 10:50:00,2022-12-02 15:25:00,session_end_forced,5,5 (+11 to +15 pts),13.19919999999911,-58.70119999999952,6.898399999998219,55,18694.5996,18705.9492,18694.0508,18698.3008,18704.6992,18708.1504,18699.5996,18705.1992,28.338213665844535,27.50054828780929,65.98548096823953,57.66422234638446
2022-12-13 15:10:00,2022-12-13 15:15:00,cross_down,3,3 (+5 to +8 pts),7.451199999999517,-5.650400000002264,-2.6504000000022643,1,18611.0508,18613.3008,18605.0996,18605.8496,18605.8008,18605.8008,18600.1992,18603.1992,60.0902620350097,58.87865387584666,56.269524675623025,35.19865856697175
2022-12-13 15:20:00,2022-12-13 15:25:00,cross_down,1,1 (+0 to +3 pts),0.8008000000008906,-20.05080000000089,-16.900399999998626,1,18603.1992,18611.8496,18602.9492,18611.25,18611.5,18612.0508,18591.1992,18594.3496,62.841269640512984,61.088672732940985,58.469550658573645,37.77636855530604
2022-12-14 09:15:00,2022-12-14 10:00:00,cross_down,9,9 (+41 to +64 pts),41.54880000000048,-1.9004000000022643,10.548800000000483,9,18671.25,18671.9004,18652.4004,18654.3008,18668.8008,18669.0,18654.9492,18664.8496,63.748964236389654,60.76205668609182,59.27980281540355,38.56052635504397
2022-12-14 14:55:00,2022-12-14 15:25:00,cross_down,4,4 (+8 to +11 pts),8.150400000002264,-28.0,-25.19919999999911,6,18661.5,18670.1992,18661.3496,18668.1992,18642.5996,18649.9004,18641.6992,18643.0,49.68016313745141,45.602239736903,66.22879235355799,32.523664188958726
2022-12-15 10:25:00,2022-12-15 11:55:00,cross_down,2,2 (+3 to +5 pts),4.199199999999109,-39.75,-36.849600000001374,18,18586.6992,18593.6992,18586.4004,18589.5,18557.5508,18558.8496,18549.75,18552.6504,33.29749450411407,31.609542376256584,58.220366860475394,65.06884230306841
2022-12-15 13:05:00,2022-12-15 15:25:00,session_end_forced,2,2 (+3 to +5 pts),3.3495999999977357,-146.69920000000275,-141.04880000000048,28,18532.6504,18538.4492,18531.0508,18535.0996,18388.75,18398.0,18388.75,18394.0508,29.05050973126852,24.66560125695731,50.9831841045975,45.06360319679323
2022-12-27 12:05:00,2022-12-27 12:20:00,cross_down,6,6 (+15 to +21 pts),16.048800000000483,-11.75,-5.550800000000891,3,18057.5,18059.5996,18048.0508,18055.5508,18067.6992,18068.3008,18043.8008,18050.0,58.18460563988656,57.95840732763472,50.32018353078503,14.805474129656051
2022-12-27 13:25:00,2022-12-27 14:25:00,cross_down,9,9 (+41 to +64 pts),60.900400000002264,-6.25,22.75,12,18071.0996,18073.75,18058.4004,18063.6504,18091.5508,18094.6992,18073.4492,18086.4004,56.843269636900295,55.78346496709587,55.03145146987939,24.57833055811263
2022-12-27 14:50:00,2022-12-27 15:00:00,cross_down,2,2 (+3 to +5 pts),3.4491999999991094,-31.10160000000178,-10.25,2,18128.3496,18141.25,18124.6992,18137.8008,18127.5,18133.0996,18106.6992,18127.5508,66.9556944703786,65.1888415905783,59.017175612014285,39.574509423172906
2022-12-28 11:20:00,2022-12-28 11:25:00,cross_down,2,2 (+3 to +5 pts),5.050799999997253,-9.650400000002264,-4.150400000002264,1,18138.5996,18141.4004,18135.3496,18136.3496,18136.0,18136.0,18126.6992,18132.1992,58.57282342586574,58.46329923561641,69.04062958030269,20.80183264344039
2022-12-28 11:55:00,2022-12-28 12:20:00,cross_down,3,3 (+5 to +8 pts),6.0,-21.798800000000483,-15.599600000001374,5,18138.25,18150.5996,18138.25,18146.5996,18148.1504,18148.1504,18124.8008,18131.0,59.09935443004003,57.31199003114621,69.04062958030269,18.757511716511935
2022-12-28 13:50:00,2022-12-28 14:30:00,cross_down,5,5 (+11 to +15 pts),14.80080000000089,-11.44919999999911,-2.25,8,18152.25,18165.6504,18150.4004,18158.25,18162.9004,18165.0,18154.25,18156.0,56.76949045534041,53.98889315488083,69.8137562794796,25.03168586535829
2022-12-29 10:30:00,2022-12-29 15:25:00,session_end_forced,10,10 (+64 to +504 pts),202.19920000000275,-1.4511999999995169,201.75,59,18010.4492,18013.3008,18007.1992,18008.6504,18206.3496,18210.8496,18200.0996,18210.4004,30.253871208729663,29.92847082044254,56.94535029927878,50.535683010662744
2022-12-30 14:50:00,2022-12-30 15:00:00,cross_down,3,3 (+5 to +8 pts),5.298800000000483,-120.5,-113.34959999999774,2,18187.5,18201.8496,18183.9004,18201.4004,18191.75,18194.0996,18080.9004,18088.0508,47.344523445840714,47.1234418486755,63.81063990774064,21.833311076307844
2023-01-02 09:30:00,2023-01-02 11:50:00,cross_down,10,10 (+64 to +504 pts),76.45119999999952,-35.29880000000048,49.900399999998626,28,18101.9004,18128.6992,18087.5508,18122.8496,18182.0508,18183.6504,18171.25,18172.75,41.492535014060586,39.78854978298242,55.20564269276384,30.150614782945212
2023-01-02 12:10:00,2023-01-02 12:25:00,cross_down,3,3 (+5 to +8 pts),5.25,-32.0,-24.900400000002264,3,18182.4004,18192.9492,18181.0,18192.0508,18182.6992,18182.6992,18160.0508,18167.1504,53.91259628008768,52.60522964119885,55.47013992238713,15.181120191510013
2023-01-02 13:15:00,2023-01-02 13:40:00,cross_down,3,3 (+5 to +8 pts),7.349599999997736,-16.5,-14.699200000002747,5,18182.25,18187.3008,18179.8496,18186.0996,18180.9492,18181.9492,18169.5996,18171.4004,51.28730525577606,50.58694966989333,56.16578894376278,20.05661161064859
2023-01-02 14:45:00,2023-01-02 15:25:00,session_end_forced,7,7 (+21 to +28 pts),24.900400000002264,-36.39839999999822,18.75,8,18156.0508,18196.6504,18153.8008,18190.1992,18207.1504,18215.0996,18206.25,18208.9492,47.85684286410924,46.169624907443406,55.375266407712616,31.98774863468711
2023-01-03 09:40:00,2023-01-03 11:20:00,cross_down,9,9 (+41 to +64 pts),46.70119999999952,-9.048800000000483,32.150400000002264,20,18184.8008,18195.6992,18184.6504,18193.6992,18237.0508,18237.0996,18221.8496,18225.8496,52.990375803008256,52.294304690646264,57.24991589352808,23.281271592006778
2023-01-03 13:25:00,2023-01-03 15:25:00,cross_down,9,9 (+41 to +64 pts),57.69920000000275,-10.550799999997253,40.150400000002264,24,18190.8496,18195.0,18183.5996,18194.1504,18237.75,18239.5508,18230.8008,18234.3008,46.56510184207369,45.343462395527624,57.0648657486114,40.43049195825558
2023-01-09 14:40:00,2023-01-09 15:25:00,session_end_forced,9,9 (+41 to +64 pts),50.5,-32.5,23.55080000000089,9,18067.5996,18069.1504,18060.5996,18065.1992,18103.9492,18103.9492,18083.9004,18088.75,52.622581209377564,52.33340320713447,53.70832933607249,24.655369071293656
2023-01-10 11:15:00,2023-01-10 11:25:00,cross_down,1,1 (+0 to +3 pts),0.0,-24.298800000000483,-22.798800000000483,2,17954.0,17964.9492,17946.25,17964.9492,17953.9492,17957.8008,17940.6504,17942.1504,34.75072045792326,34.01822660454589,51.134779579786155,37.35390604954593
2023-01-10 11:50:00,2023-01-10 12:55:00,cross_down,8,8 (+29 to +41 pts),33.5,-62.25,-59.849599999997736,13,17936.5,17941.5,17930.75,17941.1992,17886.3496,17893.0996,17878.9492,17881.3496,31.211315318829968,30.51919992925425,51.134779579786155,46.988094461998216
2023-01-16 13:05:00,2023-01-16 15:25:00,session_end_forced,8,8 (+29 to +41 pts),31.150400000002264,-59.0,-21.451199999999517,28,17889.9492,17913.5,17889.5508,17913.1504,17898.8496,17900.8496,17890.8496,17891.6992,36.617181476893535,32.43201095568,55.87719635761543,40.85920316966821
2023-01-17 13:50:00,2023-01-17 15:25:00,session_end_forced,10,10 (+64 to +504 pts),82.75,-23.94919999999911,69.05080000000089,19,17976.4004,17994.8496,17972.6504,17987.75,18060.1504,18060.9492,18052.25,18056.8008,49.72973371506002,48.93624533875463,56.29376093596332,26.926019580202926
2023-01-19 10:35:00,2023-01-19 12:45:00,cross_down,9,9 (+41 to +64 pts),41.19920000000275,-18.349599999997736,-3.5,26,18098.25,18114.5996,18095.5508,18113.9004,18128.5508,18129.3008,18107.4004,18110.4004,43.50585559249764,42.53842049723175,65.89475403032878,31.75528841608785
2023-01-19 13:40:00,2023-01-19 13:45:00,cross_down,2,2 (+3 to +5 pts),3.3008000000008906,-13.0,-11.0,1,18120.6504,18128.8008,18114.75,18125.5,18125.1992,18127.6504,18112.5,18114.5,49.22861902404425,48.08660875546877,61.346496065856144,18.55132601589743
2023-01-19 14:05:00,2023-01-19 14:20:00,cross_down,5,5 (+11 to +15 pts),13.0,-30.0,-28.89839999999822,3,18120.75,18132.5508,18118.1504,18125.1992,18114.8496,18120.75,18095.1992,18096.3008,49.16448483467725,48.05539060545647,61.346496065856144,18.27195641824971
2023-01-19 15:05:00,2023-01-19 15:25:00,cross_down,1,1 (+0 to +3 pts),1.5488000000004831,-35.10160000000178,-31.0,4,18118.5,18120.0508,18114.0996,18120.0508,18099.4492,18099.8008,18084.9492,18089.0508,47.294031690622774,43.942243620373546,60.577156608893496,14.625827132896681
2023-01-20 09:15:00,2023-01-20 11:10:00,cross_down,9,9 (+41 to +64 pts),48.80079999999725,-26.400400000002264,8.451199999999517,23,18115.5996,18116.1992,18082.1992,18095.8496,18118.5508,18119.6504,18103.8496,18104.3008,43.68233272480048,42.54202594955399,55.88298251175647,19.92606177706829
2023-01-20 12:30:00,2023-01-20 12:40:00,cross_down,1,1 (+0 to +3 pts),2.1504000000022643,-22.599599999997736,-21.5,2,18108.8008,18111.0996,18102.6504,18108.9492,18107.0,18107.6992,18086.3496,18087.4492,48.45139238256981,47.866572434178295,53.134405893420634,19.78557769495213
2023-01-20 13:15:00,2023-01-20 13:30:00,cross_down,1,1 (+0 to +3 pts),1.75,-26.599599999997736,-25.14839999999822,3,18096.4004,18104.1992,18093.9004,18104.1992,18091.1992,18092.5996,18077.5996,18079.0508,46.92201919315808,45.90354784016144,52.04099139298114,19.672718119456583
2023-01-23 13:35:00,2023-01-23 14:55:00,cross_down,6,6 (+15 to +21 pts),19.949200000002747,-13.900399999998626,-7.5,16,18103.5996,18118.4492,18102.5,18116.4004,18115.75,18115.8496,18107.8008,18108.9004,45.78923993045655,45.52803361991653,50.036459535281885,39.134872293814055
2023-01-23 15:00:00,2023-01-23 15:20:00,cross_down,3,3 (+5 to +8 pts),6.400400000002264,-24.300799999997253,-11.201199999999517,4,18109.8008,18126.0996,18100.5996,18124.9004,18120.9004,18121.3496,18110.3496,18113.6992,51.76220397500311,50.91760100241848,51.342084280839146,18.691487578412588
2023-01-24 09:15:00,2023-01-24 10:05:00,cross_down,8,8 (+29 to +41 pts),32.19919999999911,-30.0,-28.85160000000178,10,18183.9492,18184.6504,18157.0996,18168.5508,18159.3496,18161.0,18138.5508,18139.6992,53.46649196820203,50.389010510427454,52.00055215341521,22.792289465326405
2023-01-24 12:55:00,2023-01-24 13:20:00,cross_down,1,1 (+0 to +3 pts),3.101600000001781,-16.75,-13.69919999999911,5,18142.1992,18143.5,18136.4004,18140.4492,18132.9492,18134.8496,18123.6992,18126.75,49.23775553546159,46.557461813730576,55.00709684616383,28.65485925077154
2023-01-24 14:30:00,2023-01-24 15:25:00,session_end_forced,6,6 (+15 to +21 pts),17.201199999999517,-18.25,-16.048800000000483,11,18102.8008,18118.1992,18101.3496,18117.1992,18108.8496,18109.75,18099.9492,18101.1504,43.88252726918599,39.80311907473212,53.38803347834447,31.976772652930883
2023-02-01 12:50:00,2023-02-01 13:05:00,cross_down,5,5 (+11 to +15 pts),12.400399999998626,-30.75,-30.548800000000483,3,17934.0508,17966.25,17933.8496,17959.0996,17955.25,17957.6992,17928.3496,17928.5508,69.29001886648264,68.32276061736465,57.10361723189193,31.728465502897315
2023-02-01 15:10:00,2023-02-01 15:25:00,session_end_forced,9,9 (+41 to +64 pts),41.900399999998626,-32.94920000000275,-29.199200000002747,3,17669.8008,17676.5,17614.1504,17634.5996,17625.0996,17626.6504,17601.6504,17605.4004,39.44763755720819,35.88282123039575,57.70448268871549,48.76826662835348
2023-02-03 13:40:00,2023-02-03 15:25:00,cross_down,10,10 (+64 to +504 pts),135.04880000000048,-16.10160000000178,96.0,21,17722.9004,17740.75,17722.1504,17734.8008,17847.0508,17848.3496,17825.75,17830.8008,63.281934927264516,60.93243039082171,51.43764667431455,20.69314783605636
2023-02-06 11:50:00,2023-02-06 14:35:00,cross_down,9,9 (+41 to +64 pts),51.04880000000048,-16.80080000000089,19.099599999997736,33,17734.3008,17734.6992,17729.3496,17733.8008,17752.5508,17762.3008,17750.6504,17752.9004,47.4595513387256,47.141976158476105,57.93135544241118,16.50945200034151
2023-02-07 09:15:00,2023-02-07 09:35:00,cross_down,6,6 (+15 to +21 pts),20.25,-34.349600000001374,-27.548800000000483,4,17790.0996,17795.5508,17756.5,17790.5996,17775.8496,17779.5,17756.25,17763.0508,56.97574819225575,55.37231104258398,56.16940178406933,21.264156459667213
2023-02-08 13:25:00,2023-02-08 13:35:00,cross_down,3,3 (+5 to +8 pts),7.25,-36.44919999999911,-25.849599999997736,2,17872.0996,17881.4492,17867.8008,17881.4492,17876.5508,17876.6504,17845.0,17855.5996,60.80644869235904,60.39820991989622,59.92382150600691,26.659166001387256
2023-02-09 10:10:00,2023-02-09 11:50:00,cross_down,8,8 (+29 to +41 pts),29.25,-11.150400000002264,2.3495999999977357,20,17865.0996,17869.25,17853.3008,17855.8008,17873.1504,17873.6504,17856.9004,17858.1504,48.214027145428496,47.49425797962076,63.080355140264494,31.90112907989376
2023-02-09 13:30:00,2023-02-09 14:50:00,cross_down,9,9 (+41 to +64 pts),58.30080000000089,-21.650399999998626,24.5,16,17837.3496,17858.4004,17835.5996,17857.25,17886.8496,17891.0,17880.8008,17881.75,47.342977465238704,44.13016256949686,58.86519511343347,29.519169534915054
2023-02-10 10:40:00,2023-02-10 12:00:00,cross_down,8,8 (+29 to +41 pts),32.29880000000048,-13.25,-12.349599999997736,16,17838.5996,17848.5996,17836.9004,17844.6504,17847.4492,17858.5508,17831.4004,17832.3008,46.27334002490678,43.581514121625084,58.84368771131546,22.767744091150092
2023-02-10 13:40:00,2023-02-10 15:25:00,session_end_forced,7,7 (+21 to +28 pts),24.849599999997736,-16.650400000002264,3.048800000000483,21,17833.5996,17844.8008,17831.9492,17840.3008,17859.5508,17859.9492,17840.0,17843.3496,46.166617953520074,41.22983369306168,52.78639406117166,23.919443149364067
2023-02-15 10:15:00,2023-02-15 11:55:00,cross_down,7,7 (+21 to +28 pts),27.30080000000089,-19.5,2.351600000001781,20,17923.25,17934.8008,17923.25,17931.6992,17940.5,17944.3008,17928.1504,17934.0508,54.40975473111751,53.31997439236551,64.78805232189657,42.21182680930983
2023-02-15 12:55:00,2023-02-15 13:00:00,cross_down,1,1 (+0 to +3 pts),2.5508000000008906,-21.150399999998626,-20.25,1,17934.3496,17943.0996,17933.0508,17941.5,17941.3496,17944.0508,17920.3496,17921.25,55.33040563458506,54.688038304739166,64.93469865132786,20.25069316708055
2023-02-15 14:10:00,2023-02-15 15:25:00,session_end_forced,10,10 (+64 to +504 pts),97.85160000000178,-12.099599999997736,87.25,15,17929.4004,17940.5508,17923.8496,17935.9492,18031.8496,18033.8008,18016.6504,18023.1992,53.36554735553218,51.913963196687,64.4229763065929,16.964460161977488
2023-02-16 13:40:00,2023-02-16 13:45:00,cross_down,2,2 (+3 to +5 pts),3.898399999998219,-14.80080000000089,-11.351600000001781,1,18089.5,18098.9492,18089.1504,18095.0508,18094.8496,18098.8008,18080.25,18083.6992,57.497676816020295,57.272291014706816,76.45364275906073,37.77411134784174
2023-02-17 09:50:00,2023-02-17 12:30:00,cross_down,8,8 (+29 to +41 pts),38.69919999999911,-56.150399999998626,-41.80080000000089,32,18013.5996,18024.9004,17994.6504,17995.0,17956.25,17956.8496,17938.8496,17953.1992,37.369586607200645,37.205134362802404,67.19209877432682,39.689320120812674
2023-03-01 14:35:00,2023-03-01 14:50:00,cross_down,5,5 (+11 to +15 pts),14.900399999998626,-4.150400000002264,3.4003999999986263,3,17451.75,17456.75,17448.4492,17452.5996,17460.0,17461.3008,17451.8496,17456.0,66.60399468361855,65.54860114692265,51.618148712161094,25.772470201799916
2023-03-02 10:40:00,2023-03-02 10:50:00,cross_down,2,2 (+3 to +5 pts),5.050800000000891,-26.548800000000483,-26.39839999999822,2,17385.6992,17387.4004,17378.1992,17382.9492,17373.9004,17374.25,17356.4004,17356.5508,44.203269797153496,42.7049577638698,52.393783818946986,37.02893576059546
2023-03-02 11:00:00,2023-03-02 13:05:00,cross_down,8,8 (+29 to +41 pts),30.80080000000089,-18.69919999999911,-15.599600000001374,25,17365.6504,17379.25,17365.4004,17371.0,17357.3008,17368.8008,17352.3008,17355.4004,43.71840114599641,41.842837083870954,52.393783818946986,29.249583817449153
2023-03-06 09:35:00,2023-03-06 10:25:00,cross_down,8,8 (+29 to +41 pts),30.599599999997736,-25.701199999999517,13.148399999998219,10,17747.3008,17763.3008,17737.5996,17763.3008,17783.1504,17793.9004,17775.1504,17776.4492,74.54667543802782,72.8905556451993,67.35697954800307,55.78626191485692
2023-03-08 09:50:00,2023-03-08 11:40:00,cross_down,9,9 (+41 to +64 pts),41.64839999999822,-17.25,-3.101600000001781,22,17655.0,17683.25,17652.8008,17670.0508,17672.8008,17673.1504,17666.1992,17666.9492,38.78612646430456,37.42332237373955,71.94251360021705,29.6544069015013
2023-03-08 11:45:00,2023-03-08 11:50:00,cross_down,1,1 (+0 to +3 pts),0.8516000000017812,-17.25,-15.398399999998219,1,17666.5996,17671.6992,17660.1992,17671.1992,17671.5508,17672.0508,17653.9492,17655.8008,41.00362800258581,40.59344940352976,66.54643239844994,19.64825870906361
2023-03-08 12:30:00,2023-03-08 15:25:00,session_end_forced,10,10 (+64 to +504 pts),102.15039999999863,-8.69919999999911,87.25,35,17655.5508,17670.8008,17655.5508,17664.25,17763.8008,17765.0,17747.25,17751.5,38.80706535024114,35.52877141360055,62.59715640792322,26.05104640051325
2023-03-09 11:15:00,2023-03-09 11:55:00,cross_down,6,6 (+15 to +21 pts),19.849599999997736,-11.25,-7.150400000002264,8,17703.4492,17712.4492,17692.3008,17703.5508,17695.25,17700.9004,17693.9004,17696.4004,50.51598479353094,49.834234222077875,58.63820994799957,18.14833979719439
2023-03-09 13:25:00,2023-03-09 13:30:00,cross_down,1,1 (+0 to +3 pts),0.1503999999986263,-17.5,-17.099600000001374,1,17656.1992,17666.9004,17654.0508,17666.75,17666.6992,17666.6992,17649.25,17649.6504,41.617554306241914,40.85455020620116,53.80052661786998,25.402813363174854
2023-03-09 14:35:00,2023-03-09 15:10:00,cross_down,2,2 (+3 to +5 pts),4.298800000000483,-34.150400000002264,-34.150400000002264,7,17607.8496,17624.8496,17607.8008,17620.5508,17602.1504,17604.6992,17586.4004,17586.4004,33.84342283583731,33.778386232020196,50.49545692679418,40.89682333977073
2023-03-21 13:00:00,2023-03-21 13:30:00,cross_down,6,6 (+15 to +21 pts),15.648399999998219,-20.650400000002264,-15.701199999999517,6,17083.4004,17100.25,17083.4004,17090.3008,17076.75,17081.3008,17069.6504,17074.5996,62.802628346551856,62.3898813090903,52.26742194464899,29.334638185207638
2023-03-21 14:40:00,2023-03-21 14:45:00,cross_down,1,1 (+0 to +3 pts),3.0996000000013737,-16.0,-4.449199999999109,1,17108.0996,17126.5996,17107.5,17123.5,17122.25,17125.0508,17107.9492,17119.0508,63.3370862023135,63.2214440502757,55.80866699481089,35.33844087704746
2023-03-21 14:50:00,2023-03-21 15:00:00,cross_down,2,2 (+3 to +5 pts),3.9004000000022643,-21.44919999999911,-18.048800000000483,2,17119.1504,17127.0996,17115.0996,17123.1992,17119.1504,17122.0508,17101.75,17105.1504,65.22644002755604,64.71793043353782,55.80866699481089,38.99051980625821
2023-03-22 09:25:00,2023-03-22 09:30:00,cross_down,7,7 (+21 to +28 pts),24.451199999999517,-30.798800000000483,-23.650400000002264,1,17181.0996,17196.8008,17169.6992,17172.3496,17171.4492,17171.9004,17141.5508,17148.6992,63.78736928134718,63.215454719101395,58.508034758618145,37.58117707132155
2023-03-22 15:00:00,2023-03-22 15:25:00,session_end_forced,6,6 (+15 to +21 pts),18.599600000001374,-11.150399999998626,-3.25,5,17140.3496,17151.1992,17134.8496,17146.0,17150.8008,17153.6504,17142.75,17142.75,51.10128714146375,49.988114520056186,63.474330225305856,19.211845375193246
2023-03-23 09:55:00,2023-03-23 11:10:00,cross_down,9,9 (+41 to +64 pts),46.80079999999725,-16.150400000002264,11.25,15,17109.0996,17125.0996,17108.9492,17125.0996,17132.9004,17139.5,17130.1992,17136.3496,45.56902251631711,44.69447204762929,64.25081992608409,31.549753958818428
2023-03-23 11:25:00,2023-03-23 13:10:00,cross_down,9,9 (+41 to +64 pts),59.75,-10.80080000000089,31.39839999999822,21,17142.75,17145.3008,17134.5,17145.3008,17181.3008,17182.8008,17168.3496,17176.6992,52.186447733778245,51.85073859460172,62.62138446209834,18.343036252161134
2023-03-24 09:45:00,2023-03-24 12:50:00,cross_down,7,7 (+21 to +28 pts),27.69919999999911,-59.44919999999911,-21.30080000000089,37,17037.0508,17073.25,17026.75,17070.25,17046.75,17055.0996,17040.4004,17048.9492,33.81154333603418,28.695327613694168,52.02907725322733,37.655373291172644
2023-04-03 12:05:00,2023-04-03 12:55:00,cross_down,2,2 (+3 to +5 pts),4.400400000002264,-16.25,-14.648399999998219,10,17345.1504,17359.1992,17344.1992,17359.1992,17354.0996,17355.4492,17343.6992,17344.5508,54.82021064483476,51.69618519249818,77.19465820786186,28.125900567348296
2023-04-03 14:05:00,2023-04-03 15:25:00,session_end_forced,9,9 (+41 to +64 pts),44.849600000001374,-8.650399999998626,34.29880000000048,16,17363.0508,17372.5996,17357.9492,17365.4004,17397.9492,17404.0,17395.0,17399.6992,56.064160029978375,53.30802393689272,75.20118482485438,22.80196331275874
2023-04-06 10:40:00,2023-04-06 10:45:00,cross_down,3,3 (+5 to +8 pts),5.949199999999109,-9.0,-2.9003999999986263,1,17590.1504,17603.1992,17588.75,17597.25,17596.4004,17596.5508,17588.25,17594.3496,67.64999494182649,66.5571459425991,85.56537090911911,35.44542120262787
2023-04-06 10:50:00,2023-04-06 11:15:00,cross_down,7,7 (+21 to +28 pts),22.701199999999517,-16.048800000000483,-14.699200000002747,5,17595.1504,17598.6992,17591.0508,17597.8496,17617.5,17620.5508,17581.8008,17583.1504,68.968706516695,68.29903844775878,85.56537090911911,37.456064471979246
2023-04-06 14:40:00,2023-04-06 15:25:00,session_end_forced,6,6 (+15 to +21 pts),17.099600000001374,-5.25,6.099600000001374,9,17602.1992,17609.75,17594.8496,17595.9004,17605.5996,17606.3008,17597.3008,17602.0,50.698030330610024,50.51884668318567,81.41553451627348,32.190474655990194
2023-04-10 11:45:00,2023-04-10 13:00:00,cross_down,9,9 (+41 to +64 pts),47.60160000000178,-1.0995999999977357,37.400400000002264,15,17647.3496,17651.9492,17644.5996,17645.6992,17686.25,17689.4492,17682.4492,17683.0996,59.04705081405348,58.994673123928365,76.71391702154874,27.677651958631966
2023-04-11 09:15:00,2023-04-11 10:40:00,cross_down,10,10 (+64 to +504 pts),68.84960000000137,-10.75,36.900399999998626,17,17704.8008,17709.25,17669.0,17679.75,17722.4004,17722.4004,17710.3496,17716.6504,47.94658288761349,41.84145084038565,67.52801074305842,39.844453424670576
2023-04-11 13:30:00,2023-04-11 15:25:00,cross_down,9,9 (+41 to +64 pts),43.04880000000048,-8.599599999997736,26.150400000002264,23,17682.75,17695.6504,17682.3008,17690.9004,17726.1504,17729.9492,17713.0508,17717.0508,50.78567446730197,48.38388268041392,64.81197787959222,24.319333698991173
2023-04-12 09:20:00,2023-04-12 10:00:00,cross_down,7,7 (+21 to +28 pts),27.099599999997736,-34.5,3.548800000000483,8,17725.4492,17757.9492,17717.8008,17752.3008,17761.5,17761.5,17748.5508,17755.8496,63.51720164585674,60.51995394231616,65.06679428115434,27.462752285360633
2023-04-12 13:20:00,2023-04-12 13:45:00,cross_down,5,5 (+11 to +15 pts),13.75,-9.201199999999517,0.048800000000483124,5,17800.75,17808.4492,17800.6992,17805.3008,17808.6992,17812.0996,17804.0996,17805.3496,67.72308878351441,67.36955872546103,69.55288860877846,33.642759359835125
2023-04-13 11:55:00,2023-04-13 12:10:00,cross_down,1,1 (+0 to +3 pts),0.9004000000022643,-24.048800000000483,-22.599599999997736,3,17760.25,17770.0996,17760.1992,17769.1992,17754.4492,17755.0,17745.1504,17746.5996,43.295694716592706,40.44605923552285,67.48097290931366,32.19297795202799
2023-04-13 12:40:00,2023-04-13 15:25:00,session_end_forced,10,10 (+64 to +504 pts),89.15039999999863,-12.048800000000483,75.80079999999725,33,17741.0996,17753.3496,17740.3008,17752.3496,17835.0508,17838.0996,17826.4004,17828.1504,38.59543533862357,37.84167784867752,63.49185010638304,29.437212541412393
2023-04-17 10:40:00,2023-04-17 14:55:00,cross_down,9,9 (+41 to +64 pts),57.900399999998626,-17.599600000001374,40.30079999999725,51,17629.8008,17645.5996,17628.0,17645.5996,17678.25,17692.9492,17678.0508,17685.9004,39.338935829455366,37.18441550404225,56.34629484747383,35.569372323748276
2023-04-24 12:25:00,2023-04-24 14:20:00,cross_down,10,10 (+64 to +504 pts),75.5,-5.199199999999109,71.80080000000089,23,17639.75,17645.6504,17639.5,17644.6992,17712.0,17720.0,17711.5,17716.5,56.93581317415955,54.073244013915755,51.466037551856196,20.674826669947006
2023-04-24 15:20:00,2023-04-24 15:25:00,session_end_forced,2,2 (+3 to +5 pts),3.6503999999986263,-10.0,-2.5996000000013737,1,17747.1504,17751.6504,17740.5996,17750.5996,17751.0996,17754.25,17742.4492,17748.0,75.29003881147416,74.88650041302945,63.9914010227927,51.5363289304089
2023-04-25 14:25:00,2023-04-25 14:30:00,cross_down,2,2 (+3 to +5 pts),4.101600000001781,-9.548800000000483,-9.048800000000483,1,17798.25,17802.8008,17796.9004,17798.6992,17799.0,17802.5996,17789.1504,17789.6504,61.68283537829225,59.87897678045181,78.65524079708965,30.208481174900662
2023-04-25 14:35:00,2023-04-25 14:40:00,cross_down,2,2 (+3 to +5 pts),4.451199999999517,-8.949200000002747,-4.548800000000483,1,17790.8008,17800.5508,17790.1504,17799.0996,17799.3496,17803.5508,17794.4492,17794.5508,61.23088437862008,60.82877819810959,78.65524079708965,27.356071868305552
2023-04-26 10:15:00,2023-04-26 13:00:00,cross_down,9,9 (+41 to +64 pts),51.70119999999952,-6.349600000001374,22.050799999997253,33,17752.0,17758.6992,17751.5,17757.8496,17784.9492,17787.0508,17775.8496,17779.9004,45.68452807519896,43.369188522970525,71.18127008573326,37.26741706626753
2023-04-26 15:00:00,2023-04-26 15:25:00,session_end_forced,7,7 (+21 to +28 pts),27.5,-16.5,18.89839999999822,5,17784.6504,17804.0996,17782.8008,17799.3008,17825.9004,17826.8008,17816.8008,17818.1992,54.19388367785359,54.17220215160451,70.33888302306676,18.834660668389304
2023-04-27 15:20:00,2023-04-27 15:25:00,session_end_forced,1,1 (+0 to +3 pts),1.5996000000013737,-13.300799999997253,-6.451199999999517,1,17923.9492,17930.0508,17921.0508,17929.6504,17928.1992,17931.25,17916.3496,17923.1992,77.04547253468188,75.22016726617574,82.67185653105068,38.60459002156476
2023-04-28 11:05:00,2023-04-28 12:45:00,cross_down,8,8 (+29 to +41 pts),28.900399999998626,-13.0,16.451199999999517,20,17935.8496,17948.3496,17935.5,17948.3496,17969.5508,17972.4004,17959.0,17964.8008,66.38263079683469,64.02936980386025,81.05637834326583,30.77362908057673
2023-04-28 15:05:00,2023-04-28 15:25:00,session_end_forced,7,7 (+21 to +28 pts),28.5,-14.851600000001781,-10.75,4,18047.8008,18060.3008,18045.4492,18060.3008,18083.8008,18083.8496,18046.3496,18049.5508,70.29124154842751,69.11744301464698,81.41390390172651,30.302786280975496
2023-05-03 10:15:00,2023-05-03 13:50:00,cross_down,7,7 (+21 to +28 pts),24.05078125,-44.048828125,-41.3984375,43,18083.650390625,18094.349609375,18083.650390625,18092.19921875,18073.19921875,18073.25,18048.150390625,18050.80078125,36.55183713012232,35.592430137302664,73.0069522333315,41.198182588588566
2023-05-03 14:00:00,2023-05-03 15:25:00,session_end_forced,8,8 (+29 to +41 pts),30.849609375,-17.80078125,10.94921875,17,18055.44921875,18074.19921875,18053.94921875,18071.75,18095.25,18096.25,18077.650390625,18082.69921875,41.320977063538535,40.278466622359886,61.72506321207726,25.169898577039874
2023-05-04 14:55:00,2023-05-04 15:25:00,cross_down,8,8 (+29 to +41 pts),38.25,-7.349609375,9.75,6,18224.0,18228.900390625,18221.5,18228.849609375,18250.80078125,18253.900390625,18236.849609375,18238.599609375,74.44872389193492,73.48667045108687,67.08712952754851,49.5321684465364
2023-05-05 10:50:00,2023-05-05 11:00:00,cross_down,2,2 (+3 to +5 pts),4.099609375,-27.44921875,-26.0,2,18208.25,18216.94921875,18205.650390625,18212.849609375,18210.69921875,18211.150390625,18185.400390625,18186.849609375,58.240316554071825,57.80856119212105,69.29919636767411,23.861631687274706
2023-05-05 12:20:00,2023-05-05 13:50:00,cross_down,7,7 (+21 to +28 pts),23.201171875,-42.25,-33.5,18,18147.44921875,18153.5,18137.5,18145.19921875,18120.150390625,18122.80078125,18102.94921875,18111.69921875,41.72793494634244,40.84533174624106,60.984500687728456,37.82879034232429
2023-05-05 14:05:00,2023-05-05 14:50:00,cross_down,6,6 (+15 to +21 pts),17.19921875,-41.599609375,-25.30078125,9,18123.849609375,18139.599609375,18115.75,18129.400390625,18116.05078125,18117.19921875,18087.80078125,18104.099609375,42.543183462101226,41.91844857236892,58.55940837819225,25.948968391039962
2023-05-08 11:35:00,2023-05-08 12:25:00,cross_down,7,7 (+21 to +28 pts),26.451171875,-12.94921875,9.55078125,10,18240.44921875,18252.25,18238.400390625,18251.349609375,18262.75,18263.25,18257.55078125,18260.900390625,64.01317750211996,64.00542453055752,53.23001842623623,31.509823885705586
2023-05-09 14:30:00,2023-05-09 15:25:00,session_end_forced,2,2 (+3 to +5 pts),3.451171875,-29.19921875,-20.1484375,11,18270.25,18281.900390625,18269.400390625,18278.44921875,18259.400390625,18264.349609375,18255.400390625,18258.30078125,38.72735838002934,35.04907638601212,64.36031390534187,46.98666172507488
2023-05-10 10:15:00,2023-05-10 13:20:00,cross_down,9,9 (+41 to +64 pts),62.298828125,-11.55078125,29.048828125,37,18226.44921875,18241.94921875,18225.099609375,18236.650390625,18284.150390625,18286.849609375,18265.69921875,18265.69921875,37.6687663420043,37.28931330637161,55.400897518555865,27.742445047447298
2023-05-10 14:10:00,2023-05-10 14:45:00,cross_down,6,6 (+15 to +21 pts),16.599609375,-13.05078125,-5.3515625,7,18279.150390625,18290.099609375,18276.80078125,18288.55078125,18286.05078125,18288.55078125,18275.5,18283.19921875,53.75568414665566,53.502111488120846,55.92828925819167,22.334653097942113
2023-05-10 15:00:00,2023-05-10 15:25:00,session_end_forced,5,5 (+11 to +15 pts),13.30078125,-29.900390625,-2.0,5,18286.69921875,18313.0,18283.099609375,18313.0,18317.099609375,18318.75,18307.75,18311.0,56.647404185007915,56.420908413634244,56.52100754862849,18.906358756050757
2023-05-11 14:15:00,2023-05-11 14:30:00,cross_down,2,2 (+3 to +5 pts),4.0,-27.400390625,-17.19921875,3,18322.80078125,18343.25,18321.150390625,18339.25,18322.05078125,18322.150390625,18312.0,18322.05078125,54.607608870596216,54.36017032312133,61.24924350454938,22.006489284864067
2023-05-12 10:00:00,2023-05-12 14:25:00,cross_down,10,10 (+64 to +504 pts),97.0,-17.25,76.05078125,53,18234.25,18250.69921875,18227.75,18245.0,18325.69921875,18333.349609375,18320.849609375,18321.05078125,35.413023135946155,33.55282491140102,57.57281171539956,43.90623660998303
2023-05-15 09:40:00,2023-05-15 10:30:00,cross_down,7,7 (+21 to +28 pts),25.950000000000728,-9.5,12.099999999998545,10,18364.15,18366.5,18355.25,18364.75,18378.25,18382.55,18375.7,18376.85,62.97556968850234,61.69236224544558,53.98167651270631,33.32175350606094
2023-05-16 10:05:00,2023-05-16 10:25:00,cross_down,2,2 (+3 to +5 pts),5.049999999999272,-21.900000000001455,-20.200000000000728,4,18407.25,18411.0,18403.65,18405.95,18389.0,18391.5,18384.4,18385.75,48.12924717635957,47.12575010882461,64.68791417357974,21.769956898110202
2023-05-16 10:50:00,2023-05-16 11:20:00,cross_down,2,2 (+3 to +5 pts),3.399999999997817,-31.5,-30.600000000002183,6,18381.85,18390.15,18379.2,18390.15,18374.25,18376.25,18358.65,18359.55,43.3505264130979,42.23859253940883,63.55472767168048,25.704326106932058
2023-05-16 11:50:00,2023-05-16 14:40:00,cross_down,4,4 (+8 to +11 pts),10.850000000002183,-38.54999999999927,-27.549999999999272,34,18366.05,18367.55,18363.7,18366.6,18340.15,18349.5,18337.5,18339.05,36.56995365138775,34.753160392877675,61.07044355499061,43.240953077295266
2023-05-22 14:50:00,2023-05-22 15:15:00,cross_down,6,6 (+15 to +21 pts),16.349999999998545,-11.850000000002183,-4.549999999999272,5,18308.25,18318.6,18306.8,18318.45,18308.9,18318.1,18308.05,18313.9,58.280406654036334,57.58462301350143,63.2082660191633,22.763490423209106
2023-05-23 09:15:00,2023-05-23 10:00:00,cross_down,7,7 (+21 to +28 pts),27.549999999999272,-31.350000000002183,5.399999999997817,9,18362.9,18383.05,18349.8,18381.15,18397.35,18401.9,18385.35,18386.55,59.73740979057193,59.102162383654175,65.28538341506137,31.710454282223974
2023-05-24 09:40:00,2023-05-24 11:45:00,cross_down,9,9 (+41 to +64 pts),62.5,-8.0,22.549999999999272,25,18332.8,18333.2,18322.0,18330.0,18361.8,18362.1,18352.55,18352.55,35.33880459053516,33.22616665272444,65.86046700296188,60.01884919131519
2023-05-24 13:40:00,2023-05-24 14:55:00,cross_down,4,4 (+8 to +11 pts),9.549999999999272,-52.349999999998545,-51.0,15,18317.65,18323.5,18314.8,18316.25,18270.5,18270.5,18263.9,18265.25,37.09298746621727,35.35519212023018,56.51119186982193,38.923362353802936
2023-05-24 15:00:00,2023-05-24 15:25:00,session_end_forced,7,7 (+21 to +28 pts),26.400000000001455,-6.450000000000728,16.450000000000728,5,18265.05,18280.7,18264.1,18270.55,18290.5,18293.0,18285.4,18287.0,31.47754516014902,31.067965966904886,53.82058650540433,32.471300406582266
2023-05-29 14:00:00,2023-05-29 14:20:00,cross_down,4,4 (+8 to +11 pts),8.450000000000728,-13.100000000002183,-13.100000000002183,4,18615.0,18621.85,18615.0,18617.2,18618.9,18620.5,18604.1,18604.1,61.18881951800453,61.095519456074825,78.97095038952814,37.65762779784943
2023-05-30 09:20:00,2023-05-30 10:25:00,cross_down,7,7 (+21 to +28 pts),22.899999999997817,-25.900000000001455,-1.3500000000021828,13,18617.35,18639.2,18613.0,18638.9,18650.7,18650.7,18637.55,18637.55,55.94429768082934,52.811422936517616,75.7382974255752,28.9660154408232
2023-05-30 12:15:00,2023-05-30 12:25:00,cross_down,1,1 (+0 to +3 pts),0.0,-23.600000000002183,-17.950000000000728,2,18620.25,18626.95,18616.75,18626.95,18611.05,18612.2,18603.35,18609.0,51.56432440141825,50.05850798412217,71.54745618830354,16.95454790370324
2023-05-30 13:05:00,2023-05-30 15:15:00,cross_down,8,8 (+29 to +41 pts),30.200000000000728,-10.150000000001455,15.099999999998545,26,18614.0,18617.95,18613.25,18616.5,18634.0,18637.05,18631.6,18631.6,49.95499770274533,47.72729498015053,71.54745618830354,17.993432930567792
2023-05-30 15:20:00,2023-05-30 15:25:00,session_end_forced,2,2 (+3 to +5 pts),3.5499999999992724,-13.049999999999272,-3.849999999998545,1,18631.3,18645.3,18630.75,18643.8,18643.45,18647.35,18638.3,18639.95,57.45034879146193,57.22304062050149,68.29804698721455,24.449735168718195
2023-05-31 11:00:00,2023-05-31 11:40:00,cross_down,5,5 (+11 to +15 pts),11.049999999999272,-30.450000000000728,-26.799999999999272,8,18548.2,18551.55,18544.9,18547.75,18520.1,18523.0,18518.7,18520.95,36.06240323256429,34.32442070037509,63.25983030193733,42.57381298957422
2023-05-31 12:15:00,2023-05-31 15:25:00,session_end_forced,9,9 (+41 to +64 pts),57.29999999999927,-25.350000000002183,11.899999999997817,38,18498.65,18509.65,18492.0,18509.4,18545.65,18546.6,18509.55,18521.3,30.021873187141644,26.54344654817082,52.67734833878211,56.07004514109737
2023-06-06 09:40:00,2023-06-06 09:45:00,cross_down,2,2 (+3 to +5 pts),3.25,-11.900000000001455,-11.900000000001455,1,18611.05,18613.4,18604.6,18610.15,18610.55,18612.65,18598.25,18598.25,47.793000365882925,47.529759228304755,60.64914427059466,30.44435064138169
2023-06-06 11:30:00,2023-06-06 15:25:00,session_end_forced,10,10 (+64 to +504 pts),68.45000000000073,-21.649999999997817,63.5,47,18558.5,18558.5,18550.65,18553.6,18619.25,18622.05,18614.95,18617.1,32.05562772044106,30.07053444626298,54.574420058679095,52.00497815641351
2023-06-07 14:35:00,2023-06-07 15:00:00,cross_down,6,6 (+15 to +21 pts),19.049999999999272,-3.0,13.799999999999272,5,18705.2,18709.75,18704.8,18705.9,18713.95,18724.95,18712.0,18719.7,70.82936324586747,70.60147600821558,68.33182957910842,45.79926449984414
2023-06-07 15:05:00,2023-06-07 15:25:00,cross_down,5,5 (+11 to +15 pts),12.450000000000728,-7.75,4.049999999999272,4,18719.8,18729.95,18719.5,18726.3,18738.25,18738.25,18723.6,18730.35,76.42286843000267,74.73417769628158,68.33182957910842,56.36022840395428
2023-06-08 13:35:00,2023-06-08 14:45:00,cross_down,8,8 (+29 to +41 pts),36.400000000001455,-41.89999999999782,-41.89999999999782,14,18687.35,18688.95,18682.35,18687.35,18684.0,18685.5,18645.45,18645.45,38.67761240673944,38.65276269600367,68.98826827062494,37.11717143881567
2023-06-09 09:15:00,2023-06-09 11:05:00,cross_down,5,5 (+11 to +15 pts),12.599999999998545,-63.150000000001455,-53.05000000000291,22,18655.9,18671.9,18644.9,18663.65,18609.5,18610.75,18600.5,18610.6,37.77516187552807,33.27897515294927,55.84860601028441,47.369898165536114
2023-06-13 11:00:00,2023-06-13 11:15:00,cross_down,2,2 (+3 to +5 pts),4.200000000000728,-12.600000000002183,0.0,3,18696.8,18708.55,18694.6,18707.2,18707.05,18709.55,18705.8,18707.2,70.94949918120591,69.78969723230779,51.09623019307665,46.26873552921208
2023-06-13 11:20:00,2023-06-13 11:30:00,cross_down,3,3 (+5 to +8 pts),6.450000000000728,-5.150000000001455,-2.100000000002183,2,18707.7,18713.2,18706.8,18711.95,18714.1,18717.0,18709.5,18709.85,71.42521983831512,70.69266222015449,55.62645218065417,48.96349133039958
2023-06-13 15:05:00,2023-06-13 15:25:00,session_end_forced,5,5 (+11 to +15 pts),14.0,-6.599999999998545,4.900000000001455,4,18712.35,18715.6,18707.15,18713.75,18722.6,18727.45,18714.0,18718.65,59.43762850529305,55.495278805630065,62.55825650675968,28.50894308487746
2023-06-14 10:45:00,2023-06-14 11:15:00,cross_down,4,4 (+8 to +11 pts),8.799999999999272,-15.149999999997817,-6.049999999999272,6,18717.55,18733.8,18717.4,18732.55,18727.1,18730.35,18724.3,18726.5,59.728597124122686,57.07215097273115,64.84491667641952,29.053758429073966
2023-06-14 12:20:00,2023-06-14 12:25:00,cross_down,1,1 (+0 to +3 pts),2.1999999999970896,-9.55000000000291,-6.650000000001455,1,18747.3,18749.6,18743.35,18747.4,18747.45,18747.8,18737.85,18740.75,66.21452413698243,65.35454480099152,67.20575242995352,29.246356272741437
2023-06-15 10:05:00,2023-06-15 10:40:00,cross_down,5,5 (+11 to +15 pts),13.900000000001455,-7.150000000001455,1.7999999999992724,7,18777.05,18783.2,18776.65,18780.0,18784.4,18786.4,18781.25,18781.8,59.99844177585657,58.601996097846836,70.02049863533084,48.81706769919851
2023-06-15 12:30:00,2023-06-15 14:10:00,cross_down,7,7 (+21 to +28 pts),25.149999999997817,-28.350000000002183,-26.400000000001455,20,18730.0,18739.95,18730.0,18732.2,18719.85,18728.7,18703.85,18705.8,43.11423728305643,41.56407509627056,64.99205837021175,28.306325154569315
2023-06-15 15:05:00,2023-06-15 15:25:00,session_end_forced,1,1 (+0 to +3 pts),2.100000000002183,-21.5,-18.19999999999709,4,18695.95,18701.45,18680.4,18700.35,18683.4,18688.45,18678.85,18682.15,35.26946323480223,32.65306503815045,56.67660639894903,43.86813048539086
2023-06-16 14:10:00,2023-06-16 15:15:00,cross_down,10,10 (+64 to +504 pts),74.10000000000218,-16.69999999999709,24.850000000002183,13,18773.65,18789.9,18773.15,18789.85,18823.05,18826.0,18807.4,18814.7,60.35190401209907,55.860771378577454,57.15684249313405,17.663031136928648
2023-06-19 12:15:00,2023-06-19 13:20:00,cross_down,2,2 (+3 to +5 pts),3.7999999999992724,-59.150000000001455,-55.5,13,18780.1,18793.3,18779.65,18792.7,18739.65,18744.7,18733.55,18737.2,45.55908557132096,41.4116303418088,62.48258236227234,38.71380898306074
2023-06-19 13:50:00,2023-06-19 15:25:00,session_end_forced,9,9 (+41 to +64 pts),46.75,-14.150000000001455,14.950000000000728,19,18733.55,18739.6,18729.75,18739.25,18755.1,18755.85,18746.85,18754.2,32.98467406217963,32.15148326753156,58.701770564723816,45.36004709389874
2023-06-20 09:50:00,2023-06-20 10:35:00,cross_down,5,5 (+11 to +15 pts),12.599999999998545,-38.599999999998545,-33.95000000000073,9,18700.55,18708.0,18694.5,18699.75,18666.3,18668.75,18663.8,18665.8,34.74420473928681,34.73466114922731,51.29856024539424,33.68915731687353
2023-06-21 12:55:00,2023-06-21 14:00:00,cross_down,6,6 (+15 to +21 pts),15.05000000000291,-8.549999999999272,1.1500000000014552,13,18843.75,18849.35,18840.8,18849.35,18856.2,18858.35,18847.45,18850.5,60.63390599532398,60.05250801105869,59.103191361626216,19.06553405447356
2023-06-22 13:20:00,2023-06-22 14:25:00,cross_down,9,9 (+41 to +64 pts),44.5,-39.04999999999927,-33.04999999999927,13,18811.7,18823.5,18810.65,18818.05,18802.45,18805.75,18779.0,18785.0,40.46174109107592,37.20842288949312,55.24556035573457,35.693353251828476
2023-06-27 14:00:00,2023-06-27 14:40:00,cross_down,8,8 (+29 to +41 pts),38.599999999998545,-7.25,10.299999999999272,8,18757.75,18763.5,18754.7,18761.95,18791.8,18791.8,18771.75,18772.25,66.33949825311751,66.19820089465651,52.17807384043712,42.51816007690084
2023-06-28 09:25:00,2023-06-28 09:40:00,cross_down,6,6 (+15 to +21 pts),19.900000000001455,-9.599999999998545,-0.8999999999978172,3,18867.9,18871.95,18864.9,18871.05,18884.8,18885.45,18868.35,18870.15,78.01186278208124,77.15315193407164,63.641959910894336,71.22959083933455
2023-06-30 09:25:00,2023-06-30 10:05:00,cross_down,6,6 (+15 to +21 pts),20.0,-12.049999999999272,-0.5499999999992724,8,19083.9,19092.65,19082.0,19087.45,19087.85,19093.15,19084.4,19086.9,67.75886344823206,63.60436850316785,80.34515634212384,39.4602219138678
2023-06-30 13:10:00,2023-06-30 13:15:00,cross_down,4,4 (+8 to +11 pts),8.899999999997817,-2.0,2.2999999999992724,1,19148.3,19151.05,19145.1,19145.4,19145.7,19154.3,19143.4,19147.7,72.89834354510602,72.75859498352693,85.1596861233422,44.75617488764024
2023-06-30 13:25:00,2023-06-30 13:30:00,cross_down,2,2 (+3 to +5 pts),4.0,-9.5,-3.25,1,19146.1,19159.6,19146.1,19155.6,19154.95,19156.5,19149.75,19152.35,74.36238757214466,73.96932078522458,86.51797635180024,51.90784996547204
2023-06-30 15:10:00,2023-06-30 15:25:00,cross_down,3,3 (+5 to +8 pts),6.849999999998545,-13.049999999999272,-11.049999999999272,3,19186.2,19194.6,19182.1,19194.25,19197.0,19199.55,19181.2,19183.2,77.20686321799248,74.63175647527419,87.50954459209365,52.82200363480914
2023-07-03 09:15:00,2023-07-03 10:00:00,cross_down,9,9 (+41 to +64 pts),56.45000000000073,-34.04999999999927,29.350000000002183,9,19246.5,19278.4,19239.75,19273.8,19310.45,19316.8,19300.55,19303.15,78.0183585327296,75.79372270847016,88.56949655568394,58.90465790862858
2023-07-04 09:15:00,2023-07-04 09:30:00,cross_down,3,3 (+5 to +8 pts),7.399999999997817,-33.25,-29.799999999999272,3,19406.6,19412.35,19374.6,19404.95,19377.85,19385.4,19371.7,19375.15,62.62130747721014,61.411930471906146,81.1767207118701,27.86216178101689
2023-07-04 12:00:00,2023-07-04 13:05:00,cross_down,9,9 (+41 to +64 pts),42.650000000001455,-10.849999999998545,32.099999999998545,13,19348.65,19362.8,19348.65,19359.5,19384.9,19392.0,19383.8,19391.6,58.814415898358575,58.160267296887845,80.03808139079251,16.092315242880385
2023-07-04 13:25:00,2023-07-04 13:30:00,cross_down,1,1 (+0 to +3 pts),1.0499999999992724,-16.150000000001455,-9.700000000000728,1,19419.35,19432.5,19416.35,19432.5,19431.4,19433.55,19418.45,19422.8,71.69909132448485,69.24489537834222,81.33077146181927,39.17304504163344
2023-07-05 11:30:00,2023-07-05 12:30:00,cross_down,3,3 (+5 to +8 pts),7.5,-18.349999999998545,-13.799999999999272,12,19383.8,19402.25,19382.8,19397.0,19386.1,19387.4,19378.65,19383.2,51.570512117084476,49.41805882563702,75.96417005454286,16.5572534257757
2023-07-05 14:15:00,2023-07-05 14:35:00,cross_down,2,2 (+3 to +5 pts),3.350000000002183,-34.04999999999927,-33.849999999998545,4,19381.0,19384.8,19374.35,19381.85,19375.85,19376.55,19347.8,19348.0,50.002621969466695,49.16177279796498,72.28859716839085,16.233712349743858
2023-07-05 15:05:00,2023-07-05 15:25:00,session_end_forced,7,7 (+21 to +28 pts),28.049999999999272,-30.400000000001455,23.299999999999272,4,19361.75,19392.0,19361.6,19392.0,19415.4,19417.7,19408.8,19415.3,46.350187013291446,43.20989387241532,72.28859716839085,24.811037727308516
2023-07-06 14:40:00,2023-07-06 14:45:00,cross_down,6,6 (+15 to +21 pts),15.149999999997817,-12.350000000002183,7.700000000000728,1,19474.75,19490.55,19474.6,19486.95,19487.05,19502.1,19483.35,19494.65,59.67680073330402,59.21014663327917,76.73090198440188,30.67139332871331
2023-07-06 14:50:00,2023-07-06 15:00:00,cross_down,1,1 (+0 to +3 pts),1.4499999999970896,-15.700000000000728,-8.200000000000728,2,19494.8,19500.85,19487.15,19499.4,19490.25,19497.85,19483.7,19491.2,63.78135314874173,62.27500732074011,76.73090198440188,37.56892537331326
2023-07-06 15:10:00,2023-07-06 15:15:00,cross_down,3,3 (+5 to +8 pts),6.5,-9.100000000002183,-1.6000000000021828,1,19498.4,19511.95,19496.35,19505.45,19505.8,19506.15,19500.2,19503.85,65.32372720262822,64.88661590435679,76.73090198440188,42.19329346610579
2023-07-07 12:15:00,2023-07-07 15:10:00,cross_down,8,8 (+29 to +41 pts),33.20000000000073,-61.400000000001455,-60.04999999999927,35,19380.65,19385.7,19380.05,19385.7,19341.45,19343.95,19324.3,19325.65,33.666465375178944,31.46341904910588,63.23997205607277,49.621752473581054
2023-07-11 11:10:00,2023-07-11 11:15:00,cross_down,1,1 (+0 to +3 pts),2.75,-10.299999999999272,0.1500000000014552,1,19492.55,19501.3,19490.25,19500.55,19500.65,19503.3,19497.2,19500.7,72.01605512389617,71.97382177170358,50.553807962776794,51.613242653054726
2023-07-11 11:20:00,2023-07-11 11:25:00,cross_down,1,1 (+0 to +3 pts),2.3000000000029104,-9.049999999999272,-7.099999999998545,1,19500.75,19503.9,19497.0,19501.6,19500.9,19503.85,19492.55,19494.5,73.66827354988051,73.59535380345348,54.39650627182267,54.03466761595117
2023-07-11 15:20:00,2023-07-11 15:25:00,session_end_forced,3,3 (+5 to +8 pts),7.200000000000728,-6.099999999998545,2.3000000000029104,1,19444.1,19448.25,19439.75,19445.85,19445.45,19453.05,19443.75,19448.15,41.6950623997229,40.09111816354677,56.19919609795935,29.884759042219724
2023-07-12 10:35:00,2023-07-12 11:20:00,cross_down,6,6 (+15 to +21 pts),17.650000000001455,-20.25,-19.599999999998545,9,19458.05,19465.9,19457.95,19461.55,19454.15,19454.5,19441.3,19441.95,48.81501844523661,47.932870159993726,56.04042797235673,18.00201570433614
2023-07-12 12:35:00,2023-07-12 15:00:00,cross_down,8,8 (+29 to +41 pts),41.05000000000291,-20.149999999997817,-20.149999999997817,29,19417.15,19422.5,19414.7,19421.1,19437.15,19443.5,19400.95,19400.95,41.17205107639961,40.05351202976082,53.39686178227706,31.91747378708729
2023-07-13 15:15:00,2023-07-13 15:25:00,session_end_forced,6,6 (+15 to +21 pts),19.450000000000728,-10.44999999999709,17.350000000002183,2,19418.45,19428.35,19415.4,19425.85,19432.5,19445.3,19432.4,19443.2,33.1329921199129,32.84036170166969,52.82425977950264,48.116610396820356
2023-07-14 13:40:00,2023-07-14 13:45:00,cross_down,1,1 (+0 to +3 pts),2.650000000001455,-21.650000000001455,-18.849999999998545,1,19484.6,19501.65,19483.0,19499.0,19499.15,19499.15,19477.35,19480.15,55.710100761033864,54.83341609040697,52.99473650021387,21.182251746456735
2023-07-14 14:05:00,2023-07-14 14:20:00,cross_down,5,5 (+11 to +15 pts),14.649999999997817,-6.75,-3.2000000000007276,3,19512.25,19520.05,19500.25,19505.4,19507.55,19508.7,19499.75,19502.2,56.62809866542425,55.87982345716051,52.99473650021387,20.987401850971914
2023-07-14 15:00:00,2023-07-14 15:25:00,session_end_forced,9,9 (+41 to +64 pts),52.20000000000073,-33.599999999998545,45.0,5,19508.75,19543.65,19508.75,19542.35,19593.75,19594.55,19583.7,19587.35,58.73087070856421,58.31620539053921,54.52916058649801,20.699447928192164
2023-07-18 09:20:00,2023-07-18 09:30:00,cross_down,3,3 (+5 to +8 pts),5.599999999998545,-40.849999999998545,-40.849999999998545,2,19778.1,19796.75,19770.4,19793.0,19788.9,19793.4,19752.15,19752.15,76.85686129997319,76.76312718990721,75.8553502149542,48.5791676004924
2023-07-18 13:45:00,2023-07-18 14:20:00,cross_down,8,8 (+29 to +41 pts),30.94999999999709,-27.100000000002183,-22.200000000000728,7,19739.65,19754.2,19737.45,19747.65,19735.35,19735.35,19720.55,19725.45,51.989502249729654,50.846687129505085,71.96152964085721,17.343937964696117
2023-07-18 15:15:00,2023-07-18 15:25:00,session_end_forced,1,1 (+0 to +3 pts),1.3500000000021828,-17.0,-7.049999999999272,2,19742.55,19759.95,19741.6,19758.6,19751.45,19752.95,19742.1,19751.55,52.461848736693966,51.7234630946668,68.88036334031524,20.96946624229725
2023-07-19 12:25:00,2023-07-19 14:15:00,cross_down,9,9 (+41 to +64 pts),46.25,-4.150000000001455,20.25,22,19759.8,19761.05,19751.1,19755.25,19780.8,19782.0,19768.9,19775.5,46.52081157896294,45.00153205599143,63.22623753920021,19.71772615265762
2023-07-19 14:55:00,2023-07-19 15:25:00,session_end_forced,9,9 (+41 to +64 pts),47.5,-17.950000000000728,45.45000000000073,6,19783.75,19803.45,19783.75,19801.7,19837.65,19849.2,19836.25,19847.15,55.177586147455145,52.65694210252441,62.1385464528753,18.279384931280024
2023-07-20 10:25:00,2023-07-20 11:15:00,cross_down,6,6 (+15 to +21 pts),15.5,-14.849999999998545,-14.599999999998545,10,19823.25,19834.9,19820.15,19831.75,19831.1,19831.1,19816.9,19817.15,53.64264091656382,53.03885048755622,62.19953159005532,29.540678530763735
2023-07-20 11:40:00,2023-07-20 11:45:00,cross_down,2,2 (+3 to +5 pts),4.049999999999272,-7.450000000000728,-4.700000000000728,1,19842.9,19845.25,19837.5,19841.2,19840.8,19842.9,19833.75,19836.5,59.44520130840319,58.98501988118651,61.98154318960455,26.88358454562468
2023-07-20 11:55:00,2023-07-20 13:35:00,cross_down,10,10 (+64 to +504 pts),76.25,-9.849999999998545,40.0,20,19842.4,19853.05,19840.0,19849.85,19920.95,19921.9,19887.7,19889.85,61.017785868624316,60.251859991111715,61.98154318960455,27.800288307922127
2023-07-21 11:50:00,2023-07-21 14:20:00,cross_down,8,8 (+29 to +41 pts),34.400000000001455,-54.14999999999782,-39.349999999998545,30,19774.65,19790.9,19773.75,19787.55,19772.1,19773.35,19745.6,19748.2,38.62122465390727,36.550253578866936,59.740062104514294,36.759099778477264
2023-07-27 09:20:00,2023-07-27 10:00:00,cross_down,6,6 (+15 to +21 pts),19.049999999999272,-39.10000000000218,-37.25,8,19857.35,19863.65,19843.65,19848.45,19814.15,19819.05,19809.35,19811.2,55.11404950560502,50.295333568858155,57.15026901169322,31.235170144541534
2023-07-27 12:45:00,2023-07-27 14:40:00,cross_down,4,4 (+8 to +11 pts),10.150000000001455,-120.04999999999927,-106.14999999999782,23,19730.25,19737.55,19722.5,19735.85,19621.05,19630.8,19615.8,19629.7,38.53393877686951,37.21008697524565,54.54193238643528,39.56937939334231
2023-08-01 13:10:00,2023-08-01 14:50:00,cross_down,7,7 (+21 to +28 pts),27.75,-15.299999999999272,-11.400000000001455,20,19728.0,19738.0,19725.7,19738.0,19744.45,19746.85,19722.7,19726.6,47.915838569986796,45.18075094539068,57.81267019653292,29.665366897174213
2023-08-07 10:20:00,2023-08-07 10:45:00,cross_down,4,4 (+8 to +11 pts),8.549999999999272,-24.55000000000291,-19.850000000002183,5,19575.3,19577.9,19561.2,19577.4,19574.9,19576.15,19552.85,19557.55,64.78926065374505,63.243588733276816,51.84684842261386,33.761437247118174
2023-08-07 12:30:00,2023-08-07 13:50:00,cross_down,9,9 (+41 to +64 pts),49.04999999999927,-10.0,30.150000000001455,16,19561.5,19571.45,19560.8,19570.8,19606.3,19606.85,19596.2,19600.95,56.446620726671135,55.82915331949858,53.13210873195999,25.312122772843274
2023-08-08 12:05:00,2023-08-08 14:45:00,cross_down,8,8 (+29 to +41 pts),30.650000000001455,-12.549999999999272,-9.0,32,19555.85,19567.85,19554.05,19566.6,19567.05,19570.7,19557.3,19557.6,42.046190278161546,41.61718451577387,58.63112460174962,26.900007510739158
2023-08-09 10:55:00,2023-08-09 15:25:00,session_end_forced,10,10 (+64 to +504 pts),149.25,-27.700000000000728,135.0,54,19482.8,19497.05,19481.45,19495.95,19637.7,19640.7,19623.55,19630.95,32.631320616872976,30.818130955516484,51.07279592994851,51.389148283028966
2023-08-10 11:50:00,2023-08-10 13:25:00,cross_down,8,8 (+29 to +41 pts),33.70000000000073,-28.5,-21.700000000000728,19,19542.0,19565.5,19540.45,19565.3,19565.15,19565.8,19536.8,19543.6,49.930012996164976,49.79901116144874,53.43652610964591,15.592112119820786
2023-08-10 14:30:00,2023-08-10 14:45:00,cross_down,1,1 (+0 to +3 pts),1.8499999999985448,-25.299999999999272,-20.900000000001455,3,19538.4,19557.8,19532.35,19555.95,19542.35,19546.25,19530.65,19535.05,48.14169436904236,47.32166930460325,51.37725094575605,21.804520062822068
2023-08-10 15:10:00,2023-08-10 15:25:00,session_end_forced,4,4 (+8 to +11 pts),8.799999999999272,-10.650000000001455,3.25,3,19548.6,19551.65,19542.35,19545.95,19549.3,19554.75,19543.8,19549.2,47.74223861729343,46.32095308615122,51.37725094575605,14.55601762985587
2023-08-22 09:40:00,2023-08-22 09:50:00,cross_down,1,1 (+0 to +3 pts),3.149999999997817,-50.650000000001455,-50.650000000001455,2,19436.35,19440.85,19431.3,19439.9,19429.0,19430.5,19389.25,19389.25,61.9130800783363,58.99573483824218,54.27802167994735,28.653989531088584
2023-08-22 11:35:00,2023-08-22 12:20:00,cross_down,6,6 (+15 to +21 pts),17.400000000001455,-5.599999999998545,0.7000000000007276,9,19421.55,19424.7,19418.1,19423.05,19421.2,19426.65,19417.45,19423.75,56.04291588525721,55.816505395856076,56.96806709119265,11.773726294383227
2023-08-22 15:15:00,2023-08-22 15:25:00,session_end_forced,2,2 (+3 to +5 pts),3.650000000001455,-17.799999999999272,-12.700000000000728,2,19390.65,19406.4,19387.05,19402.75,19389.8,19399.0,19384.95,19390.05,40.58915758479122,39.61211291909952,57.62923735875591,30.814319978901295
2023-08-24 09:25:00,2023-08-24 10:05:00,cross_down,8,8 (+29 to +41 pts),32.04999999999927,-13.25,0.7999999999992724,8,19538.7,19553.65,19538.7,19551.95,19557.2,19561.0,19549.1,19552.75,64.99369983189281,59.80783061622836,62.04281165767854,40.322450501861866
2023-08-24 13:50:00,2023-08-24 15:15:00,cross_down,3,3 (+5 to +8 pts),5.899999999997817,-66.45000000000073,-60.79999999999927,17,19427.7,19435.95,19425.9,19435.95,19397.05,19397.45,19369.5,19375.15,39.36273372106358,37.04614284057905,59.06579741932426,43.33030981845238
2023-08-25 09:30:00,2023-08-25 14:20:00,cross_down,8,8 (+29 to +41 pts),33.5,-74.69999999999709,-39.89999999999782,58,19326.85,19331.75,19303.95,19305.35,19263.4,19269.55,19256.75,19265.45,30.22031718169543,28.970485291190613,50.13398594206234,56.91704469738433
2023-08-29 15:05:00,2023-08-29 15:25:00,session_end_forced,5,5 (+11 to +15 pts),14.149999999997817,-9.75,9.799999999999272,4,19334.6,19343.15,19334.5,19343.15,19356.15,19357.3,19349.15,19352.95,44.64998398050329,44.1602713574842,51.05921047172818,29.313571304332445
2023-08-31 09:30:00,2023-08-31 11:05:00,cross_down,9,9 (+41 to +64 pts),53.650000000001455,-28.94999999999709,-24.549999999999272,19,19321.95,19336.05,19318.4,19334.35,19311.2,19313.9,19305.4,19309.8,29.10029153788181,23.812448896530896,55.51265789041921,51.79396122704722
2023-09-01 14:20:00,2023-09-01 14:25:00,cross_down,2,2 (+3 to +5 pts),5.200000000000728,-22.349999999998545,-15.399999999997817,1,19432.35,19458.5,19430.95,19453.3,19453.2,19456.05,19435.75,19437.9,78.47233787097495,77.08265907275447,55.093249046413874,63.71915500633126
2023-09-04 12:10:00,2023-09-04 12:55:00,cross_down,7,7 (+21 to +28 pts),24.450000000000728,-11.5,9.549999999999272,9,19487.15,19491.05,19478.75,19490.25,19501.85,19505.45,19495.55,19499.8,61.82194920256936,61.14667880116018,68.3345018809211,26.374306882721505
2023-09-04 13:05:00,2023-09-04 13:15:00,cross_down,1,1 (+0 to +3 pts),1.8499999999985448,-12.100000000002183,-11.450000000000728,2,19508.35,19517.95,19505.8,19517.45,19513.45,19516.25,19505.35,19506.0,66.85123132967585,65.70270525602949,71.11409045962377,42.785789365845694
2023-09-05 09:25:00,2023-09-05 10:15:00,cross_down,8,8 (+29 to +41 pts),33.5,-14.200000000000728,4.899999999997817,10,19540.0,19552.8,19536.0,19550.2,19580.1,19583.7,19553.75,19555.1,68.68339403050413,68.12747083089701,78.7408974164461,43.57657016110808
2023-09-05 14:05:00,2023-09-05 15:25:00,session_end_forced,8,8 (+29 to +41 pts),29.599999999998545,-9.049999999999272,23.150000000001455,16,19549.5,19560.4,19549.5,19554.5,19583.35,19584.1,19577.65,19577.65,50.375327950748556,48.567039807987896,80.01117805730838,20.43547664106451
2023-09-06 09:35:00,2023-09-06 09:45:00,cross_down,4,4 (+8 to +11 pts),9.149999999997817,-17.799999999999272,-2.5499999999992724,2,19577.15,19594.95,19577.15,19594.95,19592.2,19597.25,19585.85,19592.4,61.437241551018815,60.26890689318304,77.20980366063333,45.78187432604152
2023-09-06 13:40:00,2023-09-06 15:25:00,session_end_forced,10,10 (+64 to +504 pts),124.70000000000073,-11.399999999997817,107.55000000000291,21,19500.75,19516.4,19500.2,19511.35,19625.9,19636.05,19605.55,19618.9,32.92949355430352,31.159139960420656,64.43514635205496,39.61372983383244
2023-09-07 10:40:00,2023-09-07 11:35:00,cross_down,8,8 (+29 to +41 pts),31.75,-13.349999999998545,-13.25,11,19605.75,19610.8,19601.4,19610.05,19614.35,19617.4,19596.7,19596.8,60.894358560030874,59.40588061448062,62.699955779672024,26.101298517109896
2023-09-07 13:40:00,2023-09-07 15:10:00,cross_down,10,10 (+64 to +504 pts),86.40000000000146,-12.950000000000728,62.400000000001455,18,19640.3,19651.3,19637.55,19650.5,19725.85,19736.9,19712.65,19712.9,63.15033085908649,60.602839615257054,63.20100892634295,38.16223264106693
2023-09-11 09:25:00,2023-09-11 09:30:00,cross_down,5,5 (+11 to +15 pts),14.400000000001455,-5.75,-1.7000000000007276,1,19907.75,19907.95,19888.15,19893.55,19893.9,19900.45,19887.8,19891.85,61.60854971910807,59.950466216293236,74.05731898680384,32.56415418720996
2023-09-11 09:35:00,2023-09-11 09:45:00,cross_down,1,1 (+0 to +3 pts),2.850000000002183,-25.649999999997817,-6.799999999999272,2,19891.75,19910.45,19889.35,19910.35,19897.35,19905.05,19884.7,19903.55,65.49649923204676,63.30572097425875,74.05731898680384,40.8224611486221
2023-09-11 09:50:00,2023-09-11 10:20:00,cross_down,8,8 (+29 to +41 pts),32.75,-5.549999999999272,22.299999999999272,6,19903.15,19911.5,19900.7,19906.25,19931.5,19934.2,19926.9,19928.55,66.35308328696726,66.0587654413021,74.05731898680384,46.08703136854755
2023-09-11 14:40:00,2023-09-11 15:25:00,session_end_forced,9,9 (+41 to +64 pts),42.25,-9.700000000000728,34.54999999999927,9,19961.7,19966.6,19955.75,19965.45,20004.05,20007.7,19996.85,20000.0,67.44956077595512,65.83847969731038,80.06117396190746,27.86280978772068
2023-09-12 11:25:00,2023-09-12 12:10:00,cross_down,7,7 (+21 to +28 pts),22.850000000002183,-15.25,-6.849999999998545,9,20010.6,20016.85,20007.75,20016.85,20024.85,20025.2,20001.6,20010.0,58.91574048195146,57.85746093339754,79.76927368431771,21.431029660382286
2023-09-12 13:25:00,2023-09-12 13:55:00,cross_down,5,5 (+11 to +15 pts),14.200000000000728,-15.099999999998545,-14.200000000000728,6,20007.8,20012.5,19992.75,19998.3,19995.1,20002.55,19983.2,19984.1,51.35812352266904,49.88093241247246,77.08989302368747,27.79792358621628
2023-09-12 14:05:00,2023-09-12 14:45:00,cross_down,6,6 (+15 to +21 pts),20.100000000002183,-20.049999999999272,-16.799999999999272,8,19981.1,20000.3,19979.05,19999.1,20008.0,20009.85,19982.3,19982.3,51.555508271599564,50.91842881802576,77.08989302368747,19.704164705357393
2023-09-13 09:25:00,2023-09-13 09:30:00,cross_down,4,4 (+8 to +11 pts),8.600000000002183,-45.79999999999927,-41.14999999999782,1,20014.1,20021.15,20000.15,20012.55,20013.4,20019.1,19966.75,19971.4,52.3364410012357,50.55536469798075,71.0086130915193,21.45425542525444
2023-09-13 10:45:00,2023-09-13 13:25:00,cross_down,10,10 (+64 to +504 pts),110.14999999999782,-14.549999999999272,75.20000000000073,32,19971.65,19987.55,19967.9,19982.45,20073.7,20076.0,20056.7,20057.65,47.31555631966688,46.94280060351009,68.60568819204042,24.874130922973137
2023-09-14 09:30:00,2023-09-14 10:00:00,cross_down,5,5 (+11 to +15 pts),12.0,-37.45000000000073,-29.349999999998545,6,20149.35,20158.15,20137.8,20155.0,20139.45,20147.7,20117.55,20125.65,66.49703016187442,66.33095534819715,71.83466538033466,42.73731636935049
2023-09-14 13:05:00,2023-09-14 13:50:00,cross_down,6,6 (+15 to +21 pts),17.0,-19.400000000001455,-16.5,9,20080.45,20092.45,20075.8,20091.25,20082.95,20082.95,20071.85,20074.75,49.11506236326019,47.782633920692106,72.22175859185577,21.08599138397526
2023-09-14 14:25:00,2023-09-14 15:25:00,session_end_forced,8,8 (+29 to +41 pts),36.95000000000073,-7.599999999998545,24.099999999998545,12,20079.6,20081.85,20071.8,20077.75,20104.5,20113.2,20099.75,20101.85,45.722557087850745,44.918601305172466,68.10863597028901,20.449664302592023
2023-09-15 14:10:00,2023-09-15 15:15:00,cross_down,8,8 (+29 to +41 pts),39.75,-8.599999999998545,1.3499999999985448,13,20180.5,20187.7,20172.9,20181.5,20186.35,20186.95,20178.15,20182.85,57.915240237273665,57.667516017995254,73.07727555450988,17.770753540949524
2023-09-18 10:20:00,2023-09-18 10:45:00,cross_down,4,4 (+8 to +11 pts),8.25,-7.799999999999272,-3.2999999999992724,5,20178.95,20179.6,20170.95,20178.75,20177.45,20179.05,20171.35,20175.45,53.84386597733671,53.44487494429666,70.71299941443726,18.141861336326603
2023-09-18 11:20:00,2023-09-18 12:00:00,cross_down,4,4 (+8 to +11 pts),8.549999999999272,-8.450000000000728,-4.099999999998545,8,20185.05,20190.8,20183.2,20185.8,20187.1,20187.8,20177.35,20181.7,54.4836958941285,52.75496404768071,69.58083738257731,13.713481089211951
2023-09-18 14:30:00,2023-09-18 15:10:00,cross_down,3,3 (+5 to +8 pts),7.799999999999272,-27.5,-27.5,8,20147.3,20156.75,20146.55,20154.75,20151.0,20151.55,20127.25,20127.25,40.413183991672064,38.92361364238379,63.98370065653807,32.92696034403988
2023-10-06 09:20:00,2023-10-06 10:20:00,cross_down,4,4 (+8 to +11 pts),8.25,-22.0,-16.450000000000728,12,19604.1,19616.9,19601.9,19611.7,19606.4,19611.95,19593.2,19595.25,61.32582422050989,56.89655855421772,54.53820496185755,35.88573970738318
2023-10-06 10:40:00,2023-10-06 11:15:00,cross_down,6,6 (+15 to +21 pts),17.549999999999272,-28.700000000000728,-13.700000000000728,7,19613.85,19640.75,19611.75,19640.45,19643.55,19644.15,19626.05,19626.75,64.89574605667957,63.75818800520655,57.26275116469907,35.75405746548308
2023-10-06 13:20:00,2023-10-06 14:25:00,cross_down,6,6 (+15 to +21 pts),16.55000000000291,-5.299999999999272,6.650000000001455,13,19648.95,19654.4,19647.25,19651.85,19652.75,19658.65,19650.95,19658.5,65.91064605246507,64.54337606000428,63.60700914454568,20.709264741034172
2023-10-09 10:15:00,2023-10-09 10:40:00,cross_down,3,3 (+5 to +8 pts),6.049999999999272,-38.0,-25.599999999998545,5,19573.95,19583.35,19566.6,19582.55,19555.95,19558.35,19544.55,19556.95,45.12737852138987,44.91050380091286,61.96944772396725,23.459434218841757
2023-10-09 10:45:00,2023-10-09 12:10:00,cross_down,4,4 (+8 to +11 pts),10.700000000000728,-17.5,-14.049999999999272,17,19557.1,19567.15,19550.9,19565.7,19553.25,19554.35,19548.2,19551.65,44.0007611451987,41.94728279718718,61.96944772396725,19.89504529611051
2023-10-10 12:20:00,2023-10-10 13:15:00,cross_down,6,6 (+15 to +21 pts),19.049999999999272,-19.950000000000728,12.049999999999272,11,19649.7,19668.75,19646.75,19666.7,19676.65,19683.95,19675.35,19678.75,71.29034694859386,68.39572552320502,53.526875798649385,40.91244557401244
2023-10-10 13:40:00,2023-10-10 13:45:00,cross_down,1,1 (+0 to +3 pts),3.0,-9.0,-6.599999999998545,1,19692.5,19703.75,19691.85,19700.75,19700.15,19702.15,19691.75,19694.15,78.17677420625985,77.3073869911583,57.43397310086819,67.89435274157162
2023-10-11 09:35:00,2023-10-11 10:05:00,cross_down,6,6 (+15 to +21 pts),16.0,-19.049999999999272,-18.400000000001455,6,19816.7,19822.15,19812.7,19815.5,19808.6,19812.4,19796.45,19797.1,76.52863999945434,73.19127309761409,65.02037344931298,55.68171327481469
2023-10-11 14:40:00,2023-10-11 14:45:00,cross_down,2,2 (+3 to +5 pts),3.850000000002183,-9.799999999999272,-4.5,1,19812.1,19823.3,19810.55,19820.35,19820.2,19824.2,19814.3,19815.85,57.14617535732293,56.9956223232103,76.9524612156819,21.708526226528527
2023-10-11 14:50:00,2023-10-11 15:05:00,cross_down,1,1 (+0 to +3 pts),2.75,-18.549999999999272,-12.950000000000728,3,19815.0,19826.95,19815.0,19825.7,19819.05,19822.35,19807.15,19812.75,61.22237945504837,58.568189940717104,76.9524612156819,25.849147930004353
2023-10-12 10:50:00,2023-10-12 12:15:00,cross_down,6,6 (+15 to +21 pts),16.44999999999709,-13.450000000000728,-3.7000000000007276,17,19808.6,19820.65,19807.95,19816.9,19820.6,19825.15,19812.2,19813.2,51.16303395709066,50.72735436067645,76.08207774021442,32.89922943396061
2023-10-12 15:20:00,2023-10-12 15:25:00,cross_down,3,3 (+5 to +8 pts),6.149999999997817,-14.200000000000728,-11.049999999999272,1,19795.9,19800.1,19792.9,19793.95,19794.35,19795.0,19779.75,19782.9,43.41832359067814,43.2215107259662,69.32865810401718,30.572183017268063
2023-10-13 10:30:00,2023-10-13 14:50:00,cross_down,10,10 (+64 to +504 pts),107.80000000000291,-26.549999999999272,67.5,52,19685.1,19704.0,19682.25,19697.1,19768.25,19772.15,19762.65,19764.6,24.85512292107223,20.887449681619632,57.387379517118376,60.25288962128786
2023-10-17 15:05:00,2023-10-17 15:25:00,session_end_forced,2,2 (+3 to +5 pts),4.44999999999709,-14.100000000002183,-0.5500000000029104,4,19805.7,19819.05,19805.7,19818.9,19817.3,19823.35,19813.5,19818.35,46.25700363790925,42.92161326431882,59.60829211644392,37.005336329829916
2023-10-18 09:30:00,2023-10-18 10:45:00,cross_down,9,9 (+41 to +64 pts),43.650000000001455,-36.349999999998545,-24.649999999997817,15,19792.45,19797.15,19786.5,19796.55,19788.45,19788.45,19760.2,19771.9,45.708684527634524,44.941778457930624,59.03847618022333,32.24587724294334
2023-10-30 15:05:00,2023-10-30 15:10:00,cross_down,4,4 (+8 to +11 pts),7.850000000002183,-8.94999999999709,-8.19999999999709,1,19143.15,19154.45,19142.15,19146.6,19145.6,19148.3,19137.65,19138.4,65.04233992716586,64.7077367776685,55.28127147647077,25.531036842754567
2023-10-31 09:15:00,2023-10-31 09:25:00,cross_down,9,9 (+41 to +64 pts),58.54999999999927,-28.350000000002183,-15.55000000000291,2,19232.95,19233.7,19169.35,19175.15,19165.5,19167.0,19146.8,19159.6,68.38677476273743,68.180154766826,58.99303439198877,36.930657071252554
2023-10-31 11:25:00,2023-10-31 11:40:00,cross_down,1,1 (+0 to +3 pts),0.6500000000014552,-32.89999999999782,-25.849999999998545,3,19113.05,19116.75,19107.95,19116.1,19103.75,19103.75,19083.2,19090.25,49.62025299514999,47.16268694070497,56.562677296018585,22.490477771125605
2023-10-31 12:15:00,2023-10-31 15:00:00,cross_down,9,9 (+41 to +64 pts),48.55000000000291,-31.19999999999709,-21.94999999999709,33,19078.6,19099.95,19074.9,19097.35,19115.9,19117.15,19066.15,19075.4,44.801265863031986,43.64820760565297,54.66950895617114,22.780924316699036
2023-11-02 14:55:00,2023-11-02 15:25:00,session_end_forced,6,6 (+15 to +21 pts),15.200000000000728,-15.950000000000728,12.299999999999272,6,19124.75,19138.65,19121.9,19132.55,19143.65,19147.75,19142.1,19144.85,56.711836898976166,56.30811837558241,53.45219429434064,27.71878469127184
2023-11-06 09:20:00,2023-11-06 10:40:00,cross_down,7,7 (+21 to +28 pts),21.049999999999272,-25.299999999999272,-3.150000000001455,16,19331.65,19356.4,19331.65,19349.7,19348.05,19350.1,19343.2,19346.55,54.21071872603244,50.10726914781879,66.86313413285185,48.81635084302298
2023-11-06 14:20:00,2023-11-06 14:35:00,cross_down,3,3 (+5 to +8 pts),6.200000000000728,-7.0,-3.150000000001455,3,19379.2,19385.15,19374.35,19379.95,19385.5,19385.5,19375.35,19376.8,70.82315466052235,70.40436464441291,73.36340469709288,38.88515748377131
2023-11-07 10:50:00,2023-11-07 10:55:00,cross_down,3,3 (+5 to +8 pts),7.25,-5.099999999998545,-3.9500000000007276,1,19391.6,19392.25,19381.45,19385.0,19384.8,19386.25,19379.9,19381.05,58.334018260879475,58.31206234944443,73.45786045262771,36.70470163488611
2023-11-07 11:00:00,2023-11-07 11:35:00,cross_down,5,5 (+11 to +15 pts),11.200000000000728,-6.700000000000728,3.350000000002183,7,19380.1,19388.25,19380.1,19386.8,19388.5,19396.3,19387.1,19390.15,57.75875734087315,57.54190197981038,73.45786045262771,35.70418384146669
2023-11-07 12:35:00,2023-11-07 13:25:00,cross_down,3,3 (+5 to +8 pts),7.299999999999272,-12.049999999999272,-10.350000000002183,10,19365.6,19368.6,19362.0,19365.7,19361.35,19365.9,19354.85,19355.35,47.028323738214,46.56645214433749,68.8150554065332,30.670933204114085
2023-11-07 13:30:00,2023-11-07 14:40:00,cross_down,8,8 (+29 to +41 pts),39.25,-17.399999999997817,12.100000000002183,14,19355.25,19371.85,19353.45,19370.85,19381.9,19389.05,19379.15,19382.95,49.893631960731256,46.97996174071354,66.73657552169735,19.254014545194497
2023-11-07 14:50:00,2023-11-07 15:25:00,session_end_forced,7,7 (+21 to +28 pts),26.950000000000728,-6.549999999999272,21.600000000002183,7,19391.05,19400.65,19389.05,19395.6,19418.1,19422.55,19410.2,19417.2,56.65205874784138,56.01144769855342,66.45934813917452,23.84447528030492
2023-11-08 09:55:00,2023-11-08 10:05:00,cross_down,4,4 (+8 to +11 pts),9.25,-15.700000000000728,-14.200000000000728,2,19428.3,19449.35,19428.3,19444.0,19450.3,19453.25,19429.6,19429.8,66.36212599938699,65.15872634300723,66.4453879318942,56.160551511298955
2023-11-08 13:10:00,2023-11-08 14:10:00,cross_down,6,6 (+15 to +21 pts),16.25,-8.899999999997817,-6.649999999997817,12,19441.25,19448.15,19439.15,19448.05,19455.1,19457.9,19440.65,19441.4,60.49644397503319,58.44109349529572,66.63647693315832,13.32511206044966
2023-11-09 10:00:00,2023-11-09 10:30:00,cross_down,2,2 (+3 to +5 pts),3.25,-32.70000000000073,-32.70000000000073,6,19437.9,19449.25,19436.3,19448.95,19425.2,19429.2,19416.25,19416.25,51.78006431877477,50.88111594823731,66.5837444201837,19.52871367212054
2023-11-09 11:05:00,2023-11-09 12:25:00,cross_down,7,7 (+21 to +28 pts),22.799999999999272,-9.700000000000728,0.3499999999985448,16,19434.2,19438.75,19428.45,19436.95,19448.9,19449.95,19434.65,19437.3,49.7106866013644,48.02583569147164,66.40158697879282,17.380172277996525
2023-11-09 15:00:00,2023-11-09 15:05:00,cross_down,2,2 (+3 to +5 pts),3.5,-15.549999999999272,-3.2000000000007276,1,19393.8,19399.2,19381.4,19396.95,19394.5,19400.45,19388.55,19393.75,32.8539515962681,32.71379613449334,59.65055328006936,28.122790416297136
2023-11-09 15:15:00,2023-11-09 15:25:00,session_end_forced,4,4 (+8 to +11 pts),8.049999999999272,-8.700000000000728,5.549999999999272,2,19392.55,19400.6,19389.75,19398.45,19400.6,19406.5,19395.4,19404.0,34.339940435595146,30.672432143545347,55.36223619793652,27.878518401828465
2023-11-10 09:50:00,2023-11-10 09:55:00,cross_down,2,2 (+3 to +5 pts),3.850000000002183,-10.899999999997817,-9.599999999998545,1,19343.55,19347.6,19339.6,19346.8,19346.95,19350.65,19335.9,19337.2,27.206473280702554,26.967735348936163,53.14437845661448,52.36668124729432
2023-11-10 10:00:00,2023-11-10 13:55:00,cross_down,10,10 (+64 to +504 pts),70.60000000000218,-8.94999999999709,48.60000000000218,47,19336.35,19344.8,19333.9,19342.85,19399.7,19401.15,19385.25,19391.45,27.98911065581536,24.457116857467877,53.14437845661448,56.5187731073371
2023-11-13 11:40:00,2023-11-13 11:45:00,cross_down,1,1 (+0 to +3 pts),2.25,-9.600000000002183,-8.049999999999272,1,19447.15,19448.7,19443.8,19446.45,19447.05,19447.05,19436.85,19438.4,57.915573673839475,57.76552466628888,55.59774067896956,30.4361884315228
2023-11-13 13:35:00,2023-11-13 13:40:00,cross_down,1,1 (+0 to +3 pts),2.650000000001455,-6.149999999997817,-4.799999999999272,1,19448.8,19451.5,19445.55,19448.85,19448.5,19450.7,19442.7,19444.05,59.0650805024611,57.94569667368998,56.0931655896335,18.34586442609895
2023-11-13 14:05:00,2023-11-13 14:35:00,cross_down,3,3 (+5 to +8 pts),6.0,-5.75,-3.9500000000007276,6,19451.3,19454.9,19448.4,19454.05,19456.0,19460.05,19448.3,19450.1,59.898897496450786,57.927965207579184,56.0931655896335,17.478742783686375
2023-11-15 09:15:00,2023-11-15 10:40:00,cross_down,8,8 (+29 to +41 pts),39.69999999999709,-33.20000000000073,18.0,17,19651.4,19653.35,19580.45,19613.65,19631.95,19635.25,19629.05,19631.65,54.08616758173075,54.04644886747242,56.50659763612073,29.765852330597724
2023-11-16 10:10:00,2023-11-16 10:30:00,cross_down,5,5 (+11 to +15 pts),14.400000000001455,-8.0,-1.75,4,19717.7,19719.05,19712.2,19713.75,19710.45,19716.3,19705.75,19712.0,65.37717876712608,65.36014110741792,79.20315477857251,33.59511171608576
2023-11-16 11:00:00,2023-11-16 12:05:00,cross_down,9,9 (+41 to +64 pts),45.54999999999927,-50.75,31.350000000002183,13,19713.95,19765.9,19711.8,19762.55,19796.3,19799.95,19791.55,19793.9,67.41953305611094,67.38980051152873,81.12391035815176,35.1956577634518
2023-11-16 14:40:00,2023-11-16 14:50:00,cross_down,6,6 (+15 to +21 pts),15.950000000000728,-15.299999999999272,-9.049999999999272,2,19843.5,19861.7,19843.5,19858.8,19855.95,19863.05,19845.7,19849.75,80.023330019513,78.92861284571516,88.16055977054626,58.19351829558188
2023-11-17 10:30:00,2023-11-17 11:05:00,cross_down,4,4 (+8 to +11 pts),8.649999999997817,-16.900000000001455,-10.400000000001455,7,19784.4,19793.95,19781.05,19792.95,19783.75,19786.45,19776.05,19782.55,52.26002131726572,52.11966435880541,76.11126448377124,24.343801570931248
2023-11-17 12:30:00,2023-11-17 13:45:00,cross_down,4,4 (+8 to +11 pts),9.650000000001455,-27.0,-21.25,15,19764.45,19770.05,19764.45,19769.75,19755.55,19762.7,19746.8,19748.5,45.64216519443647,45.04814227381385,71.06959127342144,24.231445886613205
2023-11-17 14:05:00,2023-11-17 14:50:00,cross_down,3,3 (+5 to +8 pts),7.349999999998545,-37.20000000000073,-32.75,9,19750.65,19764.45,19749.3,19763.75,19735.55,19736.9,19726.55,19731.0,43.55440714178416,40.30458877082834,69.3169212543962,28.269560755876952
2023-11-17 15:00:00,2023-11-17 15:20:00,cross_down,2,2 (+3 to +5 pts),5.200000000000728,-23.049999999999272,-22.5,4,19725.9,19747.15,19722.85,19741.95,19727.8,19732.15,19718.9,19719.45,41.44986023442055,39.87569282447546,67.35211815131356,22.613558096763327
2023-11-20 09:15:00,2023-11-20 11:10:00,cross_down,4,4 (+8 to +11 pts),9.0,-68.75,-68.54999999999927,23,19731.15,19747.5,19723.8,19746.55,19707.5,19710.05,19677.8,19678.0,42.014630365962255,38.47895201828943,60.575270716205125,24.42023942164504
2023-11-20 12:05:00,2023-11-20 15:10:00,cross_down,7,7 (+21 to +28 pts),26.099999999998545,-12.05000000000291,-2.25,37,19681.4,19695.05,19680.85,19692.9,19696.2,19698.15,19687.95,19690.65,38.99114798642662,37.323985227130535,52.27656456060096,39.15358048181855
2023-11-21 12:20:00,2023-11-21 12:30:00,cross_down,2,2 (+3 to +5 pts),4.100000000002183,-20.75,-19.399999999997817,2,19809.0,19825.7,19808.9,19824.1,19816.3,19820.9,19803.35,19804.7,71.73233225747076,69.5023655041492,58.48218629521023,45.45346588891859
2023-11-22 09:20:00,2023-11-22 10:20:00,cross_down,6,6 (+15 to +21 pts),18.799999999999272,-19.849999999998545,-10.25,12,19803.0,19808.05,19792.0,19806.55,19823.35,19824.55,19791.85,19796.3,52.40238420187616,51.395217078285185,61.49350064292949,24.11793818878525
2023-11-22 13:05:00,2023-11-22 15:25:00,session_end_forced,10,10 (+64 to +504 pts),78.94999999999709,-17.55000000000291,67.19999999999709,28,19726.6,19746.9,19725.85,19743.4,19815.3,19818.7,19810.6,19810.6,35.63589325568209,34.7620754474125,59.544030412709304,47.53835300522394
2023-11-23 12:25:00,2023-11-23 12:30:00,cross_down,1,1 (+0 to +3 pts),1.5999999999985448,-22.549999999999272,-21.549999999999272,1,19812.3,19829.45,19810.75,19829.2,19828.65,19830.8,19806.65,19807.65,52.17418552711273,50.191123324096786,57.98797819958674,32.779639266504034
2023-11-23 12:50:00,2023-11-23 13:10:00,cross_down,3,3 (+5 to +8 pts),5.849999999998545,-7.650000000001455,-6.0,4,19813.8,19817.55,19809.65,19816.15,19814.75,19814.75,19808.5,19810.15,52.21821781912489,52.01618038101922,57.98797819958674,23.152104657965843
2023-11-23 13:15:00,2023-11-23 13:20:00,cross_down,1,1 (+0 to +3 pts),2.7999999999992724,-7.75,-3.900000000001455,1,19810.8,19817.95,19807.4,19815.15,19815.8,19817.3,19810.45,19811.25,52.51437492210565,51.914247988448935,57.91137762867286,18.41201379736779
2023-11-23 13:50:00,2023-11-23 14:10:00,cross_down,3,3 (+5 to +8 pts),5.75,-11.75,-10.700000000000728,4,19815.6,19819.4,19809.6,19818.9,19814.45,19816.8,19807.15,19808.2,52.02875310022512,50.90172872905142,57.91137762867286,18.355512515933842
2023-11-23 15:20:00,2023-11-23 15:25:00,session_end_forced,3,3 (+5 to +8 pts),6.299999999999272,-12.049999999999272,-1.9500000000007276,1,19803.0,19813.7,19800.9,19812.95,19811.8,19819.25,19810.05,19811.0,46.32015165651654,45.91703054147821,56.6563780618476,33.52434507479921
2023-11-24 10:40:00,2023-11-24 12:20:00,cross_down,1,1 (+0 to +3 pts),3.099999999998545,-21.799999999999272,-8.900000000001455,20,19807.9,19821.85,19805.0,19818.75,19811.65,19813.5,19806.2,19809.85,50.7329080733162,47.19238537413163,56.10710659196448,21.58792040082526
2023-11-24 13:55:00,2023-11-24 15:25:00,session_end_forced,5,5 (+11 to +15 pts),14.25,-13.900000000001455,-3.25,18,19785.05,19795.55,19778.05,19791.95,19802.95,19803.65,19786.25,19788.7,41.28698093355485,39.57031217038515,52.9973793671664,41.132521595253344
2023-11-28 12:10:00,2023-11-28 12:15:00,cross_down,2,2 (+3 to +5 pts),4.799999999999272,-7.80000000000291,-6.450000000000728,1,19834.65,19839.7,19830.95,19834.9,19834.25,19836.7,19827.1,19828.45,62.48885923806172,60.71474509931528,53.841458290260476,36.735699760896125
2023-11-28 14:20:00,2023-11-28 15:25:00,session_end_forced,9,9 (+41 to +64 pts),50.5,-32.04999999999927,42.650000000001455,13,19836.5,19865.8,19833.75,19865.8,19907.5,19916.3,19906.4,19908.45,57.60696997194981,53.99041674298976,57.46109517252479,25.24910723252834
2023-11-30 13:10:00,2023-11-30 14:10:00,cross_down,9,9 (+41 to +64 pts),52.29999999999927,-10.950000000000728,-5.799999999999272,12,20060.8,20070.6,20059.65,20067.7,20072.9,20076.6,20056.75,20061.9,50.47767574806334,48.1487552496813,76.25319896974513,17.77069205438275
2023-11-30 14:35:00,2023-11-30 15:25:00,session_end_forced,9,9 (+41 to +64 pts),51.0,-14.44999999999709,20.850000000002183,10,20094.7,20110.65,20091.9,20106.35,20154.4,20157.35,20126.15,20127.2,57.38388150875547,55.440767860993105,72.94521578933661,32.17881102131469
2023-12-04 09:20:00,2023-12-04 10:15:00,cross_down,9,9 (+41 to +64 pts),48.150000000001455,-33.39999999999782,-4.799999999999272,11,20528.6,20546.85,20508.65,20542.05,20545.65,20546.25,20535.15,20537.25,63.38887484021011,56.1641641064294,81.16367517550506,35.588117680552315
2023-12-05 13:35:00,2023-12-05 13:55:00,cross_down,2,2 (+3 to +5 pts),4.950000000000728,-19.950000000000728,-16.75,4,20817.95,20824.2,20814.0,20822.45,20816.85,20818.5,20802.5,20805.7,64.03266001839303,64.01726791977254,90.17403526759871,33.93101054532541
2023-12-05 15:05:00,2023-12-05 15:25:00,session_end_forced,4,4 (+8 to +11 pts),9.0,-7.299999999999272,2.0,4,20847.4,20859.6,20847.4,20854.7,20858.65,20862.85,20852.7,20856.7,67.58685038248424,65.03212345896924,89.21954545821947,32.36713866797509
2023-12-06 13:55:00,2023-12-06 15:15:00,cross_down,9,9 (+41 to +64 pts),43.650000000001455,-12.799999999999272,11.200000000000728,16,20912.9,20920.0,20905.0,20917.8,20939.9,20940.35,20923.85,20929.0,53.77246685353532,50.76288356919417,85.51078151935849,33.990062577816275
2023-12-07 10:35:00,2023-12-07 12:30:00,cross_down,9,9 (+41 to +64 pts),50.25,-3.5,18.100000000002183,23,20884.75,20887.95,20882.1,20885.6,20913.75,20919.05,20901.35,20903.7,45.98677298089985,44.55606891042899,75.96288469785648,20.60240637266289
2023-12-07 15:20:00,2023-12-07 15:25:00,session_end_forced,3,3 (+5 to +8 pts),5.700000000000728,-3.7999999999992724,4.0,1,20910.4,20917.8,20910.4,20912.1,20912.05,20916.45,20908.3,20916.1,48.242514896371475,45.98181222776897,66.01777923942723,21.724203079720183
2023-12-08 13:55:00,2023-12-08 15:25:00,session_end_forced,10,10 (+64 to +504 pts),93.29999999999927,-9.900000000001455,82.39999999999782,18,20884.1,20894.2,20879.8,20889.7,20978.2,20983.0,20970.65,20972.1,35.349289374152434,34.840878140986085,63.19106602416805,51.73189712058179
2023-12-11 13:30:00,2023-12-11 13:55:00,cross_down,4,4 (+8 to +11 pts),8.600000000002183,-15.5,-7.049999999999272,5,20982.35,20987.65,20977.3,20987.05,20979.3,20983.35,20972.7,20980.0,53.418876796457816,52.00884308769945,61.98877696393914,23.674929249721888
2023-12-11 14:00:00,2023-12-11 15:15:00,cross_down,6,6 (+15 to +21 pts),19.19999999999709,-12.150000000001455,-1.25,15,20979.2,20992.75,20978.25,20990.4,21000.95,21002.55,20981.85,20989.15,53.7555965432818,52.302253551324796,61.98877696393914,18.08613363100532
2023-12-12 09:20:00,2023-12-12 10:05:00,cross_down,2,2 (+3 to +5 pts),4.19999999999709,-21.25,-8.25,9,21026.7,21033.65,21012.4,21033.65,21029.75,21032.8,21023.6,21025.4,60.51038076712574,57.05183067641784,62.264149224514746,25.580532821937474
2023-12-12 12:10:00,2023-12-12 12:20:00,cross_down,2,2 (+3 to +5 pts),3.650000000001455,-8.799999999999272,-5.44999999999709,2,21009.5,21014.55,21007.35,21013.1,21010.95,21012.45,21004.3,21007.65,53.2152496485465,52.654377069214206,63.739206667340746,14.163011729448938
2023-12-12 15:05:00,2023-12-12 15:25:00,session_end_forced,3,3 (+5 to +8 pts),6.650000000001455,-15.349999999998545,-11.849999999998545,4,20904.8,20918.9,20903.65,20912.25,20908.85,20910.75,20896.9,20900.4,25.691372914591565,24.664246691007722,54.576931989231724,66.44901200950264
2023-12-14 13:30:00,2023-12-14 13:45:00,cross_down,1,1 (+0 to +3 pts),1.9000000000014552,-23.44999999999709,-17.349999999998545,3,21197.65,21209.65,21193.15,21208.85,21206.05,21207.25,21185.4,21191.5,74.91013226698692,73.90896586497435,65.25504104119014,49.08949214332783
2023-12-15 10:05:00,2023-12-15 10:30:00,cross_down,8,8 (+29 to +41 pts),34.599999999998545,-14.700000000000728,8.0,5,21309.55,21321.95,21305.7,21320.4,21344.15,21346.85,21328.4,21328.4,71.93494981562851,71.8253191810964,71.00162073441078,52.62252159681812
2023-12-15 13:55:00,2023-12-15 14:05:00,cross_down,2,2 (+3 to +5 pts),3.7999999999992724,-28.200000000000728,-18.25,2,21351.25,21363.35,21344.95,21361.8,21356.2,21357.3,21333.6,21343.55,68.79921148815357,67.83962587330336,77.61509796679496,38.112526480954905
2023-12-15 14:55:00,2023-12-15 15:25:00,session_end_forced,10,10 (+64 to +504 pts),89.04999999999927,-13.299999999999272,47.25,6,21389.3,21403.55,21388.15,21401.45,21483.55,21486.8,21448.7,21448.7,69.78973984147345,65.9850103064791,78.56705566028847,43.08781815382845
2023-12-18 14:25:00,2023-12-18 14:55:00,cross_down,4,4 (+8 to +11 pts),9.950000000000728,-28.100000000002183,-20.299999999999272,6,21430.0,21446.15,21429.6,21444.7,21423.95,21430.5,21420.9,21424.4,51.3742316948951,49.730001184214984,78.54068837207242,23.07482769378487
2023-12-19 09:20:00,2023-12-19 09:35:00,cross_down,5,5 (+11 to +15 pts),11.650000000001455,-26.549999999999272,-26.099999999998545,3,21426.85,21433.5,21421.75,21430.35,21426.95,21426.95,21403.8,21404.25,46.3780681901214,45.69827849353139,73.12754311756213,30.859232495888314
2023-12-19 10:30:00,2023-12-19 13:20:00,cross_down,10,10 (+64 to +504 pts),88.70000000000073,-25.799999999999272,66.29999999999927,34,21362.65,21386.8,21359.9,21385.7,21455.9,21463.2,21450.15,21452.0,40.70493394236402,38.26241784449539,67.4488169983158,21.968752536093717
2023-12-19 14:05:00,2023-12-19 14:20:00,cross_down,2,2 (+3 to +5 pts),5.150000000001455,-13.799999999999272,-6.899999999997817,3,21469.7,21483.85,21468.75,21482.55,21481.9,21484.35,21472.6,21475.65,64.09321053782558,63.812835010000654,65.37044775813857,42.94762304549559
2023-12-19 14:25:00,2023-12-19 14:40:00,cross_down,6,6 (+15 to +21 pts),17.599999999998545,-12.600000000002183,2.1999999999970896,3,21474.95,21488.35,21474.3,21486.9,21494.05,21496.05,21484.55,21489.1,65.19350600533629,65.18970478342655,66.36665584043797,42.908187625166065
2023-12-20 09:20:00,2023-12-20 10:00:00,cross_down,7,7 (+21 to +28 pts),22.149999999997817,-26.5,-24.450000000000728,8,21562.3,21577.65,21551.8,21569.95,21568.6,21577.1,21543.45,21545.5,57.20342261772127,56.266666274028864,64.06605013090531,42.71508835722945
2023-12-20 14:30:00,2023-12-20 14:35:00,cross_down,9,9 (+41 to +64 pts),51.69999999999709,-11.850000000002183,-10.950000000000728,1,21303.05,21311.6,21259.9,21259.9,21259.65,21273.95,21248.05,21248.95,26.347183045812276,25.306702247122452,56.854738094120755,71.26078679129068
2023-12-20 14:50:00,2023-12-20 15:25:00,cross_down,6,6 (+15 to +21 pts),18.5,-149.29999999999927,-136.34999999999854,7,21208.4,21239.85,21206.75,21237.85,21127.45,21128.85,21088.55,21101.5,24.097821525917098,22.6222134412125,56.854738094120755,73.69388245007265
2023-12-22 14:20:00,2023-12-22 15:25:00,session_end_forced,9,9 (+41 to +64 pts),55.35000000000218,-14.849999999998545,14.25,13,21335.35,21338.65,21316.4,21318.1,21343.4,21343.6,21328.45,21332.35,46.77533186923183,46.750880624379505,51.9080769008231,31.62885457056372
2023-12-27 09:15:00,2023-12-27 10:35:00,cross_down,9,9 (+41 to +64 pts),58.64999999999782,-26.400000000001455,43.95000000000073,16,21497.65,21530.75,21495.8,21522.2,21571.85,21574.6,21564.65,21566.15,58.94783872237092,55.42403172117756,62.74188388069065,31.11982966155901
2023-12-27 14:15:00,2023-12-27 15:25:00,session_end_forced,10,10 (+64 to +504 pts),109.45000000000073,-18.5,83.45000000000073,14,21558.8,21566.65,21547.0,21565.5,21666.25,21674.95,21648.65,21648.95,53.894348203724846,53.067463646400796,69.50807877408633,24.06557269567041
2023-12-28 12:40:00,2023-12-28 12:50:00,cross_down,3,3 (+5 to +8 pts),5.700000000000728,-20.099999999998545,-10.700000000000728,2,21762.2,21766.15,21757.5,21765.0,21764.45,21765.55,21744.9,21754.3,70.47786485431257,69.74892690104268,75.87254233081755,30.55428477451717
2023-12-29 10:45:00,2023-12-29 10:55:00,cross_down,3,3 (+5 to +8 pts),7.799999999999272,-18.799999999999272,-11.899999999997817,2,21714.15,21730.35,21714.15,21722.55,21708.6,21713.6,21704.7,21710.65,45.41724272295883,44.60500913270893,72.57158745423294,16.662071454341884
2023-12-29 11:00:00,2023-12-29 12:35:00,cross_down,9,9 (+41 to +64 pts),42.10000000000218,-4.44999999999709,10.100000000002183,19,21710.85,21716.05,21705.65,21710.1,21731.75,21734.9,21717.7,21720.2,44.296966415930996,43.72406833860671,72.57158745423294,12.970081299792032
2023-12-29 13:05:00,2023-12-29 13:25:00,cross_down,3,3 (+5 to +8 pts),6.200000000000728,-20.649999999997817,-19.700000000000728,4,21732.65,21739.9,21732.3,21737.3,21731.95,21735.15,21716.65,21717.6,47.023456932599814,46.63490697286641,68.01170686328132,29.617906751019024
2023-12-29 14:40:00,2023-12-29 15:25:00,session_end_forced,9,9 (+41 to +64 pts),52.849999999998545,-2.75,22.649999999997817,9,21711.25,21717.8,21702.9,21705.65,21723.35,21739.35,21722.5,21728.3,43.128821030273734,42.063805093244206,63.26428170616198,31.27701839228405
2024-01-01 09:45:00,2024-01-01 10:20:00,cross_down,6,6 (+15 to +21 pts),16.349999999998545,-25.150000000001455,-22.799999999999272,7,21705.4,21720.7,21703.3,21720.45,21713.1,21716.65,21695.3,21697.65,46.975681580191015,46.66738026364859,60.8241587921431,21.506826825328513
2024-01-01 10:30:00,2024-01-01 11:45:00,cross_down,8,8 (+29 to +41 pts),29.75,-10.150000000001455,11.299999999999272,15,21711.4,21719.05,21708.35,21718.5,21731.1,21732.85,21727.3,21729.8,49.44239631000837,48.15507474393056,59.126442955307766,15.846814327511979
2024-01-01 12:50:00,2024-01-01 15:05:00,cross_down,10,10 (+64 to +504 pts),85.60000000000218,-13.5,8.75,27,21746.55,21750.5,21739.65,21746.8,21803.0,21803.8,21754.15,21755.55,55.54767413457264,53.489827738849854,59.435865947500965,18.316113183872893
2024-01-05 12:25:00,2024-01-05 12:30:00,cross_down,2,2 (+3 to +5 pts),4.5,-7.899999999997817,-6.849999999998545,1,21701.0,21703.8,21695.9,21699.3,21698.8,21699.75,21691.4,21692.45,53.15304264556078,52.74353723721425,58.917650930128204,25.60453311031897
2024-01-05 13:15:00,2024-01-05 13:30:00,cross_down,1,1 (+0 to +3 pts),0.5499999999992724,-15.75,-11.700000000000728,3,21695.7,21698.9,21688.1,21698.9,21692.8,21696.8,21683.15,21687.2,51.69835726573429,51.20758500028107,59.32047365055022,20.56989533561496
2024-01-05 14:40:00,2024-01-05 15:25:00,session_end_forced,9,9 (+41 to +64 pts),46.25,-14.150000000001455,30.349999999998545,9,21669.5,21680.15,21665.05,21679.2,21705.15,21720.4,21704.1,21709.55,41.41430992526381,40.2593864183887,56.61295322457386,47.30327422255945
2024-01-08 10:30:00,2024-01-08 10:40:00,cross_down,1,1 (+0 to +3 pts),0.0,-48.349999999998545,-45.900000000001455,2,21699.3,21724.5,21698.85,21724.5,21703.9,21707.0,21676.15,21678.6,52.921638074759706,51.75761595582458,57.38033881304228,18.831777848142032
2024-01-12 13:45:00,2024-01-12 14:00:00,cross_down,4,4 (+8 to +11 pts),8.049999999999272,-14.549999999999272,-8.400000000001455,3,21888.2,21891.95,21878.9,21888.7,21894.6,21896.45,21874.15,21880.3,78.12857886333737,77.48282020956205,69.21686510427607,56.48799389639188
2024-01-15 09:35:00,2024-01-15 09:40:00,cross_down,3,3 (+5 to +8 pts),7.100000000002183,-22.0,-22.0,1,22064.05,22071.9,22059.2,22064.8,22064.45,22068.85,22042.8,22042.8,75.00679867096962,74.57784792122234,75.64442852036993,47.722669553140676
2024-01-16 13:50:00,2024-01-16 15:25:00,session_end_forced,7,7 (+21 to +28 pts),23.100000000002183,-31.0,-3.75,19,22020.55,22037.5,22004.35,22035.35,22028.65,22036.6,22026.75,22031.6,38.15975403380107,37.99963656125085,77.81886138356008,43.74965671664841
2024-01-17 10:30:00,2024-01-17 10:35:00,cross_down,6,6 (+15 to +21 pts),17.549999999999272,-40.79999999999927,-36.20000000000073,1,21783.65,21794.0,21774.15,21776.45,21776.25,21776.45,21735.65,21740.25,24.9107080242135,24.37667517073153,56.90962210083029,66.7131360376959
2024-01-17 11:05:00,2024-01-17 15:25:00,session_end_forced,3,3 (+5 to +8 pts),5.400000000001455,-197.59999999999854,-171.84999999999854,52,21735.85,21749.75,21727.15,21749.1,21563.4,21577.25,21562.2,21577.25,22.641341225922048,20.734314878881612,56.90962210083029,66.67356921578617
2024-01-20 13:15:00,2024-01-20 13:40:00,cross_down,5,5 (+11 to +15 pts),14.149999999997817,-21.299999999999272,-18.549999999999272,5,21652.65,21661.3,21648.1,21649.2,21639.15,21643.25,21627.9,21630.65,50.169286801745585,50.10077505094704,53.613691220891475,17.954574793452906
2024-01-29 10:55:00,2024-01-29 11:00:00,cross_down,4,4 (+8 to +11 pts),9.19999999999709,-17.100000000002183,8.649999999997817,1,21611.7,21631.45,21611.05,21628.15,21628.4,21637.35,21623.8,21636.8,76.94840594174589,76.48657559107522,50.83611335069985,69.45932795884971
2024-01-29 11:05:00,2024-01-29 11:10:00,cross_down,1,1 (+0 to +3 pts),1.7999999999992724,-15.049999999999272,-5.599999999998545,1,21636.6,21642.1,21628.15,21640.3,21638.3,21640.6,21625.25,21634.7,78.96313489611475,78.59666881738522,50.83611335069985,70.86285732365872
2024-01-30 13:40:00,2024-01-30 13:45:00,cross_down,4,4 (+8 to +11 pts),9.150000000001455,-28.899999999997817,-15.25,1,21689.9,21696.25,21682.85,21687.1,21686.8,21687.55,21658.2,21671.85,46.817104153074816,46.61250095766898,67.76803543885394,30.59643399008665
2024-01-31 09:25:00,2024-01-31 12:25:00,cross_down,10,10 (+64 to +504 pts),217.45000000000073,-41.29999999999927,156.10000000000218,36,21483.3,21521.95,21480.05,21521.35,21722.95,21726.45,21660.35,21677.45,28.994849834712717,26.06749184614014,54.6644997253495,73.08920024380409
2024-01-31 15:05:00,2024-01-31 15:25:00,session_end_forced,6,6 (+15 to +21 pts),17.299999999999272,-21.200000000000728,-13.75,4,21719.05,21736.15,21718.65,21722.05,21730.85,21736.6,21700.85,21708.3,58.8027740095028,56.846559393314365,57.15888657235222,21.4904316585271
2024-02-01 10:10:00,2024-02-01 10:15:00,cross_down,5,5 (+11 to +15 pts),13.19999999999709,-25.0,1.0499999999992724,1,21780.5,21797.1,21774.85,21783.9,21782.9,21785.2,21758.9,21784.95,63.6123050740495,63.234210994040026,58.65595098020614,26.478083444436948
2024-02-01 10:25:00,2024-02-01 10:30:00,cross_down,2,2 (+3 to +5 pts),3.5499999999992724,-22.049999999999272,-10.299999999999272,1,21778.75,21796.8,21774.05,21793.25,21791.6,21793.7,21771.2,21782.95,66.54096249434403,66.11275716937428,60.74069884665451,23.571987280703535
2024-02-01 12:55:00,2024-02-01 13:00:00,cross_down,7,7 (+21 to +28 pts),25.299999999999272,-29.75,-9.900000000001455,1,21762.95,21766.05,21738.2,21740.75,21740.85,21747.0,21711.0,21730.85,50.50920583189995,50.38632262591842,61.4139645265672,23.7640487023669
2024-02-01 14:00:00,2024-02-01 14:40:00,cross_down,7,7 (+21 to +28 pts),22.0,-19.450000000000728,-18.099999999998545,8,21709.85,21720.5,21703.85,21715.0,21704.4,21711.35,21695.55,21696.9,45.089586365807754,43.92983155679497,60.31943271178109,32.02062040647268
2024-02-01 14:45:00,2024-02-01 15:10:00,cross_down,5,5 (+11 to +15 pts),14.650000000001455,-35.400000000001455,-34.79999999999927,5,21695.85,21718.8,21695.85,21716.25,21699.75,21709.85,21680.85,21681.45,46.790491574386785,43.908332588038704,59.07977416529244,21.192490869992664
2024-02-01 15:15:00,2024-02-01 15:25:00,session_end_forced,1,1 (+0 to +3 pts),1.75,-26.600000000002183,-10.600000000002183,2,21681.2,21702.2,21674.3,21700.9,21698.65,21700.0,21680.1,21690.3,43.750024515054285,43.212677338058434,56.2372816129442,26.07658087386551
2024-02-02 11:15:00,2024-02-02 12:05:00,cross_down,10,10 (+64 to +504 pts),104.29999999999927,-34.70000000000073,44.54999999999927,10,21986.85,22036.85,21986.85,22021.55,22090.0,22091.2,22055.9,22066.1,72.61695895472722,72.33839410945653,63.67839357288116,42.50180546642984
2024-02-02 14:10:00,2024-02-02 15:00:00,cross_down,5,5 (+11 to +15 pts),14.150000000001455,-66.39999999999782,-38.75,10,21898.35,21902.8,21880.75,21892.8,21851.9,21885.4,21839.95,21854.05,46.79067433110152,46.18534265787145,64.6957386220544,36.865911479510835
2024-02-02 15:05:00,2024-02-02 15:10:00,cross_down,3,3 (+5 to +8 pts),6.75,-17.899999999997817,-12.599999999998545,1,21854.5,21874.75,21850.4,21868.3,21869.25,21875.05,21852.55,21855.7,44.98993774007164,44.97547771366758,63.111897802154886,23.7898809863083
2024-02-05 09:20:00,2024-02-05 10:25:00,cross_down,10,10 (+64 to +504 pts),81.10000000000218,-46.5,7.100000000002183,13,21844.65,21882.3,21835.8,21882.3,21877.3,21895.3,21876.25,21889.4,44.61659243261114,43.36638258786799,59.38681919738448,27.619296978264845
2024-02-05 10:50:00,2024-02-05 12:00:00,cross_down,8,8 (+29 to +41 pts),35.89999999999782,-14.850000000002183,3.9500000000007276,14,21908.35,21912.4,21892.6,21907.45,21930.15,21933.6,21911.4,21911.4,51.55613793119042,51.467770208281436,59.60592505987352,22.162946825212703
2024-02-05 12:55:00,2024-02-05 13:00:00,cross_down,4,4 (+8 to +11 pts),9.450000000000728,-7.549999999999272,-3.5499999999992724,1,21925.95,21941.0,21924.0,21931.55,21931.65,21940.6,21924.7,21928.0,53.783010883026506,53.712400808051626,59.5898985297425,16.514248789894395
2024-02-05 13:05:00,2024-02-05 13:25:00,cross_down,4,4 (+8 to +11 pts),8.5,-41.20000000000073,-37.900000000001455,4,21928.05,21952.5,21927.65,21944.0,21933.05,21934.4,21902.8,21906.1,56.23176077744854,54.64425787114419,59.5898985297425,21.242297103632517
2024-02-05 13:55:00,2024-02-05 14:00:00,cross_down,1,1 (+0 to +3 pts),2.5499999999992724,-20.0,-17.600000000002183,1,21938.55,21941.65,21932.6,21941.65,21940.8,21944.2,21921.65,21924.05,54.33420828389154,53.34186554265444,59.96506650962964,17.054395925188203
2024-02-06 09:20:00,2024-02-06 12:50:00,cross_down,10,10 (+64 to +504 pts),118.70000000000073,-59.349999999998545,83.40000000000146,42,21771.45,21797.85,21738.5,21797.85,21891.8,21895.7,21869.65,21881.25,36.797682790612726,34.36947440732073,50.74679904452369,45.66638656572974
2024-02-06 13:10:00,2024-02-06 13:15:00,cross_down,2,2 (+3 to +5 pts),3.599999999998545,-8.150000000001455,-4.600000000002183,1,21902.5,21907.0,21897.3,21905.45,21906.1,21909.05,21899.35,21900.85,56.569053772532996,56.52135382897562,51.93021005587305,23.605713944827574
2024-02-06 13:20:00,2024-02-06 13:35:00,cross_down,7,7 (+21 to +28 pts),21.349999999998545,-30.650000000001455,-12.599999999998545,3,21901.95,21911.0,21898.2,21908.25,21920.85,21921.8,21877.6,21895.65,58.06902631478775,57.60291789591217,53.1497414928001,23.92851287682926
2024-02-06 13:40:00,2024-02-06 13:45:00,cross_down,1,1 (+0 to +3 pts),1.7999999999992724,-22.0,-8.950000000000728,1,21895.8,21919.6,21895.8,21917.8,21918.4,21918.4,21899.15,21908.85,59.123693664932546,58.986864037247784,53.1497414928001,25.39999108893032
2024-02-07 09:15:00,2024-02-07 09:40:00,cross_down,6,6 (+15 to +21 pts),19.19999999999709,-66.55000000000291,-63.45000000000073,5,22045.05,22051.1,22016.6,22031.9,22012.55,22020.8,21965.35,21968.45,62.607456838776926,61.74185908747274,57.043293211023595,23.395446100550483
2024-02-07 12:30:00,2024-02-07 14:45:00,cross_down,9,9 (+41 to +64 pts),59.14999999999782,-43.30000000000291,1.25,27,21904.9,21925.6,21899.25,21924.4,21935.35,21939.7,21925.65,21925.65,44.09036676790309,43.740433765506864,57.41252301073867,45.404030723834595
2024-02-07 14:50:00,2024-02-07 14:55:00,cross_down,2,2 (+3 to +5 pts),3.4499999999970896,-33.400000000001455,-33.20000000000073,1,21926.65,21950.15,21926.65,21949.15,21949.35,21952.6,21915.75,21915.95,53.400552780193905,53.135654225302915,56.46813031635732,21.56624120211826
2024-02-08 10:00:00,2024-02-08 10:05:00,cross_down,4,4 (+8 to +11 pts),9.0,-61.64999999999782,-56.94999999999709,1,21964.75,21989.35,21952.2,21989.35,21994.65,21998.35,21927.7,21932.4,57.664919855078935,57.37154077092548,55.820200736381196,20.19253596508391
2024-02-15 13:40:00,2024-02-15 14:00:00,cross_down,4,4 (+8 to +11 pts),8.849999999998545,-36.04999999999927,-24.299999999999272,4,21916.85,21948.1,21907.9,21943.95,21951.4,21952.25,21917.3,21919.65,62.839507206555396,60.92885544711197,62.827743171990846,26.26769386676765
2024-02-16 09:15:00,2024-02-16 09:45:00,cross_down,6,6 (+15 to +21 pts),15.200000000000728,-35.900000000001455,-27.400000000001455,6,22020.3,22020.65,21993.3,22005.45,21993.65,21993.95,21969.55,21978.05,62.93278424608974,62.68532790916822,67.57774569051227,24.014783366389853
2024-02-19 09:25:00,2024-02-19 09:40:00,cross_down,6,6 (+15 to +21 pts),19.200000000000728,-21.900000000001455,-10.700000000000728,3,22080.7,22083.3,22068.2,22072.75,22076.35,22084.05,22061.4,22062.05,55.55599134696195,55.30550735713015,76.4182040138574,32.18552533840223
2024-02-19 10:20:00,2024-02-19 11:35:00,cross_down,9,9 (+41 to +64 pts),56.54999999999927,-26.650000000001455,26.0,15,22067.25,22097.35,22067.05,22093.7,22117.2,22124.85,22111.7,22119.7,55.72270203073951,55.57349144939987,77.00780789927138,20.701252677979195
2024-02-20 10:10:00,2024-02-20 13:00:00,cross_down,10,10 (+64 to +504 pts),79.45000000000073,-22.450000000000728,57.70000000000073,34,22092.4,22097.95,22075.5,22097.95,22150.5,22156.95,22146.15,22155.65,42.79122647971168,42.163823607098216,76.51747078117816,31.806635836337914
2024-02-20 15:00:00,2024-02-20 15:25:00,session_end_forced,8,8 (+29 to +41 pts),38.35000000000218,-39.25,31.55000000000291,5,22137.35,22182.65,22137.35,22176.6,22212.35,22214.95,22199.4,22208.15,52.932544632456526,51.884431627292145,67.46724570704257,21.938826502291036
2024-02-21 12:50:00,2024-02-21 13:00:00,cross_down,3,3 (+5 to +8 pts),5.599999999998545,-16.450000000000728,-9.150000000001455,2,22229.9,22238.1,22219.45,22235.9,22231.7,22237.0,22224.1,22226.75,59.02174525745922,57.30255205976359,71.19044251941125,22.535298963831636
2024-02-21 15:10:00,2024-02-21 15:25:00,session_end_forced,1,1 (+0 to +3 pts),3.0,-79.5,-66.29999999999927,3,22079.65,22098.05,22067.95,22095.05,22036.05,22038.25,22015.55,22028.75,35.01271838913082,29.459997149247787,64.80436693287253,52.86245743636365
2024-02-26 10:30:00,2024-02-26 14:45:00,cross_down,8,8 (+29 to +41 pts),37.04999999999927,-61.099999999998545,-12.450000000000728,51,22119.95,22137.95,22118.8,22136.8,22143.2,22149.8,22120.75,22124.35,37.382221337943456,36.85098237607965,56.12308511182663,40.00427370047971
2024-02-27 14:50:00,2024-02-27 15:25:00,session_end_forced,8,8 (+29 to +41 pts),34.599999999998545,-11.799999999999272,12.200000000000728,7,22179.4,22186.3,22170.2,22182.0,22198.6,22200.05,22187.2,22194.2,54.912821976510166,54.53145339925064,50.623837438086156,20.255984848875308
2024-02-28 09:40:00,2024-02-28 09:45:00,cross_down,2,2 (+3 to +5 pts),3.650000000001455,-23.950000000000728,-7.900000000001455,1,22200.25,22213.15,22185.55,22209.5,22210.2,22211.9,22196.6,22201.6,59.24164461097685,59.12093519770977,53.674206950308005,16.48666561773877
2024-03-01 11:35:00,2024-03-01 12:00:00,cross_down,6,6 (+15 to +21 pts),17.299999999999272,-51.650000000001455,-9.0,5,22235.05,22294.7,22235.05,22286.7,22284.4,22295.0,22273.45,22277.7,74.34481213849526,74.24619400529349,54.8782799161881,51.702341354831944
2024-03-04 12:35:00,2024-03-04 12:40:00,cross_down,3,3 (+5 to +8 pts),6.349999999998545,-8.75,-4.0,1,22420.25,22422.75,22413.95,22416.4,22416.45,22418.15,22407.65,22412.4,58.714878940098174,58.52961044306909,77.17638927942386,16.982956533594255
2024-03-04 14:10:00,2024-03-04 14:30:00,cross_down,3,3 (+5 to +8 pts),6.049999999999272,-18.299999999999272,-17.549999999999272,4,22419.55,22430.7,22414.25,22428.2,22426.75,22432.75,22409.9,22410.65,55.17420807237288,54.076564825328774,77.45326102695633,26.906397867860477
2024-03-05 10:55:00,2024-03-05 13:55:00,cross_down,10,10 (+64 to +504 pts),100.64999999999782,-45.0,54.39999999999782,36,22299.8,22315.35,22294.7,22314.95,22356.5,22369.65,22351.65,22369.35,34.00514615861847,30.637159203588116,68.76535175243156,59.75314764879281
2024-03-06 10:30:00,2024-03-06 10:35:00,cross_down,3,3 (+5 to +8 pts),5.69999999999709,-25.950000000000728,-14.200000000000728,1,22285.9,22306.1,22274.45,22300.4,22300.05,22303.65,22281.6,22286.2,43.5893719091477,43.00038225866702,52.97156776518884,22.245544529130655
2024-03-06 10:40:00,2024-03-06 10:55:00,cross_down,2,2 (+3 to +5 pts),3.2000000000007276,-43.94999999999709,-29.69999999999709,3,22285.9,22314.3,22279.15,22311.1,22280.5,22287.65,22267.15,22281.4,44.534326451082485,43.00038225866702,52.97156776518884,19.47611886188057
2024-03-06 11:00:00,2024-03-06 11:35:00,cross_down,5,5 (+11 to +15 pts),13.25,-62.599999999998545,-62.599999999998545,7,22280.9,22310.75,22280.9,22297.5,22261.65,22268.95,22234.9,22234.9,44.128766260552084,42.153160239632925,52.97156776518884,16.20246304357246
2024-03-07 13:10:00,2024-03-07 13:15:00,cross_down,3,3 (+5 to +8 pts),5.899999999997817,-9.900000000001455,-8.05000000000291,1,22507.95,22512.55,22502.2,22509.15,22507.8,22515.05,22499.25,22501.1,63.20274713814281,63.18194864411701,64.9019315676235,27.44838653327385
2024-03-11 11:15:00,2024-03-11 11:20:00,cross_down,1,1 (+0 to +3 pts),2.150000000001455,-10.299999999999272,-10.099999999998545,1,22416.55,22422.7,22412.55,22422.35,22422.85,22424.5,22412.05,22412.25,37.57485951222641,37.27878551480014,57.992778349082954,48.53742008008692
2024-03-11 11:30:00,2024-03-11 14:20:00,cross_down,2,2 (+3 to +5 pts),3.400000000001455,-92.75,-92.39999999999782,34,22415.7,22437.3,22413.9,22436.05,22375.45,22376.8,22343.3,22343.65,39.83945599432574,35.496498695972306,57.992778349082954,48.460847672842
2024-03-21 13:35:00,2024-03-21 13:45:00,cross_down,3,3 (+5 to +8 pts),5.25,-29.25,-25.850000000002183,2,22012.65,22030.45,22011.65,22025.2,22017.85,22021.55,21995.95,21999.35,55.73907097429645,55.599157907825436,54.64671091249307,18.962505528176372
2024-03-21 14:35:00,2024-03-21 14:50:00,cross_down,4,4 (+8 to +11 pts),9.450000000000728,-27.299999999999272,-23.799999999999272,3,22012.65,22030.8,22012.0,22027.5,22013.85,22020.3,22000.2,22003.7,55.417595968285895,54.52411037269046,55.385149447816936,21.723219468061828
2024-03-22 10:00:00,2024-03-22 12:15:00,cross_down,10,10 (+64 to +504 pts),95.14999999999782,-20.25,55.0,27,21990.7,22017.2,21987.15,22007.4,22076.3,22079.65,22060.45,22062.4,48.346890027144994,47.9278871958029,57.14700602154878,27.620452617543656
2024-03-22 14:20:00,2024-03-22 14:55:00,cross_down,8,8 (+29 to +41 pts),39.95000000000073,-15.099999999998545,-7.799999999999272,7,22128.45,22144.1,22125.65,22139.05,22144.4,22150.2,22129.15,22131.25,63.70317670177903,62.84208422605483,64.38994549059002,34.5410598571057
2024-03-26 10:50:00,2024-03-26 13:35:00,cross_down,9,9 (+41 to +64 pts),42.75,-9.349999999998545,14.049999999999272,33,22032.35,22041.2,22020.45,22029.8,22046.35,22053.2,22041.25,22043.85,42.24033780705528,41.78741428099518,60.26366269173052,35.16816816347012
2024-03-28 09:25:00,2024-03-28 11:20:00,cross_down,10,10 (+64 to +504 pts),151.64999999999782,-12.150000000001455,140.29999999999927,23,22213.5,22224.1,22207.5,22217.7,22356.3,22362.85,22354.05,22358.0,56.997041199436076,52.11493487403097,62.152530633314505,38.904684549121534
2024-03-28 14:25:00,2024-03-28 14:30:00,cross_down,4,4 (+8 to +11 pts),8.700000000000728,-15.25,-3.849999999998545,1,22473.85,22495.95,22472.0,22487.25,22486.95,22492.8,22479.45,22483.4,77.1387320429163,76.43293971290149,73.26656837666036,67.18417236532392
2024-03-28 14:40:00,2024-03-28 14:45:00,cross_down,4,4 (+8 to +11 pts),10.0,-37.70000000000073,-30.799999999999272,1,22501.85,22513.2,22496.45,22503.2,22499.5,22503.45,22465.5,22472.4,78.75874298447232,78.42743679899755,73.26656837666036,74.21617268080733
2024-04-01 09:55:00,2024-04-01 10:05:00,cross_down,2,2 (+3 to +5 pts),4.350000000002183,-23.200000000000728,-20.549999999999272,2,22503.5,22523.3,22499.55,22520.05,22502.55,22508.6,22496.85,22499.5,61.31184401457786,60.078665355675454,66.38498454251048,37.19329037874913
2024-04-01 10:20:00,2024-04-01 10:25:00,cross_down,2,2 (+3 to +5 pts),4.200000000000728,-20.25,-8.5,1,22506.4,22512.75,22488.3,22508.55,22507.95,22509.45,22497.7,22500.05,61.071493242017,60.83030461677682,66.88989324290354,29.71117579184887
2024-04-01 14:00:00,2024-04-01 14:10:00,cross_down,1,1 (+0 to +3 pts),2.2000000000007276,-17.349999999998545,-16.599999999998545,2,22460.15,22471.1,22459.65,22471.1,22461.85,22469.25,22453.75,22454.5,50.15657225786111,50.04601594256712,65.06004836118967,24.44249484045521
2024-04-01 14:50:00,2024-04-01 15:25:00,session_end_forced,6,6 (+15 to +21 pts),17.450000000000728,-12.599999999998545,8.799999999999272,7,22455.6,22462.55,22453.9,22460.25,22459.0,22473.9,22456.5,22469.05,47.534540816800714,47.15693578259711,64.47514570308186,18.91893731252073
2024-04-02 09:30:00,2024-04-02 09:50:00,cross_down,3,3 (+5 to +8 pts),5.80000000000291,-49.69999999999709,-45.39999999999782,4,22443.1,22496.9,22441.4,22491.1,22461.25,22462.7,22444.15,22445.7,50.19426517509787,48.77781840817073,64.14315600934272,22.206898641031373
2024-04-02 11:10:00,2024-04-02 13:10:00,cross_down,5,5 (+11 to +15 pts),12.75,-24.200000000000728,-23.350000000002183,24,22425.05,22432.4,22417.15,22432.4,22413.9,22421.15,22408.75,22409.05,42.774619594971874,41.78372804562516,62.60645670854462,25.691373068621008
2024-04-02 13:30:00,2024-04-02 13:55:00,cross_down,2,2 (+3 to +5 pts),4.200000000000728,-14.75,-13.850000000002183,5,22415.55,22423.15,22415.4,22418.95,22406.65,22414.55,22404.2,22405.1,44.01161533946946,43.636134298313706,58.22438927148096,22.23606065703562
2024-04-02 14:00:00,2024-04-02 15:25:00,session_end_forced,9,9 (+41 to +64 pts),60.89999999999782,-8.80000000000291,54.89999999999782,17,22404.95,22412.95,22404.6,22409.4,22465.15,22470.3,22459.05,22464.3,42.713057223030745,42.259742635284255,58.22438927148096,23.81424704611118
2024-04-03 10:05:00,2024-04-03 11:50:00,cross_down,8,8 (+29 to +41 pts),38.29999999999927,-14.450000000000728,14.400000000001455,21,22423.4,22439.95,22417.1,22431.55,22449.3,22453.45,22445.65,22445.95,50.25642739591785,46.32477410493504,58.95701357126337,35.61640598992646
2024-04-03 12:05:00,2024-04-03 13:10:00,cross_down,9,9 (+41 to +64 pts),58.30000000000291,-11.44999999999709,22.700000000000728,13,22454.05,22463.05,22451.15,22462.6,22490.55,22497.0,22485.3,22485.3,57.366343693961525,56.83463911575083,58.52708038732299,29.743119083563904
2024-04-04 09:20:00,2024-04-04 09:40:00,cross_down,8,8 (+29 to +41 pts),36.10000000000218,-93.20000000000073,-90.14999999999782,4,22580.3,22580.9,22534.05,22544.8,22486.05,22501.55,22451.6,22454.65,51.100145260476694,46.22723535275394,57.318728366425994,44.76226702201966
2024-04-04 10:45:00,2024-04-04 10:50:00,cross_down,4,4 (+8 to +11 pts),9.200000000000728,-107.84999999999854,-101.29999999999927,1,22413.4,22428.0,22412.2,22418.8,22420.1,22423.95,22310.95,22317.5,44.17057276399014,43.97588613521824,52.59017392998174,18.843097854372676
2024-04-04 11:10:00,2024-04-04 14:30:00,cross_down,10,10 (+64 to +504 pts),162.75,-66.60000000000218,131.54999999999927,40,22365.45,22421.8,22355.05,22417.45,22556.1,22563.9,22543.05,22549.0,42.63868724495817,41.88817509027652,52.59017392998174,32.01074875895175
2024-04-04 14:40:00,2024-04-04 14:45:00,cross_down,2,2 (+3 to +5 pts),4.149999999997817,-15.150000000001455,-8.950000000000728,1,22551.1,22564.95,22548.8,22563.95,22564.8,22568.1,22550.95,22555.0,65.73900534797637,65.41019567043696,54.13140071187577,31.606230528594956
2024-04-05 10:50:00,2024-04-05 11:25:00,cross_down,6,6 (+15 to +21 pts),16.19999999999709,-27.600000000002183,-13.400000000001455,7,22490.35,22502.05,22489.4,22500.65,22487.5,22491.45,22480.2,22487.25,52.23975914524128,50.75010031246254,56.14694177228558,16.3764371725829
2024-04-05 11:35:00,2024-04-05 11:40:00,cross_down,1,1 (+0 to +3 pts),0.8999999999978172,-14.400000000001455,-11.150000000001455,1,22489.9,22504.3,22489.5,22503.9,22504.15,22504.8,22491.6,22492.75,51.792940009463464,51.5217512224036,56.42569076985516,17.694571296647368
2024-04-05 11:55:00,2024-04-05 12:00:00,cross_down,2,2 (+3 to +5 pts),4.5,-10.950000000000728,-5.700000000000728,1,22496.85,22505.4,22494.65,22500.9,22500.35,22500.9,22489.95,22495.2,51.1102922518097,50.98527646802391,56.42569076985516,13.302864525242356
2024-04-05 12:05:00,2024-04-05 12:40:00,cross_down,3,3 (+5 to +8 pts),7.69999999999709,-13.25,-10.450000000000728,7,22496.05,22505.1,22491.8,22504.15,22497.45,22506.05,22490.9,22493.7,52.07122422134459,51.267937368075465,56.42569076985516,11.29873387275795
2024-04-05 12:50:00,2024-04-05 12:55:00,cross_down,3,3 (+5 to +8 pts),6.5,-9.649999999997817,-7.450000000000728,1,22497.65,22508.3,22494.6,22501.8,22502.3,22502.3,22492.15,22494.35,51.110286333275525,51.075804405352386,55.99139261836313,10.946159069788887
2024-04-05 13:30:00,2024-04-05 13:35:00,cross_down,1,1 (+0 to +3 pts),1.5499999999992724,-12.75,-12.650000000001455,1,22499.75,22504.45,22499.25,22502.9,22503.0,22503.8,22490.15,22490.25,50.17638789016723,49.74918512103674,55.04958014408202,13.138546764034379
2024-04-05 13:50:00,2024-04-05 14:35:00,cross_down,7,7 (+21 to +28 pts),24.299999999999272,-12.75,-7.5,9,22492.75,22509.55,22491.3,22504.05,22508.95,22510.05,22492.35,22496.55,51.31492671007028,49.69579950646484,55.04958014408202,13.472430034661635
2024-04-05 15:10:00,2024-04-05 15:15:00,cross_down,3,3 (+5 to +8 pts),5.649999999997817,-13.950000000000728,-6.549999999999272,1,22513.7,22521.1,22507.35,22515.45,22514.4,22516.15,22501.5,22508.9,53.3855670048425,51.90223648424555,55.094767412103025,21.081787443229167
2024-04-05 15:20:00,2024-04-05 15:25:00,session_end_forced,1,1 (+0 to +3 pts),0.5499999999992724,-27.299999999999272,-12.649999999997817,1,22509.85,22536.1,22508.75,22536.05,22535.75,22536.6,22522.85,22523.4,57.66860762092024,53.917962938056405,55.59640206719241,24.173304778542544
2024-04-08 10:10:00,2024-04-08 10:15:00,cross_down,2,2 (+3 to +5 pts),4.5,-15.349999999998545,-7.799999999999272,1,22614.85,22630.45,22610.9,22626.25,22627.15,22630.75,22615.6,22618.45,69.57391673599263,68.9441560751313,56.32813788313425,41.040246466696345
2024-04-08 12:55:00,2024-04-08 13:15:00,cross_down,6,6 (+15 to +21 pts),15.850000000002183,-7.599999999998545,10.55000000000291,4,22676.15,22683.9,22673.5,22681.1,22695.35,22696.95,22689.3,22691.65,78.75335770432622,78.12803138822386,65.68201104482912,73.22628219332245
2024-04-09 09:40:00,2024-04-09 10:15:00,cross_down,8,8 (+29 to +41 pts),29.349999999998545,-18.849999999998545,6.299999999999272,7,22720.95,22733.1,22711.15,22730.0,22749.25,22751.8,22733.5,22736.3,64.0139605030266,61.80589710948088,68.83781321296446,30.392411867170107
2024-04-09 14:20:00,2024-04-09 15:25:00,session_end_forced,3,3 (+5 to +8 pts),7.05000000000291,-45.44999999999709,-22.799999999999272,13,22640.35,22671.9,22636.9,22664.85,22647.35,22652.7,22639.15,22642.05,33.71274561225538,33.152720898414636,62.978684515278786,55.967176519282106
2024-04-10 12:05:00,2024-04-10 12:45:00,cross_down,1,1 (+0 to +3 pts),3.150000000001455,-13.899999999997817,-9.25,8,22703.8,22708.45,22700.6,22705.3,22702.1,22703.4,22691.45,22696.05,52.57309254216446,51.774395543932165,59.488416748934746,16.359809067004136
2024-04-10 13:10:00,2024-04-10 13:50:00,cross_down,8,8 (+29 to +41 pts),29.849999999998545,-16.5,5.25,8,22699.45,22721.15,22698.4,22714.9,22720.95,22722.65,22711.15,22720.15,55.84876416268167,53.7585468805936,59.98642960016679,13.622267927595331
2024-04-10 13:55:00,2024-04-10 14:00:00,cross_down,2,2 (+3 to +5 pts),3.4500000000007276,-20.099999999998545,-3.0499999999992724,1,22719.7,22738.95,22717.65,22737.75,22737.75,22741.2,22729.8,22734.7,61.83173649445653,61.63771994261363,60.76893285703852,35.20832095466791
2024-04-10 15:00:00,2024-04-10 15:05:00,cross_down,1,1 (+0 to +3 pts),3.0,-31.549999999999272,-16.049999999999272,1,22742.8,22772.7,22741.15,22772.7,22773.1,22775.7,22752.8,22756.65,63.913341669774354,63.85788511118474,61.67262773627655,30.2827478560165
2024-04-12 10:45:00,2024-04-12 12:25:00,cross_down,9,9 (+41 to +64 pts),41.29999999999927,-74.99960937500146,-29.700000000000728,20,22662.1,22666.75,22652.75,22656.9,22633.75,22634.05,22607.7,22627.2,40.280244061150896,39.01358672466412,58.47320147526421,44.616758433184096
2024-04-22 15:10:00,2024-04-22 15:25:00,session_end_forced,7,7 (+21 to +28 pts),28.250390624998545,-26.200000000000728,23.099999999998545,3,22325.95,22349.69921875,22321.2,22347.4,22354.4,22375.650390625,22351.05,22370.5,67.46453315523888,66.57995060758547,59.09927662006851,37.865509091117346
2024-04-24 09:25:00,2024-04-24 11:10:00,cross_down,10,10 (+64 to +504 pts),66.99921874999927,-5.799999999999272,49.79999999999927,21,22412.2,22418.8,22405.95,22409.45,22464.9,22465.4,22458.05,22459.25,51.72187938823804,49.86830827296637,63.587993592305054,36.286475475209656
2024-04-25 09:35:00,2024-04-25 10:55:00,cross_down,10,10 (+64 to +504 pts),89.00078125000073,-46.79999999999927,-21.450000000000728,16,22362.2,22389.44921875,22361.65,22386.55,22347.8,22366.55,22343.65,22365.1,35.44531720143653,34.1588039430569,61.941629696509025,48.64712890953174
2024-04-25 11:05:00,2024-04-25 12:05:00,cross_down,5,5 (+11 to +15 pts),12.30000000000291,-62.39999999999782,-35.5,12,22378.0,22432.3,22369.7,22432.1,22397.55,22402.15,22390.5,22396.6,47.36287194584254,45.265590531790295,62.43340580491518,29.88120210678973
2024-04-25 12:35:00,2024-04-25 12:45:00,cross_down,3,3 (+5 to +8 pts),5.299999999999272,-21.049999999999272,-20.200000000000728,2,22400.6,22410.8,22396.6,22407.2,22396.2,22398.75,22386.15,22387.0,47.756959498215856,47.07501022266115,58.44151064358626,17.37244511152244
2024-04-25 12:55:00,2024-04-25 14:50:00,cross_down,10,10 (+64 to +504 pts),202.64921875000073,-28.200000000000728,159.25,23,22397.8,22439.5,22395.1,22423.3,22594.95,22595.15,22580.15,22582.55,49.61717257180594,46.68686267550641,58.44151064358626,18.240734626697844
2024-04-26 14:15:00,2024-04-26 15:25:00,session_end_forced,4,4 (+8 to +11 pts),9.899999999997817,-68.84921875000146,-4.200000000000728,14,22446.45,22464.3,22446.45,22454.4,22434.45,22461.6,22434.05,22450.2,35.43185601592424,32.976001723393246,57.077798214784515,50.04149589605203
2024-04-29 13:25:00,2024-04-29 14:00:00,cross_down,7,7 (+21 to +28 pts),23.099999999998545,-10.450000000000728,18.0,7,22592.4,22603.30078125,22588.9,22599.15,22620.0,22620.0,22608.15,22617.15,72.76696598936516,70.24352709779112,58.32069616144022,31.435574915960032
2024-04-30 14:15:00,2024-04-30 14:35:00,cross_down,2,2 (+3 to +5 pts),3.5496093750007276,-25.0,-20.799999999999272,4,22767.35,22783.349609375,22763.9,22779.8,22772.0,22777.9,22754.8,22759.0,65.5471215744485,65.08498228676021,73.28474159744229,35.91235034363576
2024-05-02 09:50:00,2024-05-02 11:20:00,cross_down,9,9 (+41 to +64 pts),54.75,-21.299999999999272,1.0999999999985448,18,22641.25,22645.9,22617.7,22639.0,22634.45,22647.75,22631.05,22640.1,41.92429792360936,41.600968489117626,61.937906423757155,25.484337602517297
2024-05-02 11:25:00,2024-05-02 12:45:00,cross_down,7,7 (+21 to +28 pts),24.650390625,-48.29999999999927,-7.349999999998545,16,22637.05,22682.25,22633.95,22682.25,22684.1,22690.55,22662.6,22674.9,47.017320254283604,45.93141384741636,58.85370446993593,25.428895271985443
2024-05-02 13:05:00,2024-05-02 14:10:00,cross_down,6,6 (+15 to +21 pts),20.150000000001455,-21.799999999999272,-10.799999999999272,13,22682.2,22693.3,22676.3,22690.35,22695.2,22698.3,22678.45,22679.55,51.60506040203346,50.59755976235134,58.604227346351735,11.855858158595828
2024-05-03 09:15:00,2024-05-03 10:10:00,cross_down,7,7 (+21 to +28 pts),24.94921875,-94.0,-88.34999999999854,11,22766.35,22781.5,22757.400390625,22769.75,22710.65,22713.95,22675.75,22681.4,51.47393329550685,42.55184513306398,54.390566188721415,27.60014887647194
2024-05-14 13:05:00,2024-05-14 13:15:00,cross_down,4,4 (+8 to +11 pts),9.699609374998545,-24.55000000000291,-24.5,2,22227.8,22230.8,22218.45,22227.15,22220.35,22225.75,22202.6,22202.65,71.28515933446155,69.87719695401567,56.3738809055338,46.11353245414445
2024-05-15 11:05:00,2024-05-15 11:35:00,cross_down,7,7 (+21 to +28 pts),22.349999999998545,-62.95000000000073,-44.900000000001455,6,22240.8,22249.8,22226.2,22227.45,22178.8,22191.05,22172.95,22182.55,48.2413256284394,47.90792494788166,61.9974762952178,40.29134985564252
2024-05-15 11:55:00,2024-05-15 12:55:00,cross_down,2,2 (+3 to +5 pts),4.849999999998545,-48.35000000000218,-34.0,12,22184.15,22228.75,22179.75,22223.9,22203.05,22205.05,22185.1,22189.9,48.085605105918376,46.84174101008544,62.33414057811237,25.981413930578643
2024-05-15 13:00:00,2024-05-15 13:10:00,cross_down,6,6 (+15 to +21 pts),17.700000000000728,-12.25,-7.69999999999709,2,22190.55,22201.5,22190.4,22199.6,22199.6,22202.85,22187.35,22191.9,48.27628650053523,47.833450796960314,61.23622072645185,24.728018547740398
2024-05-15 13:15:00,2024-05-15 13:35:00,cross_down,4,4 (+8 to +11 pts),8.849999999998545,-34.70000000000073,-16.450000000000728,4,22191.2,22202.0,22176.25,22199.0,22191.95,22192.6,22179.25,22182.55,47.897151442992474,47.24295250418214,59.764929295248166,20.55674503845852
2024-05-15 14:05:00,2024-05-15 15:20:00,cross_down,8,8 (+29 to +41 pts),37.20000000000073,-14.19999999999709,3.100000000002183,15,22189.7,22205.3,22187.35,22196.35,22193.5,22201.3,22191.05,22199.45,47.22890336035415,45.73423537082374,59.764929295248166,31.915000324529462
2024-05-16 11:40:00,2024-05-16 12:50:00,cross_down,10,10 (+64 to +504 pts),121.14999999999782,-39.30000000000291,-13.600000000002183,14,22159.05,22182.4,22144.5,22182.4,22170.95,22182.45,22159.95,22168.8,45.326394881489335,43.644777234594116,55.968933912147094,28.33757046273563
2024-05-16 14:15:00,2024-05-16 15:25:00,session_end_forced,10,10 (+64 to +504 pts),335.0499999999993,-36.75,295.1499999999978,14,22065.1,22117.45,22060.45,22097.2,22422.55,22424.05,22388.8,22392.35,40.52055514768716,39.65076548003748,50.61114173265851,28.82122002769205
2024-05-17 11:10:00,2024-05-17 11:15:00,cross_down,4,4 (+8 to +11 pts),9.850390625000728,-17.649999999997817,3.0499999999992724,1,22459.65,22473.69921875,22451.65,22469.3,22469.2,22479.150390625,22466.2,22472.35,69.88397870310108,69.75016738190037,57.702435319696725,40.19907466787788
2024-05-18 09:25:00,2024-05-18 09:50:00,cross_down,3,3 (+5 to +8 pts),6.75,-31.549999999999272,-30.0,5,22505.9,22514.5,22504.85,22512.05,22503.05,22510.65,22480.5,22482.05,59.72793956911602,58.70157791675783,65.06518255402584,30.323009784168114
2024-05-21 10:55:00,2024-05-21 13:20:00,cross_down,10,10 (+64 to +504 pts),113.14960937499927,-7.549999999999272,69.54999999999927,29,22470.4,22482.75,22470.4,22477.95,22574.15,22574.6,22543.3,22547.5,48.30220054939559,46.92670549856758,65.56455832908038,27.4802538541617
2024-05-22 09:25:00,2024-05-22 09:40:00,cross_down,6,6 (+15 to +21 pts),16.25,-60.95000000000073,-51.35000000000218,3,22554.9,22561.7,22538.55,22557.7,22560.0,22564.95,22496.75,22506.35,50.5321162412608,49.47614689152697,63.487342835326565,25.406817353529
2024-05-22 10:10:00,2024-05-22 10:20:00,cross_down,4,4 (+8 to +11 pts),8.19999999999709,-22.25,-15.600000000002183,2,22537.45,22566.6,22537.45,22558.4,22554.25,22554.5,22536.15,22542.8,52.17365121378353,51.131913993212386,63.487342835326565,19.33844355848155
2024-05-22 10:30:00,2024-05-22 10:35:00,cross_down,2,2 (+3 to +5 pts),4.049999999999272,-16.600000000002183,-14.0,1,22545.3,22561.2,22542.2,22557.15,22557.6,22560.1,22540.55,22543.15,53.022042726328124,52.45431680968295,63.762007988107,15.28218571603884
2024-05-22 10:50:00,2024-05-22 11:00:00,cross_down,2,2 (+3 to +5 pts),4.549999999999272,-40.95000000000073,-36.25,2,22549.4,22575.55,22548.95,22571.0,22556.25,22559.4,22530.05,22534.75,54.573727915930284,52.59196097280255,63.762007988107,14.671925524067639
2024-05-22 11:50:00,2024-05-22 12:40:00,cross_down,7,7 (+21 to +28 pts),23.600390625000728,-13.399999999997817,-1.6499999999978172,10,22553.45,22565.15,22550.75,22562.8,22557.7,22567.25,22555.55,22561.15,52.32130648004786,52.30024060413322,63.25742972841878,13.114176777065829
2024-05-23 09:40:00,2024-05-23 10:15:00,cross_down,4,4 (+8 to +11 pts),9.049609375000728,-25.75,2.650000000001455,7,22659.8,22686.69921875,22654.55,22680.3,22674.0,22684.1,22667.55,22682.95,62.66192739840337,59.20246914720253,67.68269562074323,23.965285268116965
2024-05-23 10:20:00,2024-05-23 10:30:00,cross_down,5,5 (+11 to +15 pts),11.749609375001455,-27.799999999999272,-14.19999999999709,2,22683.85,22719.349609375,22679.8,22707.6,22698.4,22704.25,22687.65,22693.4,67.32180174199482,65.56850873520138,70.56029461085441,37.599186280497264
2024-05-23 11:55:00,2024-05-23 13:10:00,cross_down,10,10 (+64 to +504 pts),91.59999999999854,-34.80000000000291,69.94999999999709,15,22728.95,22768.650390625,22725.6,22760.4,22839.7,22842.85,22823.7,22830.35,69.32729622227845,67.59897833085971,73.25224144534447,40.40453058913493
2024-05-24 13:00:00,2024-05-24 13:15:00,cross_down,3,3 (+5 to +8 pts),6.100390625000728,-30.649999999997817,-13.0,3,23001.65,23017.0,23001.15,23013.55,22991.25,23003.2,22984.9,23000.55,66.53880441094344,65.74646530814103,82.6990372019965,27.12886310271235
2024-05-27 09:25:00,2024-05-27 09:30:00,cross_down,7,7 (+21 to +28 pts),25.200000000000728,-22.500390624998545,-20.799999999999272,1,23005.0,23013.05,22980.0,22987.85,22986.85,22996.15,22965.349609375,22967.05,49.90254276923795,49.65212248704102,77.23472660553952,31.62647630106597
2024-05-27 09:35:00,2024-05-27 09:45:00,cross_down,3,3 (+5 to +8 pts),6.5,-39.95039062499927,-16.549999999999272,2,22966.6,23005.45,22964.099609375,23004.05,22996.95,23001.55,22976.95,22987.5,51.03762792900757,50.89572722390321,77.23472660553952,27.184787939529073
2024-05-27 10:25:00,2024-05-27 13:00:00,cross_down,10,10 (+64 to +504 pts),126.40078124999854,-14.05000000000291,87.64999999999782,31,22975.15,22987.8,22970.35,22984.4,23066.0,23078.7,23063.4,23072.05,48.196424796401814,47.96891343018761,75.02765780557583,16.969351566586525
2024-05-28 09:40:00,2024-05-28 11:30:00,cross_down,8,8 (+29 to +41 pts),36.200781250001455,-36.000390624998545,-9.849999999998545,22,22963.9,22968.5,22941.85,22962.35,22951.8,22955.1,22937.65,22952.5,40.51258431990219,39.682107477938224,65.29928578855308,38.392929173619464
2024-05-28 12:50:00,2024-05-28 15:25:00,session_end_forced,8,8 (+29 to +41 pts),30.80000000000291,-84.09999999999854,-73.94999999999709,31,22904.4,22947.35,22901.8,22942.6,22872.7,22873.35,22858.5,22868.65,37.45337151051884,35.8221125594092,57.36171407372839,42.66626130914568
2024-06-06 13:40:00,2024-06-06 13:45:00,cross_down,3,3 (+5 to +8 pts),6.5,-100.75,-76.64999999999782,1,22811.6,22847.2,22811.05,22841.85,22843.25,22848.35,22741.1,22765.2,56.0379437440405,54.83572959071005,57.57610818503736,27.226809093732406
2024-06-06 15:00:00,2024-06-06 15:25:00,session_end_forced,9,9 (+41 to +64 pts),47.60000000000218,-43.0,31.200000000000728,5,22774.85,22819.9,22774.85,22817.85,22848.5,22865.45,22847.8,22849.05,52.137208886099344,52.10986827983187,58.22304947267528,17.32775573371924
2024-06-07 10:40:00,2024-06-07 10:45:00,cross_down,7,7 (+21 to +28 pts),25.649218750000728,-11.349999999998545,5.350000000002183,1,23041.65,23059.44921875,23027.15,23033.8,23033.85,23048.9,23022.45,23039.15,70.6224094630158,69.8504877515031,62.05317822224649,29.708042630440755
2024-06-07 11:10:00,2024-06-07 11:15:00,cross_down,3,3 (+5 to +8 pts),7.050390625001455,-15.25,-4.75,1,23076.9,23082.900390625,23064.95,23075.85,23075.3,23077.75,23060.6,23071.1,75.3715537538813,74.4294054227284,62.05317822224649,40.22061777068898
2024-06-07 11:50:00,2024-06-07 11:55:00,cross_down,7,7 (+21 to +28 pts),21.850390625000728,-44.39999999999782,-25.349999999998545,1,23170.0,23230.150390625,23163.9,23208.3,23207.9,23209.15,23175.85,23182.95,77.1115293536304,76.79255100924635,64.35521209074008,48.68620318009878
2024-06-10 13:40:00,2024-06-10 14:20:00,cross_down,6,6 (+15 to +21 pts),19.0,-26.849999999998545,-25.5,8,23344.95,23361.75,23343.5,23358.35,23357.25,23360.2,23331.5,23332.85,56.135720472239534,55.52647846579383,75.81824789884675,19.959171392044183
2024-06-11 09:50:00,2024-06-11 12:30:00,cross_down,10,10 (+64 to +504 pts),76.45000000000073,-12.549999999999272,43.95000000000073,32,23265.4,23288.9,23262.25,23271.55,23335.15,23336.9,23315.2,23315.5,44.08117185400337,43.17285245168024,69.48676220415634,28.034275940884424
2024-06-11 12:40:00,2024-06-11 12:45:00,cross_down,3,3 (+5 to +8 pts),5.400000000001455,-10.899999999997817,-8.25,1,23331.35,23339.4,23326.65,23337.55,23336.55,23342.95,23328.7,23329.3,56.07037711880841,55.58591921507096,67.46339708028036,14.19900830393944
2024-06-11 12:50:00,2024-06-11 12:55:00,cross_down,6,6 (+15 to +21 pts),15.400000000001455,-20.44999999999709,-12.099999999998545,1,23329.35,23350.900390625,23328.95,23346.1,23346.55,23361.5,23325.65,23334.0,56.93037583541655,56.63930869951656,67.46339708028036,12.845052988346653
2024-06-11 13:25:00,2024-06-11 14:00:00,cross_down,8,8 (+29 to +41 pts),35.94921875,-23.0,-13.299999999999272,7,23344.85,23358.35,23343.6,23353.5,23374.3,23375.3,23330.5,23340.2,58.271341627615044,56.96243029360347,67.18748412405755,19.569572117882156
2024-06-12 09:25:00,2024-06-12 11:05:00,cross_down,10,10 (+64 to +504 pts),85.49921874999927,-21.400000000001455,50.599999999998545,20,23338.6,23357.80078125,23335.05,23356.45,23418.45,23423.35,23403.75,23407.05,47.52978219792092,43.91026674506933,60.959605285898924,44.72093060314774
2024-06-12 14:50:00,2024-06-12 15:00:00,cross_down,2,2 (+3 to +5 pts),3.350000000002183,-61.39999999999782,-55.25,2,23374.85,23382.9,23367.5,23379.55,23371.65,23371.65,23318.15,23324.3,45.89603988851137,45.05371991205435,64.25623307792543,35.08181569468034
2024-06-13 09:15:00,2024-06-13 10:45:00,cross_down,9,9 (+41 to +64 pts),46.35078124999927,-70.64921875000073,-56.0,18,23480.94921875,23481.05078125,23409.099609375,23434.7,23382.6,23388.9,23375.1,23378.7,40.31937400167291,38.71540039267031,58.054635893475655,46.000720021534796
2024-06-13 11:45:00,2024-06-13 13:40:00,cross_down,7,7 (+21 to +28 pts),24.799999999999272,-18.5,10.700000000000728,23,23377.8,23400.05,23377.8,23396.3,23407.7,23417.85,23406.5,23407.0,50.40607220951552,48.83126299372775,58.32026058843269,14.983103999168844
2024-06-13 15:15:00,2024-06-13 15:25:00,session_end_forced,3,3 (+5 to +8 pts),7.299999999999272,-7.150000000001455,-4.55000000000291,2,23398.15,23405.15,23396.75,23403.9,23405.65,23407.55,23397.8,23399.35,53.14710183825953,52.87647229008062,58.68315497016996,13.154043551880477
2024-06-14 09:50:00,2024-06-14 11:20:00,cross_down,10,10 (+64 to +504 pts),77.65000000000146,-6.649999999997817,58.10000000000218,18,23377.6,23388.65,23375.15,23381.8,23442.1,23445.2,23437.4,23439.9,43.417222360070625,41.411234842366255,58.6469788002919,15.154755941500103
2024-06-14 13:10:00,2024-06-14 13:30:00,cross_down,2,2 (+3 to +5 pts),4.399999999997817,-17.900000000001455,-17.30000000000291,4,23451.6,23462.7,23448.95,23459.15,23455.0,23456.8,23441.25,23441.85,62.3152266630089,58.82697225168176,62.259696577405236,25.39562966211755
2024-06-14 14:30:00,2024-06-14 15:15:00,cross_down,7,7 (+21 to +28 pts),27.000390624998545,-20.80000000000291,-16.600000000002183,9,23448.05,23463.45,23448.05,23463.4,23472.4,23473.35,23444.6,23446.8,57.54909126919728,56.77250370032611,63.355631013107335,19.280901724112958
2024-06-18 09:20:00,2024-06-18 10:10:00,cross_down,9,9 (+41 to +64 pts),61.50078125000073,-17.850781249999272,24.799999999999272,10,23530.9,23538.7,23502.150390625,23517.55,23562.65,23563.05,23542.35,23542.35,61.86315276879399,60.182595344298754,63.71866268367023,30.302652837815675
2024-06-18 15:10:00,2024-06-18 15:25:00,session_end_forced,6,6 (+15 to +21 pts),16.349999999998545,-9.200000000000728,6.549999999999272,3,23555.45,23556.95,23546.55,23555.75,23565.45,23572.1,23558.05,23562.3,61.31023061732839,60.47496798650758,70.30436427328598,23.52020339322225
2024-06-19 11:25:00,2024-06-19 13:05:00,cross_down,10,10 (+64 to +504 pts),73.60000000000218,-12.549999999999272,26.850000000002183,20,23488.05,23510.25,23488.05,23500.6,23554.7,23555.75,23527.0,23527.45,47.266622781490476,46.78973782121082,65.43681949168767,28.594574642686958
2024-06-19 14:10:00,2024-06-19 14:55:00,cross_down,10,10 (+64 to +504 pts),103.34999999999854,-14.80000000000291,-3.150000000001455,9,23555.25,23571.5,23553.8,23560.65,23582.2,23582.2,23548.75,23557.5,54.67036838856998,54.28625082235424,64.71911794971301,25.04861510808142
2024-06-20 10:15:00,2024-06-20 12:35:00,cross_down,10,10 (+64 to +504 pts),73.95000000000073,-17.299999999999272,52.75,28,23488.25,23506.05,23478.05,23495.35,23548.2,23559.2,23545.4,23548.1,43.348583518997636,42.43007299750505,55.0413347322949,19.835444722995714
2024-06-20 13:05:00,2024-06-20 13:50:00,cross_down,9,9 (+41 to +64 pts),61.45000000000073,-17.450000000000728,-7.5,9,23563.2,23567.15,23558.5,23562.55,23601.35,23603.3,23546.65,23555.05,56.728419230651625,54.77397706198479,55.9663980377942,22.762471496008125
2024-06-21 09:15:00,2024-06-21 09:50:00,cross_down,9,9 (+41 to +64 pts),52.29960937500073,-47.74921874999927,-18.599999999998545,7,23661.150390625,23667.099609375,23594.69921875,23614.8,23579.7,23605.05,23567.05078125,23596.2,57.014180471849755,54.77911525462299,59.842503553386734,21.455215107940152
2024-06-21 11:40:00,2024-06-21 12:30:00,cross_down,5,5 (+11 to +15 pts),13.80000000000291,-37.94999999999709,-28.5,10,23546.85,23561.9,23542.7,23548.1,23531.75,23534.95,23510.15,23519.6,45.08132605510137,45.080723696192656,57.71206272552605,33.015369497769726
2024-06-21 13:25:00,2024-06-21 15:25:00,session_end_forced,10,10 (+64 to +504 pts),119.0,-68.50078125000073,-13.549999999999272,24,23480.6,23489.4,23464.7,23466.7,23489.05,23489.05,23445.65,23453.15,35.415552782037786,34.42438434663765,50.05136942286124,50.12198370313439
2024-06-24 15:20:00,2024-06-24 15:25:00,session_end_forced,1,1 (+0 to +3 pts),1.5,-17.0,-2.9499999999970896,1,23541.7,23552.5,23534.6,23551.6,23552.7,23553.1,23541.9,23548.65,57.19740370057167,55.005159413843046,50.9424002859315,30.56276409853594
2024-06-25 12:35:00,2024-06-25 13:00:00,cross_down,3,3 (+5 to +8 pts),5.250390624998545,-23.850000000002183,-8.5,5,23643.55,23663.94921875,23639.55,23663.4,23654.65,23667.45,23647.05,23654.9,66.02984604326006,62.0285986523784,57.14517214371221,34.70171257148707
2024-06-26 11:05:00,2024-06-26 12:00:00,cross_down,10,10 (+64 to +504 pts),66.650390625,-9.0,45.25,11,23774.9,23790.5,23771.15,23776.25,23827.1,23842.900390625,23818.2,23821.5,69.57233019511399,68.83274108575333,68.72934083961852,37.16886535864561
2024-06-27 10:10:00,2024-06-27 10:30:00,cross_down,8,8 (+29 to +41 pts),28.749218749999272,-54.400000000001455,-46.5,4,23952.95,23966.400390625,23941.1,23945.95,23967.7,23973.9,23891.55,23899.45,66.21911484361928,65.6080001900161,76.50604198985656,38.12027225916616
2024-06-27 12:10:00,2024-06-27 12:35:00,cross_down,4,4 (+8 to +11 pts),9.900000000001455,-58.849999999998545,-23.649999999997817,5,23948.25,24006.150390625,23946.5,24005.35,23991.75,23997.4,23978.2,23981.7,63.355367334406225,61.76025974401654,76.88110166041966,32.56401191400451
2024-06-27 14:50:00,2024-06-27 15:25:00,session_end_forced,10,10 (+64 to +504 pts),67.94921875,-20.099999999998545,16.599999999998545,7,24007.55,24031.0,24002.15,24019.5,24071.75,24071.75,24036.1,24036.1,57.657417308307686,56.60746704176098,74.5925408145706,19.191611190271544
2024-06-28 13:40:00,2024-06-28 14:40:00,cross_down,9,9 (+41 to +64 pts),55.400000000001455,-39.0,-8.849999999998545,12,24067.25,24091.45,24062.2,24080.05,24063.25,24072.45,24041.05,24071.2,49.694619643294175,47.26079013401389,73.4051806454027,31.168102564257584
2024-06-28 14:45:00,2024-06-28 14:55:00,cross_down,5,5 (+11 to +15 pts),10.94999999999709,-34.05000000000291,-34.05000000000291,2,24070.35,24098.85,24070.35,24097.15,24096.3,24101.25,24063.1,24063.1,51.99445877900983,51.35579131261452,72.29412722626041,35.62976630453813
2024-07-01 09:25:00,2024-07-01 12:35:00,cross_down,10,10 (+64 to +504 pts),85.29999999999927,-12.049999999999272,64.79999999999927,38,24034.35,24049.599609375,24030.65,24042.7,24112.75,24115.2,24099.0,24107.5,42.99955536877909,42.51752150535668,63.6027565655326,29.217569607772198
2024-07-01 13:40:00,2024-07-01 14:00:00,cross_down,5,5 (+11 to +15 pts),14.199609374998545,-10.450000000000728,-3.850000000002183,4,24138.6,24143.400390625,24135.65,24138.15,24143.5,24152.349609375,24129.65,24134.3,63.779409230080454,62.19383181113973,62.33411258135302,20.939358125447516
2024-07-02 10:55:00,2024-07-02 11:40:00,cross_down,7,7 (+21 to +28 pts),27.849999999998545,-39.650000000001455,-31.900000000001455,9,24145.05,24162.95,24143.2,24162.4,24162.45,24162.7,24122.75,24130.5,55.945631915178694,55.01677071686406,63.259445497462934,12.9733724609628
2024-07-02 13:40:00,2024-07-02 15:25:00,cross_down,7,7 (+21 to +28 pts),28.299999999999272,-26.700000000000728,-4.150000000001455,21,24120.8,24136.45,24118.8,24121.95,24125.95,24126.45,24110.6,24117.8,47.56972806769642,46.09672511995974,60.671206830004984,31.068344124404554
2024-07-03 09:15:00,2024-07-03 10:20:00,cross_down,10,10 (+64 to +504 pts),77.04999999999927,-23.100390625000728,37.70000000000073,13,24291.75,24292.150390625,24207.099609375,24230.2,24275.5,24277.55,24259.6,24267.9,57.13359183452756,49.212608053103885,57.076770521591804,27.699853131812837
2024-07-03 15:15:00,2024-07-03 15:25:00,session_end_forced,6,6 (+15 to +21 pts),15.750390624998545,-10.150000000001455,-2.600000000002183,2,24295.8,24297.15,24283.25,24293.4,24295.4,24309.150390625,24290.15,24290.8,56.02023933302206,55.72953584862568,68.90103745399404,38.17867892231714
2024-07-04 12:35:00,2024-07-04 13:10:00,cross_down,4,4 (+8 to +11 pts),10.849999999998545,-8.700000000000728,-4.700000000000728,7,24347.25,24348.15,24341.0,24346.7,24351.5,24354.3,24338.0,24342.0,56.59735565602372,56.374795178704,70.50133630342857,21.518634713801866
2024-07-05 10:10:00,2024-07-05 13:10:00,cross_down,9,9 (+41 to +64 pts),62.79960937500073,-23.649999999997817,27.450000000000728,36,24207.45,24231.1,24202.4,24226.05,24265.1,24269.55,24243.9,24253.5,35.60503053390967,31.55264066624642,64.78486881686442,55.03329881224692
2024-07-05 15:00:00,2024-07-05 15:25:00,session_end_forced,10,10 (+64 to +504 pts),74.29999999999927,-69.5,28.049999999999272,5,24219.9,24303.30078125,24219.2,24288.7,24339.2,24341.65,24315.75,24316.75,41.99077005018259,36.9922066741778,50.70346198904317,49.56401386590224
2024-07-08 10:25:00,2024-07-08 10:30:00,cross_down,3,3 (+5 to +8 pts),6.100000000002183,-49.5,-41.45000000000073,1,24309.9,24329.15,24309.45,24323.05,24323.4,24326.5,24273.55,24281.6,54.28524542211965,53.06171035254846,54.74516930246981,19.134699972027835
2024-07-08 12:40:00,2024-07-08 13:35:00,cross_down,7,7 (+21 to +28 pts),22.299999999999272,-21.549999999999272,-6.5,11,24279.1,24290.4,24276.4,24289.55,24277.05,24285.05,24271.75,24283.05,49.032792117103256,48.24951749936139,51.03439017070611,38.960184361170676
2024-07-08 13:50:00,2024-07-08 14:15:00,cross_down,1,1 (+0 to +3 pts),1.9500000000007276,-23.099999999998545,-21.049999999999272,5,24290.35,24309.55,24286.45,24309.55,24287.7,24301.9,24286.65,24288.5,53.58072854832555,51.045552464880785,51.709388470850215,24.355461837037286
2024-07-08 14:20:00,2024-07-08 14:50:00,cross_down,5,5 (+11 to +15 pts),12.450000000000728,-16.25,-7.5,6,24288.9,24303.7,24287.45,24303.7,24294.4,24302.25,24289.95,24296.2,52.94941942574267,51.863701133306954,51.74889966955203,17.3066875206525
2024-07-08 15:00:00,2024-07-08 15:25:00,session_end_forced,8,8 (+29 to +41 pts),29.049609375000728,-21.049999999999272,15.5,5,24294.5,24338.3,24294.5,24315.55,24339.25,24344.599609375,24327.75,24331.05,54.26238379140369,53.423234242892974,51.74889966955203,19.53204250770578
2024-07-10 11:15:00,2024-07-10 14:00:00,cross_down,10,10 (+64 to +504 pts),84.75,-19.69999999999709,18.850000000002183,33,24210.95,24218.45,24193.9,24213.6,24261.15,24262.6,24223.4,24232.45,27.79721433064796,26.144454280476943,55.47316669952194,62.94655579667228
2024-07-12 09:20:00,2024-07-12 09:50:00,cross_down,9,9 (+41 to +64 pts),56.79999999999927,-41.50078125000073,8.950000000000728,6,24354.6,24384.6,24342.44921875,24383.95,24418.5,24422.95,24384.2,24392.9,65.65442396711344,63.391155903320495,51.1376431328844,29.027921400387143
2024-07-12 10:55:00,2024-07-12 11:15:00,cross_down,10,10 (+64 to +504 pts),65.34921875000146,-63.04999999999927,-8.5,4,24480.3,24533.75,24463.8,24526.85,24537.65,24539.35,24503.95,24518.35,65.6843093443161,64.02932927038198,53.65455264817831,29.947335309375184
2024-07-15 10:40:00,2024-07-15 11:15:00,cross_down,6,6 (+15 to +21 pts),18.350390625000728,-12.200000000000728,-5.299999999999272,7,24574.2,24603.400390625,24572.85,24585.05,24581.75,24586.75,24576.2,24579.75,58.56933124163275,57.475241335693184,67.07676883984539,18.201357197038952
2024-07-15 11:45:00,2024-07-15 12:00:00,cross_down,4,4 (+8 to +11 pts),9.749609375001455,-54.54999999999927,-13.649999999997817,3,24596.3,24609.80078125,24596.25,24602.1,24591.75,24595.95,24585.15,24588.45,62.46094582565032,62.018450950036765,67.91807474993387,26.078984010364724
2024-07-15 13:15:00,2024-07-15 13:40:00,cross_down,3,3 (+5 to +8 pts),5.500781250000728,-17.75,-17.450000000000728,5,24614.8,24635.05078125,24613.85,24629.55,24624.05,24625.85,24611.8,24612.1,63.51271954678193,61.86742362836212,70.11622701004191,22.93903480088514
2024-07-16 09:20:00,2024-07-16 10:50:00,cross_down,8,8 (+29 to +41 pts),33.5,-19.849999999998545,20.200000000000728,18,24611.4,24630.95,24607.9,24627.75,24653.95,24655.8,24646.1,24647.95,52.31392987133842,52.26464553572983,68.25247059870247,35.91067351080583
2024-07-16 10:55:00,2024-07-16 11:00:00,cross_down,1,1 (+0 to +3 pts),2.0499999999992724,-8.299999999999272,-5.299999999999272,1,24648.6,24658.05,24647.7,24656.0,24656.0,24657.6,24649.85,24650.7,65.63190079168888,65.59642868666593,69.28216981182553,42.59697250083067
2024-07-16 14:50:00,2024-07-16 15:25:00,session_end_forced,8,8 (+29 to +41 pts),31.25,-22.849999999998545,-15.650000000001455,7,24614.05,24620.5,24612.0,24616.75,24613.8,24615.7,24601.1,24601.1,44.02503793248847,43.29717990557043,68.99861135519753,35.7499685545933
2024-07-18 09:40:00,2024-07-18 10:55:00,cross_down,10,10 (+64 to +504 pts),98.00039062499854,-58.650000000001455,12.69999999999709,15,24523.6,24580.9,24522.25,24580.9,24612.25,24626.9,24591.5,24593.6,33.7708894918069,32.171892384808444,63.46269231538391,37.638863727740656
2024-07-18 12:05:00,2024-07-18 14:55:00,cross_down,10,10 (+64 to +504 pts),274.15000000000146,-20.099999999998545,236.45000000000073,34,24545.3,24566.25,24543.5,24563.6,24807.15,24814.0,24785.9,24800.05,40.53250561689809,40.34740831244376,58.82449943028668,34.84176542766004
2024-07-19 12:10:00,2024-07-19 12:35:00,cross_down,5,5 (+11 to +15 pts),11.799999999999272,-50.099609375,-43.04999999999927,5,24658.1,24673.55,24657.7,24661.75,24617.8,24630.7,24611.650390625,24618.7,39.825296004865876,37.58197241349461,58.916273605730495,27.07986496456055
2024-07-19 12:40:00,2024-07-19 14:35:00,cross_down,5,5 (+11 to +15 pts),14.900000000001455,-93.55078125,-88.25,23,24618.75,24635.7,24616.95,24631.25,24551.75,24559.55,24537.69921875,24543.0,38.38085829522432,38.065898162548,56.663463390991,28.395035773837353
2024-07-29 11:45:00,2024-07-29 11:55:00,cross_down,4,4 (+8 to +11 pts),9.349999999998545,-14.200000000000728,-10.100000000002183,2,24987.95,24998.25,24983.15,24988.9,24985.75,24986.75,24974.7,24978.8,77.25386478279694,76.9797278134127,78.85734398867486,56.113963627753854
2024-07-29 14:45:00,2024-07-29 15:25:00,session_end_forced,4,4 (+8 to +11 pts),10.349999999998545,-58.849999999998545,-14.549999999999272,8,24834.7,24862.1,24834.35,24855.5,24840.85,24848.8,24837.1,24840.95,47.4764119195361,44.130131816370906,72.08596593057976,30.74514864814666
2024-07-30 12:35:00,2024-07-30 12:40:00,cross_down,1,1 (+0 to +3 pts),2.7000000000007276,-21.399999999997817,-19.399999999997817,1,24950.8,24960.0,24950.25,24957.3,24956.25,24956.95,24935.9,24937.9,65.2193886552955,64.40048789066267,69.91466892271268,29.722289421500996
2024-07-30 14:15:00,2024-07-30 14:55:00,cross_down,7,7 (+21 to +28 pts),21.25,-41.650000000001455,-36.79999999999927,8,24929.15,24951.3,24927.85,24950.5,24941.95,24947.15,24908.85,24913.7,54.65371649136688,54.438706130810665,70.89076627135016,17.34266365473032
2024-07-31 09:55:00,2024-07-31 11:25:00,cross_down,8,8 (+29 to +41 pts),40.39921875000073,-29.799999999999272,-12.299999999999272,18,24893.3,24915.55,24884.25,24914.05,24932.25,24933.85,24901.6,24901.75,49.66128820759479,47.41582827921871,62.97541600800645,21.275486206632003
2024-07-31 12:00:00,2024-07-31 12:35:00,cross_down,5,5 (+11 to +15 pts),11.75,-16.0,-4.69999999999709,7,24931.5,24939.0,24930.05,24934.6,24923.4,24936.0,24922.8,24929.9,52.27404945738268,51.95378760332371,63.04894697421445,21.95385552175056
2024-07-31 12:45:00,2024-07-31 12:50:00,cross_down,2,2 (+3 to +5 pts),4.549999999999272,-22.850000000002183,-19.400000000001455,1,24932.1,24948.7,24930.7,24944.9,24942.6,24949.45,24922.05,24925.5,54.26134145019449,53.63968638298869,63.12379716971983,18.134048166816648
2024-07-31 13:30:00,2024-07-31 13:50:00,cross_down,3,3 (+5 to +8 pts),6.549999999999272,-23.150000000001455,-10.55000000000291,4,24941.6,24949.85,24940.7,24945.9,24940.05,24940.65,24924.05,24935.35,54.954296599702445,54.443399579963696,63.206727019758624,14.822872470542315
2024-07-31 14:25:00,2024-07-31 14:50:00,cross_down,4,4 (+8 to +11 pts),10.499609375001455,-20.599999999998545,-14.899999999997817,5,24939.1,24962.35,24938.5,24958.85,24945.1,24953.65,24940.95,24943.95,53.747928059549885,52.04333988540776,62.60245175594059,24.910870215185334
2024-08-01 13:10:00,2024-08-01 13:25:00,cross_down,3,3 (+5 to +8 pts),7.05000000000291,-21.44999999999709,-21.25,3,24999.7,25004.75,24996.0,25000.1,24987.75,24996.2,24978.65,24978.85,49.14472453382684,47.54646365110597,67.251716475309,34.3159046997672
2024-08-01 14:00:00,2024-08-01 14:20:00,cross_down,2,2 (+3 to +5 pts),4.549999999999272,-20.100000000002183,-15.05000000000291,4,24985.3,24994.35,24979.5,24991.9,24979.15,24984.2,24973.75,24976.85,47.52345922632459,45.73163932840851,66.39496591218551,21.12062256066682
2024-08-01 14:45:00,2024-08-01 15:25:00,session_end_forced,7,7 (+21 to +28 pts),28.5,-29.149999999997817,3.650000000001455,8,25004.8,25010.25,24987.45,25002.35,25021.3,25022.3,24998.4,25006.0,48.570296828479854,47.34732230064251,64.48407364737801,29.319698366420685
2024-08-02 10:30:00,2024-08-02 12:40:00,cross_down,9,9 (+41 to +64 pts),45.25,-35.0,-28.049999999999272,26,24754.85,24790.75,24754.85,24789.85,24771.75,24775.0,24757.5,24761.8,32.46735425009189,30.40973157124927,55.59029165543434,51.16709687803175
2024-08-09 11:55:00,2024-08-09 12:00:00,cross_down,2,2 (+3 to +5 pts),3.900000000001455,-16.400000000001455,-15.099999999998545,1,24367.7,24371.85,24364.3,24371.0,24370.85,24374.9,24354.6,24355.9,63.217785161081,61.74225003325742,51.168539635247505,29.268165304334303
2024-08-09 14:05:00,2024-08-09 14:15:00,cross_down,4,4 (+8 to +11 pts),7.94999999999709,-12.850000000002183,-9.25,2,24377.6,24387.2,24375.4,24381.65,24384.7,24389.25,24368.8,24372.4,61.66019224578178,60.93255653199011,55.24999498428599,22.61738269665723
2024-08-12 10:20:00,2024-08-12 12:05:00,cross_down,10,10 (+64 to +504 pts),177.80078125,-9.150000000001455,118.0,21,24296.55,24304.6,24285.85,24295.0,24421.65,24423.85,24412.3,24413.0,41.59351732805365,37.81423571318437,55.80928206900765,46.68839584376013
2024-08-12 14:05:00,2024-08-12 14:15:00,cross_down,3,3 (+5 to +8 pts),7.599999999998545,-16.599999999998545,-16.049999999999272,2,24425.6,24443.7,24421.0,24436.75,24434.7,24440.55,24420.15,24420.7,59.73571042723139,58.79081954948559,57.7565839357429,24.54172112136865
2024-08-13 10:10:00,2024-08-13 10:20:00,cross_down,2,2 (+3 to +5 pts),4.150000000001455,-38.199609374998545,-31.849999999998545,2,24324.3,24333.7,24322.55,24330.1,24314.55,24318.55,24291.900390625,24298.25,40.08941342594836,38.57700233154233,55.43581024132507,42.068736732716495
2024-08-13 10:45:00,2024-08-13 12:35:00,cross_down,7,7 (+21 to +28 pts),21.950000000000728,-57.25078125000073,-40.70000000000073,22,24296.35,24313.4,24294.6,24308.2,24258.9,24271.2,24253.8,24267.5,37.66505702900354,35.17014346153875,53.84694177125071,41.57596141287755
2024-08-16 14:05:00,2024-08-16 14:25:00,cross_down,4,4 (+8 to +11 pts),10.599218750001455,-20.649999999997817,-1.4499999999970896,4,24492.2,24508.849609375,24486.95,24507.6,24508.5,24514.1,24500.45,24506.15,74.89368927430385,74.01959194517013,55.657327063877275,41.826456637053234
2024-08-19 14:40:00,2024-08-19 14:45:00,cross_down,3,3 (+5 to +8 pts),5.25,-9.549999999999272,-8.700000000000728,1,24584.55,24591.55,24580.65,24586.3,24586.0,24588.5,24576.75,24577.6,56.31495535331463,55.84556239822145,71.1135203492656,12.43965772382826
2024-08-20 09:15:00,2024-08-20 10:40:00,cross_down,10,10 (+64 to +504 pts),105.90078124999854,-21.200781250001455,75.94999999999709,17,24648.900390625,24660.30078125,24619.5,24628.4,24721.7,24723.85,24703.25,24704.35,56.783719767627545,55.23362894886186,70.89530072031671,21.59928005384714
2024-08-21 10:05:00,2024-08-21 11:05:00,cross_down,9,9 (+41 to +64 pts),45.94921875,-16.799999999999272,-15.950000000000728,12,24699.05,24709.75,24697.4,24708.0,24722.7,24722.7,24691.2,24692.05,48.64452976284953,46.401523011708576,72.74191710680793,23.889526896368242
2024-08-21 12:05:00,2024-08-21 12:50:00,cross_down,5,5 (+11 to +15 pts),11.75,-8.44999999999709,-6.149999999997817,9,24727.2,24733.8,24723.9,24727.35,24730.5,24731.5,24721.2,24721.2,53.465944889560525,52.696775698688114,70.04596156262086,14.409037156904729
2024-08-21 14:00:00,2024-08-21 14:35:00,cross_down,4,4 (+8 to +11 pts),10.099999999998545,-16.25,-12.150000000001455,7,24724.65,24738.35,24720.95,24737.2,24727.55,24739.25,24722.75,24725.05,55.890605293270966,53.257393024553764,69.43799842965451,14.213997883077813
2024-08-21 14:45:00,2024-08-21 15:25:00,session_end_forced,9,9 (+41 to +64 pts),41.19921875,-10.549999999999272,35.150000000001455,8,24736.7,24750.4,24736.2,24746.75,24781.7,24787.94921875,24775.0,24781.9,57.45901320577572,57.10050491153004,69.71715524086085,17.41784129610942
2024-08-23 09:20:00,2024-08-23 09:30:00,cross_down,5,5 (+11 to +15 pts),12.099999999998545,-42.19921875,-29.099999999998545,2,24805.15,24835.3,24792.30078125,24834.5,24829.15,24830.95,24800.65,24805.4,50.766735352108725,49.14771918844663,71.61038570835572,32.36310714967648
2024-08-23 09:55:00,2024-08-23 10:00:00,cross_down,5,5 (+11 to +15 pts),13.299999999999272,-15.0,-9.599999999998545,1,24816.75,24835.55,24815.15,24822.25,24822.15,24824.75,24807.25,24812.65,48.488083681323715,48.1461770349997,71.61038570835572,26.99289473263915
2024-08-23 10:25:00,2024-08-23 11:50:00,cross_down,8,8 (+29 to +41 pts),35.849999999998545,-16.55000000000291,4.099999999998545,17,24807.2,24820.25,24801.35,24817.9,24836.95,24838.0,24819.3,24822.0,50.35405223347124,48.578623984843574,69.3129563165846,16.40053601630556
2024-08-23 14:25:00,2024-08-23 14:35:00,cross_down,3,3 (+5 to +8 pts),6.099999999998545,-15.299999999999272,-10.650000000001455,2,24841.2,24848.85,24834.55,24842.75,24840.15,24841.05,24827.45,24832.1,54.83495817923627,52.60406844297729,68.80317328607693,22.268962406388468
2024-08-26 09:15:00,2024-08-26 10:35:00,cross_down,10,10 (+64 to +504 pts),156.35078124999927,-12.750781250000728,121.39999999999782,16,24906.099609375,24917.30078125,24874.69921875,24887.45,24996.3,25012.5,24988.5,25008.85,55.44298095047557,49.15929090751021,66.29757059626753,32.53598243551662
2024-08-27 10:55:00,2024-08-27 11:50:00,cross_down,9,9 (+41 to +64 pts),47.349609375,-9.400000000001455,21.650000000001455,11,25023.1,25025.75,25016.35,25025.75,25046.2,25053.5,25041.05,25047.4,52.63206913194414,51.91269669548869,76.26101926691534,18.057086435096615
2024-08-28 09:45:00,2024-08-28 12:45:00,cross_down,10,10 (+64 to +504 pts),104.35078124999927,-27.0,85.14999999999782,36,24991.45,25014.95,24982.7,25009.7,25097.45,25099.1,25088.3,25094.85,40.98317563398909,40.865053163171524,70.40447477723004,37.523055866969365
2024-08-29 09:45:00,2024-08-29 11:00:00,cross_down,7,7 (+21 to +28 pts),27.94921875,-27.650000000001455,0.4000000000014552,15,25062.35,25091.349609375,25062.35,25090.0,25089.5,25095.3,25085.25,25090.4,45.61663720914909,45.23580064149009,64.2988681730587,44.12909209659652
2024-08-29 11:05:00,2024-08-29 11:35:00,cross_down,4,4 (+8 to +11 pts),8.25,-12.549999999999272,-7.200000000000728,6,25089.75,25101.0,25085.7,25098.25,25101.85,25102.85,25089.7,25091.05,54.758850931375406,54.34250348364262,64.04240729523481,23.801557437802572
2024-08-29 12:25:00,2024-08-29 13:30:00,cross_down,8,8 (+29 to +41 pts),31.650781249998545,-50.400000000001455,-13.350000000002183,13,25093.15,25144.099609375,25092.5,25142.9,25147.65,25154.3,25126.85,25129.55,55.55539987264146,51.51381960207585,62.97956671027872,27.22930223083702
2024-08-29 14:55:00,2024-08-29 15:25:00,session_end_forced,6,6 (+15 to +21 pts),19.150390625,-59.29999999999927,-17.0,6,25119.65,25188.30078125,25114.45,25173.75,25141.25,25166.7,25133.05,25156.75,48.97668298008996,43.89137024830838,61.90419280772494,38.338214892943725
2024-08-30 11:10:00,2024-08-30 11:20:00,cross_down,4,4 (+8 to +11 pts),8.450000000000728,-21.349999999998545,-9.0,2,25227.95,25246.65,25226.0,25239.1,25243.65,25246.2,25217.75,25230.1,61.76357276454077,61.33224800169068,64.13306477725057,17.6146648319411
2024-08-30 12:05:00,2024-08-30 12:15:00,cross_down,1,1 (+0 to +3 pts),0.7999999999992724,-19.049999999999272,-3.9500000000007276,2,25250.75,25252.6,25242.8,25251.8,25246.05,25251.9,25243.45,25247.85,63.15697537540055,62.56307477879004,66.15182386663011,15.871735776879232
2024-08-30 12:25:00,2024-08-30 12:30:00,cross_down,3,3 (+5 to +8 pts),6.0,-12.0,-7.100000000002183,1,25250.4,25255.3,25243.2,25252.15,25252.5,25258.15,25240.15,25245.05,64.02835768576864,63.38549832799309,67.88487091890391,12.077950641726941
2024-09-02 09:15:00,2024-09-02 09:50:00,cross_down,6,6 (+15 to +21 pts),20.700390624999272,-31.200000000000728,-9.850000000002183,7,25333.599609375,25333.650390625,25290.44921875,25312.95,25317.8,25321.6,25302.45,25303.1,60.487332593005696,58.21447910143908,70.77714578732662,27.4258549390133
2024-09-02 14:00:00,2024-09-02 15:25:00,session_end_forced,5,5 (+11 to +15 pts),12.649999999997817,-26.549999999999272,-3.7999999999992724,17,25253.0,25280.75,25251.15,25277.7,25276.8,25280.3,25258.6,25273.9,43.73911583519832,41.29310761903954,71.05937746025978,42.40355743593784
2024-09-03 10:40:00,2024-09-03 11:55:00,cross_down,4,4 (+8 to +11 pts),9.450000000000728,-26.999218749999272,-12.799999999999272,15,25260.85,25269.1,25259.8,25262.8,25251.15,25254.3,25247.75,25250.0,45.66937398055291,44.74273983539179,64.32390639323287,15.240489917473036
2024-09-03 12:00:00,2024-09-03 13:55:00,cross_down,9,9 (+41 to +64 pts),45.95000000000073,-5.299999999999272,9.900000000001455,23,25250.75,25256.3,25247.05,25252.35,25273.05,25275.25,25252.1,25262.25,44.18068602067399,44.066679407171605,60.99321292813107,25.403364290558827
2024-09-03 14:35:00,2024-09-03 15:10:00,cross_down,6,6 (+15 to +21 pts),18.75,-14.44999999999709,-9.049999999999272,7,25275.7,25290.6,25273.95,25285.35,25280.6,25284.8,25276.2,25276.3,55.6909623243164,54.27241821322817,59.33659957681314,22.649026640032716
2024-09-04 10:15:00,2024-09-04 10:40:00,cross_down,5,5 (+11 to +15 pts),13.44999999999709,-49.25,-36.30000000000291,5,25152.9,25157.35,25140.4,25143.9,25109.9,25115.15,25105.5,25107.6,36.315173615823156,35.951704621622305,51.07700756098197,49.87090783592951
2024-09-04 10:45:00,2024-09-04 14:25:00,cross_down,10,10 (+64 to +504 pts),78.04921874999854,-9.80000000000291,41.599999999998545,44,25107.75,25119.6,25104.6,25114.4,25156.65,25163.0,25154.35,25156.0,35.307523314350476,33.17841411340214,51.07700756098197,44.269805390559476
2024-09-11 10:30:00,2024-09-11 11:35:00,cross_down,6,6 (+15 to +21 pts),19.099999999998545,-36.75,-15.350000000002183,13,25051.9,25072.4,25049.85,25072.15,25077.85,25079.5,25035.4,25056.8,52.863519693128524,50.8404103676894,58.84721180596323,18.486219973240356
2024-09-11 12:00:00,2024-09-11 12:45:00,cross_down,6,6 (+15 to +21 pts),18.349218750001455,-19.649999999997817,-15.599999999998545,9,25081.8,25101.400390625,25081.8,25095.35,25086.8,25087.45,25075.7,25079.75,55.89373228493221,53.914407429471254,60.0732946837835,15.934306702766413
2024-09-12 12:40:00,2024-09-12 12:45:00,cross_down,2,2 (+3 to +5 pts),4.549999999999272,-32.04999999999927,-24.5,1,25003.05,25008.25,24985.0,25003.7,25002.65,25003.55,24971.65,24979.2,49.469920168378096,48.87951066229783,50.02388608148911,15.812798052876422
2024-09-12 13:00:00,2024-09-12 13:15:00,cross_down,5,5 (+11 to +15 pts),11.200000000000728,-27.200000000000728,-21.900000000001455,3,25000.25,25009.75,24991.25,25008.5,24994.15,25006.4,24981.45,24986.6,50.363461884368526,49.40923727703902,50.02388608148911,15.404346662993989
2024-09-16 09:25:00,2024-09-16 10:15:00,cross_down,9,9 (+41 to +64 pts),48.349218750001455,-15.649999999997817,15.75,10,25388.15,25403.85,25381.7,25397.35,25410.0,25420.05,25401.15,25413.1,53.52604424983225,52.66631515347165,67.8057723675132,30.15352295210188
2024-09-16 12:40:00,2024-09-16 14:20:00,cross_down,9,9 (+41 to +64 pts),48.35000000000218,-8.899999999997817,15.600000000002183,20,25366.75,25376.65,25365.15,25374.05,25396.0,25396.15,25379.3,25389.65,44.568350111280566,44.03313936390794,65.90928710949717,29.853373720142226
2024-09-17 10:25:00,2024-09-17 12:05:00,cross_down,9,9 (+41 to +64 pts),51.49921874999927,-6.049999999999272,32.70000000000073,20,25382.3,25383.9,25375.15,25381.2,25419.3,25422.15,25412.1,25413.9,47.48597480121163,46.15827131172342,62.2154617597121,17.29422025223586
2024-09-17 12:35:00,2024-09-17 13:05:00,cross_down,5,5 (+11 to +15 pts),12.849609375,-6.0,2.349999999998545,6,25428.25,25428.25,25420.2,25424.0,25430.0,25431.35,25424.8,25426.35,59.52750442217116,59.07886666069429,63.17920335024087,24.451102109613956
2024-09-18 09:50:00,2024-09-18 10:00:00,cross_down,6,6 (+15 to +21 pts),17.199609374998545,-11.450000000000728,-11.450000000000728,2,25433.95,25443.099609375,25422.45,25425.9,25430.85,25436.45,25414.45,25414.45,51.709106084873206,51.24565803506892,63.77214330846876,31.811439093016517
2024-09-18 10:30:00,2024-09-18 12:05:00,cross_down,9,9 (+41 to +64 pts),52.599609375,-8.849999999998545,35.54999999999927,19,25424.0,25430.3,25417.15,25426.0,25465.45,25467.3,25452.7,25461.55,52.28306287800322,52.05340928284842,63.30281905937389,16.93428994831086
2024-09-18 12:25:00,2024-09-18 12:45:00,cross_down,3,3 (+5 to +8 pts),7.849218750001455,-11.349999999998545,-10.44999999999709,4,25467.4,25481.599609375,25467.4,25474.35,25475.6,25482.19921875,25463.0,25463.9,65.31350111024861,64.31543150158166,67.01351027890273,19.186010244079228
2024-09-18 14:15:00,2024-09-18 15:25:00,session_end_forced,10,10 (+64 to +504 pts),63.94999999999709,-16.150000000001455,-1.7000000000007276,14,25343.3,25347.2,25329.0,25345.15,25360.3,25362.05,25342.35,25343.45,36.004757076304415,35.70874567743485,56.25504789612697,48.110731515752
2024-09-19 12:45:00,2024-09-19 12:50:00,cross_down,5,5 (+11 to +15 pts),11.30000000000291,-24.44999999999709,-20.649999999997817,1,25458.4,25467.65,25448.9,25456.35,25456.6,25460.5,25431.9,25435.7,49.296249545413524,48.50457948097812,56.29175067915716,26.176623503636606
2024-09-19 14:10:00,2024-09-19 15:25:00,session_end_forced,9,9 (+41 to +64 pts),50.60000000000218,-14.5,41.900000000001455,15,25403.7,25416.35,25398.65,25403.1,25438.1,25453.7,25437.3,25445.0,44.100210372196806,43.90998598868772,54.213233378400034,19.129287305638062
2024-09-20 15:10:00,2024-09-20 15:25:00,session_end_forced,9,9 (+41 to +64 pts),56.400000000001455,-20.5,27.5,3,25793.95,25803.5,25772.35,25792.85,25822.6,25849.25,25805.1,25820.35,57.23207052475097,56.182219705952335,68.13763783223109,28.306519497938428
2024-09-23 13:25:00,2024-09-23 14:55:00,cross_down,9,9 (+41 to +64 pts),51.95039062499927,-5.150000000001455,30.149999999997817,18,25893.05,25898.85,25888.8,25893.95,25929.2,25931.75,25920.9,25924.1,62.90251064817859,62.615600989864326,72.49747678363467,33.406245115974414
2024-09-24 12:30:00,2024-09-24 14:25:00,cross_down,9,9 (+41 to +64 pts),46.35039062500073,-11.649999999997817,26.299999999999272,23,25938.9,25948.15,25935.4,25947.05,25972.5,25983.7,25968.45,25973.35,52.613576505333185,52.43532593359766,73.37873696027872,30.703810910117355
2024-09-25 10:45:00,2024-09-25 11:50:00,cross_down,5,5 (+11 to +15 pts),14.600000000002183,-42.39960937499927,-38.54999999999927,13,25918.6,25924.05,25912.25,25916.3,25901.0,25902.3,25873.900390625,25877.75,40.46466377471323,39.21371318993013,66.80193285228759,24.471670118616657
2024-09-25 12:15:00,2024-09-25 15:25:00,session_end_forced,10,10 (+64 to +504 pts),143.85078124999927,-13.600000000002183,124.54999999999927,38,25879.2,25889.8,25875.35,25888.95,26017.4,26021.6,26008.05,26013.5,34.17871983710676,32.24066713501961,60.40411138264669,30.136120956363182
2024-09-26 14:50:00,2024-09-26 15:10:00,cross_down,9,9 (+41 to +64 pts),51.500390624998545,-14.600000000002183,8.149999999997817,4,26187.45,26202.94921875,26184.8,26199.4,26213.35,26215.95,26203.05,26207.55,73.628598303426,73.60015319517413,73.2133019327521,34.691423804881616
2024-09-27 13:55:00,2024-09-27 14:05:00,cross_down,4,4 (+8 to +11 pts),10.149999999997817,-33.60000000000218,-26.299999999999272,2,26221.15,26230.85,26216.1,26220.7,26200.45,26201.0,26187.1,26194.4,50.90074092413792,47.12495171872138,74.77929451167213,29.391461326854795
2024-09-27 14:15:00,2024-09-27 14:20:00,cross_down,1,1 (+0 to +3 pts),2.900000000001455,-21.299999999999272,-16.049999999999272,1,26185.5,26201.85,26180.55,26201.85,26201.75,26204.75,26183.3,26185.8,47.82122506025313,47.42007337600196,72.16388203305014,23.36446304466224
2024-09-27 14:30:00,2024-09-27 14:55:00,cross_down,4,4 (+8 to +11 pts),8.450000000000728,-25.849999999998545,-16.099999999998545,5,26191.1,26211.95,26186.25,26203.5,26190.2,26197.05,26177.65,26187.4,47.87479731181681,46.664710618650304,72.16388203305014,19.04582547455063
2024-09-27 15:00:00,2024-09-27 15:05:00,cross_down,6,6 (+15 to +21 pts),17.099999999998545,-31.750781250000728,-14.450000000000728,1,26185.3,26206.8,26157.94921875,26189.7,26188.05,26196.6,26167.9,26175.25,45.383862825837056,45.27568176684241,72.16388203305014,20.194234195371298
2024-09-30 10:25:00,2024-09-30 15:25:00,session_end_forced,2,2 (+3 to +5 pts),5.150000000001455,-195.900390625,-167.20000000000073,60,25979.8,25995.15,25974.15,25990.0,25805.45,25829.1,25794.099609375,25822.8,24.38946456031485,24.367425236269163,59.12720878173357,65.57559516907573
2024-10-10 11:55:00,2024-10-10 12:50:00,cross_down,4,4 (+8 to +11 pts),10.049999999999272,-31.399999999997817,-19.849999999998545,11,25035.0,25045.45,25024.8,25041.05,25018.1,25023.55,25009.65,25021.2,44.30239225963879,43.820671102884496,51.08953274515056,20.138199476422116
2024-10-10 13:10:00,2024-10-10 13:55:00,cross_down,6,6 (+15 to +21 pts),18.399999999997817,-28.850000000002183,-17.950000000000728,9,25019.05,25037.7,25016.75,25035.4,25011.35,25023.35,25009.3,25017.45,45.774591793296885,44.274472691630834,50.352805212617056,15.361175085720031
2024-10-15 09:15:00,2024-10-15 09:40:00,cross_down,5,5 (+11 to +15 pts),13.55078125,-42.55078125,-40.95000000000073,5,25186.30078125,25212.05078125,25173.400390625,25198.5,25169.9,25178.45,25155.94921875,25157.55,62.045647758469364,60.22647444172662,61.412519425271086,27.02085861853346
2024-10-15 11:50:00,2024-10-15 13:00:00,cross_down,7,7 (+21 to +28 pts),21.400000000001455,-42.29999999999927,-35.39999999999782,14,25060.25,25070.4,25055.7,25068.55,25058.55,25059.35,25026.25,25033.15,43.649483899110685,42.54230612744534,56.42928769191746,26.602717976218475
2024-10-15 13:35:00,2024-10-15 15:25:00,session_end_forced,6,6 (+15 to +21 pts),18.94999999999709,-38.0,5.0,22,25043.7,25066.2,25040.75,25060.15,25076.25,25079.1,25059.55,25065.15,44.36060555467088,41.08495887664194,51.98430379783728,28.514277469579714
2024-10-16 09:30:00,2024-10-16 10:25:00,cross_down,9,9 (+41 to +64 pts),46.800390625001455,-30.19999999999709,-7.19999999999709,11,25017.2,25055.900390625,25016.4,25046.6,25050.25,25054.25,25036.55,25039.4,46.322345867537805,44.908823151485,50.183742520544286,22.10892204279676
2024-10-30 11:20:00,2024-10-30 11:25:00,cross_down,1,1 (+0 to +3 pts),1.0496093750007276,-27.899999999997817,-22.200000000000728,1,24440.4,24466.69921875,24438.15,24466.05,24466.2,24467.099609375,24441.1,24443.85,61.85896660571374,61.008650037549515,56.40192972130268,17.651286888638168
2024-10-30 14:45:00,2024-10-30 15:05:00,cross_down,5,5 (+11 to +15 pts),12.100000000002183,-25.200000000000728,-22.349999999998545,4,24358.7,24365.3,24345.9,24357.05,24347.1,24348.45,24331.85,24334.7,39.20082127266039,38.9536373608243,53.68940201017076,31.424373695645915
2024-10-30 15:20:00,2024-10-30 15:25:00,session_end_forced,2,2 (+3 to +5 pts),4.05000000000291,-20.149999999997817,-4.799999999999272,1,24343.4,24357.0,24342.35,24355.1,24355.75,24359.15,24334.95,24350.3,39.03973954720034,36.914665904995076,51.404293448152586,31.33947143013992
2024-10-31 09:50:00,2024-10-31 15:25:00,session_end_forced,5,5 (+11 to +15 pts),14.80000000000291,-117.25039062499854,-51.349999999998545,67,24293.15,24297.7,24280.75,24289.85,24215.3,24241.75,24207.7,24238.5,32.51861731665922,31.76254288622858,50.26050668202279,47.06726246324244
2024-11-07 11:05:00,2024-11-07 15:25:00,session_end_forced,7,7 (+21 to +28 pts),23.5,-43.049218749998545,-27.5,52,24240.15,24245.6,24212.75,24222.1,24203.9,24211.65,24189.75,24194.6,35.4427182762838,34.44632199025522,65.57265755930459,43.8647130653604
2024-11-25 14:40:00,2024-11-25 15:00:00,cross_down,6,6 (+15 to +21 pts),18.549999999999272,-78.70000000000073,-66.5,4,24230.0,24252.85,24229.55,24249.25,24230.1,24241.85,24170.55,24182.75,56.29348198584134,53.01779158071583,73.80063958079998,20.763278371598535
2024-11-25 15:15:00,2024-11-25 15:25:00,session_end_forced,7,7 (+21 to +28 pts),24.30000000000291,-18.099999999998545,14.200000000000728,2,24221.9,24241.7,24218.5,24236.6,24249.95,24260.9,24240.0,24250.8,54.15240435179813,54.08939978349873,73.38012633722548,24.864862523178765
2024-11-26 11:35:00,2024-11-26 11:55:00,cross_down,4,4 (+8 to +11 pts),7.950000000000728,-33.54999999999927,-28.049999999999272,4,24217.25,24229.7,24214.3,24228.85,24210.45,24213.5,24195.3,24200.8,49.866719493401426,48.75617740933829,71.73476962631867,15.483341149605433
2024-11-26 13:15:00,2024-11-26 15:20:00,cross_down,10,10 (+64 to +504 pts),67.09999999999854,-47.599609375,20.450000000000728,25,24162.15,24176.2,24159.0,24173.0,24189.3,24201.8,24183.25,24193.45,42.83340107948497,41.31757452431157,67.89155151545584,25.406629044325207
2024-11-27 09:50:00,2024-11-27 10:25:00,cross_down,2,2 (+3 to +5 pts),3.4499999999970896,-51.400000000001455,-39.900000000001455,7,24183.35,24226.1,24182.45,24222.65,24184.65,24190.4,24171.25,24182.75,48.09022313760575,47.55313986467422,65.38998018090506,31.109381870509885
2024-11-27 11:00:00,2024-11-27 11:50:00,cross_down,3,3 (+5 to +8 pts),7.700000000000728,-41.44999999999709,-36.94999999999709,10,24196.4,24207.2,24192.35,24206.85,24187.25,24192.1,24165.4,24169.9,51.821166552670974,50.37786480967224,65.01337200189073,16.32823940044134
2024-11-27 12:15:00,2024-11-27 13:30:00,cross_down,10,10 (+64 to +504 pts),124.900390625,-18.450000000000728,84.79999999999927,15,24197.8,24222.65,24197.8,24216.25,24322.0,24324.05,24301.05,24301.05,52.22500652284684,51.95453452730965,63.8828793494006,17.380691897233945
2024-11-28 10:00:00,2024-11-28 10:30:00,cross_down,6,6 (+15 to +21 pts),15.5,-126.099609375,-104.45000000000073,6,24310.7,24342.900390625,24308.55,24330.25,24303.5,24305.4,24204.150390625,24225.8,61.14383359109142,57.366133545091586,66.43074026031341,35.465662436410355
2024-11-28 11:45:00,2024-11-28 15:25:00,session_end_forced,6,6 (+15 to +21 pts),18.0,-233.85039062500073,-149.75,44,24061.55,24107.2,24061.05,24107.2,23953.8,23959.45,23945.85,23957.45,30.853029569317506,30.351283176371247,60.69444937590123,54.02606976766088
2024-12-02 10:00:00,2024-12-02 10:05:00,cross_down,4,4 (+8 to +11 pts),8.099999999998545,-18.55000000000291,-16.600000000002183,1,24134.9,24141.25,24116.3,24133.15,24133.15,24139.05,24114.6,24116.55,51.76416113465962,51.5809715512176,50.715101912341225,22.541621041612224
2024-12-02 10:15:00,2024-12-02 10:45:00,cross_down,4,4 (+8 to +11 pts),10.549609375000728,-73.84999999999854,-49.39999999999782,6,24117.7,24177.400390625,24117.7,24172.05,24121.0,24124.45,24109.45,24122.65,55.30127563287016,51.35366644057207,51.388725051864725,21.112426651793132
2024-12-02 11:15:00,2024-12-02 11:50:00,cross_down,6,6 (+15 to +21 pts),20.099999999998545,-26.599999999998545,-17.349999999998545,7,24130.5,24151.85,24127.5,24149.5,24134.65,24135.95,24122.9,24132.15,52.67734562127795,51.598576071838934,52.46979202899584,13.311042928581397
2024-12-02 11:55:00,2024-12-02 12:00:00,cross_down,3,3 (+5 to +8 pts),7.75,-18.0,-5.450000000000728,1,24131.75,24148.4,24126.55,24144.55,24144.2,24152.3,24134.8,24139.1,53.72647575984167,53.59853277802279,52.46979202899584,17.690313157813577
2024-12-02 12:05:00,2024-12-02 12:10:00,cross_down,3,3 (+5 to +8 pts),5.799999999999272,-15.200000000000728,-7.450000000000728,1,24140.2,24149.7,24132.85,24148.05,24148.85,24153.85,24137.95,24140.6,53.88233640490557,53.720772461392514,52.46979202899584,19.69916013445668
2024-12-02 12:15:00,2024-12-02 13:10:00,cross_down,9,9 (+41 to +64 pts),42.449609374998545,-9.600000000002183,14.299999999999272,11,24140.8,24148.85,24138.3,24147.9,24171.1,24172.35,24153.1,24162.2,53.82063711081901,53.533651366837674,53.762615326182114,21.956288076023444
2024-12-02 13:55:00,2024-12-02 15:10:00,cross_down,10,10 (+64 to +504 pts),75.34921875000146,-54.69999999999709,49.20000000000073,15,24172.6,24230.150390625,24171.65,24226.35,24285.15,24288.1,24272.5,24275.55,59.17854593669958,55.92202684947801,55.73994289028242,21.84228881847564
2024-12-03 09:55:00,2024-12-03 10:00:00,cross_down,3,3 (+5 to +8 pts),6.350000000002183,-23.849999999998545,-2.599999999998545,1,24327.95,24338.05,24314.0,24337.85,24337.95,24344.2,24332.5,24335.25,69.98061582021364,69.93433504150627,66.82314851011388,47.762536625086014
2024-12-03 10:15:00,2024-12-03 11:15:00,cross_down,9,9 (+41 to +64 pts),63.0,-34.45000000000073,61.150000000001455,12,24336.8,24371.05,24335.3,24369.75,24416.95,24432.75,24415.25,24430.9,74.03575732023407,73.14888980253217,70.33701224604795,48.21785217309906
2024-12-03 11:20:00,2024-12-03 11:25:00,cross_down,3,3 (+5 to +8 pts),7.100390625000728,-13.899999999997817,-5.899999999997817,1,24431.0,24439.150390625,24427.0,24432.05,24432.7,24432.85,24418.15,24426.15,81.70144517561795,81.29200734484894,74.06862555196572,60.182461568291714
2024-12-04 09:35:00,2024-12-04 10:10:00,cross_down,8,8 (+29 to +41 pts),30.149218750000728,-13.25,-0.2000000000007276,7,24540.2,24552.80078125,24532.55,24543.05,24554.1,24557.2,24536.1,24542.85,69.70078834795926,68.19959766647288,81.89966685899401,38.16038066453758
2024-12-04 13:30:00,2024-12-04 14:20:00,cross_down,7,7 (+21 to +28 pts),28.399999999997817,-68.35000000000218,-50.04999999999927,10,24483.5,24530.25,24478.15,24513.45,24474.3,24493.25,24445.1,24463.4,53.06221132495109,49.96465442315193,75.59968513704038,15.410945367586805
2024-12-04 15:20:00,2024-12-04 15:25:00,cross_down,1,1 (+0 to +3 pts),3.100000000002183,-22.849999999998545,-17.75,1,24477.85,24482.4,24470.85,24479.3,24477.9,24479.15,24456.45,24461.55,47.58376682705829,47.23982648242639,70.92200708896077,25.68596506579624
2024-12-05 09:15:00,2024-12-05 09:45:00,cross_down,9,9 (+41 to +64 pts),43.19921875,-81.69921875,-76.25,6,24539.150390625,24539.94921875,24476.05078125,24496.75,24472.85,24482.4,24415.05078125,24420.5,49.951691948968474,46.626236685344466,67.75736748685453,26.042454231224713
2024-12-05 11:45:00,2024-12-05 14:50:00,cross_down,10,10 (+64 to +504 pts),503.65000000000146,-12.099999999998545,270.7000000000007,37,24352.7,24356.85,24342.0,24354.1,24791.0,24800.25,24623.2,24624.8,38.233153246197986,36.440013834205836,58.17843188985228,49.85906346526664
2024-12-06 12:40:00,2024-12-06 13:00:00,cross_down,5,5 (+11 to +15 pts),12.150000000001455,-13.599999999998545,-7.849999999998545,4,24709.9,24714.85,24707.4,24710.8,24709.4,24710.0,24697.2,24702.95,54.27786994867024,53.64814085452175,66.1050507620558,10.63659170443146
2024-12-06 15:05:00,2024-12-06 15:15:00,cross_down,4,4 (+8 to +11 pts),8.950000000000728,-19.650000000001455,-11.75,2,24673.8,24686.45,24666.8,24686.45,24686.5,24692.6,24669.5,24674.7,47.034538735837955,46.94310992722052,65.23242615086164,23.15255594105558
2024-12-09 09:15:00,2024-12-09 09:35:00,cross_down,7,7 (+21 to +28 pts),24.049999999999272,-59.10039062500073,-40.95000000000073,4,24633.900390625,24684.05078125,24621.849609375,24680.95,24657.45,24660.15,24629.9,24640.0,45.875921006204024,45.82523087687131,62.772476278846156,28.433449190851007
2024-12-09 10:35:00,2024-12-09 12:30:00,cross_down,10,10 (+64 to +504 pts),93.55000000000291,-6.799999999999272,39.80000000000291,23,24594.2,24600.5,24589.05,24595.85,24661.85,24661.85,24632.8,24635.65,33.599247914328444,33.280382365172656,58.28172706064038,37.37547448320947
2024-12-09 13:30:00,2024-12-09 13:35:00,cross_down,1,1 (+0 to +3 pts),2.5499999999992724,-14.700000000000728,-10.299999999999272,1,24636.6,24645.05,24633.2,24642.5,24642.35,24642.5,24627.8,24632.2,47.20638818869696,47.08442269977887,55.61512243281376,21.18868862931412
2024-12-09 14:45:00,2024-12-09 15:25:00,session_end_forced,4,4 (+8 to +11 pts),7.950000000000728,-32.39999999999782,-10.700000000000728,8,24624.1,24645.25,24619.55,24637.3,24624.2,24635.25,24620.95,24626.6,45.3009742371098,41.69202664023786,53.62621685815102,31.01801099203395
2024-12-10 11:10:00,2024-12-10 11:45:00,cross_down,3,3 (+5 to +8 pts),7.19999999999709,-22.400000000001455,-22.30000000000291,7,24640.45,24651.5,24636.3,24651.4,24655.35,24655.75,24629.0,24629.1,50.592229780304464,50.5515223404161,52.28767894318615,18.399778797423362
2024-12-12 09:20:00,2024-12-12 09:50:00,cross_down,7,7 (+21 to +28 pts),26.75,-25.900000000001455,-5.650000000001455,6,24648.95,24654.150390625,24634.2,24648.5,24633.45,24650.45,24633.3,24642.85,48.56485860788221,48.10242857771078,53.48110060083401,29.658380586107384
2024-12-16 12:35:00,2024-12-16 15:15:00,cross_down,9,9 (+41 to +64 pts),55.94999999999709,-7.650000000001455,18.899999999997817,32,24635.45,24653.05,24635.45,24642.15,24665.35,24671.45,24661.0,24661.05,43.43308062643642,41.32612911064271,52.3926062151499,22.79052654649999
2024-12-27 13:55:00,2024-12-27 14:10:00,cross_down,5,5 (+11 to +15 pts),12.0,-16.900000000001455,-14.700000000000728,3,23853.55,23862.55,23849.95,23856.45,23847.8,23850.1,23839.55,23841.75,52.74353015503158,50.66165775334958,57.18414361055963,19.229219148804315
2024-12-30 10:00:00,2024-12-30 12:25:00,cross_down,10,10 (+64 to +504 pts),154.69960937499854,-22.350000000002183,33.79999999999927,29,23738.3,23777.9,23738.3,23760.65,23853.1,23859.25,23790.7,23794.45,35.64754588745803,32.83177761205345,54.795559157841296,44.166685646777665
2025-01-01 13:55:00,2025-01-01 14:25:00,cross_down,8,8 (+29 to +41 pts),37.400781249998545,-31.80000000000291,-5.850000000002183,6,23760.25,23785.95,23753.6,23785.4,23786.25,23789.05,23770.95,23779.55,62.08515694187872,60.86256899862282,50.23119818511821,22.413820031455295
2025-01-02 09:35:00,2025-01-02 11:45:00,cross_down,10,10 (+64 to +504 pts),159.10039062500073,-34.64999999999782,121.45000000000073,26,23783.7,23830.75,23780.4,23815.05,23957.9,23959.15,23935.2,23936.5,58.205028105764725,57.880874178096484,53.84043979144881,23.264186701758735
2025-01-03 11:15:00,2025-01-03 12:20:00,cross_down,10,10 (+64 to +504 pts),73.75,-24.700000000000728,-4.400000000001455,13,24057.6,24079.15,24051.45,24076.15,24089.85,24093.45,24069.75,24071.75,45.4918691447597,45.33303364797488,69.30054446724239,32.373231448317185
2025-01-03 13:05:00,2025-01-03 13:35:00,cross_down,5,5 (+11 to +15 pts),14.19999999999709,-30.900000000001455,-23.650000000001455,6,24111.85,24121.6,24096.55,24107.4,24089.85,24091.1,24076.5,24083.75,51.87166593484352,50.829818764830335,68.69651517885937,26.25434486379092
2025-01-06 09:20:00,2025-01-06 10:40:00,cross_down,4,4 (+8 to +11 pts),9.349218750001455,-200.44960937499854,-197.64999999999782,16,24031.8,24087.75,24016.400390625,24080.6,23923.95,23929.65,23880.150390625,23882.95,42.17049954578194,36.16778843339294,58.78900744383599,45.00267798156924
2025-01-06 12:10:00,2025-01-06 13:50:00,cross_down,9,9 (+41 to +64 pts),59.35000000000218,-115.59999999999854,-114.45000000000073,20,23683.3,23727.6,23683.15,23719.8,23635.15,23636.85,23604.2,23605.35,30.452524269314228,26.489386212179088,51.17992803651519,49.32031299306218
2025-01-16 12:45:00,2025-01-16 13:15:00,cross_down,5,5 (+11 to +15 pts),14.299999999999272,-10.599999999998545,2.650000000001455,6,23310.75,23320.85,23307.25,23314.5,23317.8,23321.8,23311.45,23317.15,60.65670922208551,60.547995445003316,54.39261844552109,24.79245830998817
2025-01-16 13:50:00,2025-01-16 14:15:00,cross_down,5,5 (+11 to +15 pts),13.200000000000728,-18.0,-14.200000000000728,5,23325.3,23328.75,23319.7,23327.7,23333.4,23333.4,23309.7,23313.5,65.17889256629832,64.56152542911283,56.632320409907166,26.789335602478438
2025-01-17 10:20:00,2025-01-17 10:45:00,cross_down,9,9 (+41 to +64 pts),43.099999999998545,-79.30039062500146,-78.95000000000073,5,23214.3,23232.45,23213.9,23226.15,23198.55,23198.55,23146.849609375,23147.2,42.325335962999404,41.4223277326635,55.95167072884066,24.19789133951698
2025-01-17 11:30:00,2025-01-17 13:20:00,cross_down,10,10 (+64 to +504 pts),91.34999999999854,-37.29999999999927,3.2000000000007276,22,23151.15,23177.9,23141.0,23172.95,23197.75,23197.75,23175.35,23176.15,40.881900096138125,37.30958815676424,50.53457701140629,28.21085195352051
2025-01-21 09:25:00,2025-01-21 09:30:00,cross_down,3,3 (+5 to +8 pts),5.5,-58.64960937499927,-54.54999999999927,1,23401.55,23418.4,23369.400390625,23413.8,23414.6,23419.3,23355.150390625,23359.25,61.810209835271436,60.29835940950469,61.92089593382242,28.123733438910072
2025-01-21 11:35:00,2025-01-21 12:30:00,cross_down,10,10 (+64 to +504 pts),258.5,-51.650390625,-17.950000000000728,11,23163.3,23174.65,23156.05,23162.75,23133.0,23147.45,23117.05,23144.8,35.375102741772494,35.05996110444411,52.20055694237007,46.698034197395636
2025-01-21 12:55:00,2025-01-21 14:15:00,cross_down,9,9 (+41 to +64 pts),56.599999999998545,-119.79999999999927,-72.45000000000073,16,23163.2,23271.0,23161.75,23239.95,23193.9,23207.1,23151.4,23167.5,44.8779515201982,43.055736345501586,51.96327293490328,32.30514097185948
2025-01-24 09:20:00,2025-01-24 09:35:00,cross_down,5,5 (+11 to +15 pts),10.900781249998545,-86.95000000000073,-86.95000000000073,3,23275.8,23292.05078125,23274.0,23281.15,23225.25,23232.25,23194.2,23194.2,53.40058452757479,49.793651281248266,56.08709511805232,49.41584134782252
2025-01-24 10:35:00,2025-01-24 12:25:00,cross_down,10,10 (+64 to +504 pts),130.30078125,-44.75,78.5,22,23172.45,23227.1,23172.25,23217.0,23313.15,23319.4,23288.75,23295.5,46.78575860318759,42.642598419076094,53.220229052568364,24.023234400289823
2025-01-24 14:30:00,2025-01-24 14:35:00,cross_down,6,6 (+15 to +21 pts),15.349999999998545,-48.75,-48.150000000001455,1,23139.6,23168.6,23136.25,23153.25,23152.9,23153.25,23104.5,23105.1,38.45160459168068,37.00707535392589,52.770913153059055,20.98083971069623
2025-01-24 15:00:00,2025-01-24 15:25:00,session_end_forced,8,8 (+29 to +41 pts),37.5,-1.25,22.299999999999272,5,23079.35,23095.85,23066.8,23068.05,23090.65,23095.45,23080.7,23090.35,31.006436870751138,30.7494576357354,52.770913153059055,30.32766245346499
2025-01-29 12:20:00,2025-01-29 12:30:00,cross_down,5,5 (+11 to +15 pts),11.650000000001455,-11.299999999999272,-6.5,2,23143.85,23149.65,23126.7,23138.0,23135.55,23141.65,23127.55,23131.5,60.162013124680506,59.67803702012186,55.2814249881147,26.166332233965612
2025-01-30 09:35:00,2025-01-30 10:50:00,cross_down,10,10 (+64 to +504 pts),105.650390625,-26.299999999999272,56.900000000001455,15,23190.25,23208.55,23185.5,23205.5,23295.9,23299.35,23262.4,23262.4,63.839441061712456,61.27083464988392,63.174044043108154,27.43861302635423
2025-01-30 15:00:00,2025-01-30 15:25:00,session_end_forced,10,10 (+64 to +504 pts),96.90078124999854,-42.25,72.79999999999927,5,23192.35,23239.3,23182.9,23225.15,23279.95,23322.05078125,23276.7,23297.95,43.53682642036863,39.66213671362923,65.39451484306055,46.03826361238332
2025-01-31 12:55:00,2025-01-31 13:00:00,cross_down,5,5 (+11 to +15 pts),14.099218750001455,-16.649999999997817,-14.099999999998545,1,23469.0,23485.099609375,23466.4,23480.85,23480.35,23494.94921875,23464.2,23466.75,71.15941262358007,70.58510905292277,70.37935689140224,44.25261746990502
2025-01-31 13:20:00,2025-01-31 13:35:00,cross_down,6,6 (+15 to +21 pts),17.599218750001455,-10.649999999997817,-4.549999999999272,3,23509.25,23516.900390625,23502.45,23513.1,23525.6,23527.15,23507.05,23508.55,74.098964725572,73.52426505833161,72.6582043401928,58.18792175001918
2025-01-31 15:10:00,2025-01-31 15:25:00,session_end_forced,8,8 (+29 to +41 pts),31.650781249998545,-16.900000000001455,18.69999999999709,3,23505.85,23518.05,23503.15,23515.15,23521.05,23546.80078125,23517.35,23533.85,64.82414820882826,63.342634175274306,72.07030476776266,34.78291421505297
2025-02-01 09:35:00,2025-02-01 10:01:00,cross_down,8,8 (+29 to +41 pts),35.70000000000073,-17.25,9.75,5,23562.8,23566.4,23538.5,23549.8,23559.6,23565.85,23550.5,23559.55,64.9914086929983,64.73000972884067,73.4552278862875,33.873604205751434
2025-02-01 13:25:00,2025-02-01 15:16:00,cross_down,10,10 (+64 to +504 pts),105.85000000000218,-45.0,34.30000000000291,22,23399.7,23457.85,23397.1,23442.1,23479.0,23480.25,23471.85,23476.4,41.55532732230958,40.496431917411286,65.18808107811499,31.2737033437312
2025-02-03 10:25:00,2025-02-03 15:25:00,session_end_forced,10,10 (+64 to +504 pts),99.49960937500146,-29.0,77.60000000000218,60,23277.9,23285.45,23266.65,23282.1,23354.9,23362.9,23349.95,23359.7,36.81049505658722,34.70917199824142,55.576742648526114,36.89105007759439
2025-02-05 13:25:00,2025-02-05 13:40:00,cross_down,4,4 (+8 to +11 pts),10.900000000001455,-16.599999999998545,-13.899999999997817,3,23747.1,23758.7,23745.35,23749.3,23748.75,23748.75,23732.7,23735.4,54.79531961438451,54.7690024125759,71.20151513138516,24.944370950137458
2025-02-05 13:55:00,2025-02-05 14:10:00,cross_down,2,2 (+3 to +5 pts),3.7999999999992724,-29.900000000001455,-27.600000000002183,3,23758.35,23774.5,23757.05,23770.7,23753.75,23754.35,23740.8,23743.1,56.796157586054306,54.028292358912566,71.20151513138516,23.895756325032853
2025-02-06 10:25:00,2025-02-06 15:25:00,session_end_forced,7,7 (+21 to +28 pts),24.0,-76.65000000000146,-4.850000000002183,60,23647.9,23651.2,23632.05,23632.9,23616.9,23633.7,23612.2,23628.05,33.07116288821002,32.580737843374145,61.750278769851434,31.79181824551501
2025-02-19 09:55:00,2025-02-19 10:50:00,cross_down,9,9 (+41 to +64 pts),60.849218750001455,-34.849999999998545,-24.399999999997817,11,22967.85,22992.05078125,22967.85,22989.1,22994.0,22995.0,22957.8,22964.7,57.23586965003915,54.47895385792956,50.16498457948139,31.849377085318768
2025-02-19 12:10:00,2025-02-19 12:25:00,cross_down,7,7 (+21 to +28 pts),24.200000000000728,-30.94999999999709,-29.94999999999709,3,23000.75,23005.2,22995.0,22999.35,22993.0,22993.45,22968.4,22969.4,56.95496902388475,56.36358534147311,53.74841618905399,20.988391049088982
2025-02-19 14:10:00,2025-02-19 14:15:00,cross_down,1,1 (+0 to +3 pts),2.850000000002183,-73.25,-63.75,1,22940.75,22953.65,22937.55,22950.8,22950.55,22951.25,22877.55,22887.05,47.610743823807304,46.51883331907495,54.49032205442118,18.873979492439464
2025-02-19 14:55:00,2025-02-19 15:25:00,session_end_forced,8,8 (+29 to +41 pts),31.350000000002183,-7.849999999998545,-3.399999999997817,6,22921.0,22927.05,22909.95,22917.8,22926.45,22933.25,22912.35,22914.4,44.46391563063186,42.12969788466744,54.11088793080437,25.072032044701697
2025-02-20 10:00:00,2025-02-20 12:10:00,cross_down,8,8 (+29 to +41 pts),39.39960937499927,-15.850000000002183,14.399999999997817,26,22884.45,22885.75,22863.6,22874.7,22894.8,22898.2,22888.65,22889.1,43.17914511253056,42.96923589345526,51.75678326900436,33.99860902109514
2025-03-06 11:00:00,2025-03-06 11:20:00,cross_down,10,10 (+64 to +504 pts),68.45000000000073,-31.549999999999272,-23.5,4,22364.85,22387.4,22355.55,22387.1,22423.45,22423.8,22362.1,22363.6,60.09233833768442,59.817556363027656,65.78105604945004,30.94321018064719
2025-03-06 12:20:00,2025-03-06 14:20:00,cross_down,10,10 (+64 to +504 pts),100.94921875,-15.75,78.20000000000073,24,22414.9,22437.75,22412.25,22428.0,22506.2,22514.2,22501.0,22506.2,60.83799808066868,59.99017509917301,69.14830071813701,31.688372875890543
2025-03-07 13:35:00,2025-03-07 13:50:00,cross_down,3,3 (+5 to +8 pts),6.099999999998545,-41.55000000000291,-29.05000000000291,3,22561.7,22573.2,22559.05,22569.9,22563.0,22563.0,22528.35,22540.85,53.09578231405354,52.76058463546874,72.11668637960973,16.353607843781358
2025-03-07 14:20:00,2025-03-07 15:10:00,cross_down,8,8 (+29 to +41 pts),40.05000000000291,-10.94999999999709,-10.75,10,22567.35,22573.95,22562.35,22567.6,22564.2,22569.6,22556.65,22556.85,52.48919689505445,50.65951958106604,70.62559555348497,18.448103616646115
2025-03-10 09:25:00,2025-03-10 10:25:00,cross_down,10,10 (+64 to +504 pts),93.0,-8.400000000001455,24.200000000000728,12,22597.3,22603.25,22575.35,22583.75,22630.1,22632.4,22604.05,22607.95,51.491643416641686,51.252965262210765,67.5754176753322,29.104625844975807
2025-03-10 13:10:00,2025-03-10 13:15:00,cross_down,5,5 (+11 to +15 pts),12.900000000001455,-16.0,-15.5,1,22608.25,22614.7,22600.6,22601.8,22601.55,22602.2,22585.8,22586.3,48.997633132109556,48.72890383904899,67.12130152272292,30.63520758833185
2025-03-10 15:05:00,2025-03-10 15:25:00,session_end_forced,1,1 (+0 to +3 pts),1.6499999999978172,-41.29999999999927,-36.60000000000218,4,22464.45,22477.7,22462.15,22477.7,22451.5,22457.75,22436.4,22441.1,30.727507089840312,28.74202751580691,63.118788090660075,49.80950436666629
2025-03-11 09:35:00,2025-03-11 14:50:00,cross_down,10,10 (+64 to +504 pts),132.70000000000073,-34.25,96.35000000000218,63,22361.6,22384.15,22349.05,22383.3,22492.35,22495.6,22478.2,22479.65,27.683276986171517,25.428861643493093,52.89062715281871,57.262757656616266
2025-03-13 12:50:00,2025-03-13 13:05:00,cross_down,4,4 (+8 to +11 pts),10.75,-22.549999999999272,-22.399999999997817,3,22447.7,22454.75,22443.1,22451.3,22447.5,22449.95,22428.75,22428.9,46.83988916330884,46.0013709243845,50.82346752942278,24.553631918499626
2025-03-17 13:25:00,2025-03-17 14:40:00,cross_down,8,8 (+29 to +41 pts),33.69999999999709,-21.100000000002183,-5.350000000002183,15,22484.45,22499.45,22481.7,22494.9,22503.25,22504.2,22481.75,22489.55,49.918107507061826,48.483559989342226,50.70096058731487,28.76707715434644
2025-03-17 14:50:00,2025-03-17 15:00:00,cross_down,3,3 (+5 to +8 pts),7.100000000002183,-18.5,-6.599999999998545,2,22500.25,22516.6,22497.1,22515.6,22510.95,22517.45,22503.85,22509.0,54.112797988760455,53.65219158893055,52.39218863468645,20.444834057424668
2025-03-17 15:05:00,2025-03-17 15:15:00,cross_down,2,2 (+3 to +5 pts),3.5499999999992724,-10.299999999999272,-6.450000000000728,2,22509.45,22516.7,22506.2,22516.5,22510.65,22515.15,22508.3,22510.05,55.122028728467534,54.40833376005866,52.39218863468645,15.001698134174523
2025-03-18 15:05:00,2025-03-18 15:25:00,session_end_forced,7,7 (+21 to +28 pts),23.400781249998545,-23.700000000000728,14.349999999998545,4,22814.4,22835.900390625,22810.7,22834.4,22854.7,22857.80078125,22845.0,22848.75,72.4887898226599,69.0244170435671,71.45466667625325,41.6367000539242
2025-03-20 09:20:00,2025-03-20 09:50:00,cross_down,5,5 (+11 to +15 pts),12.649609374999272,-52.79999999999927,-30.900000000001455,6,23022.3,23061.94921875,23013.5,23058.45,23022.05,23035.55,23005.65,23027.55,60.093856193269154,59.936776122415445,81.79505847872913,35.38910329977742
2025-03-20 12:15:00,2025-03-20 14:10:00,cross_down,10,10 (+64 to +504 pts),126.05078125,-8.799999999999272,101.90000000000146,23,23072.9,23082.94921875,23071.8,23080.5,23186.3,23191.05,23179.25,23182.4,67.85429738539261,67.0238222158487,86.74376980251107,36.02408227417287
2025-03-24 09:15:00,2025-03-24 11:15:00,cross_down,10,10 (+64 to +504 pts),124.85039062500073,-80.54999999999927,88.20000000000073,24,23515.400390625,23518.650390625,23465.44921875,23514.05,23614.2,23617.6,23597.7,23602.25,59.18668125980818,56.339672559539274,87.73809594560208,23.68753455773512
2025-03-25 09:50:00,2025-03-25 10:00:00,cross_down,7,7 (+21 to +28 pts),24.349609375,-36.29999999999927,-12.25,2,23812.4,23852.849609375,23808.95,23845.25,23864.4,23865.9,23826.15,23833.0,72.29446446412064,70.87849961529133,89.27617891396011,33.57122865340783
2025-03-25 12:45:00,2025-03-25 12:50:00,cross_down,2,2 (+3 to +5 pts),4.099999999998545,-22.5,-20.049999999999272,1,23696.9,23705.35,23687.3,23701.25,23701.25,23703.9,23678.75,23681.2,49.883559926641766,49.64067606626851,82.83480829908628,24.564513050943653
2025-03-25 13:35:00,2025-03-25 14:40:00,cross_down,8,8 (+29 to +41 pts),30.849999999998545,-35.25,-17.849999999998545,13,23681.2,23717.85,23678.5,23713.75,23721.0,23722.1,23695.55,23695.9,49.897808446408625,47.01522257502011,79.63310829725681,26.268375068515862
2025-03-26 09:20:00,2025-03-26 09:40:00,cross_down,5,5 (+11 to +15 pts),13.650000000001455,-81.44999999999709,-76.64999999999782,4,23701.95,23730.150390625,23701.0,23722.85,23658.25,23667.25,23641.4,23646.2,43.82846280952567,43.53931557804363,69.13746129647922,33.98788896706185
2025-03-26 09:55:00,2025-03-26 10:00:00,cross_down,5,5 (+11 to +15 pts),12.94999999999709,-24.200000000000728,-8.450000000000728,1,23651.75,23687.85,23650.7,23674.9,23674.95,23682.1,23650.85,23666.45,45.2113322477874,45.02369697155561,69.13746129647922,29.54502519243301
2025-03-26 10:05:00,2025-03-26 11:05:00,cross_down,9,9 (+41 to +64 pts),50.400000000001455,-40.25,-20.599999999998545,12,23666.3,23671.4,23642.1,23669.8,23638.05,23650.1,23632.9,23649.2,46.59452220901082,45.85966612971954,69.13746129647922,26.978553063827924
2025-03-26 12:35:00,2025-03-26 13:05:00,cross_down,6,6 (+15 to +21 pts),20.25,-56.14960937499927,-52.29999999999927,6,23618.2,23626.45,23615.75,23617.8,23595.75,23599.35,23561.650390625,23565.5,40.79284323137621,39.83572957743821,60.7994406603902,29.321942809797257
2025-03-26 14:00:00,2025-03-26 15:25:00,session_end_forced,4,4 (+8 to +11 pts),10.399999999997817,-100.25078125000073,-87.65000000000146,17,23532.45,23554.35,23531.2,23551.95,23479.7,23482.45,23464.3,23464.3,34.071131398884035,33.123259433315084,56.9724905209545,45.19445109094765
2025-04-16 11:40:00,2025-04-16 13:00:00,cross_down,7,7 (+21 to +28 pts),28.099999999998545,-17.950000000000728,12.0,16,23321.3,23334.2,23316.0,23333.95,23342.95,23347.35,23339.7,23345.95,54.49501554474845,53.10633776625342,77.8301977866619,17.47883758838109
2025-04-16 14:05:00,2025-04-16 15:25:00,session_end_forced,9,9 (+41 to +64 pts),51.14921875000073,-9.5,32.25,16,23402.2,23408.5,23391.55,23401.05,23450.55,23452.19921875,23427.5,23433.3,58.3542116972379,54.38190195186729,77.22535779981354,40.80352695672593
2025-04-17 10:40:00,2025-04-17 11:00:00,cross_down,7,7 (+21 to +28 pts),22.999218749999272,-52.79999999999927,-44.54999999999927,4,23406.0,23426.95,23402.9,23421.95,23406.55,23413.85,23369.15,23377.4,55.016715084604456,53.89765387925598,75.15718681989766,19.553617729592204
2025-04-17 11:10:00,2025-04-17 14:15:00,cross_down,10,10 (+64 to +504 pts),431.49960937500146,-17.349999999998545,387.90000000000146,37,23425.5,23441.6,23422.75,23440.1,23828.7,23842.95,23783.8,23828.0,55.9070951302821,54.38184547240512,75.15718681989766,17.385849854024475
2025-04-22 10:20:00,2025-04-22 10:25:00,cross_down,5,5 (+11 to +15 pts),11.950781250001455,-16.0,-8.0,1,24198.65,24204.69921875,24187.35,24203.35,24201.65,24215.30078125,24194.4,24195.35,63.33452299717071,63.17792400598625,85.14206700570199,32.39162039377788
2025-04-22 10:35:00,2025-04-22 11:15:00,cross_down,7,7 (+21 to +28 pts),25.199609374998545,-12.75,10.549999999999272,8,24208.15,24219.900390625,24204.65,24217.4,24230.3,24231.1,24217.95,24227.95,65.6025578239289,64.5219517547679,85.14206700570199,35.47606121616535
2025-04-23 09:15:00,2025-04-23 10:05:00,cross_down,9,9 (+41 to +64 pts),45.80078125,-85.150390625,-76.45000000000073,10,24357.599609375,24359.30078125,24282.05078125,24313.5,24279.0,24279.0,24228.349609375,24237.05,48.43384958773489,39.076541951269874,74.89808468802276,43.42161006202832
2025-04-23 11:40:00,2025-04-23 15:25:00,cross_down,10,10 (+64 to +504 pts),101.04999999999927,-41.29999999999927,61.64999999999782,45,24200.2,24242.15,24199.0,24239.2,24324.9,24327.05,24287.9,24300.85,51.95378242326998,49.01763199326944,73.06702115571487,18.551806126717445
2025-04-24 12:45:00,2025-04-24 13:15:00,cross_down,1,1 (+0 to +3 pts),1.6500000000014552,-15.950000000000728,-14.0,6,24264.05,24273.4,24263.35,24271.75,24258.75,24265.2,24255.8,24257.75,46.63248491769878,46.01454719057483,70.49874803699909,14.480001539598625
2025-04-24 14:15:00,2025-04-24 14:35:00,cross_down,5,5 (+11 to +15 pts),11.75,-16.550390625001455,-12.650000000001455,4,24247.4,24253.6,24243.75,24251.4,24241.75,24247.0,24234.849609375,24238.75,40.82031888182946,40.60825684915957,65.5631792184877,27.18688982394167
2025-04-24 14:45:00,2025-04-24 14:50:00,cross_down,3,3 (+5 to +8 pts),5.450000000000728,-23.549609375000728,-17.650000000001455,1,24243.3,24246.4,24237.25,24240.95,24238.8,24242.35,24217.400390625,24223.3,38.76030971987359,38.615477260940615,65.5631792184877,25.95710321301831
2025-04-24 15:00:00,2025-04-24 15:25:00,session_end_forced,6,6 (+15 to +21 pts),16.150000000001455,-20.799999999999272,1.5,5,24222.75,24247.6,24222.75,24243.55,24249.55,24254.1,24240.75,24245.05,36.309231415017734,34.9112787674575,65.5631792184877,30.897402664507844
2025-04-25 11:05:00,2025-04-25 14:40:00,cross_down,10,10 (+64 to +504 pts),212.95000000000073,-89.85039062500073,126.59999999999854,43,23905.65,23950.1,23902.95,23937.7,24063.95,24067.45,24047.75,24064.3,29.724461465165675,28.091204121098425,52.81168148083513,59.267872356724226
2025-04-28 12:20:00,2025-04-28 13:05:00,cross_down,8,8 (+29 to +41 pts),33.79960937500073,-7.799999999999272,17.650000000001455,9,24329.75,24336.19921875,24320.5,24321.3,24334.7,24341.5,24313.5,24338.95,66.89764701939471,65.14670491415401,51.064741127334315,36.50122835377209
2025-04-29 09:20:00,2025-04-29 09:40:00,cross_down,2,2 (+3 to +5 pts),3.9503906249992724,-149.79960937500073,-137.10000000000218,4,24438.5,24455.05078125,24424.5,24453.7,24370.1,24387.05,24303.900390625,24316.6,62.61172158169187,57.30979677895711,59.577915234487094,28.31479883622334
2025-04-29 12:45:00,2025-04-29 14:20:00,cross_down,8,8 (+29 to +41 pts),36.5,-8.950000000000728,17.600000000002183,19,24338.8,24344.85,24330.6,24339.55,24361.9,24367.55,24356.25,24357.15,50.926623901756855,50.15637163659065,61.31950666980865,27.794531456751926
2025-04-30 09:40:00,2025-04-30 10:25:00,cross_down,9,9 (+41 to +64 pts),48.39921875000073,-17.049999999999272,-14.799999999999272,9,24364.65,24365.69921875,24329.75,24346.8,24358.15,24360.9,24330.55,24332.0,47.3548493048131,46.34184639591963,59.94837824736124,40.04455548458539
2025-04-30 11:15:00,2025-04-30 11:45:00,cross_down,5,5 (+11 to +15 pts),14.19999999999709,-43.85000000000218,-30.55000000000291,6,24329.95,24371.6,24329.55,24357.4,24332.3,24333.7,24313.55,24326.85,49.94363315109525,47.75214808122464,58.99962502242954,23.325434497628535
2025-04-30 11:50:00,2025-04-30 13:00:00,cross_down,8,8 (+29 to +41 pts),31.400000000001455,-10.649999999997817,0.05000000000291038,14,24327.05,24337.65,24322.95,24333.6,24339.85,24342.4,24328.8,24333.65,47.46635256128177,47.20314092496301,58.99962502242954,17.728645422100747
2025-04-30 13:40:00,2025-04-30 13:50:00,cross_down,1,1 (+0 to +3 pts),2.7999999999992724,-13.799999999999272,-13.799999999999272,2,24346.65,24350.8,24344.25,24350.45,24346.6,24351.85,24336.65,24336.65,50.54511900652395,49.2830087768153,57.97408163323715,22.88217052540303
2025-04-30 13:55:00,2025-04-30 14:05:00,cross_down,2,2 (+3 to +5 pts),4.450000000000728,-12.549999999999272,-8.549999999999272,2,24336.85,24349.1,24334.55,24347.1,24344.4,24348.45,24337.6,24338.55,51.399468272351896,50.943752077892725,57.97408163323715,21.016810607490505
2025-04-30 14:45:00,2025-04-30 15:20:00,cross_down,9,9 (+41 to +64 pts),43.000390624998545,-63.20000000000073,-59.80000000000291,7,24339.5,24358.8,24338.3,24353.15,24324.0,24325.1,24289.95,24293.35,50.30969275752075,49.5903519719143,57.67085870786104,29.839806523552905
2025-05-02 09:20:00,2025-05-02 10:30:00,cross_down,10,10 (+64 to +504 pts),185.50039062499854,-17.75,88.64999999999782,14,24410.3,24429.55,24385.9,24403.65,24521.35,24524.45,24484.75,24492.3,49.62731442717404,46.475484634666074,52.86893659936499,35.03454271923327
2025-05-02 13:05:00,2025-05-02 14:30:00,cross_down,10,10 (+64 to +504 pts),112.29999999999927,-20.25,-0.75,17,24284.2,24310.1,24279.65,24299.9,24306.75,24318.3,24291.95,24299.15,38.96143981021804,38.789300270360584,54.88923715201536,51.069816817552024
2025-05-02 14:50:00,2025-05-02 15:20:00,cross_down,7,7 (+21 to +28 pts),25.349999999998545,-49.70000000000073,-39.25,6,24348.05,24372.65,24347.55,24372.4,24329.05,24342.7,24326.2,24333.15,47.99047734878099,46.18689032078494,52.75111117082099,31.45097716519598
2025-05-05 09:15:00,2025-05-05 10:55:00,cross_down,10,10 (+64 to +504 pts),89.50039062499854,-36.249609375001455,34.19999999999709,20,24419.5,24460.75,24400.650390625,24436.9,24493.7,24496.55,24460.45,24471.1,50.940747075647636,47.51355698353974,51.22062243158625,24.79409391181454
2025-05-05 12:55:00,2025-05-05 13:05:00,cross_down,1,1 (+0 to +3 pts),2.7000000000007276,-20.950000000000728,-18.399999999997817,2,24469.65,24475.95,24466.15,24474.3,24468.2,24468.6,24453.35,24455.9,54.77317898832043,54.58727371845003,55.427484398943356,20.593707881954387
2025-05-05 13:40:00,2025-05-05 14:20:00,cross_down,6,6 (+15 to +21 pts),19.25,-18.200000000000728,-16.200000000000728,8,24470.6,24476.05,24469.35,24473.65,24465.65,24465.65,24455.45,24457.45,55.25110732907547,53.79973366693372,55.77328058653147,16.2744345746928
2025-05-05 14:35:00,2025-05-05 14:40:00,cross_down,3,3 (+5 to +8 pts),7.450000000000728,-11.5,-6.849999999998545,1,24487.55,24490.25,24477.5,24482.8,24482.7,24485.6,24471.3,24475.95,55.30764166330142,55.20395204849504,56.53185803710474,25.818243372007974
2025-05-05 14:50:00,2025-05-05 14:55:00,cross_down,2,2 (+3 to +5 pts),3.7000000000007276,-15.399999999997817,-12.149999999997817,1,24480.5,24483.65,24473.8,24483.3,24482.9,24487.0,24467.9,24471.15,55.857348733845484,55.57759944911267,56.53185803710474,24.66378746370831
2025-05-06 10:55:00,2025-05-06 11:25:00,cross_down,1,1 (+0 to +3 pts),3.100000000002183,-36.39960937499927,-31.299999999999272,6,24386.65,24406.15,24385.8,24403.05,24376.35,24378.9,24366.650390625,24371.75,40.51752157783985,39.198508320635895,54.24995730851719,19.463281078728706
2025-05-06 11:50:00,2025-05-06 14:25:00,cross_down,7,7 (+21 to +28 pts),24.100000000002183,-24.349999999998545,-10.549999999999272,31,24364.2,24387.0,24359.95,24384.3,24366.95,24378.0,24362.55,24373.75,37.23136180291469,34.59201912186746,52.49061860140914,25.578857632411008
2025-05-08 10:30:00,2025-05-08 10:35:00,cross_down,1,1 (+0 to +3 pts),1.3500000000021828,-17.649999999997817,-15.599999999998545,1,24404.4,24409.45,24394.85,24408.1,24407.25,24408.7,24390.45,24392.5,53.62075408968612,53.05987276603007,51.11112670460412,23.12593354139626
2025-05-08 11:20:00,2025-05-08 11:45:00,cross_down,3,3 (+5 to +8 pts),7.5,-10.0,-5.549999999999272,5,24405.95,24410.75,24405.85,24408.3,24407.45,24410.2,24398.3,24402.75,54.66831733111596,53.21263984341904,51.52976110801903,10.86350194033019
2025-05-13 11:00:00,2025-05-13 11:55:00,cross_down,8,8 (+29 to +41 pts),35.39999999999782,-102.05000000000291,-78.0,11,24759.5,24837.8,24742.05,24802.4,24738.25,24744.9,24709.2,24724.4,49.860643723136015,48.75051475135628,71.8099720015962,27.73379544086901
2025-05-13 12:10:00,2025-05-13 12:15:00,cross_down,5,5 (+11 to +15 pts),14.400000000001455,-21.899999999997817,-20.94999999999709,1,24749.65,24771.45,24738.55,24757.6,24755.45,24772.0,24735.7,24736.65,48.79491550499845,48.17677563540034,69.47607770727515,14.32553337781705
2025-05-13 14:05:00,2025-05-13 14:15:00,cross_down,1,1 (+0 to +3 pts),2.650000000001455,-46.05078125,-42.70000000000073,2,24597.85,24609.4,24592.4,24606.75,24590.45,24592.35,24560.69921875,24564.05,38.73601396878639,38.19577324874044,64.32380258076043,50.51948428748349
2025-05-13 14:20:00,2025-05-13 15:25:00,session_end_forced,8,8 (+29 to +41 pts),39.29999999999927,-50.04999999999927,-5.299999999999272,13,24563.75,24600.35,24563.5,24597.55,24561.85,24594.3,24560.8,24592.25,38.964661229416905,37.6649669339696,60.54450374360762,51.36740103915973
2025-05-14 13:25:00,2025-05-14 14:00:00,cross_down,6,6 (+15 to +21 pts),16.0,-48.20000000000073,-43.900000000001455,7,24634.9,24660.95,24633.9,24644.95,24618.9,24620.0,24596.75,24601.05,45.217622380406766,43.071006716375855,54.434165284547774,34.30924210811938
2025-05-14 14:15:00,2025-05-14 14:35:00,cross_down,5,5 (+11 to +15 pts),14.599999999998545,-40.70000000000073,-31.850000000002183,4,24614.55,24618.7,24605.65,24618.4,24585.05,24599.0,24584.95,24586.55,43.61715423961736,42.487534276276165,52.83152684540954,29.043007751360697
2025-05-14 14:40:00,2025-05-14 15:25:00,session_end_forced,10,10 (+64 to +504 pts),71.20000000000073,-40.54999999999927,60.20000000000073,9,24585.0,24665.65,24585.0,24625.55,24678.35,24696.75,24678.35,24685.75,43.093452497629876,41.7376803653381,52.83152684540954,28.153378912210783
2025-05-15 10:30:00,2025-05-15 11:30:00,cross_down,10,10 (+64 to +504 pts),185.59999999999854,-57.650000000001455,-2.2000000000007276,12,24564.5,24627.25,24564.5,24622.15,24640.3,24643.55,24607.9,24619.95,44.585520573440846,39.80994218341693,50.755791620655245,32.863115585191174
2025-05-15 12:05:00,2025-05-15 14:40:00,cross_down,10,10 (+64 to +504 pts),416.4500000000007,-73.5,387.65000000000146,31,24639.55,24707.9,24639.2,24699.8,25066.2,25088.85,25055.85,25087.45,51.86965060492753,50.05232970893685,50.14697025854076,16.283142550761983
2025-05-16 12:40:00,2025-05-16 13:55:00,cross_down,8,8 (+29 to +41 pts),33.25,-14.700000000000728,12.650000000001455,15,24995.15,25002.6,24992.6,25001.55,25017.05,25020.3,25010.6,25014.2,54.571086547136105,52.9741233052597,64.92492924733978,17.628251050320408
2025-05-16 14:00:00,2025-05-16 14:15:00,cross_down,5,5 (+11 to +15 pts),12.200000000000728,-21.049999999999272,-18.650000000001455,3,25014.55,25022.5,25010.25,25020.75,25019.6,25025.05,24999.7,25002.1,57.654086231864895,57.20544537362402,65.27905187233068,21.895933178119574
2025-05-16 15:05:00,2025-05-16 15:15:00,cross_down,1,1 (+0 to +3 pts),1.5999999999985448,-17.55000000000291,-15.900000000001455,2,25023.65,25032.9,25020.05,25032.9,25025.45,25025.6,25015.35,25017.0,56.43276730145953,56.18485385410156,65.7963873991985,15.75366842891577
2025-05-19 09:20:00,2025-05-19 09:25:00,cross_down,1,1 (+0 to +3 pts),2.3000000000029104,-41.5,-30.399999999997817,1,25027.85,25047.15,25006.15,25044.85,25043.7,25043.7,25003.35,25014.45,57.58803614014326,56.334038228100894,66.14670962697943,21.151326603254855
2025-05-19 10:10:00,2025-05-19 10:15:00,cross_down,7,7 (+21 to +28 pts),22.100000000002183,-6.44999999999709,0.25,1,25042.5,25049.4,25034.4,25040.85,25040.2,25062.95,25038.65,25041.1,55.19983359597996,54.60725074500477,66.14670962697943,18.805117493358594
2025-05-19 10:20:00,2025-05-19 10:25:00,cross_down,3,3 (+5 to +8 pts),5.55000000000291,-36.94999999999709,-28.5,1,25040.4,25055.75,25038.85,25052.6,25053.4,25058.15,25015.65,25024.1,58.44621072372165,57.27926471172411,66.71912582817737,23.968108460408317
2025-05-19 12:50:00,2025-05-19 13:05:00,cross_down,2,2 (+3 to +5 pts),4.399999999997817,-30.850000000002183,-30.700000000000728,3,25004.85,25018.6,25003.15,25014.2,25001.45,25004.35,24983.35,24983.5,49.33562919574746,47.731566228245704,64.22219531263312,19.20951024044494
2025-05-19 15:00:00,2025-05-19 15:25:00,session_end_forced,4,4 (+8 to +11 pts),9.849999999998545,-22.450000000000728,-13.30000000000291,5,24926.95,24958.5,24926.2,24948.65,24944.8,24951.65,24927.45,24935.35,34.89073166113217,32.92831470179358,58.7468637613876,41.21699171097287
2025-05-26 09:20:00,2025-05-26 10:15:00,cross_down,9,9 (+41 to +64 pts),61.74921874999927,-12.25,-1.9500000000007276,11,25005.2,25039.75,25005.2,25017.45,25043.9,25048.25,25014.25,25015.5,60.883051174662846,54.753459172950784,57.35882965967357,31.050593895716244
2025-05-26 13:45:00,2025-05-26 14:00:00,cross_down,4,4 (+8 to +11 pts),10.5,-17.899999999997817,-17.19999999999709,3,25000.7,25004.7,24993.0,25002.85,24989.65,25000.65,24984.95,24985.65,56.568155826111315,56.30355930409455,63.45655901766103,18.384691956474008
2025-05-26 14:10:00,2025-05-26 14:15:00,cross_down,1,1 (+0 to +3 pts),3.099999999998545,-18.099999999998545,-10.549999999999272,1,24994.25,25004.1,24994.25,25001.0,24999.6,25001.15,24982.9,24990.45,56.697729149424006,56.04811944556812,63.45655901766103,24.114360550160598
2025-05-27 10:50:00,2025-05-27 12:25:00,cross_down,10,10 (+64 to +504 pts),284.1003906250007,-20.25,77.5,19,24761.4,24783.15,24758.55,24778.8,24895.9,24908.55,24835.15,24856.3,33.19615183784089,31.049263726568253,58.44606321969115,35.65318337886679
2025-05-27 14:40:00,2025-05-27 15:25:00,session_end_forced,9,9 (+41 to +64 pts),62.64999999999782,-15.200000000000728,57.04999999999927,9,24765.75,24784.95,24765.45,24780.65,24822.5,24843.3,24816.55,24837.7,37.88165574070833,37.70666026514774,50.234748510633665,32.33467147184823
2025-06-05 12:10:00,2025-06-05 12:25:00,cross_down,8,8 (+29 to +41 pts),30.299609375000728,-65.89999999999782,-47.45000000000073,3,24819.45,24874.900390625,24815.2,24869.55,24844.75,24845.5,24803.65,24822.1,73.20132052339304,68.81883750719143,54.831086467624985,43.308814799096844
2025-06-05 15:05:00,2025-06-05 15:25:00,session_end_forced,7,7 (+21 to +28 pts),28.350000000002183,-15.099999999998545,14.049999999999272,4,24742.1,24747.9,24731.95,24747.05,24770.95,24775.4,24755.55,24761.1,50.664135698735635,50.50673686490928,59.25265106390086,22.132635139738312
2025-06-06 10:10:00,2025-06-06 12:10:00,cross_down,10,10 (+64 to +504 pts),278.90000000000146,-26.69999999999709,248.25,24,24793.7,24799.4,24723.9,24750.6,25013.95,25017.95,24996.6,24998.85,46.006556971873344,45.86378780087317,58.92423156075258,36.52202010721008
2025-06-09 09:25:00,2025-06-09 10:00:00,cross_down,8,8 (+29 to +41 pts),34.45000000000073,-18.199609374998545,21.150000000001455,7,25096.05,25129.8,25093.3,25095.35,25101.5,25117.45,25094.65,25116.5,67.73903203256867,65.19744957113168,70.3190096447178,38.43100644437998
2025-06-10 09:15:00,2025-06-10 10:30:00,cross_down,10,10 (+64 to +504 pts),72.20078125000146,-71.65078124999854,13.650000000001455,15,25196.05078125,25199.30078125,25122.0,25127.1,25134.55,25141.35,25127.55,25140.75,57.705916628130424,53.35655320962406,74.84058104680443,27.442306855884567
2025-06-10 11:55:00,2025-06-10 12:15:00,cross_down,2,2 (+3 to +5 pts),4.799999999999272,-18.299999999999272,-16.700000000000728,4,25142.15,25147.45,25139.2,25145.7,25133.5,25135.6,25127.4,25129.0,59.33517340776805,56.79858894477425,74.61200124022884,17.764825791545714
2025-06-11 09:15:00,2025-06-11 12:15:00,cross_down,10,10 (+64 to +504 pts),87.74921874999927,-46.89921875000073,78.95000000000073,36,25134.150390625,25136.19921875,25081.30078125,25128.2,25206.2,25209.15,25201.5,25207.15,40.811162165463756,37.66145059495849,66.00769383488822,16.916497424925307
2025-06-11 14:50:00,2025-06-11 15:25:00,cross_down,3,3 (+5 to +8 pts),6.75,-25.899999999997817,-24.049999999999272,7,25138.8,25157.6,25137.85,25150.85,25129.95,25135.4,25124.95,25126.8,44.34490385307853,43.455990802732785,66.54388080264744,27.93104659268541
2025-06-12 09:15:00,2025-06-12 10:00:00,cross_down,8,8 (+29 to +41 pts),32.14921875000073,-99.24921874999927,-87.0,9,25164.44921875,25170.75,25117.599609375,25164.05,25093.2,25096.55,25064.80078125,25077.05,46.71416548955734,40.64480517131533,60.80768837832844,22.96301269853261
2025-06-12 10:15:00,2025-06-12 10:40:00,cross_down,7,7 (+21 to +28 pts),25.049999999999272,-49.14921875000073,-46.04999999999927,5,25096.6,25101.05,25084.95,25090.7,25096.4,25099.2,25041.55078125,25044.65,39.315493555307405,39.23098995181181,56.903056238462916,34.60757501504449
2025-06-12 10:45:00,2025-06-12 10:50:00,cross_down,3,3 (+5 to +8 pts),6.850000000002183,-15.450000000000728,-2.649999999997817,1,25043.7,25063.85,25042.85,25058.3,25058.75,25065.15,25051.75,25055.65,36.35507785265099,36.069663896413275,56.903056238462916,38.590412816807465
2025-06-12 11:15:00,2025-06-12 13:35:00,cross_down,7,7 (+21 to +28 pts),23.0,-149.30078125,-144.59999999999854,28,25045.85,25069.75,25039.7,25069.75,24945.35,24953.0,24920.44921875,24925.15,36.08416120773654,33.36195467499512,51.87017278681102,44.79523633495481
2025-06-17 10:35:00,2025-06-17 12:00:00,cross_down,5,5 (+11 to +15 pts),11.5,-37.0,-33.60000000000218,17,24890.05,24908.4,24887.65,24896.9,24866.65,24868.2,24859.9,24863.3,45.32940342816364,43.60332735308131,53.86160827671484,30.008056030479253
2025-06-20 15:10:00,2025-06-20 15:25:00,cross_down,6,6 (+15 to +21 pts),19.599218750001455,-43.79999999999927,-36.849999999998545,3,25121.4,25132.80078125,25111.9,25116.6,25123.2,25136.19921875,25072.8,25079.75,64.78040208593902,63.47989433947903,63.70409584351142,29.936152176118405
2025-06-23 10:35:00,2025-06-23 14:20:00,cross_down,10,10 (+64 to +504 pts),153.65000000000146,-17.799999999999272,87.85000000000218,45,24903.55,24906.4,24885.55,24903.35,25000.75,25003.7,24986.7,24991.2,42.34806181803284,40.64081465051563,61.86364716829589,41.32540229533292
2025-06-24 09:20:00,2025-06-24 10:00:00,cross_down,6,6 (+15 to +21 pts),19.599999999998545,-110.0,-21.400000000001455,8,25234.8,25248.1,25225.9,25228.5,25193.45,25219.4,25191.25,25207.1,55.522727830045575,51.56635504658368,54.464553874901725,40.42827129360121
2025-06-24 10:05:00,2025-06-24 10:15:00,cross_down,9,9 (+41 to +64 pts),52.99921874999927,-15.200000000000728,31.849999999998545,2,25207.15,25216.7,25189.75,25204.95,25233.35,25257.94921875,25232.6,25236.8,65.70054827995668,65.5632233087436,54.464553874901725,32.2824414188862
2025-06-24 15:10:00,2025-06-24 15:25:00,session_end_forced,8,8 (+29 to +41 pts),36.849999999998545,-10.049999999999272,30.049999999999272,3,25044.25,25044.75,25031.45,25041.5,25069.65,25078.35,25062.3,25071.55,39.56725576085349,38.866318911433986,60.33980633581497,44.05024537464936
2025-06-25 13:10:00,2025-06-25 13:15:00,cross_down,2,2 (+3 to +5 pts),4.949609374998545,-17.950000000000728,-9.900000000001455,1,25225.2,25245.349609375,25222.45,25240.4,25242.1,25242.55,25227.35,25230.5,59.871706797582796,59.07151541541008,58.28536066487379,26.56910752994293
2025-06-25 13:20:00,2025-06-25 13:50:00,cross_down,6,6 (+15 to +21 pts),19.150781249998545,-18.55000000000291,-6.5,6,25231.0,25249.599609375,25229.1,25247.65,25255.0,25255.0,25240.85,25241.15,63.150040879699155,61.37521191451429,59.72990240602262,33.098928289749516
2025-06-26 09:20:00,2025-06-26 10:15:00,cross_down,10,10 (+64 to +504 pts),106.150390625,-49.0,48.75,11,25282.75,25340.94921875,25282.75,25331.75,25385.9,25395.8,25371.25,25380.5,60.22564852064472,59.673286717794035,62.211479241583525,28.325394354974282
2025-06-26 12:20:00,2025-06-26 12:45:00,cross_down,6,6 (+15 to +21 pts),18.75,-37.45000000000073,-24.150000000001455,5,25395.65,25405.85,25391.55,25402.45,25403.2,25403.2,25365.0,25378.3,61.043987547963404,60.89179248442707,67.03484320583769,28.544553887551178
2025-06-26 13:50:00,2025-06-26 14:20:00,cross_down,9,9 (+41 to +64 pts),47.0,-24.150000000001455,30.049999999999272,6,25463.6,25484.80078125,25458.35,25482.5,25525.65,25529.5,25496.5,25512.55,65.99148254402414,64.57751801170068,67.90886387337329,34.49209422671246
2025-06-30 11:20:00,2025-06-30 12:55:00,cross_down,9,9 (+41 to +64 pts),42.39999999999782,-30.650000000001455,-30.55000000000291,19,25542.3,25557.8,25541.0,25556.9,25541.55,25542.6,25526.25,25526.35,40.33575780993108,38.89667139772436,73.00905220968541,31.043382155557367
2025-06-30 14:10:00,2025-06-30 15:25:00,session_end_forced,8,8 (+29 to +41 pts),37.0,-12.05000000000291,17.799999999999272,15,25495.9,25502.0,25488.2,25489.65,25522.45,25522.45,25505.35,25507.45,33.113831513911535,32.19220361230437,65.09606648538484,42.672972488904854
2025-07-01 12:15:00,2025-07-01 13:15:00,cross_down,6,6 (+15 to +21 pts),15.649999999997817,-13.200000000000728,-6.100000000002183,12,25524.65,25536.5,25522.45,25535.65,25531.2,25535.1,25525.8,25529.55,47.877514410676476,46.00292641063239,52.941233432262145,27.7651923794288
2025-07-01 14:00:00,2025-07-01 14:35:00,cross_down,5,5 (+11 to +15 pts),14.75,-22.400000000001455,-8.650000000001455,7,25530.6,25539.05,25526.25,25537.45,25532.7,25533.6,25515.05,25528.8,49.9457815524011,48.89581729059957,52.770743156031784,16.42311512853757
2025-07-01 15:00:00,2025-07-01 15:25:00,session_end_forced,6,6 (+15 to +21 pts),17.650000000001455,-12.299999999999272,-6.299999999999272,5,25536.0,25541.95,25532.35,25539.3,25538.75,25544.25,25527.0,25533.0,51.5565206220696,50.657659981914485,53.86577925522265,17.357865484887412
2025-07-08 15:00:00,2025-07-08 15:25:00,session_end_forced,9,9 (+41 to +64 pts),44.00078125000073,-27.200000000000728,19.049999999999272,5,25483.55,25505.75,25476.85,25504.05,25519.25,25535.45,25519.25,25523.1,56.93899351348105,54.97533720437877,52.74974771617772,35.122696473838424
2025-07-09 10:15:00,2025-07-09 10:50:00,cross_down,3,3 (+5 to +8 pts),5.750781250000728,-15.649999999997817,-5.849999999998545,7,25527.6,25537.150390625,25522.45,25531.8,25529.4,25531.0,25524.35,25525.95,61.04059019053237,61.00419137614679,60.75276247603414,28.746419854716763
2025-07-09 11:20:00,2025-07-09 11:35:00,cross_down,4,4 (+8 to +11 pts),8.950000000000728,-5.19999999999709,-2.2999999999992724,3,25539.75,25541.35,25533.15,25538.35,25541.8,25544.45,25535.45,25536.05,62.85666705631616,62.665981608435864,62.4812980035393,23.47123510795105
2025-07-09 15:15:00,2025-07-09 15:25:00,session_end_forced,5,5 (+11 to +15 pts),12.149999999997817,-5.799999999999272,-5.549999999999272,2,25479.85,25482.35,25469.0,25470.2,25475.55,25480.3,25464.4,25464.65,38.7623901693348,38.41867048771101,59.36619200058195,55.6574081353076
2025-07-10 09:45:00,2025-07-10 11:05:00,cross_down,1,1 (+0 to +3 pts),0.6500000000014552,-78.349609375,-73.54999999999927,16,25438.4,25454.15,25436.95,25453.5,25380.25,25384.35,25375.150390625,25379.95,35.316338540502755,31.814069238996574,54.961874127886475,30.416652465878816
2025-07-16 11:10:00,2025-07-16 11:15:00,cross_down,2,2 (+3 to +5 pts),3.2999999999992724,-16.150000000001455,-14.950000000000728,1,25141.9,25147.15,25134.45,25145.75,25145.8,25149.05,25129.6,25130.8,43.31279112851065,41.86438006864111,50.06401310435116,18.937826903539378
2025-07-16 14:10:00,2025-07-16 14:20:00,cross_down,5,5 (+11 to +15 pts),11.55078125,-19.75,-7.049999999999272,2,25226.75,25255.30078125,25224.0,25243.75,25248.55,25252.85,25233.25,25236.7,64.98364734340882,64.86439288534976,51.596236250474156,35.620128297769725
2025-07-17 11:10:00,2025-07-17 12:35:00,cross_down,7,7 (+21 to +28 pts),26.299999999999272,-27.950000000000728,-7.75,17,25155.1,25200.1,25150.95,25178.9,25179.95,25179.95,25168.45,25171.15,40.414149476010685,38.67377051973779,51.735206413834064,31.532836036805616
2025-07-17 12:40:00,2025-07-17 12:45:00,cross_down,6,6 (+15 to +21 pts),16.900000000001455,-24.549999999999272,-16.099999999998545,1,25170.95,25210.45,25169.0,25193.55,25193.75,25193.75,25174.45,25177.45,49.09439590849999,47.54376468553909,50.77593287769994,29.505310889191094
2025-07-22 12:20:00,2025-07-22 13:15:00,cross_down,6,6 (+15 to +21 pts),19.549999999999272,-21.30000000000291,-12.600000000002183,11,25084.6,25101.85,25082.0,25100.15,25092.35,25095.05,25085.3,25087.55,55.361279980501266,51.89908974904955,52.76536580302505,32.70779793162014
2025-07-23 09:15:00,2025-07-23 10:30:00,cross_down,6,6 (+15 to +21 pts),17.249609375001455,-47.099999999998545,-29.599999999998545,15,25139.349609375,25149.849609375,25111.150390625,25132.6,25109.05,25109.85,25102.05,25103.0,50.6002771855058,42.877552061925435,51.649851795719044,37.07189564295828
2025-07-23 10:40:00,2025-07-23 11:25:00,cross_down,7,7 (+21 to +28 pts),27.649999999997817,-11.850000000002183,10.399999999997817,9,25107.3,25116.7,25103.0,25114.65,25117.65,25127.5,25115.95,25125.05,56.18370681150165,55.92504215292354,53.75953951839314,18.650168485014962
2025-07-23 12:05:00,2025-07-23 12:30:00,cross_down,6,6 (+15 to +21 pts),18.000390624998545,-28.100000000002183,9.399999999997817,5,25152.4,25159.55078125,25150.35,25158.65,25173.5,25174.15,25165.8,25168.05,65.0241493744119,64.46825561733982,56.29557690669262,22.390274153173493
2025-07-23 12:35:00,2025-07-23 12:40:00,cross_down,1,1 (+0 to +3 pts),2.7507812500007276,-18.25,-13.349999999998545,1,25167.55,25188.55078125,25167.55,25185.8,25185.55,25186.8,25171.35,25172.45,71.66144629203019,70.63983742085577,59.29676270791549,21.856116959995816
2025-07-24 12:25:00,2025-07-24 15:25:00,session_end_forced,7,7 (+21 to +28 pts),25.200000000000728,-47.39999999999782,-26.149999999997817,36,25063.0,25078.2,25062.05,25078.05,25058.25,25060.8,25046.3,25051.9,29.042751198597863,27.88476919892869,56.602529904989446,52.809269752022665
2025-07-30 11:25:00,2025-07-30 11:35:00,cross_down,2,2 (+3 to +5 pts),3.6007812499992724,-33.79999999999927,-31.799999999999272,2,24879.7,24902.30078125,24874.55,24898.7,24885.4,24887.8,24864.9,24866.9,64.28618081064793,62.4615295721985,52.08085248024241,32.44179204324482
2025-07-30 14:30:00,2025-07-30 14:45:00,cross_down,2,2 (+3 to +5 pts),3.25,-23.400000000001455,-21.600000000002183,3,24876.25,24890.4,24868.15,24887.45,24870.75,24878.15,24864.05,24865.85,58.35069454457751,56.742154181328935,60.26477855495104,21.797474536238802
2025-07-31 10:20:00,2025-07-31 13:45:00,cross_down,10,10 (+64 to +504 pts),270.25,-23.650000000001455,233.45000000000073,41,24676.2,24686.9,24666.7,24686.25,24921.5,24935.05,24916.2,24919.7,30.885587644801177,29.944919407982823,52.953869293658094,66.74868485591449
2025-08-01 10:10:00,2025-08-01 11:25:00,cross_down,8,8 (+29 to +41 pts),38.500390624998545,-76.70078125000146,-52.95000000000073,15,24727.35,24747.35,24721.65,24745.65,24701.05,24706.65,24688.75,24692.7,39.366942202621615,37.0332091896802,51.22416616915473,41.85175151339743
2025-08-12 10:05:00,2025-08-12 10:10:00,cross_down,3,3 (+5 to +8 pts),7.5,-33.10000000000218,-27.55000000000291,1,24693.95,24697.4,24683.35,24689.9,24689.8,24691.55,24656.8,24662.35,81.19815915840704,81.03916654881947,55.793917543677225,49.292232420724545
2025-08-12 12:20:00,2025-08-12 13:10:00,cross_down,7,7 (+21 to +28 pts),22.549999999999272,-28.149999999997817,-20.599999999998545,10,24599.65,24618.9,24589.65,24617.8,24607.3,24610.95,24596.65,24597.2,53.34770503402809,51.541294069952116,57.787706524335775,27.65937851539337
2025-08-13 09:15:00,2025-08-13 11:25:00,cross_down,9,9 (+41 to +64 pts),47.89921875000073,-31.049999999999272,6.299999999999272,26,24586.19921875,24599.55078125,24560.75,24566.3,24582.6,24586.55,24570.15,24572.6,42.39680898329502,37.1012223406124,51.89611976789066,34.28621299483502
2025-08-13 12:25:00,2025-08-13 14:20:00,cross_down,10,10 (+64 to +504 pts),69.70078125000146,-11.049999999999272,42.70000000000073,23,24592.5,24594.85,24583.8,24594.85,24647.5,24650.25,24635.05,24637.55,54.462704299037725,51.63425159365421,54.67738876776839,18.9632615152124
2025-08-14 10:40:00,2025-08-14 10:50:00,cross_down,2,2 (+3 to +5 pts),4.0,-20.950000000000728,-11.849999999998545,2,24654.35,24660.5,24635.55,24656.5,24658.55,24659.25,24643.4,24644.65,58.1385053569133,57.782003413942526,59.0992677806759,21.684853577551625
2025-08-14 12:30:00,2025-08-14 13:15:00,cross_down,6,6 (+15 to +21 pts),17.549999999999272,-15.700000000000728,-3.75,9,24642.6,24653.0,24641.3,24648.0,24653.1,24664.1,24642.95,24644.25,52.210387220086474,51.31778339637938,59.48525862387243,23.384340071390767
2025-08-14 14:50:00,2025-08-14 15:10:00,cross_down,4,4 (+8 to +11 pts),10.5,-22.799999999999272,-22.5,4,24645.45,24663.3,24644.35,24652.8,24637.65,24638.45,24630.0,24630.3,49.69928350943677,48.164703623323845,59.6398622655948,26.162627089475723
2025-08-18 09:15:00,2025-08-18 10:35:00,cross_down,10,10 (+64 to +504 pts),78.70000000000073,-58.99921874999927,42.70000000000073,16,24938.19921875,24951.5,24884.30078125,24943.3,24973.3,24986.2,24972.7,24986.0,52.82687514813692,46.701497228923714,57.139138437243744,29.224988244358777
2025-08-19 09:55:00,2025-08-19 13:00:00,cross_down,10,10 (+64 to +504 pts),105.150390625,-10.650000000001455,78.84999999999854,37,24909.6,24910.5,24899.45,24907.5,24991.65,24992.3,24982.75,24986.35,48.820393711168094,48.405702220180316,65.5461177904375,20.817162077034986
2025-08-19 15:20:00,2025-08-19 15:25:00,session_end_forced,1,1 (+0 to +3 pts),2.850000000002183,-10.349999999998545,-3.099999999998545,1,24985.85,24993.65,24982.45,24992.8,24993.2,24995.65,24983.9,24989.7,59.96622436788011,56.85158426812657,66.02062388060985,17.202501918751146
2025-08-20 10:05:00,2025-08-20 11:20:00,cross_down,9,9 (+41 to +64 pts),45.900390625,-8.299999999999272,25.25,15,24988.8,24989.05,24979.4,24985.0,25013.65,25022.2,25009.35,25010.25,54.69155967624892,53.787786317453886,66.24473579834546,17.616168082111038
2025-08-20 11:25:00,2025-08-20 11:30:00,cross_down,2,2 (+3 to +5 pts),4.75,-13.899999999997817,0.6000000000021828,1,25010.05,25023.1,25008.7,25022.6,25021.95,25027.35,25018.65,25023.2,60.22100966527208,60.118133624529825,67.68491163410589,22.328498462885058
2025-08-20 12:10:00,2025-08-20 13:20:00,cross_down,7,7 (+21 to +28 pts),26.499609375001455,-7.399999999997817,7.200000000000728,14,25030.3,25043.30078125,25029.7,25037.1,25057.8,25061.55,25031.35,25044.3,63.338358604527755,62.51469240916839,67.68491163410589,30.901823509562963
2025-08-21 09:55:00,2025-08-21 10:45:00,cross_down,9,9 (+41 to +64 pts),41.349218750001455,-12.25,27.0,10,25095.15,25110.85,25092.1,25104.35,25136.45,25136.45,25117.9,25131.35,60.79054790435079,59.373234328041015,70.21211860795059,43.45948011856453
2025-08-21 14:10:00,2025-08-21 14:35:00,cross_down,7,7 (+21 to +28 pts),28.300390625001455,-30.349999999998545,-20.399999999997817,5,25123.75,25126.3,25116.25,25125.35,25124.0,25125.3,25095.0,25104.95,55.72703912286491,54.10896544968094,73.22985513927873,21.824942257519908
2025-08-22 10:45:00,2025-08-22 14:30:00,cross_down,9,9 (+41 to +64 pts),46.55000000000291,-38.400781249998545,-34.14999999999782,45,24914.55,24921.2,24906.15,24912.6,24905.7,24906.45,24874.19921875,24878.45,20.179515119671485,19.19496801490104,59.34843185186284,70.41904545779805
2025-09-02 09:40:00,2025-09-02 09:45:00,cross_down,5,5 (+11 to +15 pts),14.05078125,-12.650000000001455,9.150000000001455,1,24688.25,24695.599609375,24676.1,24688.75,24688.8,24702.80078125,24688.8,24697.9,71.2829914156096,70.52835346251759,52.29406496637418,51.77059082414722
2025-09-02 09:50:00,2025-09-02 10:15:00,cross_down,8,8 (+29 to +41 pts),32.950781250001455,-17.549999999999272,12.600000000002183,5,24698.0,24719.599609375,24697.05,24714.6,24728.85,24733.05,24718.85,24727.2,75.41534639475967,73.2893359996382,52.29406496637418,56.78760299371329
2025-09-02 14:55:00,2025-09-02 15:25:00,session_end_forced,7,7 (+21 to +28 pts),21.700000000000728,-14.799999999999272,0.5499999999992724,6,24562.55,24586.45,24559.65,24574.45,24575.75,24578.6,24567.3,24575.0,34.54180907332579,34.028501007296846,58.91045559701172,35.03163268535569
2025-09-04 15:20:00,2025-09-04 15:25:00,session_end_forced,2,2 (+3 to +5 pts),3.7000000000007276,-19.899999999997817,-8.25,1,24728.9,24750.45,24728.15,24748.05,24749.05,24751.75,24731.55,24739.8,41.802184160723186,41.702984744063336,60.4553176852284,23.08987411307579
2025-09-05 11:00:00,2025-09-05 12:00:00,cross_down,4,4 (+8 to +11 pts),10.700000000000728,-43.599999999998545,-38.0,12,24681.5,24697.6,24676.8,24697.6,24667.7,24668.5,24654.0,24659.6,41.415458146722614,41.30163769234167,55.37837257104327,25.825422146594477
2025-09-05 12:05:00,2025-09-05 12:10:00,cross_down,1,1 (+0 to +3 pts),2.7999999999992724,-18.650000000001455,-18.650000000001455,1,24660.0,24673.0,24658.5,24670.2,24670.5,24671.25,24651.55,24651.55,39.24483094494761,38.538078311102154,53.22335617327113,25.81165158945124
2025-09-05 12:20:00,2025-09-05 12:30:00,cross_down,4,4 (+8 to +11 pts),8.200000000000728,-23.049999999999272,-21.25,2,24646.6,24662.95,24645.4,24656.7,24657.55,24664.9,24633.65,24635.45,37.09487292506235,36.89034653250422,50.179569906990544,30.167810341699862
2025-09-05 12:55:00,2025-09-05 15:00:00,cross_down,10,10 (+64 to +504 pts),145.79999999999927,-12.25,84.5,25,24634.0,24648.4,24632.7,24644.95,24746.05,24749.35,24724.75,24729.45,36.08871752227557,34.66783483693556,50.179569906990544,39.82627979414741
2025-09-08 09:15:00,2025-09-08 10:10:00,cross_down,9,9 (+41 to +64 pts),58.049218749998545,-29.150000000001455,12.799999999999272,11,24802.599609375,24831.349609375,24784.599609375,24787.65,24811.3,24830.35,24798.6,24800.45,58.25427974466521,56.20269418254988,52.53765419354074,24.88418005818574
2025-09-08 12:35:00,2025-09-08 13:20:00,cross_down,6,6 (+15 to +21 pts),18.600390625000728,-21.549999999999272,-3.4500000000007276,9,24831.45,24852.94921875,24830.75,24852.3,24852.65,24858.25,24848.25,24848.85,65.40086810108068,63.8003953243206,60.295889666627346,22.731275471532342
2025-09-09 09:25:00,2025-09-09 10:10:00,cross_down,5,5 (+11 to +15 pts),14.799999999999272,-27.0,-26.150000000001455,9,24850.85,24855.25,24842.35,24850.25,24839.35,24842.15,24823.25,24824.1,51.6084263377946,50.0014452347617,59.39055971376609,41.41743321155215
2025-09-09 11:05:00,2025-09-09 12:00:00,cross_down,5,5 (+11 to +15 pts),14.599999999998545,-11.549999999999272,-9.299999999999272,11,24837.85,24844.85,24836.45,24841.2,24846.55,24849.3,24831.6,24831.9,51.36845247300291,50.44694709481255,59.22813738409623,21.62003067085039
2025-09-09 12:30:00,2025-09-09 13:15:00,cross_down,6,6 (+15 to +21 pts),16.25,-16.099999999998545,5.200000000000728,9,24839.3,24854.25,24838.25,24853.05,24854.8,24860.9,24848.4,24858.25,53.51612598091303,53.28463560211624,60.030814851167,14.648595161772755
2025-09-09 13:25:00,2025-09-09 13:40:00,cross_down,5,5 (+11 to +15 pts),14.349999999998545,-6.700000000000728,-1.1500000000014552,3,24858.6,24865.0,24857.05,24859.65,24864.85,24869.1,24852.95,24858.5,57.44620818767209,57.31294657884111,60.894721903174684,9.971526286935282
2025-09-09 14:10:00,2025-09-09 14:15:00,cross_down,3,3 (+5 to +8 pts),5.400390625,-10.900000000001455,-3.9500000000007276,1,24870.3,24877.0,24863.05,24873.75,24874.35,24879.150390625,24862.85,24869.8,60.81670736566119,60.243824433774485,60.894721903174684,10.428283853585963
2025-09-10 09:15:00,2025-09-10 10:35:00,cross_down,10,10 (+64 to +504 pts),73.04921874999854,-4.550390625001455,47.75,16,24991.0,24992.80078125,24958.099609375,24962.65,25018.6,25023.15,25008.05,25010.4,61.24329446434305,59.76496807039412,64.15088400172668,20.798983176627388
2025-09-10 14:55:00,2025-09-10 15:25:00,session_end_forced,9,9 (+41 to +64 pts),47.35000000000218,-7.700000000000728,37.0,6,24953.05,24957.7,24932.85,24940.55,24981.0,24982.05,24972.35,24977.55,42.12239870648994,42.0668103170548,69.83569076488004,28.747094261498937
2025-09-11 10:35:00,2025-09-11 10:50:00,cross_down,1,1 (+0 to +3 pts),1.75,-12.649999999997817,-7.5,3,24983.65,24989.35,24979.55,24987.6,24985.0,24986.7,24976.6,24980.1,53.391771667922455,52.88218865903474,67.94722457236458,27.329659253697297
2025-09-11 11:05:00,2025-09-11 11:10:00,cross_down,1,1 (+0 to +3 pts),1.4500000000007276,-6.599999999998545,-5.799999999999272,1,24985.5,24988.25,24981.65,24986.8,24986.7,24987.65,24980.2,24981.0,54.4931732796319,53.73441521733609,67.94722457236458,17.493338156140318
2025-09-11 12:10:00,2025-09-11 13:20:00,cross_down,7,7 (+21 to +28 pts),28.149609374999272,-6.350000000002183,8.149999999997817,14,24983.9,24988.35,24980.6,24986.95,24999.8,25001.1,24991.25,24995.1,52.86031627123234,51.88818481823211,67.69369231795991,21.49497767291016
2025-09-12 09:25:00,2025-09-12 09:30:00,cross_down,1,1 (+0 to +3 pts),2.0500000000029104,-21.049218749998545,-7.149999999997817,1,25046.5,25061.15,25038.05078125,25059.1,25060.0,25060.5,25042.65,25051.95,60.883909455615196,60.014424853830356,69.00740159026704,37.158253230542314
2025-09-12 09:35:00,2025-09-12 10:00:00,cross_down,6,6 (+15 to +21 pts),18.150000000001455,-15.849999999998545,10.850000000002183,5,25051.9,25060.15,25042.85,25055.8,25055.35,25073.95,25054.05,25066.65,64.52690977162551,64.00668922821511,69.00740159026704,36.81800049031615
2025-09-12 10:05:00,2025-09-12 10:15:00,cross_down,2,2 (+3 to +5 pts),4.549999999999272,-9.549999999999272,-5.900000000001455,2,25066.25,25076.65,25064.6,25073.75,25074.85,25078.3,25064.2,25067.85,68.4149705923675,66.83956375921339,69.00740159026704,36.0797675220988
2025-09-12 11:15:00,2025-09-12 11:45:00,cross_down,7,7 (+21 to +28 pts),24.799218749998545,-16.950000000000728,10.049999999999272,6,25099.8,25116.55078125,25097.7,25114.65,25125.5,25127.85,25119.45,25124.7,74.39486212912115,74.05406779741853,74.11877070923592,44.44047341753317
2025-09-15 10:30:00,2025-09-15 10:40:00,cross_down,3,3 (+5 to +8 pts),6.900000000001455,-19.549999999999272,-18.299999999999272,2,25087.9,25099.8,25087.9,25095.85,25096.75,25097.0,25076.3,25077.55,45.33269479411626,45.292231105830055,75.3900485932082,16.264748614041046
2025-09-15 10:45:00,2025-09-15 10:50:00,cross_down,2,2 (+3 to +5 pts),4.299999999999272,-10.749609375001455,-0.3500000000021828,1,25077.1,25077.8,25064.650390625,25075.4,25075.5,25079.7,25068.15,25075.05,43.06793720647036,42.726912861058196,75.3900485932082,18.500419131390814
2025-09-15 11:00:00,2025-09-15 13:40:00,cross_down,8,8 (+29 to +41 pts),33.599999999998545,-36.0,-13.599999999998545,32,25077.25,25086.0,25074.5,25084.75,25103.15,25103.4,25048.75,25071.15,42.477237841761195,40.695515747614465,75.3900485932082,18.74783374828412
2025-09-15 14:40:00,2025-09-15 15:05:00,cross_down,6,6 (+15 to +21 pts),19.350000000002183,-26.899999999997817,-25.849999999998545,5,25078.5,25114.2,25077.0,25094.85,25078.45,25079.6,25067.95,25069.0,45.08163121181572,44.978153654173305,65.30942531706012,42.236193438789876
2025-09-16 09:15:00,2025-09-16 10:50:00,cross_down,10,10 (+64 to +504 pts),75.099609375,-36.30078125,51.29999999999927,19,25073.599609375,25111.25,25070.44921875,25106.75,25153.95,25158.85,25147.8,25158.05,46.28555372262249,44.21800302127258,58.988903176116985,28.207242776805025
2025-09-16 12:40:00,2025-09-16 13:00:00,cross_down,1,1 (+0 to +3 pts),2.400000000001455,-8.349999999998545,-3.7999999999992724,4,25196.65,25199.25,25191.3,25198.35,25195.75,25200.75,25193.9,25194.55,71.5566222087115,70.29571316716033,67.65206364128224,36.75597830207862
2025-09-17 15:00:00,2025-09-17 15:25:00,session_end_forced,4,4 (+8 to +11 pts),7.899999999997817,-7.900000000001455,0.9500000000007276,5,25325.7,25337.1,25325.7,25329.2,25325.45,25335.15,25321.75,25330.15,54.56371343572663,54.11027557514196,80.79304015891084,34.11371516081878
2025-09-18 14:45:00,2025-09-18 15:25:00,session_end_forced,9,9 (+41 to +64 pts),49.20000000000073,-36.29999999999927,33.20000000000073,8,25351.25,25387.55,25351.25,25387.55,25430.45,25434.25,25415.25,25420.75,43.21276856668756,39.89083396219168,74.0732134229706,34.63196444896529
2025-09-19 11:25:00,2025-09-19 11:50:00,cross_down,5,5 (+11 to +15 pts),12.0,-27.399609374999272,-17.299999999999272,5,25310.55,25319.2,25308.25,25316.3,25294.5,25299.75,25288.900390625,25299.0,39.29179808502931,37.6388323200629,61.843276188020795,37.94076580989458
2025-09-19 12:10:00,2025-09-19 15:00:00,cross_down,9,9 (+41 to +64 pts),55.400000000001455,-17.099999999998545,13.099999999998545,34,25295.45,25310.95,25294.0,25305.0,25350.8,25360.4,25315.75,25318.1,37.652300605926875,35.4490094339463,61.843276188020795,22.765215720840274
2025-09-22 10:00:00,2025-09-22 11:00:00,cross_down,1,1 (+0 to +3 pts),2.25,-24.299999999999272,-20.549999999999272,12,25317.85,25322.25,25308.75,25322.2,25311.2,25314.15,25300.7,25301.65,49.19181257750658,48.35696993683549,53.44847152417083,20.919112451753104
2025-10-01 14:35:00,2025-10-01 14:55:00,cross_down,8,8 (+29 to +41 pts),28.549218749998545,-23.200000000000728,-4.05000000000291,4,24831.65,24850.599609375,24831.65,24839.4,24849.7,24855.0,24816.2,24835.35,70.93376555453014,70.51800989263747,54.180410403000764,29.56575017951107
2025-10-03 11:20:00,2025-10-03 12:20:00,cross_down,8,8 (+29 to +41 pts),33.5,-7.599999999998545,4.599999999998545,12,24823.3,24832.55,24814.15,24817.25,24815.2,24826.25,24809.65,24821.85,54.24672638583859,53.946428166996135,60.07961252261303,19.77089533585059
2025-10-03 13:10:00,2025-10-03 13:25:00,cross_down,2,2 (+3 to +5 pts),3.349999999998545,-20.100000000002183,-18.80000000000291,3,24841.9,24847.0,24836.65,24843.65,24834.2,24835.4,24823.55,24824.85,57.72783278051943,56.0525075755177,61.04083273240104,14.087766165935482
2025-10-03 14:35:00,2025-10-03 15:25:00,session_end_forced,8,8 (+29 to +41 pts),37.75078125000073,-29.149999999997817,27.950000000000728,10,24838.3,24867.44921875,24837.9,24867.05,24895.45,24900.8,24884.25,24895.0,55.36790443351597,53.362441407322684,60.568119859325456,21.133208750031244
2025-10-06 09:35:00,2025-10-06 09:50:00,cross_down,8,8 (+29 to +41 pts),41.0,-20.549999999999272,14.850000000002183,3,24910.45,24931.05,24906.3,24926.85,24958.6,24967.85,24940.0,24941.7,67.38695959202165,67.11249126527976,63.534868754771,43.5923598240211
2025-10-07 09:45:00,2025-10-07 10:15:00,cross_down,8,8 (+29 to +41 pts),41.14921875000073,-18.549999999999272,19.650000000001455,6,25146.5,25166.85,25142.5,25161.05,25185.15,25191.6,25174.55,25180.7,74.08381034648772,73.7468823550407,77.89574095772379,36.465924818662366
2025-10-07 13:05:00,2025-10-07 13:30:00,cross_down,4,4 (+8 to +11 pts),10.05000000000291,-19.149999999997817,-15.649999999997817,5,25183.55,25191.4,25179.8,25191.1,25197.35,25198.95,25171.95,25175.45,67.28756071269649,65.328785923437,79.81237941045936,43.215658178534675
2025-10-08 09:25:00,2025-10-08 10:15:00,cross_down,6,6 (+15 to +21 pts),15.900000000001455,-39.29999999999927,-34.64999999999782,10,25172.4,25179.05078125,25160.55,25176.6,25148.35,25152.85,25138.65,25141.95,48.5720647263221,46.578949234796724,71.03328287727749,38.69407019828486
2025-10-08 12:05:00,2025-10-08 14:25:00,cross_down,10,10 (+64 to +504 pts),95.0,-30.849999999998545,23.80000000000291,28,25033.1,25039.75,25029.45,25039.35,25076.2,25079.5,25057.9,25063.15,33.507394925874365,32.78026025669297,63.65816274810499,33.15338021078488
2025-10-09 09:20:00,2025-10-09 10:05:00,cross_down,6,6 (+15 to +21 pts),15.199609374998545,-70.40000000000146,-62.25,9,25059.6,25107.69921875,25059.6,25105.15,25054.9,25055.7,25039.75,25042.9,45.34329911479276,40.525331770798736,50.96100517981592,47.46482899712856
2025-10-10 09:20:00,2025-10-10 10:00:00,cross_down,9,9 (+41 to +64 pts),48.849609375,-27.5,37.04999999999927,8,25221.1,25242.05078125,25208.75,25236.25,25266.05,25278.55,25261.1,25273.3,63.467967514098376,62.660045552648356,59.575858106405256,24.012498043714647
2025-10-13 10:25:00,2025-10-13 15:10:00,cross_down,9,9 (+41 to +64 pts),61.00078125000073,-44.39999999999782,14.150000000001455,57,25186.0,25209.5,25180.2,25206.3,25222.25,25223.6,25217.9,25220.45,37.443234018644084,35.6040693594897,63.6358864045087,54.183130710821125
2025-10-14 09:15:00,2025-10-14 09:40:00,cross_down,6,6 (+15 to +21 pts),17.049999999999272,-58.14999999999782,-56.45000000000073,5,25277.55,25306.3,25255.4,25293.3,25249.45,25263.8,25235.15,25236.85,59.20417945391479,55.11316951711587,54.12888197254752,24.534324012308293
2025-10-15 13:20:00,2025-10-15 13:45:00,cross_down,7,7 (+21 to +28 pts),22.150000000001455,-5.150000000001455,3.7000000000007276,5,25346.2,25353.9,25338.4,25343.0,25350.8,25356.95,25345.55,25346.7,67.2890446230291,66.34832752107367,57.91399336446735,42.59256799864753
2025-10-16 09:20:00,2025-10-16 10:10:00,cross_down,8,8 (+29 to +41 pts),39.150000000001455,-11.94999999999709,9.850000000002183,10,25412.5,25427.55078125,25401.65,25413.6,25436.25,25437.6,25422.35,25423.45,63.55439581183434,59.372624553742924,65.10413894990623,44.91836482576949
2025-10-17 10:55:00,2025-10-17 11:40:00,cross_down,9,9 (+41 to +64 pts),49.0,-21.25,15.599999999998545,9,25707.6,25729.150390625,25706.5,25727.75,25763.7,25764.7,25730.8,25743.35,77.033527804838,76.14594529029647,85.92629482371179,45.49579620770991
2025-10-17 14:30:00,2025-10-17 15:20:00,cross_down,9,9 (+41 to +64 pts),46.25,-33.150000000001455,-1.5499999999992724,10,25683.0,25707.2,25672.3,25705.45,25711.1,25717.35,25702.1,25703.9,52.00906942286905,50.692117260969624,82.18708009433665,21.83975898105021
2025-10-20 09:15:00,2025-10-20 09:50:00,cross_down,7,7 (+21 to +28 pts),23.399218750000728,-114.29999999999927,-93.45000000000073,7,25824.599609375,25918.150390625,25809.599609375,25902.8,25820.15,25820.65,25797.75,25809.35,59.94446559248367,54.15669285178828,78.77047995715965,24.817413564000226
2025-10-20 10:55:00,2025-10-20 11:00:00,cross_down,5,5 (+11 to +15 pts),11.950000000000728,-19.700000000000728,-5.299999999999272,1,25879.3,25886.75,25861.3,25881.0,25879.4,25892.95,25869.0,25875.7,64.89812477718864,64.20877350511451,79.81133754253425,27.636281356745418
2025-10-20 12:55:00,2025-10-20 13:30:00,cross_down,7,7 (+21 to +28 pts),24.900000000001455,-12.69999999999709,-1.7999999999992724,7,25879.05,25889.15,25874.3,25885.35,25888.55,25895.8,25881.6,25883.55,64.69785889410412,61.59387090327458,80.52763574077667,24.517474701293484
2025-10-20 15:20:00,2025-10-20 15:25:00,session_end_forced,5,5 (+11 to +15 pts),12.099999999998545,-9.950000000000728,1.2000000000007276,1,25841.25,25861.6,25839.55,25849.5,25850.0,25854.1,25845.85,25850.7,49.08256230037815,48.9710804220139,76.98113977509828,27.93093118162545
2025-10-23 09:20:00,2025-10-23 10:40:00,cross_down,10,10 (+64 to +504 pts),71.14921875000073,-36.85078124999927,42.85000000000218,16,26003.2,26031.65,25991.69921875,26028.55,26079.6,26085.5,26066.85,26071.4,59.38253439085318,53.43717981952493,71.79359519852684,39.01667657015943
2025-10-24 09:30:00,2025-10-24 13:30:00,cross_down,8,8 (+29 to +41 pts),39.29999999999927,-119.5,-119.5,48,25885.85,25887.6,25864.5,25875.4,25771.0,25784.8,25755.9,25755.9,33.965463760855855,32.27519705064124,60.197086945678805,31.23724665862852
2025-10-28 09:25:00,2025-10-28 09:50:00,cross_down,9,9 (+41 to +64 pts),52.849218750001455,-32.75,-17.399999999997817,5,25971.85,25988.85,25956.1,25988.85,26010.1,26013.3,25959.85,25971.45,56.41156238903014,55.661447425534746,57.658206994096275,30.67759956586664
2025-10-28 11:30:00,2025-10-28 13:50:00,cross_down,10,10 (+64 to +504 pts),83.5,-46.349609375,1.3499999999985448,28,25879.8,25893.85,25872.5,25872.5,25882.15,25889.7,25867.25,25873.85,38.36463131799462,37.40847683480543,52.08490815478684,36.945714467007974
2025-10-30 10:25:00,2025-10-30 13:40:00,cross_down,8,8 (+29 to +41 pts),36.95000000000073,-70.89999999999782,-57.25,39,25953.6,25955.0,25938.05,25938.05,25881.85,25885.3,25874.25,25880.8,39.60703210966686,38.482112007313056,59.11649549459414,30.230816257489874
2025-11-11 10:15:00,2025-11-11 10:40:00,cross_down,3,3 (+5 to +8 pts),5.899999999997817,-57.150000000001455,-48.20000000000073,5,25502.3,25512.3,25497.2,25506.4,25458.0,25461.45,25452.95,25458.2,35.59154622265035,33.98074592902641,50.720431838490555,14.764385021272783
2025-11-11 10:45:00,2025-11-11 14:15:00,cross_down,10,10 (+64 to +504 pts),224.9499999999971,-4.850000000002183,222.84999999999854,42,25458.2,25464.6,25452.05,25456.65,25646.4,25681.6,25645.15,25679.5,28.885756717378626,28.203857768776274,50.720431838490555,24.263443706861146
2025-11-13 10:05:00,2025-11-13 12:00:00,cross_down,10,10 (+64 to +504 pts),89.5,-21.0,77.59999999999854,23,25876.85,25898.2,25873.9,25894.9,25981.75,25984.4,25968.1,25972.5,50.80214380363736,49.71504263365463,74.04336075703222,26.673618682652684
2025-11-14 09:40:00,2025-11-14 13:05:00,cross_down,4,4 (+8 to +11 pts),10.549999999999272,-104.5,-67.70000000000073,41,25839.95,25860.95,25837.45,25856.2,25787.75,25795.8,25781.75,25788.5,38.46860582372834,37.91757941486006,65.9076040536677,27.229189017322526
2025-11-14 13:10:00,2025-11-14 13:40:00,cross_down,6,6 (+15 to +21 pts),20.600000000002183,-40.29999999999927,-37.14999999999782,6,25788.25,25804.75,25784.55,25799.6,25769.45,25775.85,25759.3,25762.45,42.82271546643012,42.514016183694764,55.049892074981976,23.84756277152185
2025-11-17 12:40:00,2025-11-17 13:05:00,cross_down,4,4 (+8 to +11 pts),9.700000000000728,-14.400000000001455,-9.950000000000728,5,25981.85,25990.7,25981.8,25987.2,25987.2,25988.85,25972.8,25977.25,66.97749076496407,65.67628043375282,58.8060846707297,28.947334384321596
2025-11-17 14:00:00,2025-11-17 14:15:00,cross_down,2,2 (+3 to +5 pts),5.0,-35.5,-35.25,3,25997.4,26019.4,25997.1,26018.25,26011.2,26013.25,25982.75,25983.0,68.26130174947731,68.1829567732257,60.513479113120496,20.58831202130983
2025-11-18 10:50:00,2025-11-18 12:40:00,cross_down,10,10 (+64 to +504 pts),74.15000000000146,-3.75,31.900000000001455,22,25915.1,25918.25,25905.3,25909.05,25940.7,25945.15,25936.4,25940.95,38.04179725805666,36.86499627049055,60.745540319163666,44.93305331238743
2025-11-18 13:00:00,2025-11-18 14:20:00,cross_down,8,8 (+29 to +41 pts),37.0,-16.600000000002183,19.69999999999709,16,25943.55,25962.25,25943.55,25960.15,25974.75,25987.55,25969.5,25979.85,49.571911881136145,49.52368653837073,57.704093932613134,25.133662434051125
2025-11-19 09:50:00,2025-11-19 11:10:00,cross_down,10,10 (+64 to +504 pts),67.05000000000291,-28.299999999999272,14.900000000001455,16,25891.95,25912.1,25883.8,25912.1,25938.55,25939.75,25925.6,25927.0,42.134282613810996,39.795197194068535,51.51224296218285,31.830831683096793
2025-11-19 11:35:00,2025-11-19 13:15:00,cross_down,10,10 (+64 to +504 pts),84.90000000000146,-4.700000000000728,64.0,20,25950.25,25955.65,25949.3,25954.0,26029.0,26030.65,26015.9,26018.0,52.03047255140325,50.60898863170085,51.12918980521728,21.047836954982277
2025-11-19 14:25:00,2025-11-19 14:30:00,cross_down,3,3 (+5 to +8 pts),6.149999999997817,-3.75,-2.850000000002183,1,26042.85,26048.95,26041.95,26045.15,26045.85,26051.3,26041.4,26042.3,66.57160656251763,65.81062356717884,57.208801057679025,29.977599070485763
2025-11-19 14:35:00,2025-11-19 15:00:00,cross_down,7,7 (+21 to +28 pts),25.75,-8.25,3.25,5,26042.15,26050.0,26040.65,26048.9,26055.85,26063.5,26051.95,26052.15,69.0838269011229,67.702536076598,57.208801057679025,32.45901482353045
2025-11-20 09:25:00,2025-11-20 09:30:00,cross_down,3,3 (+5 to +8 pts),6.450000000000728,-22.049999999999272,-0.4500000000007276,1,26096.4,26104.95,26082.9,26104.95,26103.7,26111.4,26095.85,26104.5,71.08745173726875,70.91839534924208,60.8919622704315,45.5051259163239
2025-11-20 09:35:00,2025-11-20 09:40:00,cross_down,3,3 (+5 to +8 pts),7.30000000000291,-41.39999999999782,-26.649999999997817,1,26104.4,26111.9,26096.3,26104.6,26105.0,26105.35,26063.2,26077.95,74.42007695357648,73.2737495977908,60.8919622704315,51.524876813409605
2025-11-20 10:45:00,2025-11-20 11:00:00,cross_down,2,2 (+3 to +5 pts),4.649999999997817,-16.30000000000291,-3.8000000000029104,3,26128.25,26141.55,26124.1,26140.4,26129.85,26137.1,26126.05,26136.6,72.89088591342036,72.70317221012745,63.33077519606892,41.30983723367561
2025-11-21 11:00:00,2025-11-21 13:20:00,cross_down,10,10 (+64 to +504 pts),93.5,-20.900000000001455,22.700000000000728,28,26093.2,26095.35,26084.85,26085.7,26115.85,26121.65,26108.35,26108.4,34.89148824437666,33.47860118402425,68.33677722211684,51.87220334927172
2025-11-21 14:05:00,2025-11-21 14:45:00,cross_down,6,6 (+15 to +21 pts),18.75,-36.5,-36.35000000000218,8,26132.3,26144.6,26123.65,26142.95,26126.95,26133.45,26106.45,26106.6,51.12367632113819,49.52721307570599,60.94385066703613,23.317165491776603
2025-11-24 09:25:00,2025-11-24 11:05:00,cross_down,8,8 (+29 to +41 pts),29.099999999998545,-49.0,-13.950000000000728,20,26099.25,26114.9,26098.2,26113.7,26105.4,26106.35,26098.1,26099.75,42.8859099888915,41.13761803510377,53.013198287024395,42.0403958604313
2025-11-24 11:35:00,2025-11-24 11:45:00,cross_down,5,5 (+11 to +15 pts),12.700000000000728,-21.950000000000728,-20.599999999998545,2,26122.05,26130.95,26117.95,26118.25,26117.3,26117.3,26096.3,26097.65,51.2178501612847,49.89670598520364,52.35463159937744,26.245757459360505
2025-11-24 12:55:00,2025-11-24 14:00:00,cross_down,5,5 (+11 to +15 pts),11.299999999999272,-35.349999999998545,-34.0,13,26075.9,26085.7,26068.3,26084.75,26069.9,26072.95,26049.4,26050.75,45.02804699841432,43.472812106494864,50.387238861199464,22.560854528893916
2025-11-27 09:25:00,2025-11-27 09:35:00,cross_down,3,3 (+5 to +8 pts),5.450000000000728,-34.25,-34.25,2,26274.2,26289.25,26258.65,26283.8,26279.95,26281.5,26249.55,26249.55,70.43093445634625,67.24719868809969,61.24023188727536,29.352743411474997
2025-11-27 14:05:00,2025-11-27 15:25:00,session_end_forced,9,9 (+41 to +64 pts),48.70000000000073,-13.200000000000728,34.349999999998545,16,26177.65,26189.85,26175.95,26185.5,26219.55,26231.15,26217.75,26219.85,41.08295117461115,39.10466140674333,62.84936616320315,28.063285724748074
2025-11-28 10:35:00,2025-11-28 11:00:00,cross_down,5,5 (+11 to +15 pts),13.099999999998545,-17.150000000001455,-9.0,5,26250.5,26270.3,26250.5,26267.65,26259.4,26268.9,26252.25,26258.65,56.52285101718646,55.62753618372278,60.098098012845476,20.528887197428357
2025-11-28 13:35:00,2025-11-28 13:40:00,cross_down,2,2 (+3 to +5 pts),3.7000000000007276,-13.25,-11.799999999999272,1,26230.0,26233.2,26220.2,26229.5,26228.45,26229.6,26216.25,26217.7,47.61381517326775,46.938173154678644,59.156572194801726,28.26785106721169
2025-11-28 14:30:00,2025-11-28 15:25:00,session_end_forced,5,5 (+11 to +15 pts),11.400000000001455,-19.149999999997817,-6.5,11,26204.95,26221.6,26201.35,26211.05,26200.85,26213.65,26199.85,26204.55,41.21928095018468,40.366469732379656,57.0434769795365,39.38080003765607
2025-12-01 12:55:00,2025-12-01 14:50:00,cross_down,9,9 (+41 to +64 pts),44.0,-45.85000000000218,-44.5,23,26179.3,26188.5,26168.1,26184.95,26175.2,26175.45,26139.1,26140.45,38.54384654646679,38.08426906870224,53.72300387393061,50.62236055563232
2025-12-01 15:05:00,2025-12-01 15:25:00,session_end_forced,4,4 (+8 to +11 pts),10.850000000002183,-11.349999999998545,-2.349999999998545,4,26180.9,26181.85,26171.75,26178.3,26181.75,26185.05,26166.95,26175.95,41.7432297211716,40.9548871505151,51.72109600603676,29.047600582820703
2025-12-05 10:40:00,2025-12-05 11:30:00,cross_down,9,9 (+41 to +64 pts),60.400000000001455,-33.400000000001455,34.849999999998545,10,26062.85,26098.15,26062.85,26096.25,26138.45,26141.6,26128.65,26131.1,56.177599872373015,55.63806560200016,50.32955620495741,21.61908139184472
2025-12-05 12:35:00,2025-12-05 13:00:00,cross_down,4,4 (+8 to +11 pts),10.549999999999272,-17.149999999997817,-6.399999999997817,5,26180.6,26197.4,26177.9,26192.05,26181.45,26200.45,26180.85,26185.65,67.98347548472226,67.61360269135231,56.98506238773398,27.285383319283014
2025-12-08 11:15:00,2025-12-08 13:40:00,cross_down,6,6 (+15 to +21 pts),17.94999999999709,-156.95000000000073,-136.8000000000029,29,26070.55,26071.55,26056.55,26059.9,25916.95,25935.15,25913.7,25923.1,36.05687848981681,35.68420576087812,57.11877626042067,35.73235098578762
2025-12-12 09:15:00,2025-12-12 10:05:00,cross_down,8,8 (+29 to +41 pts),35.85000000000218,-39.45000000000073,-22.450000000000728,10,25971.2,26003.25,25963.1,26002.55,26002.0,26002.05,25968.6,25980.1,61.32707318226181,58.33304554498194,51.2475697975501,19.23288111203029
2025-12-12 11:55:00,2025-12-12 12:00:00,cross_down,4,4 (+8 to +11 pts),9.549999999999272,-8.950000000000728,-6.700000000000728,1,26027.4,26033.6,26022.55,26028.3,26028.95,26037.85,26019.35,26021.6,65.48910266477439,64.73060369767308,59.291092347053926,34.114936291041076
2025-12-15 10:20:00,2025-12-15 13:55:00,cross_down,10,10 (+64 to +504 pts),76.79999999999927,-21.25,54.0,43,25968.8,25972.9,25963.65,25968.2,26033.0,26033.4,26018.65,26022.2,45.31597305317964,44.738378231737,66.51497667164553,38.86520357562119
2025-12-16 10:30:00,2025-12-16 15:25:00,session_end_forced,6,6 (+15 to +21 pts),15.900000000001455,-78.90000000000146,-61.900000000001455,59,25909.95,25919.35,25908.3,25913.25,25853.05,25857.85,25840.6,25851.35,32.988515314281834,32.41636503779494,54.31988198427052,38.73584445932812
2025-12-19 13:35:00,2025-12-19 14:10:00,cross_down,6,6 (+15 to +21 pts),15.600000000002183,-8.299999999999272,-2.099999999998545,7,25968.3,25977.05,25965.1,25969.6,25968.8,25975.45,25964.05,25967.5,59.05919897152313,58.10134852147888,56.91249315427932,17.055938537141742
2025-12-19 14:15:00,2025-12-19 14:30:00,cross_down,6,6 (+15 to +21 pts),15.0,-12.5,-10.849999999998545,3,25967.95,25979.0,25965.85,25978.35,25971.35,25977.65,25966.6,25967.5,61.27760960422854,60.80923856728518,59.352209766452134,15.619264348240167
2025-12-22 09:20:00,2025-12-22 10:25:00,cross_down,7,7 (+21 to +28 pts),20.950000000000728,-28.299999999999272,3.7999999999992724,13,26094.55,26126.6,26092.75,26121.05,26129.1,26132.3,26121.0,26124.85,64.26035866729502,58.04252908086551,62.20384466812935,30.953617890569603
2025-12-23 11:10:00,2025-12-23 11:30:00,cross_down,3,3 (+5 to +8 pts),7.200000000000728,-9.549999999999272,-6.650000000001455,4,26187.6,26195.45,26186.2,26189.75,26192.3,26192.3,26180.2,26183.1,61.68494077707016,60.981123423311445,79.49555063004156,25.61393251708713
2025-12-23 13:25:00,2025-12-23 13:30:00,cross_down,2,2 (+3 to +5 pts),3.349999999998545,-6.700000000000728,-4.25,1,26187.8,26193.75,26185.2,26191.9,26192.3,26195.25,26185.75,26187.65,57.30007628749276,57.22038237498768,80.61566158374274,19.878184597517233
2025-12-23 13:55:00,2025-12-23 14:05:00,cross_down,2,2 (+3 to +5 pts),5.100000000002183,-12.299999999999272,-9.849999999998545,2,26191.75,26198.15,26188.2,26197.8,26199.8,26199.8,26185.5,26187.95,57.98720605172808,57.57666966804915,80.61566158374274,13.790827786731125
2025-12-23 14:10:00,2025-12-23 14:30:00,cross_down,8,8 (+29 to +41 pts),30.149999999997817,-15.600000000002183,-5.400000000001455,4,26190.7,26206.1,26187.8,26203.4,26214.4,26216.7,26194.85,26198.0,59.20660444579687,58.88366457249865,80.61566158374274,18.92626665641563
2025-12-24 09:25:00,2025-12-24 10:40:00,cross_down,6,6 (+15 to +21 pts),19.30000000000291,-14.44999999999709,1.2000000000007276,15,26205.6,26222.45,26203.8,26217.1,26226.35,26227.8,26218.3,26218.3,53.209623029612125,52.014846268318934,75.55177556226087,25.978272824901765
2025-12-24 14:55:00,2025-12-24 15:25:00,session_end_forced,6,6 (+15 to +21 pts),18.450000000000728,-19.049999999999272,-6.44999999999709,6,26139.55,26150.2,26139.55,26148.1,26140.55,26142.15,26129.9,26141.65,33.493569263182565,30.649275808147255,63.69108442810499,40.12530900860692
2025-12-26 10:00:00,2025-12-26 15:25:00,session_end_forced,3,3 (+5 to +8 pts),7.25,-86.25,-47.19999999999709,65,26090.15,26094.85,26080.8,26094.85,26042.65,26052.45,26038.95,26047.65,29.682589750317206,27.025287920059576,56.518978976022225,61.06730563488074
2025-12-31 12:20:00,2025-12-31 13:30:00,cross_down,10,10 (+64 to +504 pts),67.5,-10.350000000002183,54.39999999999782,14,26087.35,26099.3,26086.35,26096.7,26156.6,26164.2,26149.65,26151.1,75.11623466623877,73.87158351791908,51.995868139057556,55.22779895799293
2026-01-01 13:00:00,2026-01-01 13:30:00,cross_down,6,6 (+15 to +21 pts),16.150000000001455,-22.099999999998545,-5.200000000000728,6,26152.45,26155.6,26147.55,26151.8,26155.35,26161.35,26145.2,26146.6,50.167109950467164,49.81132770164927,67.24255598304408,20.16970735897234
2026-01-01 13:50:00,2026-01-01 14:45:00,cross_down,6,6 (+15 to +21 pts),19.599999999998545,-12.55000000000291,-4.0,11,26146.3,26161.9,26145.85,26158.4,26160.35,26163.85,26152.7,26154.4,51.224535567735074,50.043470072687974,66.64066808155307,17.62698576850264
2026-01-02 09:20:00,2026-01-02 10:30:00,cross_down,10,10 (+64 to +504 pts),80.39999999999782,-13.950000000000728,47.79999999999927,14,26181.75,26202.35,26178.5,26192.45,26246.8,26247.45,26235.05,26240.25,52.728131835647034,48.74970139596235,63.63530362958908,35.60261720514186
2026-01-02 11:50:00,2026-01-02 11:55:00,cross_down,2,2 (+3 to +5 pts),4.100000000002183,-16.5,-14.599999999998545,1,26289.85,26298.7,26286.95,26294.6,26294.65,26294.8,26278.1,26280.0,74.76945556492517,74.12055135737954,68.29740618616827,41.00919523021153
2026-01-05 10:20:00,2026-01-05 10:45:00,cross_down,3,3 (+5 to +8 pts),5.5,-33.75,-15.549999999999272,5,26356.15,26369.25,26351.45,26367.7,26348.5,26357.5,26343.4,26352.15,61.230673532472835,59.52006262868005,79.05272261921172,27.54397316262194
2026-01-05 14:40:00,2026-01-05 15:25:00,session_end_forced,7,7 (+21 to +28 pts),25.75,-24.55000000000291,-12.5,9,26233.9,26258.7,26233.9,26257.15,26240.15,26247.95,26232.6,26244.65,35.119797051207044,30.338948391273668,67.41430471362538,45.13216237334799
2026-01-06 09:30:00,2026-01-06 11:20:00,cross_down,9,9 (+41 to +64 pts),58.900000000001455,-74.0,-60.20000000000073,22,26171.85,26224.65,26171.85,26215.05,26156.1,26157.3,26141.05,26154.85,34.79591394702935,32.92248658315922,58.86933325126596,42.2994842899539
2026-01-06 11:35:00,2026-01-06 15:25:00,session_end_forced,7,7 (+21 to +28 pts),22.900000000001455,-52.54999999999927,-2.649999999997817,46,26170.1,26181.15,26166.1,26177.3,26184.9,26186.5,26170.85,26174.65,36.99799410870921,36.84183114440801,51.00755656452885,33.060859695805334
2026-01-16 14:30:00,2026-01-16 15:25:00,session_end_forced,6,6 (+15 to +21 pts),18.75,-21.0,0.2000000000007276,11,25697.85,25710.6,25686.9,25701.7,25700.0,25710.75,25691.15,25701.9,40.14592135186102,38.621406989124345,50.848406465562064,34.2650884189648
2026-01-28 11:25:00,2026-01-28 11:35:00,cross_down,5,5 (+11 to +15 pts),14.099999999998545,-35.85000000000218,-27.549999999999272,2,25337.2,25351.05,25330.7,25336.95,25337.4,25338.1,25301.1,25309.4,66.40562163175701,65.2173650654804,53.28550084805728,34.02708266162813
2026-01-28 14:40:00,2026-01-28 15:25:00,session_end_forced,10,10 (+64 to +504 pts),106.85000000000218,-18.75,96.5,9,25237.65,25253.2,25232.8,25251.55,25350.5,25358.4,25341.0,25348.05,47.960571652067074,46.40844274155992,55.014608571566995,25.726575439987183
2026-01-29 10:55:00,2026-01-29 14:15:00,cross_down,10,10 (+64 to +504 pts),203.29999999999927,-15.400000000001455,167.84999999999854,40,25223.95,25240.55,25218.6,25234.0,25413.3,25420.05,25400.35,25401.85,45.34075854704895,43.59664882401318,55.67039693189332,30.855409086202812
2026-01-30 11:00:00,2026-01-30 11:05:00,cross_down,4,4 (+8 to +11 pts),8.75,-38.45000000000073,-37.35000000000218,1,25302.4,25309.2,25298.95,25300.45,25300.65,25300.65,25262.0,25263.1,47.02660959999256,46.83363182546023,58.85810063898001,13.509829778074446
2026-01-30 11:50:00,2026-01-30 13:10:00,cross_down,8,8 (+29 to +41 pts),29.19999999999709,-48.900000000001455,-40.35000000000218,16,25260.5,25294.0,25259.6,25287.4,25243.9,25260.25,25238.5,25247.05,44.22076184664862,42.72891144397854,55.55936965320249,17.481681497610523
2026-01-30 13:40:00,2026-01-30 15:05:00,cross_down,10,10 (+64 to +504 pts),69.5,-31.400000000001455,19.700000000000728,17,25270.2,25306.5,25269.8,25301.2,25314.35,25324.5,25306.5,25320.9,47.0806915895315,42.02317813746072,51.77485117533365,30.556928252423315
2026-02-04 12:05:00,2026-02-04 12:55:00,cross_down,7,7 (+21 to +28 pts),26.600000000002183,-35.099999999998545,-31.19999999999709,10,25717.4,25737.9,25716.55,25736.35,25720.1,25721.6,25701.25,25705.15,47.49077134629034,45.987850540883066,66.66296131592364,25.020452467556577
2026-02-04 13:05:00,2026-02-04 14:55:00,cross_down,10,10 (+64 to +504 pts),84.64999999999782,-18.30000000000291,48.75,22,25717.2,25738.1,25715.6,25733.9,25795.3,25798.7,25779.85,25782.65,47.556365463916315,46.6867917520033,66.412146435734,16.93013411535981
2026-02-05 10:25:00,2026-02-05 10:35:00,cross_down,8,8 (+29 to +41 pts),28.799999999999272,-42.89999999999782,-41.75,2,25694.85,25698.35,25668.95,25669.55,25646.9,25653.4,25626.65,25627.8,38.29167680273042,38.18867004217287,62.40433871121096,31.37692868594131
2026-02-05 10:45:00,2026-02-05 14:20:00,cross_down,8,8 (+29 to +41 pts),40.25,-60.45000000000073,-41.0,43,25642.8,25649.15,25636.5,25639.95,25597.85,25605.35,25595.9,25598.95,37.88093591285982,35.9767787070187,62.40433871121096,27.467040612184753
2026-02-05 14:25:00,2026-02-05 15:25:00,session_end_forced,9,9 (+41 to +64 pts),57.849999999998545,-17.350000000002183,29.69999999999709,12,25598.9,25617.65,25594.55,25611.9,25642.7,25645.6,25629.3,25641.6,40.12212520144729,39.18870054292249,52.051099427662464,30.635968440068307
2026-02-10 09:15:00,2026-02-10 10:15:00,cross_down,9,9 (+41 to +64 pts),53.79999999999927,-47.599999999998545,47.95000000000073,12,25922.65,25934.95,25870.45,25918.05,25944.4,25971.85,25942.0,25966.0,65.46753550468182,62.27536186087596,66.9350994634759,19.055081405470467
2026-02-10 14:50:00,2026-02-10 15:25:00,cross_down,8,8 (+29 to +41 pts),32.05000000000291,-29.299999999999272,-18.549999999999272,7,25926.45,25937.85,25923.7,25935.35,25911.55,25919.25,25906.05,25916.8,47.18869538454814,46.12573672052152,72.17569805750051,19.781374536041298
2026-02-11 09:15:00,2026-02-11 09:45:00,cross_down,7,7 (+21 to +28 pts),24.400000000001455,-61.5,-55.150000000001455,6,25997.45,26009.4,25942.45,25985.0,25937.8,25945.25,25929.85,25929.85,52.37471273248761,46.90328023137351,68.4198632674299,23.349527997242607
2026-02-11 09:50:00,2026-02-11 09:55:00,cross_down,3,3 (+5 to +8 pts),6.200000000000728,-24.349999999998545,-7.049999999999272,1,25930.4,25952.7,25925.75,25950.1,25949.05,25956.3,25943.05,25943.05,51.246809228740936,50.9076644709995,68.4198632674299,20.342604638791844
2026-02-11 10:20:00,2026-02-11 11:05:00,cross_down,6,6 (+15 to +21 pts),19.649999999997817,-22.75,-19.100000000002183,9,25954.8,25962.8,25948.2,25961.65,25966.75,25971.65,25938.9,25942.55,50.75798111249338,49.44420842070925,66.73480554806355,16.94763413095086
2026-02-11 11:35:00,2026-02-11 11:40:00,cross_down,5,5 (+11 to +15 pts),11.149999999997817,-12.30000000000291,-11.75,1,25972.6,25979.05,25967.25,25967.9,25967.85,25970.3,25955.6,25956.15,54.207505767842925,53.78942605705157,66.94007556823574,16.401476080469834
2026-02-11 13:25:00,2026-02-11 15:25:00,session_end_forced,7,7 (+21 to +28 pts),25.700000000000728,-19.5,0.2999999999992724,24,25931.7,25945.65,25931.7,25945.05,25950.45,25952.85,25939.75,25945.35,48.16383891438163,45.31835200605141,64.63408111374115,26.151888045990642
2026-02-12 10:15:00,2026-02-12 10:55:00,cross_down,3,3 (+5 to +8 pts),6.299999999999272,-27.599999999998545,-22.700000000000728,8,25881.8,25882.6,25865.25,25876.3,25853.4,25861.9,25852.65,25853.6,40.64390426498675,39.49598738755887,58.333688577164864,33.13804163627067
2026-02-12 11:00:00,2026-02-12 11:10:00,cross_down,2,2 (+3 to +5 pts),5.099999999998545,-13.549999999999272,-7.549999999999272,2,25853.6,25860.9,25851.2,25856.7,25854.5,25857.4,25846.85,25849.15,37.86836958284361,37.14181337100037,58.333688577164864,37.695169744939676
2026-02-12 12:05:00,2026-02-12 14:10:00,cross_down,9,9 (+41 to +64 pts),51.29999999999927,-22.349999999998545,-10.450000000000728,25,25816.1,25828.0,25812.4,25828.0,25817.8,25821.6,25812.65,25817.55,33.66711242342105,31.383619154250944,53.29752711446746,58.45436251238449
2026-02-17 11:30:00,2026-02-17 12:30:00,cross_down,8,8 (+29 to +41 pts),32.39999999999782,-33.900000000001455,14.25,12,25693.95,25723.85,25687.55,25721.45,25733.9,25740.1,25728.1,25735.7,61.51465570376696,60.454549008606854,50.410291446736274,23.059101162174663
2026-02-18 10:55:00,2026-02-18 13:30:00,cross_down,9,9 (+41 to +64 pts),50.0,-26.650000000001455,24.349999999998545,31,25692.2,25708.0,25688.05,25703.2,25727.25,25730.5,25722.95,25727.55,47.265509025045944,43.8002598408125,55.3787637851575,31.64734331005687
2026-02-18 14:25:00,2026-02-18 14:30:00,cross_down,3,3 (+5 to +8 pts),7.649999999997817,-10.5,-6.100000000002183,1,25789.9,25792.85,25778.95,25785.2,25784.2,25789.9,25774.7,25779.1,64.6993075468673,62.662589751858235,58.23043275179235,28.65620094397662
2026-02-18 15:00:00,2026-02-18 15:25:00,cross_down,5,5 (+11 to +15 pts),13.5,-19.799999999999272,-8.849999999998545,5,25794.75,25828.05,25794.75,25814.55,25815.45,25818.95,25805.05,25805.7,71.52820738059984,71.3587365279266,58.23043275179235,36.13078649337912
2026-02-19 12:55:00,2026-02-19 15:20:00,cross_down,8,8 (+29 to +41 pts),38.75,-207.75,-193.04999999999927,29,25593.35,25602.4,25590.0,25597.5,25410.3,25412.95,25389.75,25404.45,25.47780912199716,25.280823100365232,52.741578973065856,56.831231680445605
2026-02-23 14:25:00,2026-02-23 15:25:00,session_end_forced,9,9 (+41 to +64 pts),55.29999999999927,-32.20000000000073,30.349999999998545,12,25648.0,25673.95,25641.45,25673.65,25717.7,25722.5,25700.0,25704.0,50.25873063474883,47.424354487983294,51.95342021765006,19.909870153324757
2026-02-24 11:05:00,2026-02-24 12:20:00,cross_down,8,8 (+29 to +41 pts),29.650000000001455,-76.64999999999782,-74.5,15,25484.55,25501.1,25480.4,25495.55,25445.05,25448.85,25418.9,25421.05,35.315574085370564,32.48775820800136,50.7544286168233,37.94571846875218
2026-03-17 14:55:00,2026-03-17 15:00:00,cross_down,1,1 (+0 to +3 pts),2.2999999999992724,-85.25,-61.54999999999927,1,23622.4,23656.8,23621.95,23654.5,23655.2,23655.2,23569.25,23592.95,67.93403352035445,65.64568875612963,54.24036823262755,33.514365231858974
2026-03-18 11:00:00,2026-03-18 11:55:00,cross_down,9,9 (+41 to +64 pts),51.54999999999927,-20.25,21.899999999997817,11,23770.8,23786.5,23764.15,23784.4,23820.15,23821.3,23806.3,23806.3,66.97517057540193,66.6020665067424,59.78496545156921,35.242535074112
2026-03-19 10:30:00,2026-03-19 14:10:00,cross_down,9,9 (+41 to +64 pts),43.64999999999782,-186.20000000000073,-162.85000000000218,44,23272.4,23287.15,23272.4,23274.15,23106.45,23113.85,23087.95,23111.3,27.48467390752362,24.597443336270192,59.060425194179,73.48011104806884
2026-03-25 09:20:00,2026-03-25 11:20:00,cross_down,10,10 (+64 to +504 pts),246.25,-26.599999999998545,200.25,24,23162.2,23202.75,23161.9,23188.5,23417.75,23423.0,23388.45,23388.75,62.729245583110355,59.0438614352815,50.28791141008517,38.726657618122616
2026-03-27 10:25:00,2026-03-27 15:25:00,session_end_forced,8,8 (+29 to +41 pts),31.900000000001455,-202.20000000000073,-167.25,60,23007.65,23014.05,22991.35,23006.75,22814.85,22839.5,22807.75,22839.5,29.661061435522633,28.040372363308045,59.700489874912634,56.79413363921792
2026-04-07 11:35:00,2026-04-07 11:40:00,cross_down,6,6 (+15 to +21 pts),16.0,-32.5,-23.0,1,22944.5,22960.25,22927.6,22944.25,22945.05,22945.05,22911.75,22921.25,56.67288462076938,56.407344453245415,59.80609197009819,21.206759812169782
2026-04-07 11:50:00,2026-04-07 12:10:00,cross_down,9,9 (+41 to +64 pts),48.75,-36.70000000000073,-0.4000000000014552,4,22918.7,22943.1,22917.1,22942.95,22950.5,22950.5,22906.25,22942.55,56.29229550408367,56.07671594307032,59.80609197009819,19.15729318701212
2026-04-07 13:30:00,2026-04-07 14:15:00,cross_down,9,9 (+41 to +64 pts),50.75,-52.75,-16.200000000000728,9,22961.9,23045.4,22961.8,23012.8,23014.55,23026.15,22994.8,22996.6,58.35986338643869,55.254727800969164,60.61853371702597,19.752852831181432
2026-04-07 14:50:00,2026-04-07 15:25:00,session_end_forced,10,10 (+64 to +504 pts),93.79999999999927,-14.849999999998545,69.90000000000146,7,23046.4,23068.95,23045.2,23060.05,23137.05,23153.85,23124.15,23129.95,59.714632424065776,59.040679590024894,61.8939568224457,17.47048668477399
2026-04-09 11:05:00,2026-04-09 12:45:00,cross_down,9,9 (+41 to +64 pts),46.64999999999782,-55.400000000001455,-53.5,20,23848.7,23866.4,23828.15,23860.65,23853.3,23855.25,23805.25,23807.15,44.898868744076545,43.26078212595834,79.86271172083167,32.80342838006786
2026-04-09 14:05:00,2026-04-09 14:20:00,cross_down,5,5 (+11 to +15 pts),14.450000000000728,-64.14999999999782,-53.849999999998545,3,23781.75,23800.0,23767.75,23785.55,23746.35,23758.7,23721.4,23731.7,35.77383812249982,34.15738756040099,72.73777167183792,56.317009558644095
2026-04-09 14:45:00,2026-04-09 15:25:00,session_end_forced,10,10 (+64 to +504 pts),68.84999999999854,-17.450000000000728,28.099999999998545,8,23728.8,23748.35,23720.5,23737.95,23782.2,23791.15,23758.95,23766.05,32.57665805480991,28.84699340631589,69.07955243282353,52.27699159235347
2026-04-10 15:10:00,2026-04-10 15:25:00,session_end_forced,6,6 (+15 to +21 pts),16.549999999999272,-11.599999999998545,-5.700000000000728,3,24060.4,24074.05,24057.2,24057.5,24054.55,24063.45,24046.2,24051.8,59.94967581870341,57.29129228749527,69.01128174476574,29.165734129007625
2026-04-13 10:25:00,2026-04-13 15:00:00,cross_down,10,10 (+64 to +504 pts),185.90000000000146,-25.200000000000728,117.29999999999927,55,23707.9,23732.3,23702.75,23721.5,23884.95,23888.2,23822.25,23838.8,39.94650721132641,37.124916917650665,62.33338888674426,36.33243974450848
2026-04-15 09:20:00,2026-04-15 10:40:00,cross_down,10,10 (+64 to +504 pts),64.30000000000291,-63.04999999999927,34.25,16,24231.6,24234.7,24206.75,24208.85,24245.75,24251.45,24235.45,24243.1,58.680828495608125,54.24612101310916,51.09176242293487,42.956688079611155
2026-04-16 09:20:00,2026-04-16 09:35:00,cross_down,5,5 (+11 to +15 pts),13.450000000000728,-81.95000000000073,-60.70000000000073,3,24390.8,24397.7,24372.7,24387.5,24358.15,24364.05,24305.55,24326.8,61.79508715054781,61.55448632101239,66.21458460674037,38.424828615846636
2026-04-16 13:30:00,2026-04-16 15:25:00,session_end_forced,10,10 (+64 to +504 pts),120.95000000000073,-8.75,64.35000000000218,23,24116.1,24128.45,24115.3,24124.05,24196.1,24199.95,24178.85,24188.4,34.36448046308333,31.748722758313523,62.34174092140957,49.32694779038623
2026-04-17 11:20:00,2026-04-17 12:00:00,cross_down,9,9 (+41 to +64 pts),49.29999999999927,-20.649999999997817,-12.450000000000728,8,24277.4,24282.15,24272.8,24273.8,24271.65,24277.15,24253.15,24261.35,58.497256204060314,58.0413273402494,60.464581752627254,15.964210812424836
2026-04-17 13:40:00,2026-04-17 15:25:00,session_end_forced,10,10 (+64 to +504 pts),70.0,-7.850000000002183,65.0,21,24300.25,24312.8,24299.4,24301.9,24367.8,24371.9,24358.6,24366.9,60.6311319637282,58.65528432245487,62.29328476493991,18.36596671540458
2026-04-20 10:40:00,2026-04-20 10:50:00,cross_down,4,4 (+8 to +11 pts),9.450000000000728,-28.149999999997817,-13.950000000000728,2,24433.6,24448.5,24433.2,24439.05,24431.05,24432.2,24410.9,24425.1,68.49709525714684,66.81792833641038,69.0945417744994,30.15569934208701
2026-04-20 15:00:00,2026-04-20 15:05:00,cross_down,6,6 (+15 to +21 pts),16.049999999999272,-22.950000000000728,-20.299999999999272,1,24407.9,24424.6,24406.3,24408.55,24408.5,24408.95,24385.6,24388.25,50.10966946347176,49.972517208928615,71.85127361201137,23.53209033163735
2026-04-21 09:20:00,2026-04-21 11:30:00,cross_down,10,10 (+64 to +504 pts),100.04999999999927,-22.599999999998545,52.650000000001455,26,24468.15,24486.0,24456.1,24465.05,24539.2,24539.2,24516.4,24517.7,46.38193419201974,43.71383998826834,65.41139198382716,35.80325788833437
2026-04-21 15:20:00,2026-04-21 15:25:00,session_end_forced,5,5 (+11 to +15 pts),13.649999999997817,-8.350000000002183,4.399999999997817,1,24580.05,24589.85,24571.6,24576.2,24578.2,24587.75,24567.85,24580.6,58.688789166583916,58.68276928062392,71.91107388792103,30.530796744399304
2026-04-22 10:45:00,2026-04-22 14:25:00,cross_down,8,8 (+29 to +41 pts),34.099999999998545,-38.70000000000073,-18.55000000000291,44,24416.25,24436.1,24409.05,24424.15,24409.55,24416.95,24402.8,24405.6,37.1561176652845,35.22394143827154,65.20920459462253,49.40201195146981
2026-04-22 14:30:00,2026-04-22 15:05:00,cross_down,6,6 (+15 to +21 pts),18.150000000001455,-37.94999999999709,-33.19999999999709,7,24405.65,24415.35,24402.8,24412.1,24385.4,24385.75,24374.15,24378.9,46.013386097349745,44.744953451004555,53.12555990641881,25.834115289213475
2026-04-30 10:40:00,2026-04-30 14:50:00,cross_down,10,10 (+64 to +504 pts),243.75,-46.85000000000218,181.09999999999854,50,23851.85,23857.3,23827.55,23843.7,24037.3,24040.1,24013.0,24024.8,26.49933123854127,25.141626501524414,50.109047207196,61.47320041146253
2026-05-04 14:10:00,2026-05-04 15:25:00,session_end_forced,9,9 (+41 to +64 pts),45.95000000000073,-32.75,20.049999999999272,15,24075.1,24111.6,24075.1,24103.75,24116.85,24128.7,24110.2,24123.8,45.2866752516443,43.44586700295418,52.788338853124834,34.97782691917438
2026-05-06 13:20:00,2026-05-06 15:25:00,session_end_forced,10,10 (+64 to +504 pts),275.40000000000146,-18.75,258.2000000000007,25,24063.8,24085.8,24062.35,24081.1,24330.7,24346.6,24325.6,24339.3,45.782816525242,41.98972086125104,50.48368513045201,46.56336005544213
2026-05-07 12:20:00,2026-05-07 12:30:00,cross_down,2,2 (+3 to +5 pts),4.399999999997817,-47.5,-32.25,2,24366.3,24381.6,24364.1,24377.2,24355.25,24358.85,24329.7,24344.95,61.851455356737716,59.89908001671474,66.3761938815697,29.498911144698045
2026-05-07 12:35:00,2026-05-07 12:55:00,cross_down,9,9 (+41 to +64 pts),45.44999999999709,-97.70000000000073,-48.400000000001455,4,24345.1,24438.4,24338.95,24436.65,24409.1,24414.75,24377.7,24388.25,62.18870333812358,60.094295732833075,66.3761938815697,28.632233878973857
2026-05-08 10:20:00,2026-05-08 12:10:00,cross_down,5,5 (+11 to +15 pts),12.450000000000728,-59.29999999999927,-47.29999999999927,22,24208.75,24232.25,24204.55,24231.5,24179.5,24188.2,24172.2,24184.2,40.26792211203126,38.38537418625624,60.78789616464495,54.12419539479826
2026-05-08 12:15:00,2026-05-08 12:20:00,cross_down,4,4 (+8 to +11 pts),9.600000000002183,-18.549999999999272,-2.7999999999992724,1,24185.2,24189.4,24170.05,24188.6,24190.05,24198.2,24178.25,24185.8,38.73690024178644,38.69513717684135,54.26735958125335,36.802102934597954
2026-05-08 12:25:00,2026-05-08 12:35:00,cross_down,1,1 (+0 to +3 pts),2.350000000002183,-27.25,-24.549999999999272,2,24187.05,24198.45,24185.45,24196.1,24178.65,24181.65,24168.85,24171.55,40.43969991935597,38.69513717684135,54.26735958125335,33.785089148045095
2026-05-08 13:10:00,2026-05-08 15:25:00,session_end_forced,10,10 (+64 to +504 pts),73.25,-40.349999999998545,12.799999999999272,27,24176.25,24178.05,24164.55,24167.0,24170.55,24180.65,24169.7,24179.8,37.43193630508597,36.89098397491185,54.26735958125335,39.26918593501165
2026-05-15 09:55:00,2026-05-15 10:00:00,cross_down,6,6 (+15 to +21 pts),19.049999999999272,-30.25,0.3999999999978172,1,23823.0,23837.0,23817.95,23817.95,23819.1,23821.35,23787.7,23818.35,65.76524306531599,65.44326038156277,54.635969984211116,46.1277978735846
2026-05-15 12:45:00,2026-05-15 13:35:00,cross_down,5,5 (+11 to +15 pts),13.900000000001455,-46.599999999998545,-43.89999999999782,10,23768.65,23786.95,23766.05,23783.6,23761.7,23770.8,23737.0,23739.7,53.84138571299481,50.919076288428535,58.929982858719676,27.32988157163424
2026-05-18 10:00:00,2026-05-18 14:10:00,cross_down,10,10 (+64 to +504 pts),300.6000000000022,-21.549999999999272,263.7999999999993,50,23340.8,23364.05,23339.5,23361.05,23615.15,23638.1,23606.7,23624.85,21.620019906361872,21.10721000192698,52.07804797456577,70.15917009544953
2026-05-20 09:50:00,2026-05-20 13:20:00,cross_down,10,10 (+64 to +504 pts),113.70000000000073,-50.89999999999782,56.70000000000073,42,23521.25,23541.45,23520.9,23526.55,23585.35,23596.8,23576.3,23583.25,31.050251139024294,30.319965918663975,51.19311724704989,52.64096068971176
2026-05-21 09:20:00,2026-05-21 09:30:00,cross_down,5,5 (+11 to +15 pts),12.5,-46.75,-36.64999999999782,2,23768.0,23787.3,23752.05,23774.8,23758.1,23774.7,23728.05,23738.15,66.03100308190564,63.27335108414552,50.99597380764516,39.79314379804869
2026-05-21 09:35:00,2026-05-21 09:45:00,cross_down,7,7 (+21 to +28 pts),27.899999999997817,-37.650000000001455,16.599999999998545,2,23738.3,23773.2,23731.3,23768.95,23793.9,23796.85,23777.2,23785.55,67.50442959887361,67.00867138537703,50.99597380764516,43.22383816337964
2026-05-21 09:50:00,2026-05-21 09:55:00,cross_down,2,2 (+3 to +5 pts),3.2999999999992724,-40.79999999999927,-40.35000000000218,1,23787.4,23812.0,23781.75,23808.7,23807.05,23810.3,23767.9,23768.35,70.75401334523451,70.65953017697825,50.99597380764516,46.74092889227108
2026-05-21 13:35:00,2026-05-21 15:20:00,cross_down,9,9 (+41 to +64 pts),42.05000000000291,-32.25,-19.099999999998545,21,23648.35,23674.55,23645.25,23663.35,23635.9,23650.65,23633.7,23644.25,42.27788844187404,39.89018847254409,53.586265914972486,39.6632950106243
2026-05-22 09:15:00,2026-05-22 10:45:00,cross_down,10,10 (+64 to +504 pts),106.65000000000146,-22.5,90.40000000000146,18,23671.2,23710.8,23671.0,23693.5,23793.0,23797.85,23775.1,23783.9,49.508736680235614,44.77810916187565,50.71639174395135,26.800015334146316
2026-05-22 12:55:00,2026-05-22 13:15:00,cross_down,4,4 (+8 to +11 pts),8.200000000000728,-19.900000000001455,-15.350000000002183,4,23831.45,23835.65,23825.0,23827.45,23819.3,23822.65,23807.55,23812.1,61.74240395349346,61.01475526421994,58.76096189714107,33.39028739168023
2026-05-25 14:40:00,2026-05-25 15:25:00,session_end_forced,9,9 (+41 to +64 pts),46.650000000001455,-15.700000000000728,42.10000000000218,9,23997.35,24009.3,23992.1,24007.8,24031.8,24054.45,24026.1,24049.9,60.47151615163353,59.76361128968201,67.29779249117507,31.364289332805804
2026-05-26 14:55:00,2026-05-26 15:25:00,session_end_forced,7,7 (+21 to +28 pts),27.0,-25.200000000000728,20.700000000000728,6,23888.95,23918.75,23887.85,23913.05,23917.3,23940.05,23913.6,23933.75,27.052037562287786,26.528786662049768,62.90295964246242,59.939577978879626
2026-05-27 13:50:00,2026-05-27 15:25:00,session_end_forced,6,6 (+15 to +21 pts),15.549999999999272,-53.04999999999927,10.299999999999272,19,23893.2,23913.35,23890.05,23911.3,23916.25,23926.7,23914.55,23921.6,43.24349822922721,40.90341829232136,50.54064974585436,29.019134355792286
2026-06-05 10:00:00,2026-06-05 10:25:00,cross_down,9,9 (+41 to +64 pts),43.5,-45.30000000000291,1.3999999999978172,5,23443.65,23484.25,23423.85,23469.15,23489.8,23497.5,23461.35,23470.55,59.82313120222487,59.37585561573415,50.0192674639085,42.88097493474382
2026-06-05 12:10:00,2026-06-05 12:30:00,cross_down,6,6 (+15 to +21 pts),15.75,-34.099999999998545,-26.299999999999272,4,23426.5,23441.45,23410.0,23439.5,23436.85,23439.7,23405.4,23413.2,50.29047246549457,49.909034683078275,52.30594660242993,11.969317072720749
2026-06-11 09:50:00,2026-06-11 13:10:00,cross_down,10,10 (+64 to +504 pts),176.79999999999927,-47.80000000000291,107.04999999999927,40,23153.3,23172.85,23142.25,23150.65,23280.65,23282.5,23256.3,23257.7,29.162679501372065,28.116448298493022,52.64810865249067,56.27098404737355
2026-06-12 13:35:00,2026-06-12 15:25:00,session_end_forced,10,10 (+64 to +504 pts),183.64999999999782,-37.35000000000218,170.04999999999927,22,23426.7,23463.85,23424.35,23461.7,23623.35,23639.35,23620.2,23631.75,62.20940049290738,56.43646330300476,55.043576833715164,35.77148139565145
2026-06-16 09:25:00,2026-06-16 10:05:00,cross_down,6,6 (+15 to +21 pts),16.75,-42.349999999998545,-37.20000000000073,8,23914.45,23939.5,23914.45,23938.0,23905.7,23918.1,23895.65,23900.8,50.86090001052119,49.306305315975585,74.33675624974087,34.118357890204315
2026-06-16 10:20:00,2026-06-16 11:10:00,cross_down,8,8 (+29 to +41 pts),37.0,-14.049999999999272,0.0,10,23927.9,23953.85,23926.75,23940.8,23943.15,23945.75,23931.8,23940.8,54.9789960899918,53.86318065001532,74.2210166950737,22.99712852963714
2026-06-16 13:20:00,2026-06-16 14:45:00,cross_down,9,9 (+41 to +64 pts),46.5,-18.75,25.25,17,23939.7,23961.95,23937.15,23955.9,23963.45,23987.25,23962.7,23981.15,55.67432142899697,54.051354502570675,74.35419898851656,16.48569948792958
2026-06-17 09:40:00,2026-06-17 10:10:00,cross_down,4,4 (+8 to +11 pts),10.100000000002183,-18.399999999997817,-13.849999999998545,6,24051.6,24063.8,24045.2,24061.55,24062.2,24066.75,24046.55,24047.7,68.01772994523674,64.54600538309845,75.63461923221007,51.41588176943398
2026-06-17 13:40:00,2026-06-17 14:25:00,cross_down,2,2 (+3 to +5 pts),3.599999999998545,-34.29999999999927,-31.400000000001455,9,24054.3,24059.3,24047.8,24055.7,24041.8,24041.8,24021.4,24024.3,51.04748746420181,49.13181155776776,74.27769649572437,33.49660142343886
2026-06-17 14:50:00,2026-06-17 15:25:00,session_end_forced,9,9 (+41 to +64 pts),48.150000000001455,-23.649999999997817,31.350000000002183,7,24042.9,24050.9,24026.95,24050.6,24081.25,24087.15,24073.1,24081.95,50.22195473909634,49.58250975446804,73.01515397959662,23.99183628511514
2026-06-18 12:05:00,2026-06-18 13:30:00,cross_down,9,9 (+41 to +64 pts),42.25,-15.599999999998545,29.299999999999272,17,24089.0,24099.7,24085.9,24094.05,24121.9,24135.0,24112.25,24123.35,51.826186272435,50.54680272162914,70.68390476764296,30.399977727477744
2026-06-18 15:05:00,2026-06-18 15:25:00,session_end_forced,5,5 (+11 to +15 pts),13.700000000000728,-30.5,3.850000000002183,4,24150.85,24177.3,24145.05,24175.55,24181.7,24184.75,24171.25,24179.4,58.91766554230769,54.5699844687979,67.60892275118819,29.80252451064989
2026-06-19 11:15:00,2026-06-19 13:20:00,cross_down,5,5 (+11 to +15 pts),13.299999999999272,-48.04999999999927,-44.75,25,23964.7,23967.4,23951.45,23961.2,23921.15,23928.45,23914.85,23916.45,37.70703760250342,37.26774899610646,57.564054705147704,39.62690683806314
2026-06-22 10:55:00,2026-06-22 11:00:00,cross_down,2,2 (+3 to +5 pts),5.200000000000728,-9.5,-3.899999999997817,1,24154.8,24168.05,24154.0,24162.85,24162.75,24165.1,24153.35,24158.95,67.98477923711286,67.7053296332123,53.21353827187939,45.73576737407068
2026-06-22 14:25:00,2026-06-22 15:00:00,cross_down,3,3 (+5 to +8 pts),6.650000000001455,-24.799999999999272,-21.599999999998545,7,24124.2,24141.55,24122.55,24138.8,24133.6,24143.0,24114.0,24117.2,55.89455448672882,54.727535015307446,57.46732915243179,23.91859269247049
2026-06-23 09:45:00,2026-06-23 10:35:00,cross_down,6,6 (+15 to +21 pts),15.200000000000728,-16.299999999999272,-6.849999999998545,10,24115.25,24122.75,24107.35,24120.3,24111.75,24119.3,24106.25,24113.45,48.31206045299491,46.92658938429739,55.87905385213074,33.29930348363688
2026-06-23 11:15:00,2026-06-23 11:35:00,cross_down,2,2 (+3 to +5 pts),4.450000000000728,-30.799999999999272,-27.650000000001455,4,24112.95,24130.45,24112.45,24126.0,24102.8,24104.1,24095.2,24098.35,48.45776861104922,47.54073171904851,56.470387388363115,23.033221481182217
2026-06-23 13:00:00,2026-06-23 15:25:00,session_end_forced,6,6 (+15 to +21 pts),18.799999999999272,-134.04999999999927,-123.75,29,23931.15,23933.05,23908.85,23919.0,23796.15,23797.5,23784.95,23795.25,25.13550496992541,23.56596195547409,51.053023097968705,68.49242395337586
2026-06-29 09:25:00,2026-06-29 09:30:00,cross_down,6,6 (+15 to +21 pts),16.600000000002183,-48.0,-47.70000000000073,1,24081.4,24081.4,24051.55,24064.8,24065.7,24065.7,24016.8,24017.1,35.705529205059364,35.45723730286458,55.00285722136966,39.44696142468168
2026-06-29 09:35:00,2026-06-29 11:35:00,cross_down,9,9 (+41 to +64 pts),59.900000000001455,-54.64999999999782,-17.899999999997817,24,24018.7,24063.1,24005.45,24060.1,24030.85,24046.7,24027.8,24042.2,36.26499945129112,34.66609227952547,55.00285722136966,39.239462891224406
2026-07-02 09:20:00,2026-07-02 10:10:00,cross_down,8,8 (+29 to +41 pts),36.650000000001455,-47.25,-47.0,10,24093.35,24127.55,24092.85,24122.8,24099.2,24112.45,24075.55,24075.8,54.96952574798243,52.25651381422002,53.24536131837935,31.15828972472911
2026-07-02 12:15:00,2026-07-02 13:40:00,cross_down,8,8 (+29 to +41 pts),31.299999999999272,-17.5,10.150000000001455,17,24113.05,24127.75,24106.55,24124.05,24139.2,24141.15,24131.35,24134.2,59.09497491983251,57.98647915828647,61.46942015882628,23.430105457078973
2026-07-02 14:40:00,2026-07-02 15:10:00,cross_down,6,6 (+15 to +21 pts),17.75,-7.399999999997817,-0.2999999999992724,6,24173.7,24183.95,24170.85,24176.8,24180.5,24183.6,24169.7,24176.5,64.91296601336964,62.09430812285775,65.62171088850512,36.50719581089475
2026-07-03 09:20:00,2026-07-03 10:00:00,cross_down,8,8 (+29 to +41 pts),31.75,-35.599999999998545,-19.899999999997817,8,24302.9,24339.55,24299.45,24335.05,24335.3,24341.95,24313.1,24315.15,69.83732683086693,67.24912557233127,68.9378497287676,45.21533117589568
2026-07-03 15:15:00,2026-07-03 15:20:00,cross_down,3,3 (+5 to +8 pts),7.700000000000728,-5.200000000000728,-3.9500000000007276,1,24273.4,24274.25,24264.7,24268.2,24268.05,24275.9,24263.0,24264.25,40.378605687823104,40.18396829505262,71.38601264469327,33.039555354005174
2026-07-06 15:10:00,2026-07-06 15:15:00,cross_down,3,3 (+5 to +8 pts),5.75,-7.400000000001455,-4.100000000002183,1,24440.45,24442.95,24435.6,24437.2,24438.2,24438.2,24429.8,24433.1,52.26805882857474,51.43937956525525,72.84799964849218,23.03500586445769
2026-07-06 15:20:00,2026-07-06 15:25:00,session_end_forced,2,2 (+3 to +5 pts),3.900000000001455,-19.549999999999272,-13.549999999999272,1,24432.75,24438.3,24430.6,24437.5,24436.9,24441.4,24417.95,24423.95,55.824339357215024,54.01347125163156,72.3515558082572,24.356910010139288
2026-07-07 09:40:00,2026-07-07 09:45:00,cross_down,5,5 (+11 to +15 pts),12.399999999997817,-19.450000000000728,6.349999999998545,1,24439.8,24462.7,24439.75,24459.2,24458.9,24471.6,24450.45,24465.55,57.77325978280847,56.98363371232881,71.20677188742683,22.95177499474155
2026-07-07 09:50:00,2026-07-07 10:35:00,cross_down,8,8 (+29 to +41 pts),41.099999999998545,-5.099999999998545,20.799999999999272,9,24465.55,24473.85,24458.9,24464.0,24490.35,24497.05,24482.9,24484.8,60.001982180977265,59.37324181560711,71.20677188742683,24.303606387561313
2026-07-07 14:05:00,2026-07-07 15:05:00,cross_down,4,4 (+8 to +11 pts),9.399999999997817,-58.80000000000291,-58.60000000000218,12,24452.95,24464.9,24449.15,24463.65,24426.5,24426.95,24404.85,24405.05,46.829087938473705,44.89865315515607,69.52130521084169,33.2347912445795
2026-07-08 10:15:00,2026-07-08 12:05:00,cross_down,9,9 (+41 to +64 pts),49.20000000000073,-31.549999999999272,-23.849999999998545,22,24236.2,24250.8,24228.3,24250.8,24235.4,24243.9,24225.6,24226.95,24.21085055174687,24.050775722729746,52.140192392001936,50.06064347610588
2026-07-10 14:45:00,2026-07-10 14:50:00,cross_down,4,4 (+8 to +11 pts),8.400000000001455,-18.899999999997817,-18.349999999998545,1,24210.45,24228.45,24205.8,24220.05,24221.65,24221.9,24201.15,24201.7,62.19507649291628,61.28947196905651,51.20896103496174,26.42735665889717
2026-07-13 10:15:00,2026-07-13 13:25:00,cross_down,10,10 (+64 to +504 pts),146.0,-9.200000000000728,57.60000000000218,38,24113.55,24120.75,24104.6,24113.8,24201.15,24203.55,24161.8,24171.4,45.929519019339196,45.78616859787051,52.64770002785271,20.793458138797096
2026-07-13 14:20:00,2026-07-13 15:00:00,cross_down,7,7 (+21 to +28 pts),21.549999999999272,-15.25,-1.8999999999978172,8,24223.25,24238.25,24220.55,24229.3,24229.7,24233.55,24215.3,24227.4,59.438568835241554,58.638000667651184,55.26707062319936,26.774799129614408
2026-07-14 10:30:00,2026-07-14 12:15:00,cross_down,9,9 (+41 to +64 pts),45.29999999999927,-29.049999999999272,-14.75,21,24087.55,24109.95,24082.65,24101.05,24093.35,24093.35,24072.0,24086.3,36.98504341983481,35.64779503460211,51.84607325930948,48.14128547541602
2026-07-17 14:50:00,2026-07-17 14:55:00,cross_down,5,5 (+11 to +15 pts),13.849999999998545,-9.25,-9.200000000000728,1,24323.9,24325.5,24313.9,24320.95,24321.05,24334.8,24311.7,24311.75,65.93554516749232,65.27167017131981,63.5142322938764,50.334167362455446
2026-07-17 15:05:00,2026-07-17 15:15:00,cross_down,2,2 (+3 to +5 pts),4.700000000000728,-13.25,-4.549999999999272,2,24322.05,24335.05,24321.75,24333.55,24328.9,24330.4,24320.3,24329.0,67.08780424430337,66.45702075896598,63.5142322938764,55.15576448616642
2026-07-17 15:20:00,2026-07-17 15:25:00,session_end_forced,4,4 (+8 to +11 pts),9.850000000002183,-16.450000000000728,3.900000000001455,1,24327.25,24343.5,24326.35,24342.8,24341.55,24352.65,24339.2,24346.7,68.78795839245734,68.36087614487866,66.34510105600025,55.56811154098811
2026-07-20 10:35:00,2026-07-20 11:35:00,cross_down,4,4 (+8 to +11 pts),10.700000000000728,-29.25,-14.350000000002183,12,24225.6,24226.9,24213.95,24224.2,24206.75,24215.45,24194.95,24209.85,48.48712580219036,47.467462051670154,64.37073240788912,25.75310043661225
2026-07-20 12:55:00,2026-07-20 14:40:00,cross_down,10,10 (+64 to +504 pts),79.29999999999927,-23.5,50.29999999999927,21,24164.85,24190.3,24163.3,24186.8,24230.45,24242.75,24225.6,24237.1,38.536371462980355,35.661805839410434,57.42672076659109,42.507962816718425
2026-07-21 09:15:00,2026-07-21 09:20:00,cross_down,3,3 (+5 to +8 pts),6.650000000001455,-51.95000000000073,-19.0,1,24216.05,24262.2,24203.6,24255.55,24256.15,24257.8,24228.4,24236.55,54.51757935571726,54.45655228539889,55.01140036300415,21.957234403680644
2026-07-21 11:15:00,2026-07-21 15:25:00,session_end_forced,5,5 (+11 to +15 pts),13.150000000001455,-48.39999999999782,9.0,50,24186.45,24188.7,24177.05,24184.05,24187.55,24196.15,24183.55,24193.05,39.727378606917334,37.67489368994211,50.800231340815806,51.719190076783256
2026-07-28 15:15:00,2026-07-28 15:25:00,session_end_forced,5,5 (+11 to +15 pts),10.94999999999709,-33.70000000000073,-14.600000000002183,2,23969.0,24004.4,23968.7,24002.4,23990.55,23995.65,23976.4,23987.8,45.27020548364917,42.53499844841878,59.34127569226305,31.068254880915376
2026-07-30 11:15:00,2026-07-30 11:45:00,cross_down,4,4 (+8 to +11 pts),9.349999999998545,-22.100000000002183,-16.850000000002183,6,24264.9,24282.5,24262.7,24273.15,24265.8,24266.7,24251.05,24256.3,55.644714265930986,54.95559275560215,76.55407896892011,19.07360772653666
2026-07-30 12:30:00,2026-07-30 13:10:00,cross_down,7,7 (+21 to +28 pts),24.650000000001455,-57.900000000001455,-42.75,8,24264.3,24331.4,24261.95,24306.75,24281.05,24283.15,24248.85,24264.0,55.999799081087744,53.86727908738921,75.97058966647201,21.596647288040526
2026-07-30 15:00:00,2026-07-30 15:25:00,session_end_forced,9,9 (+41 to +64 pts),43.10000000000218,-31.099999999998545,-3.25,5,24273.1,24302.35,24268.75,24299.85,24337.05,24342.95,24292.75,24296.6,52.41303003030602,50.0601322554258,74.88703741986457,23.418554172063786
2026-07-31 12:45:00,2026-07-31 13:15:00,cross_down,5,5 (+11 to +15 pts),14.75,-13.049999999999272,7.5,6,24402.0,24413.95,24400.05,24413.1,24414.3,24421.75,24412.7,24420.6,74.10751138896863,73.79110193893831,77.56919358427885,50.207627302048024
2026-08-03 09:20:00,2026-08-03 10:45:00,cross_down,10,10 (+64 to +504 pts),65.40000000000146,-11.549999999999272,61.79999999999927,17,24530.15,24539.5,24515.5,24527.05,24583.75,24589.45,24579.45,24588.85,59.04130939079187,53.155401398050095,74.99695911033392,34.54075827184175
2026-08-04 14:00:00,2026-08-04 15:25:00,session_end_forced,10,10 (+64 to +504 pts),169.5,-9.25,169.5,17,24450.6,24450.6,24436.15,24445.4,24463.45,24614.9,24463.45,24614.9,28.463743086704426,27.877935976409553,61.84974863315421,70.09435579932519
2026-08-05 10:55:00,2026-08-05 11:10:00,cross_down,6,6 (+15 to +21 pts),19.099999999998545,-28.099999999998545,-12.049999999999272,3,24618.2,24644.75,24615.4,24643.5,24627.25,24640.65,24617.9,24631.45,59.93313241399945,59.76380806048425,57.328087139607554,27.61587921446185
2026-08-05 14:00:00,2026-08-05 14:20:00,cross_down,4,4 (+8 to +11 pts),9.799999999999272,-26.549999999999272,-19.0,4,24514.45,24526.85,24513.45,24524.5,24507.45,24516.8,24503.4,24505.5,40.38557241835332,40.180204840124524,55.388774278500456,23.118123970079463
2026-08-05 14:35:00,2026-08-05 15:25:00,session_end_forced,10,10 (+64 to +504 pts),108.0,-15.900000000001455,108.0,10,24506.1,24520.35,24501.5,24516.65,24570.2,24624.65,24570.2,24624.65,40.45056374233759,38.52671197877883,53.15721776059955,18.794790362449717
2026-08-06 14:20:00,2026-08-06 14:30:00,cross_down,3,3 (+5 to +8 pts),5.299999999999272,-23.25,-8.200000000000728,2,24654.5,24658.75,24649.35,24657.5,24655.45,24659.45,24634.25,24649.3,57.26657281649132,56.38499430774044,59.06944424927417,21.85269180084053
2026-08-07 11:15:00,2026-08-07 12:20:00,cross_down,8,8 (+29 to +41 pts),28.94999999999709,-29.75,-24.55000000000291,13,24569.1,24569.1,24558.45,24562.65,24538.5,24546.95,24534.15,24538.1,36.22486913901809,35.07025718084056,53.061951589351175,51.18050591582032
