entry_time,exit_time,exit_reason,mfe_bucket,mfe_bucket_label,mfe_pts,mae_pts,final_pts,window_bars,entry_open,entry_high,entry_low,entry_close,exit_open,exit_high,exit_low,exit_close,fast_rsi_entry,mid_rsi_entry,slow_rsi_entry,fast_adx_entry
2017-04-28 13:45:00,2017-04-28 15:15:00,session_end_forced,1,1 (+0 to +6 pts),3.75,-15.300000000001091,-8.899999999999636,6,9307.65,9314.3,9304.95,9312.6,9299.45,9309.3,9298.1,9303.7,47.678093861724825,47.29178617013696,54.2284972619262,40.593927359651154
2017-05-02 12:45:00,2017-05-02 15:15:00,session_end_forced,3,3 (+10 to +14 pts),11.5,-17.399999999999636,8.850000000000364,10,9300.5,9310.95,9299.55,9308.9,9313.2,9319.65,9307.55,9317.75,46.74678058085318,46.73757264013664,56.129524482145136,27.301986413436435
2017-05-03 14:00:00,2017-05-03 14:15:00,cross_down,1,1 (+0 to +6 pts),1.25,-16.299999999999272,-8.599999999998545,1,9319.7,9320.55,9312.95,9319.3,9319.15,9319.4,9303.0,9310.7,51.45067970375274,50.91173445504464,58.04440993674335,17.454834640150082
2017-05-04 09:15:00,2017-05-04 12:15:00,cross_down,3,3 (+10 to +14 pts),13.050000000001091,-25.799999999999272,-19.549999999999272,12,9355.74,9362.1,9341.25,9349.05,9332.35,9332.7,9323.25,9329.5,51.01173442110181,49.201617749082516,58.72385104530346,25.311734494460698
2017-05-04 13:30:00,2017-05-04 15:15:00,session_end_forced,5,5 (+18 to +25 pts),18.850000000000364,-5.849999999998545,10.550000000001091,7,9343.85,9348.55,9340.95,9346.8,9361.3,9365.6,9356.3,9357.35,56.96716937699513,55.77698745916378,58.72385104530346,17.91914751271874
2017-05-08 09:15:00,2017-05-08 15:15:00,session_end_forced,6,6 (+25 to +34 pts),32.80000000000109,-7.949999999998909,4.850000000000364,24,9311.54,9317.65,9302.0,9305.9,9320.25,9320.35,9309.15,9310.75,43.05550974440988,39.91647374360322,58.83615985137619,35.69796043778523
2017-05-09 12:45:00,2017-05-09 14:15:00,cross_down,3,3 (+10 to +14 pts),10.399999999999636,-8.100000000000364,-5.200000000000728,6,9326.55,9327.95,9323.8,9327.7,9324.4,9327.6,9321.9,9322.5,53.092855909624646,51.3427294729833,58.34596190984799,14.517456596663393
2017-05-10 09:15:00,2017-05-10 13:45:00,cross_down,7,7 (+34 to +46 pts),35.79999999999927,-20.850000000000364,22.049999999999272,18,9339.83,9359.4,9336.0,9356.85,9382.05,9382.95,9375.85,9378.9,52.10468439341608,51.23713522624214,58.19364793249222,27.658455442552267
2017-05-10 14:00:00,2017-05-10 14:15:00,cross_down,1,1 (+0 to +6 pts),3.4500000000007276,-12.5,2.9500000000007276,1,9379.1,9392.9,9379.05,9391.55,9391.7,9395.0,9386.45,9394.5,64.63226743981377,64.41208592407949,58.19364793249222,24.12053821805368
2017-05-10 14:30:00,2017-05-10 15:15:00,session_end_forced,5,5 (+18 to +25 pts),21.299999999999272,-3.2000000000007276,16.399999999999636,3,9394.7,9397.2,9390.25,9393.45,9405.8,9414.75,9405.35,9409.85,66.59200131994444,66.36533387365986,58.19364793249222,25.842958059361077
2017-05-15 09:15:00,2017-05-15 13:00:00,cross_down,4,4 (+14 to +18 pts),14.899999999999636,-10.100000000000364,-2.650000000001455,15,9432.27,9443.55,9426.7,9433.2,9431.0,9435.6,9430.15,9430.55,54.153841479362306,51.146740947732496,63.97131888593739,25.836579320280478
2017-05-16 09:15:00,2017-05-16 10:30:00,cross_down,3,3 (+10 to +14 pts),10.600000000000364,-25.700000000000728,-12.600000000000364,5,9461.08,9486.15,9456.3,9482.0,9473.0,9474.0,9466.8,9469.4,67.02438743458298,65.77776803068325,65.97222872341672,32.680683900996826
2017-05-16 14:00:00,2017-05-16 15:15:00,session_end_forced,1,1 (+0 to +6 pts),5.300000000001091,-14.449999999998909,-1.8500000000003638,5,9498.45,9512.5,9497.45,9511.9,9511.0,9515.45,9507.45,9510.05,76.33929351088241,73.17458386267084,65.97222872341672,53.159536613676224
2017-05-19 09:30:00,2017-05-19 11:45:00,cross_down,4,4 (+14 to +18 pts),14.350000000000364,-65.75,-55.649999999999636,9,9478.55,9497.65,9477.7,9491.4,9432.95,9441.7,9425.65,9435.75,42.20200233462733,38.76859584157211,67.90641432532269,48.13776383514613
2017-05-19 14:30:00,2017-05-19 15:15:00,session_end_forced,2,2 (+6 to +10 pts),8.0,-12.950000000000728,4.950000000000728,3,9417.35,9436.2,9417.05,9430.0,9421.05,9436.6,9417.35,9434.95,43.24114834443122,41.14411094879909,67.90641432532269,30.293337255674857
2017-05-22 13:15:00,2017-05-22 13:30:00,cross_down,1,1 (+0 to +6 pts),3.75,-14.649999999999636,-0.2999999999992724,1,9435.1,9446.4,9428.0,9442.65,9442.6,9444.65,9432.85,9442.35,47.23883021450921,47.14109241796505,65.77298063064187,26.159579459363812
2017-05-22 13:45:00,2017-05-22 14:30:00,cross_down,1,1 (+0 to +6 pts),5.400000000001455,-21.349999999998545,-18.299999999999272,3,9443.0,9456.85,9438.9,9454.8,9440.25,9446.35,9433.45,9436.5,48.81647031997619,47.14109241796505,65.77298063064187,24.0188140713469
2017-05-23 12:45:00,2017-05-23 15:15:00,session_end_forced,6,6 (+25 to +34 pts),33.20000000000073,-33.0,-23.549999999999272,10,9395.65,9404.85,9394.65,9403.0,9383.15,9391.3,9379.0,9379.45,41.45295010728849,38.51955367942901,64.26414224504589,33.38595289633406
2017-05-25 09:15:00,2017-05-25 15:15:00,session_end_forced,10,10 (+102 to +432 pts),138.25,-5.849999999998545,115.80000000000109,24,9385.34,9397.05,9379.65,9385.05,9515.1,9518.4,9495.7,9500.85,42.32983589762728,39.00810405884209,57.0673744916579,25.365032102681187
2017-06-02 09:15:00,2017-06-02 12:15:00,cross_down,4,4 (+14 to +18 pts),15.899999999999636,-20.149999999999636,-2.649999999999636,12,9655.56,9673.5,9651.8,9657.6,9652.15,9656.7,9651.8,9654.95,56.590801408743836,51.75426867085075,69.63212810208952,25.663343652443608
2017-06-05 11:30:00,2017-06-05 12:30:00,cross_down,2,2 (+6 to +10 pts),8.899999999999636,-4.049999999999272,1.9500000000007276,4,9677.7,9682.8,9676.9,9677.65,9676.7,9683.55,9673.6,9679.6,66.27232215492721,65.26031190921381,70.92292675236745,30.010620533755173
2017-06-07 09:30:00,2017-06-07 12:15:00,cross_down,4,4 (+14 to +18 pts),16.349999999998545,-19.450000000000728,-18.80000000000109,11,9659.5,9666.1,9654.15,9662.2,9663.45,9665.0,9642.75,9643.4,46.25370080897737,45.36924464486627,71.48461528144415,28.703727664999345
2017-06-08 13:00:00,2017-06-08 13:15:00,cross_down,1,1 (+0 to +6 pts),0.6499999999996362,-11.299999999999272,-9.700000000000728,1,9652.95,9664.4,9652.45,9663.75,9663.65,9664.05,9653.4,9654.05,52.07865761781022,50.338723999388655,71.22451343180424,14.094214034246814
2017-06-08 13:30:00,2017-06-08 14:45:00,cross_down,2,2 (+6 to +10 pts),6.149999999999636,-19.75,-12.199999999998909,5,9654.25,9665.95,9653.75,9662.15,9650.05,9652.0,9642.4,9649.95,52.52837900362479,51.43157985921149,71.22451343180424,15.464902921612424
2017-06-09 12:30:00,2017-06-09 15:15:00,session_end_forced,7,7 (+34 to +46 pts),40.350000000000364,-15.25,30.899999999999636,11,9626.8,9638.1,9620.65,9635.9,9666.8,9670.4,9664.75,9666.8,42.63408289638069,40.07887416936723,69.82136630953923,18.839848738952828
2017-06-14 12:30:00,2017-06-14 15:15:00,session_end_forced,5,5 (+18 to +25 pts),20.100000000000364,-18.549999999999272,12.100000000000364,11,9587.1,9603.65,9584.6,9603.15,9617.0,9619.6,9611.05,9615.25,38.93440978093226,35.877046588227294,63.00356342205458,37.95386223309877
2017-06-15 14:45:00,2017-06-15 15:15:00,session_end_forced,2,2 (+6 to +10 pts),9.5,-7.600000000000364,-2.350000000000364,2,9571.7,9578.7,9568.85,9576.45,9578.95,9581.05,9571.9,9574.1,36.76884912080399,35.73249261182274,61.17537257532903,44.53344830521095
2017-06-21 14:30:00,2017-06-21 15:15:00,session_end_forced,3,3 (+10 to +14 pts),13.299999999999272,-6.200000000000728,2.399999999999636,3,9641.5,9647.55,9633.35,9634.25,9629.55,9639.8,9629.05,9636.65,49.763978737100864,47.50996894833987,57.62017893749527,44.70375162661716
2017-06-23 13:45:00,2017-06-23 15:15:00,session_end_forced,2,2 (+6 to +10 pts),6.850000000000364,-30.299999999999272,-20.549999999999272,6,9586.6,9600.75,9577.3,9596.05,9572.25,9578.0,9565.75,9575.5,39.951216141332736,37.83807307418928,56.49849997847094,34.69136189070448
2017-06-27 11:15:00,2017-06-27 13:45:00,cross_down,1,1 (+0 to +6 pts),1.7000000000007276,-59.100000000000364,-58.25,10,9525.6,9536.35,9524.8,9535.15,9495.95,9498.45,9476.05,9476.9,28.332751275046483,28.244362361903132,53.35909886400597,40.39408602088217
2017-06-27 14:15:00,2017-06-27 15:15:00,session_end_forced,6,6 (+25 to +34 pts),34.149999999999636,-12.950000000000728,22.75,4,9475.15,9492.65,9473.65,9486.6,9518.25,9520.75,9508.45,9509.35,24.586721462798266,23.50450620118713,53.35909886400597,54.91186421787319
2017-07-06 09:45:00,2017-07-06 13:15:00,cross_down,5,5 (+18 to +25 pts),22.599999999998545,-8.75,10.699999999998909,14,9657.45,9668.8,9655.7,9664.45,9682.8,9683.55,9674.45,9675.15,66.6373441124799,64.1371143079217,51.08700668244516,26.076127171028688
2017-07-07 14:15:00,2017-07-07 14:30:00,cross_down,3,3 (+10 to +14 pts),10.0,-8.75,-4.700000000000728,1,9676.35,9684.25,9671.3,9674.25,9674.3,9675.45,9665.5,9669.55,59.89552815567689,59.65404338337202,54.60421670238568,34.00636438393716
2017-07-07 14:45:00,2017-07-07 15:00:00,cross_down,1,1 (+0 to +6 pts),0.7000000000007276,-19.100000000000364,-12.100000000000364,1,9669.55,9677.1,9668.65,9676.4,9676.1,9676.85,9657.3,9664.3,60.86076161284478,59.65404338337202,54.60421670238568,31.352698593272194
2017-07-10 09:15:00,2017-07-10 15:15:00,session_end_forced,9,9 (+65 to +101 pts),97.94999999999891,-37.600000000000364,78.89999999999964,24,9701.86,9766.0,9646.6,9684.2,9771.7,9773.2,9760.8,9763.1,57.81945848917053,57.3257471808488,56.996374685679534,33.1920687325333
2017-07-11 12:45:00,2017-07-11 13:15:00,cross_down,1,1 (+0 to +6 pts),4.799999999999272,-15.350000000000364,-11.450000000000728,2,9824.8,9830.05,9823.35,9825.25,9826.65,9827.7,9809.9,9813.8,82.09018280890028,81.75519554845755,61.43004993217198,61.56762389197055
2017-07-13 09:30:00,2017-07-13 11:30:00,cross_down,5,5 (+18 to +25 pts),18.30000000000109,-2.4499999999989086,-1.75,8,9874.1,9878.35,9865.7,9868.05,9871.75,9876.55,9865.6,9866.3,70.53972045165881,67.83047628259187,68.90671183138758,33.12704171872213
2017-07-19 09:30:00,2017-07-19 15:15:00,session_end_forced,7,7 (+34 to +46 pts),41.75,-7.349999999998545,38.80000000000109,23,9857.3,9875.6,9855.95,9863.3,9898.1,9905.05,9896.15,9902.1,43.884628530963596,40.255579676553666,74.66355905854326,42.68027249779058
2017-07-21 09:30:00,2017-07-21 12:00:00,cross_down,4,4 (+14 to +18 pts),15.200000000000728,-21.149999999999636,-16.350000000000364,10,9891.3,9905.1,9888.75,9904.65,9890.75,9896.7,9883.5,9888.3,51.15619814155436,49.38133422830087,71.86104702424103,27.014624207985353
2017-07-21 14:45:00,2017-07-21 15:15:00,session_end_forced,5,5 (+18 to +25 pts),23.700000000000728,-5.149999999999636,13.149999999999636,2,9905.85,9908.25,9895.85,9901.0,9916.9,9924.7,9912.0,9914.15,49.91475443113174,48.896714330316925,71.86104702424103,30.659881074625524
2017-07-26 10:30:00,2017-07-26 11:15:00,cross_down,1,1 (+0 to +6 pts),4.5,-7.549999999999272,-2.0499999999992724,3,9986.35,9993.45,9984.95,9992.5,9990.05,9991.0,9987.75,9990.45,62.131362367038165,61.99557134441848,72.21776689195677,31.29903491319452
2017-07-26 11:30:00,2017-07-26 13:00:00,cross_down,4,4 (+14 to +18 pts),16.649900000000343,-4.850000000000364,1.6000000000003638,6,9990.35,9995.05,9989.3,9994.15,10004.1,10004.8999,9990.95,9995.75,63.97116633023931,63.54959656156794,72.21776689195677,38.18400748860721
2017-07-27 09:15:00,2017-07-27 12:15:00,cross_down,7,7 (+34 to +46 pts),37.899999999999636,-22.0,7.20010000000002,12,10065.2999,10084.6,10054.8999,10076.8999,10104.3999,10104.6,10082.8999,10084.1,72.94050995030831,70.67285536234462,73.53275238386027,45.05453185797441
2017-07-28 14:45:00,2017-07-28 15:15:00,session_end_forced,6,6 (+25 to +34 pts),33.149999999999636,-21.600000000000364,9.149999999999636,2,9976.45,9992.9,9971.25,9992.85,10014.5,10026.0,10001.2,10002.0,43.74519575468887,42.80635072579658,74.56242041966512,39.082378658162476
2017-08-03 12:45:00,2017-08-03 14:30:00,cross_down,1,1 (+0 to +6 pts),3.2001000000000204,-51.09989999999925,-39.09989999999925,7,10043.6,10052.5,10042.7,10049.2999,10031.8999,10032.6,9998.2,10010.2,41.50367662304892,40.94491080131522,74.70306974151,33.28485557318205
2017-08-04 09:30:00,2017-08-04 15:15:00,session_end_forced,8,8 (+47 to +65 pts),53.90010000000075,-32.949899999999616,48.800100000000384,23,10009.5,10023.1,10003.3999,10021.2999,10070.7999,10075.2,10065.2999,10070.1,35.00481343415292,33.4114894152185,70.67993099505645,44.808125966789135
2017-08-09 10:15:00,2017-08-09 15:15:00,session_end_forced,1,1 (+0 to +6 pts),4.5,-72.25,-65.89999999999964,20,9956.25,9969.8,9955.95,9965.3,9910.8,9915.05,9893.05,9899.4,35.8625123463393,31.154304206942786,63.24203571121663,41.4492437395
2017-09-05 09:15:00,2017-09-05 12:15:00,cross_down,5,5 (+18 to +25 pts),18.94999999999891,-28.950000000000728,-18.30000000000109,12,9930.29,9936.7,9912.75,9929.95,9920.1,9920.25,9901.0,9911.65,49.48457184006609,48.8929378199461,51.76699362405547,30.639698046954607
2017-09-05 13:45:00,2017-09-05 15:15:00,session_end_forced,6,6 (+25 to +34 pts),28.75,-8.850000000000364,11.600000000000364,6,9926.35,9936.1,9925.5,9934.35,9955.6,9956.4,9944.25,9945.95,52.33432466714121,50.77656657747202,51.76699362405547,22.26849023786724
2017-09-06 12:45:00,2017-09-06 15:15:00,session_end_forced,3,3 (+10 to +14 pts),12.899999999999636,-9.850000000000364,-3.149999999999636,10,9913.85,9919.8,9909.5,9918.65,9912.15,9917.3,9908.8,9915.5,48.13567576731408,47.981935695913045,52.776814926632355,22.1307726231074
2017-09-07 13:45:00,2017-09-07 15:15:00,cross_down,1,1 (+0 to +6 pts),5.600000000000364,-20.349999999998545,-17.399999999999636,6,9936.65,9946.9,9936.0,9941.3,9936.7,9937.3,9920.95,9923.9,52.2271987497534,50.86936255931032,52.708410949304266,19.080739100724273
2017-09-08 09:15:00,2017-09-08 11:15:00,cross_down,2,2 (+6 to +10 pts),6.800000000001091,-27.5,-14.299999999999272,8,9958.46,9963.6,9951.05,9956.8,9945.4,9948.65,9941.15,9942.5,54.48834808720213,51.56340584007621,52.87763593115871,17.624987189704104
2017-09-11 09:15:00,2017-09-11 15:15:00,cross_down,7,7 (+34 to +46 pts),43.350000000000364,-16.399999999999636,20.850000000000364,24,9974.62,10000.5,9968.85,9985.25,10007.3999,10008.7999,9999.05,10006.1,51.71051612774334,50.6639504390745,53.01665632224301,30.54053370898196
2017-09-12 11:00:00,2017-09-12 11:15:00,cross_down,1,1 (+0 to +6 pts),2.0,-6.79989999999998,-4.0,1,10057.2,10060.2999,10054.8999,10058.2999,10058.3999,10059.3999,10051.5,10054.2999,69.21403775737359,68.25551286905312,55.309572474309945,56.88434196031017
2017-09-12 14:45:00,2017-09-12 15:15:00,session_end_forced,3,3 (+10 to +14 pts),10.399999999999636,-10.800100000000384,0.5,2,10078.3999,10089.6,10076.2999,10087.1,10092.6,10096.6,10085.7999,10087.6,77.25155579687421,75.13535435301318,55.309572474309945,55.79134279732028
2017-09-15 13:15:00,2017-09-15 13:30:00,cross_down,1,1 (+0 to +6 pts),4.899900000000343,-12.5,-6.799999999999272,1,10063.3999,10065.8999,10060.3999,10061.0,10060.6,10061.6,10048.5,10054.2,46.85968748837053,46.65134632343511,63.20961777465191,26.349725509685328
2017-09-15 13:45:00,2017-09-15 15:15:00,session_end_forced,8,8 (+47 to +65 pts),47.0,-16.600000000000364,17.699899999999616,6,10054.1,10070.3999,10051.5,10068.1,10085.2999,10088.7999,10076.5,10085.7999,47.99299427507868,46.65134632343511,63.20961777465191,25.40946836168835
2017-09-21 12:45:00,2017-09-21 15:15:00,session_end_forced,7,7 (+34 to +46 pts),41.09989999999925,-9.300100000000384,23.299999999999272,10,10101.8999,10106.6,10100.3999,10100.7,10125.1,10125.7,10117.1,10124.0,38.853131924524426,37.80892015083841,69.70725271732695,37.034963351143105
2017-09-22 13:15:00,2017-09-22 15:15:00,session_end_forced,2,2 (+6 to +10 pts),7.29989999999998,-55.20000000000073,-45.350000000000364,8,10012.5,10015.2999,10005.5,10008.0,9965.0,9967.1,9952.8,9962.65,32.31482712789476,28.146674155391977,69.22645038219548,46.06886481993557
2017-09-25 10:30:00,2017-09-25 15:15:00,session_end_forced,2,2 (+6 to +10 pts),8.400000000001455,-69.25,-10.799999999999272,19,9850.7,9893.7,9847.75,9885.3,9875.7,9884.75,9873.7,9874.5,20.814355560596155,17.44931006449466,62.34936801691484,69.65419840732962
2017-10-11 09:45:00,2017-10-11 11:15:00,cross_down,1,1 (+0 to +6 pts),4.400100000000748,-9.699899999999616,-9.199899999999616,6,10056.6,10065.0,10054.5,10062.7999,10054.8999,10059.5,10053.1,10053.6,66.50295678028299,65.98652511466028,51.486677584383884,30.90200646162065
2017-10-12 11:00:00,2017-10-12 13:00:00,cross_down,4,4 (+14 to +18 pts),14.899999999999636,-15.100000000000364,-6.300100000000384,8,10024.7999,10032.0,10021.5,10022.1,10008.0,10021.8999,10007.0,10015.7999,52.19114550289217,51.96122770992353,52.11976045998109,25.342897215354842
2017-10-12 14:00:00,2017-10-12 15:15:00,session_end_forced,8,8 (+47 to +65 pts),59.39990000000034,-20.0,53.29989999999998,5,10026.3999,10045.3999,10025.0,10045.0,10097.5,10104.3999,10094.6,10098.2999,56.005573300710424,53.03331265655533,52.11976045998109,21.62085969196863
2017-10-18 13:30:00,2017-10-18 15:15:00,session_end_forced,3,3 (+10 to +14 pts),10.899900000000343,-25.20010000000002,-10.20010000000002,7,10211.6,10228.8999,10210.5,10225.5,10203.5,10220.2999,10200.2999,10215.2999,54.41289230258965,53.13317011350224,65.78337835932028,38.76365880201211
2017-10-23 14:00:00,2017-10-23 15:15:00,session_end_forced,6,6 (+25 to +34 pts),32.0,-14.899999999999636,26.29989999999998,5,10150.7999,10167.6,10149.7,10164.6,10189.8999,10196.6,10183.1,10190.8999,42.276920477420994,40.52857581057371,67.10464826071147,45.546713806626705
2017-10-25 09:15:00,2017-10-25 14:45:00,cross_down,9,9 (+65 to +101 pts),82.60009999999966,-17.0,35.300100000000384,22,10318.3999,10340.5,10256.0,10257.8999,10292.2,10301.7,10290.2,10293.2,57.60142405061467,53.63248487939539,67.40414712287321,30.035982654562485
2017-11-01 09:15:00,2017-11-01 13:45:00,cross_down,7,7 (+34 to +46 pts),44.899999999999636,-23.700000000000728,25.899999999999636,18,10391.0,10411.3999,10383.0,10406.7,10427.1,10433.2999,10424.6,10432.6,51.65009409559228,49.941031626868345,73.17265644239438,31.631431352068212
2017-11-06 12:45:00,2017-11-06 14:30:00,cross_down,3,3 (+10 to +14 pts),13.600000000000364,-13.899999999999636,-9.099899999999252,7,10463.7999,10478.1,10463.7,10476.7999,10467.0,10472.7,10462.8999,10467.7,61.34228102693037,58.573505047535754,75.53390938127926,20.867595527363203
2017-11-06 14:45:00,2017-11-06 15:00:00,cross_down,1,1 (+0 to +6 pts),4.5,-22.600099999999657,-21.70010000000002,1,10467.3999,10481.5,10466.8999,10477.0,10476.8999,10477.7999,10454.3999,10455.2999,62.522209007031364,62.50175597835683,75.53390938127926,28.935598853084297
2017-11-08 09:30:00,2017-11-08 15:15:00,session_end_forced,1,1 (+0 to +6 pts),4.800100000000384,-87.79989999999998,-57.79989999999998,23,10376.2999,10378.1,10357.1,10373.2999,10306.8999,10318.2,10302.1,10315.5,35.65247004729433,33.702826410180094,70.90978645289289,37.82547251917667
2017-11-13 12:15:00,2017-11-13 14:00:00,cross_down,1,1 (+0 to +6 pts),3.699899999999616,-29.300100000000384,-18.100000000000364,7,10274.0,10282.7,10272.2999,10281.7,10264.2999,10266.3999,10252.3999,10263.6,43.600667069137,42.07076272026482,61.03355433149945,22.7948861140841
2017-11-14 13:15:00,2017-11-14 15:15:00,session_end_forced,5,5 (+18 to +25 pts),23.899999999999636,-23.899900000000343,-18.199899999999616,8,10192.2,10210.7,10189.7999,10199.3999,10180.0,10188.6,10175.5,10181.2,30.29529741108169,26.701499092670545,55.72694929319642,40.308809148606045
2017-11-24 09:30:00,2017-11-24 14:30:00,cross_down,6,6 (+25 to +34 pts),26.20010000000002,-5.599899999999252,13.300100000000384,20,10376.0,10383.7999,10372.7,10378.2999,10394.2999,10399.2,10388.7,10391.6,58.794039233920245,57.41513129883176,54.44329749227041,30.61179672883182
2017-11-27 14:15:00,2017-11-27 15:15:00,session_end_forced,6,6 (+25 to +34 pts),32.5,-3.899999999999636,30.0,4,10377.0,10378.7999,10370.7,10374.6,10400.8999,10407.1,10397.7999,10404.6,53.67749309476417,51.80329517327142,57.08373646751737,37.29785727162808
2017-11-28 13:00:00,2017-11-28 13:45:00,cross_down,3,3 (+10 to +14 pts),12.20010000000002,-23.099899999999252,-20.399999999999636,3,10392.3999,10397.8999,10392.3999,10397.2999,10400.7,10403.6,10374.2,10376.8999,57.50731221665976,56.90644965607677,59.442282157322,15.855227733300936
2017-11-29 11:15:00,2017-11-29 14:00:00,cross_down,2,2 (+6 to +10 pts),9.100000000000364,-19.599899999999252,-14.79989999999998,11,10379.8999,10388.8999,10378.7999,10383.7999,10377.7999,10378.2,10364.2,10369.0,51.84329700645775,50.34785622487216,59.07397021516959,14.959196888109338
2017-11-30 13:45:00,2017-11-30 15:15:00,session_end_forced,6,6 (+25 to +34 pts),28.5,-72.5,-55.0,6,10278.2,10289.7,10277.2,10283.7,10222.0,10234.2,10212.1,10228.7,32.14444802449695,27.94721176857049,58.22959739906364,44.13346109300702
2017-12-19 14:45:00,2017-12-19 15:15:00,session_end_forced,4,4 (+14 to +18 pts),16.100000000000364,-8.800100000000384,14.29989999999998,2,10453.2999,10458.6,10447.2999,10456.1,10466.2999,10472.2,10462.3999,10470.3999,70.86641774482806,68.90217078437615,53.47793653667415,30.98700694995786
2017-12-22 09:45:00,2017-12-22 14:00:00,cross_down,6,6 (+25 to +34 pts),31.0,-7.29989999999998,13.300100000000384,17,10458.2999,10463.1,10455.0,10462.2999,10483.7999,10490.1,10475.5,10475.6,52.04149174623087,51.39738207742489,60.06301942564384,15.273058944503653
2017-12-27 09:30:00,2017-12-27 11:45:00,cross_down,3,3 (+10 to +14 pts),12.400100000000748,-10.0,1.400100000000748,9,10527.5,10539.8999,10525.7999,10535.7999,10536.5,10541.1,10534.3999,10537.2,67.71113731313022,65.9112149575735,64.02727232376512,32.85629358333553
2017-12-28 14:00:00,2017-12-28 15:15:00,cross_down,4,4 (+14 to +18 pts),15.600099999999657,-58.5,-51.5,5,10511.5,10525.8999,10509.8999,10518.8999,10472.1,10474.2999,10460.3999,10467.3999,53.46003434888074,51.196273867757256,63.75319919159372,32.80842839776911
2017-12-29 09:15:00,2017-12-29 12:45:00,cross_down,4,4 (+14 to +18 pts),15.0,-23.399999999999636,-1.2999999999992724,14,10494.7,10515.3999,10488.6,10512.0,10511.2999,10512.8999,10508.2999,10510.7,49.625970976951635,46.62224616269966,63.24937526583203,29.61371689015456
2017-12-29 13:00:00,2017-12-29 13:15:00,cross_down,2,2 (+6 to +10 pts),5.70010000000002,-4.5,1.2001000000000204,1,10510.7999,10516.5,10510.3999,10514.8999,10515.0,10520.6,10510.7,10516.1,51.66046341274634,51.586528153016005,63.24937526583203,10.721218980017893
2017-12-29 14:00:00,2017-12-29 15:15:00,session_end_forced,4,4 (+14 to +18 pts),15.5,-9.900100000000748,4.699899999999616,5,10514.7,10527.1,10513.2999,10523.2,10534.2999,10538.7,10526.2999,10527.8999,54.48316220622632,52.32999939254371,63.24937526583203,12.615023825088855
2018-01-02 11:45:00,2018-01-02 15:15:00,session_end_forced,4,4 (+14 to +18 pts),16.100000000000364,-34.199899999999616,1.3001000000003842,14,10442.5,10443.2999,10433.1,10438.7999,10445.1,10448.1,10437.0,10440.1,36.38590300242889,36.23806803171353,61.70313140689693,32.31706989872676
2018-01-04 09:45:00,2018-01-04 15:15:00,session_end_forced,8,8 (+47 to +65 pts),53.70010000000002,-11.899999999999636,46.600000000000364,22,10461.1,10464.7999,10455.6,10459.2999,10503.7,10513.0,10502.7,10505.8999,45.98435820094826,44.8162148442359,58.711095614350484,29.89556903442417
2018-01-08 09:15:00,2018-01-08 12:00:00,cross_down,4,4 (+14 to +18 pts),17.0,-17.700000000000728,6.899999999999636,11,10590.2,10614.1,10588.5,10606.2,10612.0,10616.3999,10611.2999,10613.1,73.65372480797834,71.33471362251579,61.28286910853507,28.472490432328165
2018-01-11 11:45:00,2018-01-11 14:45:00,cross_down,6,6 (+25 to +34 pts),30.70010000000002,-2.7998999999999796,-2.199899999999616,12,10634.0,10635.0,10631.1,10633.7999,10643.0,10643.3999,10631.0,10631.6,59.120396140435254,57.74827114688789,67.42168520686758,16.811744394256667
2018-01-12 09:45:00,2018-01-12 10:15:00,cross_down,1,1 (+0 to +6 pts),2.399999999999636,-8.399999999999636,-4.70010000000002,2,10680.6,10685.3999,10677.7999,10685.1,10679.6,10685.2,10678.5,10680.3999,63.7035493003647,63.65137618257555,69.09155951335379,37.59604685880044
2018-01-15 09:30:00,2018-01-15 12:30:00,cross_down,7,7 (+34 to +46 pts),41.600000000000364,-15.600099999999657,11.600000000000364,12,10725.7,10742.5,10725.3999,10741.0,10757.0,10759.0,10748.0,10752.6,63.0134573955012,59.62810420611662,70.78680942847913,34.729006425343584
2018-01-17 10:30:00,2018-01-17 15:15:00,session_end_forced,9,9 (+65 to +101 pts),66.10009999999966,-11.79989999999998,57.0,19,10735.2999,10741.3999,10729.8999,10736.8999,10788.5,10803.0,10786.0,10793.8999,52.57167221626708,51.50482813581316,73.70142336877558,25.264477563248256
2018-01-19 15:00:00,2018-01-19 15:15:00,session_end_forced,4,4 (+14 to +18 pts),16.79989999999998,-21.0,10.100000000000364,1,10870.7,10894.6,10869.0,10890.0,10890.7,10906.7999,10889.1,10900.1,61.270262568333436,60.01638827133246,77.13711260812693,34.15596569584707
2018-01-23 09:30:00,2018-01-23 12:45:00,cross_down,9,9 (+65 to +101 pts),65.60000000000036,-6.300100000000384,36.699899999999616,13,11023.2,11030.6,11015.7999,11022.1,11086.2999,11087.2,11057.5,11058.7999,80.42211761109168,77.58851294359573,81.40399810587019,55.06960568570614
2018-01-29 09:30:00,2018-01-29 12:45:00,cross_down,5,5 (+18 to +25 pts),24.0,-9.700000000000728,10.399999999999636,13,11134.7,11146.5,11130.0,11139.7,11148.7,11155.7999,11144.5,11150.1,58.37771002529631,57.22214129373059,85.89118562002493,37.34073160278193
2018-01-31 09:15:00,2018-01-31 09:30:00,cross_down,3,3 (+10 to +14 pts),11.5,-36.29999999999927,-3.899999999999636,1,11018.8999,11053.8999,11010.7,11047.0,11046.7999,11058.5,11031.0,11043.1,41.473741316017076,40.9339762218191,83.483029920457,32.58957335790153
2018-01-31 13:30:00,2018-01-31 13:45:00,cross_down,2,2 (+6 to +10 pts),9.100000000000364,-13.79989999999998,-5.699899999999616,1,11004.2,11008.3999,10996.2,10999.2999,10999.2999,11006.6,10985.5,10993.6,32.611318059808525,32.34863593560215,83.483029920457,49.6749260440912
2018-01-31 14:00:00,2018-01-31 15:15:00,session_end_forced,7,7 (+34 to +46 pts),39.5,-21.5,28.900100000000748,5,10993.0,11000.8999,10979.2999,11000.7999,11026.5,11032.2999,11020.6,11029.7,33.6524069659598,32.34863593560215,83.483029920457,54.1276163013108
2018-02-01 13:15:00,2018-02-01 15:00:00,cross_down,8,8 (+47 to +65 pts),56.899999999999636,-56.699899999999616,-40.600000000000364,7,11053.6,11066.2,11030.2999,11060.3999,11029.8999,11030.5,11003.7,11019.7999,47.480592268862246,46.93097893353523,80.23513252236525,43.71125733010577
2018-02-02 12:45:00,2018-02-02 14:30:00,cross_down,5,5 (+18 to +25 pts),21.79989999999998,-83.5,-80.70010000000002,7,10880.7,10884.2999,10861.6,10862.5,10796.0,10813.2,10779.0,10781.7999,33.8009918563317,33.28651556655713,77.27453764273795,54.24721438562982
2018-02-05 10:15:00,2018-02-05 15:15:00,session_end_forced,8,8 (+47 to +65 pts),48.800100000000384,-25.79989999999998,36.60009999999966,20,10673.1,10675.3999,10640.7999,10653.8999,10662.2,10692.5,10660.3999,10690.5,23.09026809166185,21.701121959566358,67.70801033015465,65.43445568500566
2018-04-11 13:30:00,2018-04-11 15:15:00,session_end_forced,3,3 (+10 to +14 pts),12.20010000000002,-11.199899999999616,2.399999999999636,7,10404.1,10419.7,10400.2,10411.3999,10422.2,10423.6,10410.2,10413.7999,58.85470447641934,56.75205834819459,54.74289435713755,28.91752211502188
2018-04-12 09:45:00,2018-04-12 10:15:00,cross_down,1,1 (+0 to +6 pts),1.1000000000003638,-22.0,-4.800100000000384,2,10420.0,10429.5,10417.2,10429.1,10424.6,10427.1,10407.1,10424.2999,61.68452445444032,61.110164080928215,56.84307287715999,32.97623033599518
2018-04-12 10:45:00,2018-04-12 11:15:00,cross_down,1,1 (+0 to +6 pts),1.2999999999992724,-10.5,-6.800100000000384,2,10427.5,10437.5,10425.7,10436.2,10430.7999,10434.2999,10427.1,10429.3999,63.68824255670055,62.23149014527505,56.84307287715999,24.631626251385082
2018-04-12 13:30:00,2018-04-12 14:15:00,cross_down,2,2 (+6 to +10 pts),9.399900000000343,-18.399999999999636,-17.899999999999636,3,10454.2,10469.8999,10453.2,10460.5,10464.5,10469.5,10442.1,10442.6,68.08294803041869,66.23058099322202,56.84307287715999,30.317646413378217
2018-04-13 10:00:00,2018-04-13 12:15:00,cross_down,5,5 (+18 to +25 pts),21.5,-6.399900000000343,16.70010000000002,9,10492.2,10500.7999,10492.0,10498.3999,10514.3999,10519.8999,10512.2,10515.1,71.4826031253439,70.00633952804324,59.11222759703634,47.349344024137324
2018-04-16 13:30:00,2018-04-16 15:15:00,session_end_forced,6,6 (+25 to +34 pts),28.300100000000384,-26.0,19.400100000000748,7,10488.2,10511.8999,10485.7999,10511.7999,10523.2999,10540.1,10522.7999,10531.2,62.02897864904442,57.61970679800913,61.361091852172116,36.82086065686909
2018-04-17 15:00:00,2018-04-17 15:15:00,session_end_forced,3,3 (+10 to +14 pts),12.699899999999616,-6.5,0.09989999999925203,1,10546.7,10560.3999,10545.0,10547.7,10548.5,10552.2,10541.2,10547.7999,64.29429190451451,63.93903087822634,63.82037366699724,34.18486663294738
2018-04-20 14:00:00,2018-04-20 15:15:00,session_end_forced,6,6 (+25 to +34 pts),27.5,-15.099899999999252,22.70010000000002,5,10542.2999,10558.3999,10539.7,10554.7999,10559.7,10582.2999,10556.1,10577.5,49.273269598645456,48.097160807580124,68.71234001837149,19.368772248662946
2018-04-24 14:45:00,2018-04-24 15:00:00,cross_down,1,1 (+0 to +6 pts),2.5,-26.29989999999998,-23.199899999999616,1,10626.1,10636.7999,10625.7,10634.2999,10634.3999,10635.1,10608.0,10611.1,62.33800801559776,60.09505316528966,71.19568643189768,25.51346734383286
2018-04-26 09:45:00,2018-04-26 11:45:00,cross_down,2,2 (+6 to +10 pts),8.399999999999636,-28.100000000000364,-20.100000000000364,8,10585.5,10593.6,10583.1,10587.7,10571.6,10574.1,10559.6,10567.6,48.88260883554905,46.13700615272837,70.8916963161574,23.83356048273863
2018-04-26 13:00:00,2018-04-26 15:15:00,session_end_forced,8,8 (+47 to +65 pts),51.600000000000364,-9.79989999999998,37.20010000000002,9,10578.3999,10585.5,10573.7,10576.7999,10622.8999,10628.3999,10613.0,10614.0,47.079861204860904,46.962086826761386,70.8916963161574,18.026786048060135
2018-05-03 13:15:00,2018-05-03 15:15:00,session_end_forced,1,1 (+0 to +6 pts),1.5,-39.70010000000002,-38.300100000000384,8,10680.6,10706.7999,10679.3999,10706.6,10675.3999,10680.2999,10666.8999,10668.2999,48.17519997123675,42.9963702152858,73.68786918303637,36.9761846163598
2018-05-04 13:45:00,2018-05-04 15:15:00,session_end_forced,3,3 (+10 to +14 pts),12.0,-27.29989999999998,-15.199899999999616,6,10628.1,10634.5,10623.2,10628.8999,10617.6,10621.1,10611.0,10613.7,35.445647512806886,33.852150596217356,71.43850343898993,18.157304614491196
2018-05-11 10:30:00,2018-05-11 15:15:00,session_end_forced,8,8 (+47 to +65 pts),54.29999999999927,-15.600000000000364,39.899999999999636,19,10749.0,10758.7,10744.5,10757.7,10802.8999,10810.8999,10795.1,10797.6,55.4078650807576,52.47606253144303,65.3428368476659,20.38460365881931
2018-05-15 09:45:00,2018-05-15 12:00:00,cross_down,6,6 (+25 to +34 pts),26.5,-40.70000000000073,-30.200000000000728,9,10865.2,10904.1,10863.2,10902.7,10888.7,10889.7999,10862.0,10872.5,64.96704361646819,60.852038598233776,66.78086311644658,47.27343076074485
2018-05-16 12:30:00,2018-05-16 15:15:00,session_end_forced,6,6 (+25 to +34 pts),26.5,-40.100000000000364,-20.79989999999998,11,10766.2999,10766.2999,10753.5,10763.8999,10747.6,10750.0,10735.7,10743.1,45.084911842074966,44.07678139463029,67.4093854604562,34.142912813216185
2018-05-17 10:15:00,2018-05-17 10:45:00,cross_down,1,1 (+0 to +6 pts),3.5,-37.899999999999636,-23.899999999999636,2,10721.5,10739.7999,10721.2,10736.2999,10714.5,10716.7999,10698.3999,10712.3999,43.007013765416254,41.152945977390374,65.09123268783172,21.28768740643697
2018-05-17 12:45:00,2018-05-17 15:15:00,session_end_forced,4,4 (+14 to +18 pts),14.0,-47.0,-33.70010000000002,10,10710.2,10718.3999,10708.3999,10711.5,10672.2999,10679.0,10664.5,10677.7999,38.20435940493774,37.580923930918196,65.09123268783172,32.76608622849266
2018-05-18 10:45:00,2018-05-18 13:45:00,cross_down,1,1 (+0 to +6 pts),1.6000000000003638,-59.0,-50.5,12,10648.7,10665.5,10648.7,10664.0,10617.1,10621.2,10605.0,10613.5,33.43702340053032,30.838473019668886,60.981737373686784,52.65476580134885
2018-05-18 14:15:00,2018-05-18 15:15:00,session_end_forced,2,2 (+6 to +10 pts),8.399999999999636,-37.39990000000034,-20.899900000000343,4,10616.0,10630.5,10613.2,10626.3999,10599.3999,10605.5,10590.2,10605.5,30.64024574862408,26.566741275670815,60.981737373686784,52.27063488586461
2018-06-05 11:45:00,2018-06-05 15:15:00,session_end_forced,4,4 (+14 to +18 pts),16.20010000000002,-58.399999999999636,-4.199899999999616,14,10609.2,10625.5,10603.7999,10609.2999,10588.3999,10608.6,10586.7,10605.1,34.69920720576134,33.34200138973854,50.909843891596104,53.787295299543835
2018-06-08 14:45:00,2018-06-08 15:15:00,session_end_forced,4,4 (+14 to +18 pts),17.600000000000364,-8.79989999999998,-2.2998999999999796,2,10767.1,10767.2,10754.2999,10761.7999,10772.7999,10773.3999,10753.0,10759.5,57.92111642984548,57.130217476939904,53.573998539852305,42.57956371372687
2018-06-13 11:00:00,2018-06-13 11:15:00,cross_down,1,1 (+0 to +6 pts),4.600000000000364,-4.79989999999998,1.8001000000003842,1,10870.3999,10879.3999,10870.0,10874.7999,10874.7999,10878.5,10871.6,10876.6,63.82646350913961,63.67251825245144,60.092601071382326,30.032117618864987
2018-06-13 11:30:00,2018-06-13 11:45:00,cross_down,1,1 (+0 to +6 pts),5.299999999999272,-8.600000000000364,-4.200000000000728,1,10876.7999,10880.5,10872.7999,10875.2,10875.1,10878.2999,10866.6,10871.0,65.79812990602994,65.55119721718589,60.092601071382326,33.777811093604136
2018-06-14 14:00:00,2018-06-14 15:15:00,session_end_forced,3,3 (+10 to +14 pts),13.29989999999998,-10.300100000000384,4.5,5,10799.6,10807.2,10795.2999,10805.6,10805.7999,10814.7999,10797.5,10810.1,44.25238719726499,43.512832861302996,62.319960166537754,40.91259653806629
2018-06-15 14:45:00,2018-06-15 15:15:00,session_end_forced,6,6 (+25 to +34 pts),29.899999999999636,-18.29989999999998,16.600099999999657,2,10783.7,10803.5,10779.6,10797.8999,10825.0,10826.2999,10809.3999,10814.5,42.0466058205608,40.53090059688038,62.156986000140975,32.82095223845484
2018-06-19 13:45:00,2018-06-19 15:15:00,session_end_forced,3,3 (+10 to +14 pts),10.0,-29.399999999999636,-19.600000000000364,6,10730.5,10737.8999,10726.7999,10730.6,10712.8999,10714.7,10701.2,10711.0,33.86523960269822,32.6204932441497,61.31742947990167,47.91907569692642
2018-06-21 13:00:00,2018-06-21 13:15:00,cross_down,1,1 (+0 to +6 pts),2.399999999999636,-12.900100000000748,-12.100000000000364,1,10771.5,10780.3999,10770.6,10779.2,10779.2999,10781.6,10766.2999,10767.1,51.002482935659344,50.30315007792202,56.66495173840012,22.207742425555512
2018-06-21 13:30:00,2018-06-21 14:15:00,cross_down,2,2 (+6 to +10 pts),8.400100000000748,-15.599899999999252,-13.599899999999252,3,10767.5,10776.2,10766.7,10774.2999,10774.1,10777.2,10758.7,10760.7,52.316933432398926,52.20309185192512,56.66495173840012,21.65972858869744
2018-06-22 11:45:00,2018-06-22 15:15:00,session_end_forced,9,9 (+65 to +101 pts),99.60000000000036,-9.099899999999252,86.60000000000036,14,10734.8999,10739.2999,10728.2,10737.2999,10828.2999,10836.8999,10818.7999,10823.8999,43.29453467398207,42.93360868663006,54.93333849186525,22.130957017852293
2018-06-26 11:15:00,2018-06-26 13:15:00,cross_down,3,3 (+10 to +14 pts),12.299999999999272,-30.900100000000748,-30.300100000000384,8,10790.2,10794.2999,10783.0,10789.2,10784.8999,10786.1,10758.2999,10758.8999,50.86482473488834,50.56897599406951,54.62302826843474,23.99681941009957
2018-06-26 14:45:00,2018-06-26 15:00:00,cross_down,1,1 (+0 to +6 pts),0.1000000000003638,-48.5,-36.5,1,10785.7999,10805.1,10780.0,10805.1,10804.2,10805.2,10756.6,10768.6,53.99589679773755,51.51962276658551,54.62302826843474,17.64118177825293
2018-06-28 10:00:00,2018-06-28 15:15:00,session_end_forced,3,3 (+10 to +14 pts),11.200000000000728,-105.29999999999927,-69.89999999999964,21,10658.8999,10674.2,10658.3999,10663.0,10587.2,10596.0,10574.8999,10593.1,30.493881582615447,28.202951195296905,50.51823793099015,33.77068091373352
2018-07-09 11:30:00,2018-07-09 15:15:00,cross_down,6,6 (+25 to +34 pts),26.29989999999998,-9.20010000000002,16.600000000000364,15,10829.2999,10834.8999,10824.7999,10834.0,10851.5,10857.5,10848.2,10850.6,62.53207388599624,61.646281200548124,50.893893128093126,29.409815855744974
2018-07-10 09:15:00,2018-07-10 11:15:00,cross_down,5,5 (+18 to +25 pts),18.599899999999252,-27.600000000000364,15.299999999999272,8,10903.2,10906.0,10876.6,10904.2,10917.8999,10922.7999,10916.7999,10919.5,69.9569322637506,68.68553512639939,53.70296417169064,53.713490016168514
2018-07-10 11:30:00,2018-07-10 12:15:00,cross_down,2,2 (+6 to +10 pts),6.0,-6.899999999999636,1.8001000000003842,3,10919.5,10925.3999,10916.8999,10923.7999,10927.2999,10929.7999,10922.3999,10925.6,75.04534390720707,74.7743391354919,53.70296417169064,66.64783394111045
2018-07-12 11:45:00,2018-07-12 12:15:00,cross_down,2,2 (+6 to +10 pts),7.29989999999998,-14.70010000000002,-7.399999999999636,2,11063.8999,11076.5,11056.2999,11071.0,11066.2999,11070.2999,11060.3999,11063.6,77.50334886978496,75.8825893296505,60.35863902638124,59.36479038133237
2018-07-17 09:30:00,2018-07-17 15:15:00,session_end_forced,8,8 (+47 to +65 pts),49.29989999999998,-33.399999999999636,45.600000000000364,23,10964.7,10989.6,10963.6,10969.1,11005.1,11018.3999,11004.1,11014.7,36.68270037732209,36.17221914102959,65.13855728843762,39.38904733630494
2018-07-19 11:15:00,2018-07-19 11:45:00,cross_down,2,2 (+6 to +10 pts),7.600000000000364,-14.899999999999636,-13.100000000000364,2,10995.0,10995.7,10984.0,10988.1,10980.6,10987.8999,10973.2,10975.0,48.54632446528987,48.34081910793043,64.94311911094229,23.93053787687603
2018-07-20 09:15:00,2018-07-20 13:45:00,cross_down,8,8 (+47 to +65 pts),60.100000000000364,-18.299999999999272,27.5,18,10964.7,10975.7,10946.2,10964.5,10993.2,11002.0,10990.6,10992.0,42.67830298501445,42.466534194844954,63.83806329903577,18.98307523651699
2018-07-20 14:15:00,2018-07-20 15:15:00,session_end_forced,4,4 (+14 to +18 pts),15.800100000000384,-21.100000000000364,-2.7998999999999796,4,10994.2,11015.8999,10993.2999,11014.3999,11010.7,11014.2999,11006.7999,11011.6,53.476113870812114,52.6792088261315,63.83806329903577,24.40434106084106
2018-07-23 14:00:00,2018-07-23 15:15:00,session_end_forced,7,7 (+34 to +46 pts),37.0,-10.699899999999616,19.800100000000384,5,11049.5,11062.3999,11045.7,11056.3999,11086.6,11093.3999,11074.1,11076.2,65.1403377483131,62.601870561738316,64.01204408787251,22.557312819383096
2018-07-27 10:00:00,2018-07-27 11:30:00,cross_down,1,1 (+0 to +6 pts),5.5,-17.0,-11.199899999999616,6,11244.6,11252.1,11237.7,11248.3999,11243.7,11243.8999,11236.0,11237.2,70.46683374355847,67.00657503710582,70.28828641833012,40.642069482371575
2018-08-03 09:15:00,2018-08-03 15:15:00,session_end_forced,8,8 (+47 to +65 pts),57.79999999999927,-18.400100000000748,52.399999999999636,24,11292.7999,11319.2999,11291.7999,11310.2,11358.1,11368.0,11353.2999,11362.6,39.778880368850785,34.818013886775404,74.09589381699473,41.9662617663814
2018-08-08 10:45:00,2018-08-08 14:00:00,cross_down,5,5 (+18 to +25 pts),23.899999999999636,-15.600000000000364,7.20010000000002,13,11418.2999,11429.1,11413.2999,11428.8999,11437.5,11443.5,11427.7999,11436.1,61.03272984052669,59.920245983257026,73.5126397905621,25.285721536824042
2018-08-13 12:15:00,2018-08-13 15:15:00,session_end_forced,6,6 (+25 to +34 pts),27.0,-29.400100000000748,-15.0,12,11379.8999,11390.1,11375.0,11379.2,11356.8999,11364.2999,11353.0,11364.2,38.749748588981554,38.52427546886343,73.77761975801258,34.60619201842227
2018-08-17 09:30:00,2018-08-17 15:00:00,cross_down,6,6 (+25 to +34 pts),27.899900000000343,-14.0,14.29989999999998,22,11445.2,11464.0,11444.5,11458.5,11476.2999,11482.7999,11472.1,11472.7999,50.08354989875956,45.202391548190946,66.85636919237396,40.06196258875078
2018-08-20 09:30:00,2018-08-20 14:30:00,cross_down,6,6 (+25 to +34 pts),29.599899999999252,-18.300100000000384,19.099899999999252,20,11518.1,11539.0,11517.3999,11535.7,11551.7999,11558.1,11549.3999,11554.7999,65.4555069549471,61.22650089032575,66.59382545454753,29.087158910944677
2018-08-27 09:15:00,2018-08-27 15:15:00,session_end_forced,8,8 (+47 to +65 pts),55.100000000000364,-50.199899999999616,50.800100000000384,24,11608.2,11649.7999,11595.6,11645.7999,11689.5,11700.8999,11685.2,11696.6,54.382615822917856,51.609973212756934,69.9303572283261,39.061773150406246
2018-08-30 14:45:00,2018-08-30 15:15:00,session_end_forced,6,6 (+25 to +34 pts),26.0,-22.299999999999272,18.5,2,11651.0,11666.6,11639.7,11662.0,11677.7999,11688.0,11672.8999,11680.5,37.17164029333067,37.101571337592404,73.24415852823984,41.82746773836048
2018-08-31 14:00:00,2018-08-31 15:15:00,session_end_forced,5,5 (+18 to +25 pts),22.799999999999272,-13.0,8.099899999999252,5,11654.7,11674.0,11654.2,11667.2,11685.8999,11687.1,11669.2999,11675.2999,44.342754447761735,41.91377530183593,72.39357042935035,21.68918432186162
2018-09-04 12:00:00,2018-09-04 15:15:00,session_end_forced,5,5 (+18 to +25 pts),23.800100000000384,-76.0,-50.5,13,11568.3999,11581.0,11565.5,11572.7999,11515.3999,11524.7999,11510.0,11522.2999,32.19362626192464,32.12892253100242,66.9256566676974,45.25804354138921
2018-09-11 11:15:00,2018-09-11 11:30:00,cross_down,4,4 (+14 to +18 pts),15.100099999999657,-16.699899999999616,-12.899900000000343,1,11429.1,11436.5,11421.2,11421.3999,11421.1,11422.1,11404.7,11408.5,33.7311816322457,33.41633227144176,51.267424459640814,16.235640402011285
2018-09-11 12:15:00,2018-09-11 14:00:00,cross_down,4,4 (+14 to +18 pts),16.600000000000364,-65.5,-64.89999999999964,7,11406.2999,11424.6,11401.0,11418.5,11375.3999,11379.1,11353.0,11353.6,32.5004184411663,30.973054982833673,51.267424459640814,21.04601886114597
2018-11-09 10:00:00,2018-11-09 12:45:00,cross_down,6,6 (+25 to +34 pts),26.600099999999657,-17.899900000000343,-3.600000000000364,11,10576.2999,10594.7999,10575.0,10592.8999,10602.2999,10603.2999,10578.1,10589.2999,57.757449060612366,57.34781250678717,51.35025591409169,35.275882789384895
2018-11-13 11:30:00,2018-11-13 15:15:00,session_end_forced,10,10 (+102 to +432 pts),101.80010000000038,-22.79989999999998,86.0,15,10476.6,10494.8999,10471.6,10494.3999,10589.2,10596.2,10575.8999,10580.3999,36.35592200855199,36.261665121704965,53.65930739554208,52.50177814846206
2018-11-15 11:30:00,2018-11-15 14:15:00,cross_down,6,6 (+25 to +34 pts),26.600099999999657,-18.199899999999616,-9.199899999999616,11,10611.8999,10624.8999,10610.2999,10619.8999,10626.2,10633.8999,10608.8999,10610.7,58.378720783564304,56.11996015842253,55.80520528914575,26.053143724821044
2018-11-16 09:45:00,2018-11-16 11:00:00,cross_down,3,3 (+10 to +14 pts),9.899999999999636,-28.5,-14.400100000000748,5,10664.2999,10689.1,10664.1,10685.2,10658.5,10673.3999,10656.7,10670.7999,60.47810408712232,59.37423291651568,56.930527070721695,31.06975753764712
2018-11-21 12:45:00,2018-11-21 15:15:00,session_end_forced,8,8 (+47 to +65 pts),49.800100000000384,-7.0,21.300100000000384,10,10591.0,10595.8999,10581.2999,10584.2999,10600.1,10608.2999,10589.1,10605.6,35.14384839223651,34.65271149684026,60.729734364576586,39.79256345846144
2018-11-26 12:00:00,2018-11-26 15:15:00,session_end_forced,10,10 (+102 to +432 pts),116.09989999999925,-22.400100000000748,110.09989999999925,13,10508.8999,10524.2,10499.2999,10521.7,10636.0,10636.3999,10626.2,10631.7999,33.16310731752045,30.270091147557846,56.49452145778356,33.27481013355192
2018-11-27 13:00:00,2018-11-27 15:15:00,session_end_forced,8,8 (+47 to +65 pts),49.20010000000002,-41.600000000000364,38.20010000000002,9,10606.1,10657.1,10604.2999,10645.8999,10682.0,10690.6,10677.5,10684.1,55.800803962517776,55.047086161643605,56.3061713815775,19.247641974503992
2018-12-04 13:45:00,2018-12-04 15:15:00,session_end_forced,3,3 (+10 to +14 pts),10.0,-10.899900000000343,-2.7998999999999796,6,10874.0,10882.8999,10869.3999,10872.8999,10870.1,10875.2,10865.1,10870.1,53.09368266500287,52.02215927775613,64.92205956163683,19.034240258378794
2018-12-06 12:15:00,2018-12-06 15:15:00,session_end_forced,7,7 (+34 to +46 pts),36.20010000000002,-71.59989999999925,-66.39999999999964,12,10654.2,10659.8999,10648.2,10659.7999,10595.3999,10605.7,10588.2,10593.3999,24.253827166910657,22.431736628806313,63.85496556632854,61.556260014287886
2018-12-10 11:45:00,2018-12-10 14:45:00,cross_down,2,2 (+6 to +10 pts),9.699899999999616,-50.0,-41.100000000000364,12,10530.3999,10536.2,10526.3999,10533.7,10502.6,10508.2999,10492.2999,10492.6,36.968689453799456,35.75654534479838,56.507221884805205,40.461148742361225
2018-12-11 10:45:00,2018-12-11 15:15:00,session_end_forced,10,10 (+102 to +432 pts),151.20010000000002,-24.5,142.0,18,10396.2999,10422.3999,10391.3999,10415.8999,10545.5,10565.7999,10544.3999,10557.8999,30.949283440615226,28.88933012096997,51.88473461986092,35.70663985475171
2018-12-13 13:30:00,2018-12-13 13:45:00,cross_down,1,1 (+0 to +6 pts),3.399999999999636,-24.400100000000748,-16.600000000000364,1,10813.0,10838.6,10810.7999,10835.2,10835.1,10836.3999,10817.2,10818.6,73.86593734279073,73.12833597135636,50.78905972283918,44.08977035790727
2018-12-17 09:45:00,2018-12-17 12:15:00,cross_down,5,5 (+18 to +25 pts),21.600000000000364,-9.399999999999636,1.1998999999996158,10,10858.2,10860.2,10853.1,10856.6,10868.5,10870.0,10857.2999,10857.7999,64.95728829918038,64.63919081352431,53.47671337088313,38.004036137836515
2018-12-18 14:15:00,2018-12-18 15:15:00,session_end_forced,6,6 (+25 to +34 pts),24.699899999999616,-16.900100000000748,22.699899999999616,4,10879.8999,10893.3999,10873.7999,10890.7,10913.0,10915.1,10906.2,10913.3999,62.80366719168163,61.34656459455371,55.54440420223514,34.45104591918598
2018-12-21 09:15:00,2018-12-21 09:30:00,cross_down,2,2 (+6 to +10 pts),7.600000000000364,-32.10009999999966,-15.70010000000002,1,10947.2,10956.8999,10923.8999,10956.0,10956.2,10963.6,10938.2999,10940.2999,60.10943435478266,59.69458068300449,61.287015457161296,19.940994764207375
2018-12-24 10:45:00,2018-12-24 15:15:00,session_end_forced,6,6 (+25 to +34 pts),31.899999999999636,-82.5,-59.5,18,10720.7,10735.8999,10718.2999,10731.7,10665.7,10675.2,10654.7999,10672.2,29.5247235677054,28.753731194172794,58.081167482849104,43.23066647224384
2018-12-26 11:00:00,2018-12-26 15:15:00,session_end_forced,10,10 (+102 to +432 pts),173.60009999999966,-11.79989999999998,164.39999999999964,17,10565.1,10582.6,10564.1,10573.8999,10724.1,10742.5,10721.5,10738.2999,23.24169543131987,22.47604584608582,54.31931069744796,56.43790068059847
2018-12-28 09:30:00,2018-12-28 13:15:00,cross_down,3,3 (+10 to +14 pts),13.399999999999636,-29.0,8.300100000000384,15,10846.2999,10876.7,10845.8999,10874.8999,10878.1,10887.3999,10878.0,10883.2,58.49113222718281,56.97921336419853,52.141203233690504,26.63387372140057
2018-12-28 13:30:00,2018-12-28 14:00:00,cross_down,1,1 (+0 to +6 pts),5.100000000000364,-9.5,-8.70010000000002,2,10883.1,10891.7,10881.7999,10886.6,10885.2999,10889.0,10877.1,10877.8999,65.92655135568995,65.5417385626636,52.141203233690504,36.17055334452529
2019-01-01 14:30:00,2019-01-01 15:15:00,session_end_forced,7,7 (+34 to +46 pts),40.399999999999636,-28.600000000000364,32.59989999999925,3,10856.2,10888.0,10854.6,10883.2,10901.0,10923.6,10900.8999,10915.7999,50.86520085042382,46.752004750087366,54.07693024540141,36.15040781413208
2019-01-03 10:00:00,2019-01-03 10:45:00,cross_down,2,2 (+6 to +10 pts),7.299999999999272,-56.40010000000075,-48.5,3,10790.6,10807.6,10789.6,10806.7,10767.2999,10767.5,10750.2999,10758.2,43.00991476311802,42.25600576792148,53.931294295943886,39.45970289966798
2019-01-04 09:15:00,2019-01-04 15:15:00,session_end_forced,7,7 (+34 to +46 pts),36.29999999999927,-76.10000000000036,25.899999999999636,24,10701.6,10729.2999,10694.5,10704.7,10725.3999,10732.7999,10719.6,10730.6,33.608447412383235,29.970348629398757,50.683771435581114,51.33045463562932
2019-01-11 09:45:00,2019-01-11 10:00:00,cross_down,3,3 (+10 to +14 pts),12.899999999999636,-17.0,-11.300100000000384,1,10842.0,10848.1,10831.0,10835.2,10834.7999,10835.7,10818.2,10823.8999,52.18411753330632,52.05764991134273,51.57794463147112,17.83954663351428
2019-01-11 15:00:00,2019-01-11 15:15:00,session_end_forced,1,1 (+0 to +6 pts),5.0,-24.399999999999636,-21.70010000000002,1,10787.2,10810.5,10785.3999,10805.5,10806.7,10807.5,10781.1,10783.7999,45.99617190789765,39.68623873668936,51.57794463147112,38.41191998475251
2019-01-14 13:15:00,2019-01-14 15:15:00,session_end_forced,7,7 (+34 to +46 pts),38.0,-3.2001000000000204,35.899999999999636,8,10705.2,10709.7999,10702.8999,10706.1,10738.5,10744.1,10731.0,10742.0,35.229622701902066,34.478280414340105,51.01734784836938,37.831871777651365
2019-01-18 13:45:00,2019-01-18 15:15:00,session_end_forced,3,3 (+10 to +14 pts),11.70010000000002,-21.79989999999998,4.100000000000364,6,10892.3999,10906.7999,10882.7999,10903.7999,10902.6,10915.2999,10899.0,10907.8999,53.12011833497556,50.59121242810707,54.899937106429086,17.571395386356798
2019-01-22 15:00:00,2019-01-22 15:15:00,session_end_forced,2,2 (+6 to +10 pts),5.79989999999998,-31.0,-7.5,1,10894.7,10928.1,10894.6,10925.6,10925.2,10931.3999,10915.6,10918.1,49.61495693463358,47.62830375389249,58.54368916579057,29.95336702611955
2019-01-24 12:00:00,2019-01-24 15:15:00,session_end_forced,6,6 (+25 to +34 pts),30.800100000000384,-34.199899999999616,22.70010000000002,13,10825.6,10836.2999,10824.6,10835.7999,10859.3999,10866.6,10849.8999,10858.5,36.34238028854728,36.12764978163842,56.054396849127514,30.07239250798635
2019-01-28 14:15:00,2019-01-28 15:15:00,session_end_forced,7,7 (+34 to +46 pts),37.59989999999925,-12.900100000000748,25.799999999999272,4,10645.6,10655.3999,10635.2999,10648.2,10654.7,10678.1,10647.7999,10674.0,23.331827416019507,22.633847514749686,51.88805207911896,70.75933714525756
2019-02-06 09:45:00,2019-02-06 10:15:00,cross_down,2,2 (+6 to +10 pts),5.79989999999998,-32.10009999999966,-29.799999999999272,2,10998.2999,11016.7999,10995.8999,11011.0,10992.8999,10996.2,10978.8999,10981.2,66.81705738023173,64.24462677017333,53.27911189742377,41.446731996439865
2019-02-06 13:00:00,2019-02-06 13:15:00,cross_down,2,2 (+6 to +10 pts),7.399999999999636,-10.0,-1.8001000000003842,1,11028.7,11045.5,11028.1,11038.1,11039.1,11041.8999,11029.6,11036.2999,71.46187356598831,71.45567879191185,53.27911189742377,55.19389167394808
2019-02-06 13:45:00,2019-02-06 14:15:00,cross_down,2,2 (+6 to +10 pts),7.600099999999657,-12.0,-7.600000000000364,2,11043.2,11057.5,11040.3999,11052.3999,11053.2999,11056.7,11043.2999,11044.7999,74.31422907463815,73.9624066751964,53.27911189742377,58.930945653786594
2019-02-11 12:15:00,2019-02-11 15:15:00,session_end_forced,5,5 (+18 to +25 pts),24.600000000000364,-30.799999999999272,3.8999000000003434,12,10889.7,10903.7,10889.2999,10896.0,10886.7,10903.1,10881.1,10899.8999,36.069592954273546,33.25154260409506,59.05262046446444,40.38412834264748
2019-02-14 12:00:00,2019-02-14 15:15:00,session_end_forced,6,6 (+25 to +34 pts),29.399999999999636,-35.0,5.599899999999252,13,10751.2999,10755.2,10744.7999,10753.7,10740.3999,10763.3999,10738.7,10759.2999,26.253362897805854,25.12389520524898,50.94747054230607,60.004388744135724
2019-03-11 09:15:00,2019-03-11 15:15:00,cross_down,9,9 (+65 to +101 pts),72.10000000000036,-49.0,67.30010000000038,24,11070.8999,11117.8999,11059.7999,11108.7999,11168.8999,11180.8999,11163.2999,11176.1,57.65329546904303,55.14344322595588,63.77921264501889,32.24460539200165
2019-03-12 09:15:00,2019-03-12 11:45:00,cross_down,8,8 (+47 to +65 pts),50.5,-27.5,23.100000000000364,10,11230.6,11256.7999,11227.0,11254.5,11289.7999,11290.2,11271.5,11277.6,76.4355425840936,74.67261839457413,67.06597867134215,65.10426820914063
2019-03-19 14:00:00,2019-03-19 15:15:00,session_end_forced,6,6 (+25 to +34 pts),34.199899999999616,-21.399999999999636,30.399999999999636,5,11501.7,11513.2,11496.6,11509.6,11535.1,11543.7999,11533.2999,11540.0,63.71818564266229,62.04643547532979,81.03328029593865,33.220992960699554
2019-03-25 14:30:00,2019-03-25 15:15:00,session_end_forced,7,7 (+34 to +46 pts),37.199899999999616,-17.100000000000364,22.799999999999272,3,11312.7,11333.7999,11311.6,11328.7,11354.0,11365.8999,11347.0,11351.5,30.808415329112727,29.235127967028863,81.68959375490547,49.51172908962578
2019-03-28 12:30:00,2019-03-28 13:15:00,cross_down,1,1 (+0 to +6 pts),4.100000000000364,-20.20010000000002,-12.100000000000364,3,11514.5,11525.2,11514.1,11521.1,11519.2,11523.6,11501.2999,11509.0,58.091027196356976,57.671133368263966,71.691120335546,21.58636768233964
2019-03-28 13:30:00,2019-03-28 15:15:00,session_end_forced,8,8 (+47 to +65 pts),52.39990000000034,-28.20010000000002,45.100000000000364,7,11509.7999,11538.1,11507.7999,11536.0,11572.7,11588.3999,11570.6,11581.1,59.64490777408396,58.750499895224024,71.691120335546,16.7948123336871
2019-04-01 10:00:00,2019-04-01 10:15:00,cross_down,3,3 (+10 to +14 pts),10.600000000000364,-12.100099999999657,4.0,1,11697.3999,11707.1,11692.8999,11705.0,11705.1,11715.6,11702.7999,11709.0,72.11323469701566,71.83510079783304,71.4346326607943,42.4414098079394
2019-04-03 10:00:00,2019-04-03 10:15:00,cross_down,1,1 (+0 to +6 pts),5.199899999999616,-11.800100000000384,-8.900100000000748,1,11747.5,11755.8999,11745.2,11750.7,11749.3999,11750.7,11738.8999,11741.7999,65.36744993738797,63.58903445743048,73.13028027530765,32.69042997577468
2019-04-03 10:30:00,2019-04-03 11:00:00,cross_down,2,2 (+6 to +10 pts),6.100000000000364,-15.300100000000384,-12.70010000000002,2,11741.7999,11750.1,11734.2999,11749.6,11744.5,11747.5,11734.6,11736.8999,65.88965480499317,65.34383641727219,73.13028027530765,32.28891297262077
2019-04-04 13:00:00,2019-04-04 14:00:00,cross_down,3,3 (+10 to +14 pts),13.20010000000002,-44.39990000000034,-35.39990000000034,4,11649.2999,11657.1,11643.7999,11648.3999,11622.5,11628.0,11604.0,11613.0,43.16542826221969,41.1798059175303,71.44067200406212,36.19203305327527
2019-04-05 09:15:00,2019-04-05 15:15:00,session_end_forced,6,6 (+25 to +34 pts),29.399999999999636,-50.70000000000073,22.799999999999272,24,11642.1,11666.3999,11626.3999,11660.2,11656.2,11689.6,11654.0,11683.0,41.713295058396426,37.739700166264974,69.22192575333963,34.99888120097136
2019-04-09 09:45:00,2019-04-09 12:00:00,cross_down,4,4 (+14 to +18 pts),15.300100000000384,-53.199899999999616,-47.29989999999998,9,11601.2,11638.2,11597.8999,11622.8999,11583.6,11585.7,11569.7,11575.6,45.393602128271304,42.10944686466102,66.17838796029021,30.979484530969884
2019-04-09 12:45:00,2019-04-09 15:15:00,session_end_forced,9,9 (+65 to +101 pts),84.60000000000036,-20.099899999999252,76.20010000000002,10,11581.7999,11605.3999,11581.5,11599.2999,11675.0,11683.8999,11673.2999,11675.5,42.35708195010728,40.39877065723657,66.17838796029021,24.812110801368636
2019-04-10 12:30:00,2019-04-10 13:15:00,cross_down,4,4 (+14 to +18 pts),15.5,-23.800100000000384,-23.0,3,11655.7999,11666.1,11655.5,11660.1,11665.7,11669.1,11636.2999,11637.1,55.60309775354531,54.94397491933192,65.44396695576125,19.11479262034691
2019-04-11 12:45:00,2019-04-11 13:30:00,cross_down,4,4 (+14 to +18 pts),17.200000000000728,-30.5,-15.299999999999272,3,11579.0,11582.5,11572.3999,11581.0,11560.2,11568.6,11555.0,11565.7,39.742333243833095,39.29772018502032,62.66748990328381,28.102809612657218
2019-04-11 13:45:00,2019-04-11 14:00:00,cross_down,1,1 (+0 to +6 pts),1.3001000000003842,-18.5,-11.699899999999616,1,11565.6,11574.1,11557.5,11572.7999,11572.1,11573.7999,11554.2999,11561.1,39.925760726149996,39.320284484221524,62.66748990328381,28.463842569824685
2019-04-11 14:15:00,2019-04-11 15:15:00,session_end_forced,5,5 (+18 to +25 pts),20.600000000000364,-25.5,17.29989999999998,4,11561.1,11588.6,11560.6,11586.1,11597.6,11606.7,11591.3999,11603.3999,42.675042467141864,37.60182432254494,62.66748990328381,25.3138158661813
2019-04-12 12:30:00,2019-04-12 12:45:00,cross_down,1,1 (+0 to +6 pts),5.399999999999636,-8.300100000000384,-7.900100000000748,1,11589.7,11597.0,11587.8999,11594.2,11594.1,11599.6,11585.8999,11586.2999,46.30815095691999,45.89784226731604,60.91242892658667,27.329655083270975
2019-04-12 13:00:00,2019-04-12 15:15:00,session_end_forced,8,8 (+47 to +65 pts),53.59989999999925,-18.300100000000384,27.899999999999636,9,11586.2999,11603.7,11585.3999,11603.7,11646.0,11648.1,11629.0,11631.6,47.74816604711676,45.89784226731604,60.91242892658667,22.379987042094356
2019-04-16 09:45:00,2019-04-16 12:00:00,cross_down,4,4 (+14 to +18 pts),17.399999999999636,-11.300100000000384,5.5,9,11761.3999,11776.5,11758.2999,11769.6,11781.2,11784.2,11774.1,11775.1,71.40511709448145,69.40375901503397,60.60541564352588,37.950565618391416
2019-04-23 09:30:00,2019-04-23 15:15:00,session_end_forced,2,2 (+6 to +10 pts),9.600000000000364,-71.5,-56.899999999999636,23,11634.3999,11645.8999,11627.8999,11636.2999,11581.0,11584.1,11573.2,11579.3999,33.77802766718347,29.2253915867593,59.316584098709214,45.710105510798655
2019-04-26 13:45:00,2019-04-26 15:15:00,session_end_forced,7,7 (+34 to +46 pts),40.5,-42.600000000000364,23.70010000000002,6,11688.7,11722.6,11679.7999,11722.3999,11755.5,11758.1,11746.0,11746.1,53.59433671986487,51.284002122606864,55.74397523966837,16.19045400716538
2019-04-30 12:30:00,2019-04-30 12:45:00,cross_down,1,1 (+0 to +6 pts),4.800100000000384,-27.599899999999252,-20.899999999999636,1,11702.5,11717.6,11696.2,11712.7999,11713.2,11716.7999,11685.2,11691.8999,53.01952109469584,52.24270711335051,56.453526479684385,15.69907001660031
2019-04-30 13:15:00,2019-04-30 13:30:00,cross_down,3,3 (+10 to +14 pts),10.599899999999252,-25.400100000000748,-14.800100000000384,1,11706.6,11714.2999,11699.7999,11703.7,11703.3999,11705.7,11678.2999,11688.8999,52.07552482420751,52.031898094630264,56.453526479684385,11.711457768284745
2019-04-30 14:45:00,2019-04-30 15:15:00,session_end_forced,5,5 (+18 to +25 pts),18.200000000000728,-32.79999999999927,1.3999000000003434,2,11705.7,11738.1,11705.2,11738.0,11749.7,11753.8999,11738.6,11739.3999,54.881583373361046,52.0247100627923,56.453526479684385,18.091347686172988
2019-05-03 10:45:00,2019-05-03 11:15:00,cross_down,2,2 (+6 to +10 pts),8.5,-9.700000000000728,-5.700000000000728,2,11757.3999,11759.8999,11751.2,11756.7,11758.3999,11759.7,11747.0,11751.0,54.33567123766471,53.71808731700484,56.667196312450656,20.87548050929165
2019-05-23 09:15:00,2019-05-23 11:15:00,cross_down,9,9 (+65 to +101 pts),94.10000000000036,-110.10009999999966,-50.79999999999927,8,11898.8999,11968.8999,11836.8999,11947.0,11908.7,11919.1,11839.6,11896.2,60.63443888409811,59.76852814657384,51.70146811051881,25.06363908495888
2019-05-24 12:00:00,2019-05-24 15:15:00,session_end_forced,9,9 (+65 to +101 pts),100.39990000000034,-19.100099999999657,87.0,13,11744.6,11771.5,11743.7999,11758.5,11838.2999,11851.0,11837.0,11845.5,50.163786058184435,48.29864793069204,53.33073554331244,23.440537775781113
2019-05-30 10:00:00,2019-05-30 15:15:00,session_end_forced,8,8 (+47 to +65 pts),51.79999999999927,-13.900100000000748,29.799999999999272,21,11906.0,11919.0,11902.7999,11916.7,11945.0,11950.8999,11940.6,11946.5,52.70878377732341,47.716508845719474,61.58195943286,27.107264834303685
2019-06-03 09:45:00,2019-06-03 15:15:00,session_end_forced,10,10 (+102 to +432 pts),140.20010000000002,-8.199899999999616,129.70010000000002,22,11968.7,11970.3999,11954.6,11962.7999,12089.0,12103.0,12088.1,12092.5,53.05398602691476,51.607736512243825,63.001094900658956,32.490753884786145
2019-06-07 10:00:00,2019-06-07 15:15:00,session_end_forced,7,7 (+34 to +46 pts),37.399999999999636,-53.20010000000002,4.699899999999616,21,11822.2999,11862.7999,11820.3999,11860.1,11863.1,11865.0,11854.8999,11864.7999,31.890088563754908,30.770566252481046,62.332089003435655,63.48880522702068
2019-06-12 15:00:00,2019-06-12 15:15:00,session_end_forced,4,4 (+14 to +18 pts),18.0,-14.399900000000343,13.399999999999636,1,11890.2999,11906.3999,11889.5,11903.8999,11903.8999,11921.8999,11902.8999,11917.2999,46.80025294240463,46.49934666147512,59.424745582466464,25.36594267484287
2019-06-13 13:00:00,2019-06-13 15:15:00,session_end_forced,9,9 (+65 to +101 pts),71.0,-22.699899999999616,45.20010000000002,9,11837.7,11861.5,11837.6,11860.2999,11918.2,11918.7999,11901.5,11905.5,39.93875765200055,37.30725885404398,58.41739911005779,38.446453934705424
2019-06-14 12:30:00,2019-06-14 15:15:00,session_end_forced,5,5 (+18 to +25 pts),21.899900000000343,-58.399999999999636,-45.20010000000002,11,11867.3999,11869.7999,11855.5,11856.0,11807.2999,11818.6,11797.6,11810.7999,44.04332866514736,43.87928315966556,57.379031398164145,21.253305961046046
2019-06-17 14:15:00,2019-06-17 15:15:00,session_end_forced,2,2 (+6 to +10 pts),6.300100000000384,-53.59989999999925,-35.699899999999616,4,11705.8999,11716.2,11701.0,11711.2999,11666.7,11679.2999,11657.7,11675.6,24.688611210540053,22.000217353556838,54.65064227684879,63.2385979884092
2019-07-02 13:15:00,2019-07-02 15:15:00,session_end_forced,7,7 (+34 to +46 pts),45.5,-14.399900000000343,37.5,8,11870.6,11875.2999,11857.5,11871.8999,11912.6,11917.3999,11907.0,11909.3999,53.33309343441801,53.16284129042373,51.085408645543765,28.707190537807854
2019-07-03 12:30:00,2019-07-03 14:45:00,cross_down,5,5 (+18 to +25 pts),24.5,-18.0,-12.399999999999636,9,11917.1,11924.6,11914.1,11920.6,11933.5,11933.8999,11902.6,11908.2,64.32314483689188,64.14575551885467,53.166739707897925,16.179207058147814
2019-07-04 10:45:00,2019-07-04 11:00:00,cross_down,1,1 (+0 to +6 pts),4.800100000000384,-8.699899999999616,-3.7998999999999796,1,11953.2,11960.1,11951.7,11955.2999,11955.3999,11959.6,11946.6,11951.5,66.4657720293993,66.4550856734654,54.86922786730862,32.64495597610507
2019-07-08 12:15:00,2019-07-08 15:15:00,session_end_forced,6,6 (+25 to +34 pts),25.399999999999636,-86.19989999999962,-45.199899999999616,12,11634.0,11634.7999,11604.0,11609.3999,11559.5,11570.0,11557.2,11564.2,21.827442991625972,21.367720375634192,54.270572342885735,65.65818910078175
2019-09-26 09:30:00,2019-09-26 13:15:00,cross_down,8,8 (+47 to +65 pts),52.29989999999998,-67.89999999999964,-24.5,15,11516.3999,11558.7,11510.1,11558.5,11538.1,11539.0,11514.2999,11534.0,48.75746825289631,47.867256280097024,59.20505908712473,38.71905417895556
2019-09-26 13:45:00,2019-09-26 14:00:00,cross_down,1,1 (+0 to +6 pts),2.0,-24.300100000000384,-10.800100000000384,1,11545.1,11557.7,11539.5,11557.1,11556.8999,11559.1,11532.7999,11546.2999,53.97862763723021,53.94818897087528,59.20505908712473,21.285715539453165
2019-09-26 14:15:00,2019-09-26 15:15:00,session_end_forced,5,5 (+18 to +25 pts),21.399999999999636,-23.5,10.5,4,11546.2999,11573.7999,11546.2,11569.7,11568.5,11586.2999,11563.3999,11580.2,55.45511434682228,54.84324658947525,59.20505908712473,18.062490781842655
2019-09-27 13:30:00,2019-09-27 14:15:00,cross_down,2,2 (+6 to +10 pts),8.200000000000728,-47.60009999999966,-39.70010000000002,3,11551.0,11570.7,11549.8999,11567.0,11547.7999,11548.2,11519.3999,11527.2999,55.075215553944304,54.00270811384095,61.08549076870671,23.716692023876373
2019-09-30 13:30:00,2019-09-30 15:15:00,session_end_forced,9,9 (+65 to +101 pts),83.10000000000036,-10.100000000000364,52.5,7,11420.2,11436.2,11415.0,11425.1,11470.2,11485.2,11467.8999,11477.6,39.056013140238086,38.27045684013599,61.64800164201208,35.16206954316579
2019-10-03 11:00:00,2019-10-03 15:15:00,session_end_forced,7,7 (+34 to +46 pts),37.0,-62.899999999999636,-21.099899999999252,17,11311.7,11341.6,11300.2,11333.2999,11310.8999,11323.2999,11308.7,11312.2,41.14734612942184,39.338529887581224,60.0764227681598,33.51358596718023
2019-10-07 09:45:00,2019-10-07 15:15:00,cross_down,7,7 (+34 to +46 pts),45.5,-75.69989999999962,-69.59989999999925,22,11195.7999,11215.5,11186.1,11188.2999,11118.7999,11128.6,11112.6,11118.7,31.70866630939615,31.477596040474864,54.90553020396361,46.32855236569206
2019-10-09 09:15:00,2019-10-09 10:00:00,cross_down,4,4 (+14 to +18 pts),14.5,-44.20010000000002,-37.100000000000364,3,11149.2,11159.1,11110.3999,11144.6,11119.0,11120.7999,11100.3999,11107.5,34.20374300651462,32.30996862715748,51.912666807441234,35.66282545835738
2019-10-09 10:15:00,2019-10-09 15:15:00,session_end_forced,10,10 (+102 to +432 pts),217.89999999999964,-13.600000000000364,215.39999999999964,20,11108.0,11114.0,11090.1,11103.7,11311.0,11320.6,11307.6,11319.1,30.931727477982953,30.82250338525789,51.912666807441234,32.918700457022965
2019-10-11 09:15:00,2019-10-11 11:00:00,cross_down,7,7 (+34 to +46 pts),43.0,-130.5,-76.10000000000036,7,11261.2999,11324.7,11256.7,11319.8999,11239.0,11257.8999,11230.8999,11243.7999,51.67061812796287,50.95545383382833,51.48706397679656,25.744435866692935
2019-10-11 13:45:00,2019-10-11 15:15:00,session_end_forced,8,8 (+47 to +65 pts),54.20010000000002,-26.199899999999616,13.600099999999657,6,11266.0,11292.6,11262.2,11288.3999,11309.3999,11310.6,11295.6,11302.0,53.42066447692211,53.32136783049795,51.48706397679656,16.999998472864014
2019-10-14 13:45:00,2019-10-14 14:45:00,cross_down,4,4 (+14 to +18 pts),18.0,-57.29989999999998,-40.79989999999998,4,11368.3999,11404.7999,11367.7999,11402.3999,11402.7999,11409.0,11345.1,11361.6,64.65680752061043,63.168667065626394,51.709846781479925,41.73634876066728
2019-10-15 11:30:00,2019-10-15 12:30:00,cross_down,4,4 (+14 to +18 pts),14.400100000000748,-28.0,-15.0,4,11401.1,11417.2,11400.5,11414.7999,11416.3999,11418.2,11386.7999,11399.7999,61.67497464760268,61.14725072076645,52.25566498302162,26.00743529112129
2019-10-15 14:00:00,2019-10-15 15:00:00,cross_down,6,6 (+25 to +34 pts),26.699899999999616,-14.899999999999636,-10.100000000000364,4,11426.7,11438.5,11421.8999,11435.6,11438.1,11438.1,11420.7,11425.5,63.766385580543385,62.307747056304464,52.25566498302162,23.739104738877963
2019-10-16 09:30:00,2019-10-16 09:45:00,cross_down,2,2 (+6 to +10 pts),9.20010000000002,-32.199899999999616,-21.5,1,11465.5,11481.0,11464.5,11471.7999,11471.7999,11472.1,11439.6,11450.2999,64.96977856384044,63.78397768830248,53.936072286896504,35.4903786945973
2019-10-17 13:00:00,2019-10-17 15:15:00,session_end_forced,9,9 (+65 to +101 pts),80.10000000000036,-17.299999999999272,63.29989999999998,9,11503.5,11519.5,11501.7,11519.0,11594.2999,11594.5,11577.7,11582.2999,67.9106496791847,65.97526947031143,55.74935208262204,29.619303090951753
2019-10-24 12:45:00,2019-10-24 13:00:00,cross_down,3,3 (+10 to +14 pts),10.400100000000748,-35.5,-34.09989999999925,1,11609.3999,11621.7,11606.2,11611.2999,11611.7,11615.7999,11575.7999,11577.2,48.53140084908647,48.289073885824855,62.58279402859597,19.410310461475024
2019-10-24 14:45:00,2019-10-24 15:15:00,session_end_forced,5,5 (+18 to +25 pts),20.899999999999636,-16.20010000000002,-3.800100000000384,2,11603.0,11608.5,11574.2,11587.6,11580.6,11589.2999,11574.6,11583.7999,45.46655018826001,44.32869963898308,62.58279402859597,24.09691094707238
2019-10-25 14:15:00,2019-10-25 15:15:00,session_end_forced,7,7 (+34 to +46 pts),45.79999999999927,-34.100000000000364,0.7999999999992724,4,11550.2999,11574.8999,11540.1,11574.2,11584.0,11587.7,11572.6,11575.0,43.89374498289273,41.00385606273417,62.46817905068293,28.441328061422077
2019-11-04 09:30:00,2019-11-04 11:15:00,cross_down,6,6 (+25 to +34 pts),25.5,-23.300100000000384,4.0,7,11966.2999,11973.3999,11950.2999,11963.6,11981.5,11989.1,11965.2,11967.6,62.10536521294582,59.80134378946398,71.122573717757,31.204170814454486
2019-11-06 11:30:00,2019-11-06 15:15:00,session_end_forced,8,8 (+47 to +65 pts),58.0,-66.0,15.800100000000384,15,11879.8999,11950.1,11878.8999,11944.8999,11965.6,11969.6,11956.2,11960.7,47.46794757538511,45.273484706972674,73.46757929605646,33.79874809860009
2019-11-08 13:00:00,2019-11-08 13:30:00,cross_down,3,3 (+10 to +14 pts),10.399999999999636,-65.0,-50.100000000000364,2,12001.2,12032.1,12000.7,12023.7,12014.7999,12015.7,11958.7,11973.6,59.28043234646484,58.13989334967089,75.58916335654835,34.757717764852984
2019-11-11 13:45:00,2019-11-11 15:15:00,session_end_forced,8,8 (+47 to +65 pts),50.20010000000002,-13.29989999999998,30.70010000000002,6,11889.8999,11897.3999,11875.7,11882.3999,11919.2,11932.6,11904.2,11913.1,38.2786305353643,37.118514894421764,72.80033115795577,35.89735018349928
2019-11-13 13:30:00,2019-11-13 13:45:00,cross_down,1,1 (+0 to +6 pts),1.3999000000003434,-16.299999999999272,-7.5,1,11882.3999,11895.8999,11878.2,11894.5,11894.0,11895.7999,11881.1,11887.0,43.41901894113125,43.262193952793844,70.76775270791794,19.91746703791071
2019-11-14 10:30:00,2019-11-14 15:15:00,session_end_forced,7,7 (+34 to +46 pts),45.70010000000002,-39.199899999999616,18.20010000000002,19,11822.7,11856.3999,11820.3999,11849.8999,11874.2,11879.2,11861.5,11868.1,34.46723733817708,33.901919346044494,66.904295896988,51.03822354286591
2019-11-19 09:15:00,2019-11-19 14:30:00,cross_down,6,6 (+25 to +34 pts),31.0,-32.399999999999636,6.0,21,11922.7,11925.7,11893.7,11914.1,11930.3999,11931.2999,11916.6,11920.1,53.1948062381829,49.05805600885893,62.56729389629674,22.597907313229133
2019-11-20 09:30:00,2019-11-20 13:15:00,cross_down,8,8 (+47 to +65 pts),60.70010000000002,-2.2998999999999796,28.800100000000384,15,11983.1,11990.8999,11975.6,11977.8999,12024.2,12026.7999,12003.2999,12006.7,62.84413185365671,61.35985125865279,63.33436915161012,31.561163586233864
2019-11-22 14:15:00,2019-11-22 15:15:00,session_end_forced,4,4 (+14 to +18 pts),14.79989999999998,-19.0,6.79989999999998,4,11909.5,11915.8999,11901.2999,11910.0,11910.7,11918.6,11907.7,11916.7999,37.86111372023811,36.20020404695633,64.4413694557222,46.2013426463555
2019-12-02 09:15:00,2019-12-02 12:45:00,cross_down,8,8 (+47 to +65 pts),52.20000000000073,-61.10009999999966,-54.399999999999636,14,12138.7,12138.7,12063.7,12086.5,12042.7,12044.5,12025.3999,12032.1,48.30126858014658,42.56464694416623,65.28449358391094,36.23701773033269
2019-12-02 13:45:00,2019-12-02 15:15:00,session_end_forced,4,4 (+14 to +18 pts),15.600000000000364,-23.899999999999636,1.8999999999996362,6,12046.2999,12058.5,12045.5,12047.6,12047.7,12058.7999,12042.1,12049.5,44.00685845093969,43.09594049539922,65.28449358391094,17.380316905276782
2019-12-03 14:30:00,2019-12-03 15:15:00,session_end_forced,5,5 (+18 to +25 pts),18.300100000000384,-23.699899999999616,13.900100000000748,3,11962.2,11985.8999,11962.1,11985.7999,11994.8999,12004.0,11989.5,11999.7,36.58951131282604,33.77684614721122,63.58827297812178,42.835929677883456
2019-12-04 14:15:00,2019-12-04 15:15:00,session_end_forced,9,9 (+65 to +101 pts),86.30010000000038,-16.0,68.89999999999964,4,11959.2,11973.2,11952.3999,11968.3999,12044.2,12048.3999,12033.1,12037.2999,39.96258506868363,37.45664826359095,60.77619162655851,25.009832399571074
2019-12-09 10:30:00,2019-12-09 15:15:00,session_end_forced,9,9 (+65 to +101 pts),68.69989999999962,-8.700000000000728,24.199899999999616,19,11904.7,11921.1,11904.5,11913.2,11938.7,11944.2,11933.0,11937.3999,36.69344716129744,35.64547756419356,53.82081406810128,48.84881813422297
2019-12-10 09:45:00,2019-12-10 10:00:00,cross_down,2,2 (+6 to +10 pts),6.300100000000384,-15.79989999999998,-7.5,1,11926.1,11939.7999,11918.1,11933.8999,11934.0,11940.2,11923.5,11926.3999,42.074522180634816,41.70823620137811,51.555103684828744,24.70930560888896
2019-12-10 13:15:00,2019-12-10 13:30:00,cross_down,1,1 (+0 to +6 pts),5.0,-22.899999999999636,-20.300100000000384,1,11897.8999,11899.5,11888.8999,11899.1,11900.2,11904.1,11876.2,11878.7999,36.31901026062136,35.884980793098535,51.555103684828744,30.973579729374148
2019-12-17 11:00:00,2019-12-17 11:30:00,cross_down,1,1 (+0 to +6 pts),4.800100000000384,-15.599899999999252,-8.399999999999636,2,12137.6,12141.2,12132.6,12139.7999,12141.0,12144.2,12124.2,12131.3999,68.34429313815346,67.88383493194596,53.01606543340018,33.430886950573104
2019-12-17 12:45:00,2019-12-17 13:00:00,cross_down,1,1 (+0 to +6 pts),3.100000000000364,-12.5,-10.79989999999998,1,12149.2999,12154.8999,12145.7999,12154.2999,12154.5,12157.3999,12141.7999,12143.5,71.57773113798689,70.48385244759424,53.01606543340018,29.920299780999144
2019-12-27 09:15:00,2019-12-27 15:15:00,session_end_forced,9,9 (+65 to +101 pts),98.60000000000036,-2.0,90.60000000000036,24,12172.6,12180.2999,12159.2,12159.7999,12242.1,12258.3999,12241.7,12250.3999,22.735688197461904,16.46875038210908,62.593917698258835,48.28954365980337
2019-12-31 13:30:00,2019-12-31 14:30:00,cross_down,2,2 (+6 to +10 pts),7.0,-24.599899999999252,-19.899999999999636,4,12222.8999,12236.2999,12220.3999,12229.2999,12207.7,12219.0,12206.2,12209.3999,50.939527726722396,50.02916393860986,62.84309540196342,24.607965993906827
2020-01-01 10:15:00,2020-01-01 10:45:00,cross_down,1,1 (+0 to +6 pts),3.399999999999636,-27.300100000000384,-19.5,2,12190.7999,12200.5,12187.2,12197.1,12192.2999,12193.7,12169.7999,12177.6,44.12061391872285,43.895207772398074,60.4961542825845,22.29022532507548
2020-01-01 13:15:00,2020-01-01 15:15:00,session_end_forced,4,4 (+14 to +18 pts),14.399999999999636,-14.20010000000002,3.7998999999999796,8,12175.2999,12183.7999,12171.7,12183.6,12182.2999,12192.6,12176.7999,12187.3999,43.85993206715432,41.9142636232938,60.4961542825845,23.210500692846352
2020-01-08 12:15:00,2020-01-08 15:15:00,session_end_forced,8,8 (+47 to +65 pts),61.70000000000073,-20.799999999999272,46.0,12,11959.5,11978.3999,11954.2,11975.0,12023.6,12033.0,12019.5,12021.0,36.56176126705606,35.385349421842605,50.934312578861395,23.659799130284288
2020-01-15 15:00:00,2020-01-15 15:15:00,session_end_forced,2,2 (+6 to +10 pts),6.5,-36.0,-8.5,1,12313.0,12349.3999,12312.6,12348.6,12348.7,12355.1,12338.2999,12340.1,56.50845688599925,50.99347313679263,56.879091270862396,27.76961595162618
2020-01-16 13:15:00,2020-01-16 15:15:00,session_end_forced,3,3 (+10 to +14 pts),13.29989999999998,-10.799999999999272,-1.3999999999996362,8,12354.6,12357.6,12348.7999,12355.0,12360.6,12362.0,12349.2999,12353.6,55.711865506080116,55.68201130073268,58.195764063624225,21.536564909762912
2020-01-17 10:00:00,2020-01-17 11:15:00,cross_down,2,2 (+6 to +10 pts),7.699899999999616,-25.600000000000364,-21.900100000000748,5,12365.8999,12382.2,12365.2,12377.7,12368.3999,12369.2999,12352.1,12355.7999,60.082125933414716,57.160875421216154,59.447195982569625,20.52930576269142
2020-01-21 11:30:00,2020-01-21 15:15:00,session_end_forced,4,4 (+14 to +18 pts),14.29989999999998,-33.800100000000384,-25.20010000000002,15,12180.3999,12199.2999,12177.8999,12196.1,12167.7,12174.3999,12162.5,12170.8999,28.764771729965798,27.04566830021201,57.55264849283122,55.28904655564348
2020-02-14 09:15:00,2020-02-14 10:45:00,cross_down,2,2 (+6 to +10 pts),8.200000000000728,-140.70010000000002,-112.10009999999966,6,12180.8999,12240.6,12179.7,12238.5,12192.6,12194.2999,12097.7999,12126.3999,58.83007800929106,53.121335238577096,50.99424680251333,26.91600016628326
2020-02-17 11:45:00,2020-02-17 12:00:00,cross_down,2,2 (+6 to +10 pts),5.899999999999636,-10.100000000000364,-6.100000000000364,1,12097.6,12105.2999,12091.5,12099.3999,12099.2,12099.6,12089.2999,12093.2999,41.4794569045502,41.09319966945708,50.90037711653507,10.878843648892293
2020-02-17 14:45:00,2020-02-17 15:15:00,session_end_forced,1,1 (+0 to +6 pts),4.299999999999272,-27.700000000000728,-14.600000000000364,2,12045.0,12068.0,12045.0,12064.7,12042.5,12052.2999,12038.0,12050.1,34.099755681422536,33.475976703656954,50.90037711653507,31.232306785599466
2020-04-21 14:45:00,2020-04-21 15:15:00,session_end_forced,6,6 (+25 to +34 pts),28.850000000000364,-28.950000000000728,12.5,2,8951.1,8969.45,8939.4,8968.35,8984.5,8993.7,8971.05,8980.85,38.36522116651672,36.277665906734626,53.65304760672366,41.95974372708928
2020-04-27 09:30:00,2020-04-27 13:30:00,cross_down,7,7 (+34 to +46 pts),43.80000000000109,-32.849999999998545,-2.899999999999636,16,9322.75,9345.6,9314.9,9333.3,9347.45,9348.1,9326.65,9330.4,51.47370621433645,49.97645464100777,54.827586318909646,37.26340803932469
2020-04-28 13:15:00,2020-04-28 15:15:00,session_end_forced,8,8 (+47 to +65 pts),49.05000000000109,-29.049999999999272,47.850000000000364,8,9340.9,9366.65,9332.85,9355.3,9384.25,9404.35,9375.95,9403.15,57.50387595976506,56.65954649991221,55.507031872588584,18.0532665850211
2020-04-30 09:30:00,2020-04-30 12:15:00,cross_down,9,9 (+65 to +101 pts),77.54999999999927,-38.70000000000073,65.64999999999964,11,9780.45,9815.6,9772.8,9811.5,9864.15,9889.05,9860.2,9877.15,79.62110150992814,78.98761426458553,58.57042080065482,55.65093148913908
2020-05-05 09:30:00,2020-05-05 14:45:00,cross_down,1,1 (+0 to +6 pts),2.2000000000007276,-216.85000000000036,-198.25,21,9392.4,9431.75,9379.65,9430.0,9260.1,9279.8,9213.15,9231.75,39.970506729851806,37.66766048449674,59.28548298729846,52.48784023195816
2020-05-06 10:00:00,2020-05-06 15:15:00,session_end_forced,9,9 (+65 to +101 pts),66.25,-92.10000000000036,7.0,21,9227.05,9285.9,9206.25,9280.6,9270.65,9290.9,9265.55,9287.6,35.948823935341075,34.60342226872941,56.95572528147021,36.612822902227116
2020-05-11 09:30:00,2020-05-11 11:15:00,cross_down,4,4 (+14 to +18 pts),17.75,-90.5,-89.25,7,9375.45,9439.85,9375.0,9422.1,9354.8,9364.85,9331.6,9332.85,50.34716330015293,48.93450383867223,53.08522013732955,41.8052062320118
2020-05-12 13:15:00,2020-05-12 15:15:00,session_end_forced,10,10 (+102 to +432 pts),137.60000000000036,-30.25,106.10000000000036,8,9100.45,9119.15,9095.75,9103.25,9169.5,9218.3,9168.35,9209.35,35.72310244866249,34.5443957407675,52.31168458393168,48.32912075718376
2020-05-15 12:15:00,2020-05-15 15:15:00,session_end_forced,9,9 (+65 to +101 pts),82.75,-16.899999999999636,45.75,12,9066.3,9096.8,9066.1,9083.0,9134.55,9148.45,9125.0,9128.75,32.236079066012074,31.41518424664169,50.796991962727354,57.79525282746061
2020-06-01 09:45:00,2020-06-01 13:00:00,cross_down,9,9 (+65 to +101 pts),91.25,-28.200000000000728,75.10000000000036,13,9818.1,9845.0,9812.15,9840.35,9913.9,9921.35,9903.2,9915.45,78.16407877863551,76.50588212878904,56.19879625941956,63.9965861184065
2020-06-05 09:30:00,2020-06-05 10:30:00,cross_down,4,4 (+14 to +18 pts),15.79989999999998,-90.89999999999964,-67.80010000000038,4,10138.0,10147.3999,10117.5,10131.6,10046.2999,10076.6,10040.7,10063.7999,59.53996180022046,55.96291611711926,70.46620202478755,26.643176620751557
2020-06-05 12:00:00,2020-06-05 12:15:00,cross_down,2,2 (+6 to +10 pts),5.600099999999657,-25.0,-9.5,1,10090.5,10116.0,10085.3999,10110.3999,10110.2999,10116.0,10095.2,10100.8999,59.4109897369915,58.92867244313455,70.46620202478755,15.609957101112064
2020-06-05 12:45:00,2020-06-05 14:45:00,cross_down,8,8 (+47 to +65 pts),63.199899999999616,-12.0,21.5,8,10113.2,10121.6,10104.2999,10114.6,10146.5,10151.7,10124.1,10136.1,61.565373205389136,60.78569085777916,70.46620202478755,15.271478148498396
2020-06-08 09:15:00,2020-06-08 11:15:00,cross_down,6,6 (+25 to +34 pts),25.800100000000384,-40.5,-11.699899999999616,8,10329.2999,10330.2,10288.3999,10304.3999,10303.7999,10309.7,10288.5,10292.7,69.84061249325627,66.47294824450319,72.78362796624893,30.170100710292772
2020-06-09 11:30:00,2020-06-09 12:30:00,cross_down,6,6 (+25 to +34 pts),28.100000000000364,-29.299999999999272,-24.100099999999657,4,10249.8999,10267.8999,10244.3999,10263.0,10260.2999,10273.7999,10233.7,10238.8999,62.418071139058874,61.94334401384945,74.62187590502094,32.38554777788477
2020-06-10 11:00:00,2020-06-10 11:45:00,cross_down,2,2 (+6 to +10 pts),8.5,-53.399999999999636,-52.800100000000384,3,10110.7,10129.1,10105.2,10124.1,10084.1,10097.1,10070.7,10071.2999,45.93181718733446,43.52914757846565,73.17975585408814,27.2267486666311
2020-06-10 12:00:00,2020-06-10 14:45:00,cross_down,8,8 (+47 to +65 pts),51.89990000000034,-35.399999999999636,-27.600099999999657,11,10071.3999,10093.5,10062.0,10088.5,10064.3999,10081.3999,10053.1,10060.8999,44.74358582175598,44.531103837010846,73.17975585408814,19.963614100687572
2020-06-10 15:00:00,2020-06-10 15:15:00,session_end_forced,5,5 (+18 to +25 pts),19.5,-69.90010000000075,10.699899999999616,1,10060.7999,10129.6,10059.2999,10129.2,10129.1,10148.7,10127.7999,10139.8999,47.2156202065504,44.99061206428678,73.17975585408814,16.63168883486697
2020-06-12 11:15:00,2020-06-12 15:15:00,session_end_forced,10,10 (+102 to +432 pts),216.5,-69.95000000000073,179.60000000000036,16,9715.2,9818.45,9709.55,9779.5,9974.9,9983.85,9951.1,9959.1,31.30770356737449,25.583518116138777,69.17420768248628,54.56982733357314
2020-06-15 13:15:00,2020-06-15 15:15:00,session_end_forced,9,9 (+65 to +101 pts),79.5,-33.55000000000109,23.5,8,9765.85,9800.95,9764.4,9794.6,9812.45,9824.65,9792.5,9818.1,40.38633988030797,38.86297310435528,66.76102174722269,27.251383614835092
2020-06-17 10:00:00,2020-06-17 10:15:00,cross_down,5,5 (+18 to +25 pts),18.80000000000109,-62.399999999999636,-42.599999999998545,1,9924.85,9956.35,9916.1,9937.55,9938.1,9942.2,9875.15,9894.95,53.003412761669566,51.286375948995534,61.0776635370417,16.980728188358373
2020-06-17 12:00:00,2020-06-17 14:45:00,cross_down,8,8 (+47 to +65 pts),64.39999999999964,-65.60000000000036,-45.5,11,9923.2,9944.9,9913.15,9939.2,9932.4,9932.4,9873.6,9893.7,53.3408852567065,51.72637855201575,61.0776635370417,14.14166233590929
2020-06-18 11:45:00,2020-06-18 15:15:00,session_end_forced,10,10 (+102 to +432 pts),168.5500000000011,-25.549999999999272,150.14990000000034,14,9921.6,9944.7,9917.1,9942.65,10083.1,10111.2,10080.6,10092.7999,53.115673250260585,51.16695178664492,59.23596078194126,19.867890203503116
2020-06-19 11:45:00,2020-06-19 13:00:00,cross_down,4,4 (+14 to +18 pts),15.0,-62.20000000000073,-27.800100000000384,5,10182.6,10198.2999,10173.7,10197.7,10197.5,10198.8999,10135.5,10169.8999,70.53891184104249,69.4662391178136,60.17715226081851,57.10950455587504
2020-06-22 09:30:00,2020-06-22 10:15:00,cross_down,5,5 (+18 to +25 pts),19.0,-51.5,-32.5,3,10351.2999,10376.7,10350.5,10367.3999,10332.0,10355.1,10315.8999,10334.8999,78.22123511476394,76.76348521048214,62.23860086075133,38.440895753224844
2020-06-24 09:30:00,2020-06-24 10:30:00,cross_down,5,5 (+18 to +25 pts),22.399999999999636,-26.900100000000748,-17.100000000000364,4,10517.0,10542.7,10507.5,10530.7,10539.5,10545.7,10503.7999,10513.6,79.16361196528662,77.18801054285471,66.97722903985293,52.403308217696804
2020-06-25 14:00:00,2020-06-25 15:15:00,session_end_forced,5,5 (+18 to +25 pts),18.099899999999252,-75.20000000000073,-59.300100000000384,5,10313.7999,10350.0,10302.3999,10343.7,10285.7,10292.5,10268.5,10284.3999,48.183962817291686,43.71042626196694,66.33085741830648,29.15188236523615
2020-06-26 14:15:00,2020-06-26 15:15:00,session_end_forced,7,7 (+34 to +46 pts),37.0,-34.09989999999925,27.0,4,10346.0,10383.3999,10345.5,10372.7999,10379.2,10409.7999,10378.5,10399.7999,51.19701179276657,50.48770587806873,65.29321217455386,12.977266252624435
2020-06-29 12:45:00,2020-06-29 15:15:00,session_end_forced,6,6 (+25 to +34 pts),33.89990000000034,-55.899999999999636,11.200000000000728,10,10306.0,10313.2,10292.8999,10304.0,10326.0,10337.8999,10312.2,10315.2,46.93060099417136,44.96701255446126,65.54537754542469,25.927180231024835
2020-07-01 11:15:00,2020-07-01 15:15:00,session_end_forced,9,9 (+65 to +101 pts),85.60009999999966,-31.699899999999616,56.899999999999636,16,10336.6,10372.5,10329.7,10361.3999,10436.5,10437.7,10412.6,10418.2999,52.4446127322284,50.96051126638073,63.28841073184427,16.808033377809245
2020-07-06 09:45:00,2020-07-06 14:00:00,cross_down,9,9 (+65 to +101 pts),75.89990000000034,-16.399999999999636,33.100000000000364,17,10726.6,10737.6,10719.1,10735.5,10780.0,10787.3999,10763.1,10768.6,68.9757970972006,67.78460672264005,66.93878630752732,33.84709676648529
2020-07-09 12:45:00,2020-07-09 13:00:00,cross_down,1,1 (+0 to +6 pts),1.8999999999996362,-45.0,-34.0,1,10788.7999,10800.2999,10782.6,10799.6,10799.7999,10801.5,10754.6,10765.6,56.23068426865673,55.43251695049234,70.85490626721314,15.665121402822718
2020-07-09 13:30:00,2020-07-09 15:15:00,session_end_forced,7,7 (+34 to +46 pts),36.5,-16.199899999999616,32.100000000000364,7,10796.2999,10811.5,10786.5,10800.2999,10810.7999,10836.7999,10809.3999,10832.3999,55.40674144826884,54.48782735537228,70.85490626721314,16.081652868881992
2020-07-14 14:15:00,2020-07-14 15:15:00,session_end_forced,7,7 (+34 to +46 pts),38.70010000000002,-12.699899999999616,4.300100000000384,4,10631.7999,10644.5,10599.6,10605.7999,10610.0,10620.1,10599.2999,10610.1,36.600561741251475,36.06221204149998,70.72776294348346,49.16177618684858
2020-07-16 13:30:00,2020-07-16 15:15:00,session_end_forced,9,9 (+65 to +101 pts),77.59989999999925,-32.600000000000364,51.79999999999927,7,10659.0,10686.8999,10651.7999,10677.7,10747.0,10753.1,10722.8999,10729.5,46.504385383616224,44.359723453149016,64.03508280978001,17.318987850896058
2020-07-17 14:00:00,2020-07-17 15:15:00,session_end_forced,9,9 (+65 to +101 pts),98.60000000000036,-39.199899999999616,97.20010000000002,5,10806.1,10848.5,10795.6,10834.7999,10902.0,10933.3999,10898.7999,10932.0,61.235934785870015,60.12130483521617,63.1640965464018,31.525066436682977
2020-07-24 14:15:00,2020-07-24 15:15:00,session_end_forced,5,5 (+18 to +25 pts),18.79989999999998,-51.800100000000384,-8.399999999999636,4,11184.3999,11212.3999,11171.7,11206.6,11202.1,11206.2999,11188.2,11198.2,56.01926326720074,52.335295040777794,71.8181297336269,36.888382168554884
2020-07-27 12:15:00,2020-07-27 15:15:00,cross_down,3,3 (+10 to +14 pts),10.5,-62.40010000000075,-49.5,12,11153.2,11175.2,11147.0,11174.2,11127.0,11134.1,11111.7999,11124.7,51.59146451452655,49.86519466912036,72.22173469194242,25.157271974765763
2020-07-28 09:15:00,2020-07-28 15:15:00,session_end_forced,10,10 (+102 to +432 pts),116.60000000000036,-49.70010000000002,91.19989999999962,24,11159.8999,11213.2,11151.3999,11201.1,11301.5,11312.5,11284.7,11292.2999,51.4038014125618,47.40095630738531,70.85187529030277,22.23533336335514
2020-07-30 10:30:00,2020-07-30 11:45:00,cross_down,1,1 (+0 to +6 pts),4.899900000000343,-34.399999999999636,-30.899999999999636,5,11281.6,11298.2,11273.5,11295.0,11283.1,11288.2999,11260.6,11264.1,56.81279706278042,54.72504761860959,69.85982659610502,28.737197769388978
2020-07-31 12:00:00,2020-07-31 15:15:00,session_end_forced,5,5 (+18 to +25 pts),18.20010000000002,-67.79989999999998,-5.399900000000343,13,11085.8999,11103.3999,11078.7,11094.3999,11070.1,11091.1,11060.8999,11089.0,37.13012166812709,35.80833425396449,66.82469717164525,56.39282647224526
2020-08-03 10:15:00,2020-08-03 15:15:00,session_end_forced,5,5 (+18 to +25 pts),22.399999999999636,-86.0,-68.40010000000075,20,10953.0,10974.3999,10950.0,10968.2,10893.0,10903.1,10884.2,10899.7999,32.01580902511153,30.119156128260464,64.32658091598172,49.95997316389833
2020-08-06 09:45:00,2020-08-06 14:00:00,cross_down,9,9 (+65 to +101 pts),89.09989999999925,-32.5,40.899999999999636,17,11165.7999,11174.7999,11158.3999,11167.7,11225.7,11225.8999,11195.7999,11208.6,58.1923583787331,57.374903864443326,58.074705099117956,34.39359786679163
2020-08-07 14:45:00,2020-08-07 15:15:00,session_end_forced,3,3 (+10 to +14 pts),10.199899999999616,-16.100000000000364,-2.899999999999636,2,11223.8999,11229.7999,11213.1,11219.6,11214.2,11220.6,11204.2999,11216.7,61.11521058549903,59.976502840182484,58.73840725684284,19.908628757994737
2020-08-12 14:45:00,2020-08-12 15:15:00,session_end_forced,1,1 (+0 to +6 pts),5.29989999999998,-13.399999999999636,-3.399999999999636,2,11313.8999,11317.7999,11306.0,11312.5,11311.2,11314.1,11299.1,11309.1,54.82888021158442,54.38832384922574,62.288684896421465,17.42627861067863
2020-08-14 09:15:00,2020-08-14 11:00:00,cross_down,1,1 (+0 to +6 pts),3.600000000000364,-46.59989999999925,-33.5,7,11350.7999,11357.7999,11329.0,11357.7999,11324.6,11331.1,11319.8999,11324.2999,52.13704542904053,51.21985651879095,63.5286813852395,31.019712932574677
2020-08-14 11:30:00,2020-08-14 13:00:00,cross_down,6,6 (+25 to +34 pts),33.20000000000073,-10.299999999999272,-6.799999999999272,6,11328.1,11335.3999,11322.7,11333.0,11342.1,11343.5,11324.3999,11326.2,54.247979993318864,53.88295741363778,63.5286813852395,17.123722897080434
2020-08-17 10:30:00,2020-08-17 15:15:00,session_end_forced,7,7 (+34 to +46 pts),41.399999999999636,-42.90010000000075,33.79999999999927,19,11216.3999,11231.7,11207.7,11225.7,11241.7,11267.1,11238.7,11259.5,41.55539732144481,38.55282136217791,60.74955840939733,35.9688288552861
2020-08-21 09:15:00,2020-08-21 14:30:00,cross_down,3,3 (+10 to +14 pts),12.100099999999657,-30.79989999999998,-11.29989999999998,21,11405.7999,11413.7,11386.2999,11406.3999,11398.5,11400.6,11391.7999,11395.1,48.023220650947394,42.63735070574721,61.24761059403524,27.99838017529866
2020-08-24 09:30:00,2020-08-24 14:45:00,cross_down,8,8 (+47 to +65 pts),57.800100000000384,-17.100000000000364,26.600099999999657,21,11434.1,11443.2,11424.2,11439.3999,11476.0,11482.0,11461.7,11466.0,56.47814545454288,55.33363038724968,61.132045727927675,24.854369702159428
2020-08-26 13:45:00,2020-08-26 15:15:00,session_end_forced,8,8 (+47 to +65 pts),59.20000000000073,-14.299999999999272,49.89990000000034,6,11488.7999,11503.2,11488.2,11502.5,11551.5,11561.7,11547.6,11552.3999,60.81048398369104,59.0694498156763,63.35100800881834,11.0143260350652
2020-08-31 09:45:00,2020-08-31 10:15:00,cross_down,3,3 (+10 to +14 pts),10.399999999999636,-53.5,-33.0,2,11775.7,11778.2999,11752.0,11767.8999,11752.8999,11753.1,11714.3999,11734.8999,70.14704628250452,69.68171926130276,68.89448054556618,36.870793024074686
2020-09-01 10:00:00,2020-09-01 15:15:00,session_end_forced,10,10 (+102 to +432 pts),109.70010000000002,-53.0,50.5,21,11415.5,11449.7,11390.7999,11443.7999,11478.0,11496.2999,11467.5,11494.2999,40.556725416450575,39.73521111711096,63.791088135627504,55.89622904638142
2020-09-03 13:15:00,2020-09-03 14:00:00,cross_down,1,1 (+0 to +6 pts),3.2998999999999796,-27.300100000000384,-22.600000000000364,3,11552.1,11567.3999,11550.8999,11564.1,11553.3999,11560.7999,11536.7999,11541.5,56.269612534189875,56.26881438658617,61.22103648473334,28.10573214411336
2020-09-04 13:00:00,2020-09-04 14:30:00,cross_down,4,4 (+14 to +18 pts),16.600099999999657,-111.69989999999962,-100.5,6,11424.0,11443.5,11422.8999,11435.3999,11369.2,11380.5,11323.7,11334.8999,43.16483245905649,40.79533422562736,60.48343998224295,32.80630563413603
2020-09-07 10:30:00,2020-09-07 15:15:00,session_end_forced,9,9 (+65 to +101 pts),74.20010000000002,-28.29989999999998,69.10009999999966,19,11307.6,11318.3999,11300.1,11306.8999,11356.7,11381.1,11356.3999,11376.0,33.760051410722454,32.9944803057767,56.981600159736985,48.17689436975366
2020-09-09 13:00:00,2020-09-09 15:15:00,session_end_forced,8,8 (+47 to +65 pts),57.5,-34.100000000000364,44.899999999999636,9,11221.8999,11241.8999,11206.5,11240.6,11281.7,11298.1,11275.7999,11285.5,32.15589736068863,29.72973739500753,51.511735492009066,56.42196870957778
2020-09-11 10:45:00,2020-09-11 11:00:00,cross_down,1,1 (+0 to +6 pts),3.2001000000000204,-28.399900000000343,-20.199899999999616,1,11460.3999,11479.1,11451.0,11477.3999,11478.6,11480.6,11449.0,11457.2,64.80256748234297,64.78594401609405,50.15011087792219,49.033022821480095
2020-09-14 11:45:00,2020-09-14 12:15:00,cross_down,2,2 (+6 to +10 pts),7.600000000000364,-28.599899999999252,-23.099899999999252,2,11560.5,11568.8999,11549.8999,11561.2999,11554.5,11556.0,11532.7,11538.2,70.52810469433008,69.81609260999187,51.09413527668498,51.764647816442434
2020-09-15 12:45:00,2020-09-15 13:00:00,cross_down,3,3 (+10 to +14 pts),13.0,-37.39990000000034,-22.899900000000343,1,11498.0,11506.7999,11495.2,11501.3999,11501.7,11514.3999,11464.0,11478.5,56.32882509717031,54.889813226742774,51.14373559336917,16.260735057090592
2020-09-15 14:00:00,2020-09-15 15:15:00,session_end_forced,5,5 (+18 to +25 pts),18.100000000000364,-26.099899999999252,13.600000000000364,5,11493.2999,11523.5,11491.7,11517.7999,11519.6,11535.8999,11511.7999,11531.3999,57.233001897195685,54.45676753403308,51.14373559336917,15.66447368188669
2020-09-16 12:45:00,2020-09-16 13:00:00,cross_down,2,2 (+6 to +10 pts),9.699899999999616,-17.100000000000364,-9.300100000000384,1,11556.2999,11582.7999,11556.0,11573.1,11573.7999,11577.2999,11563.2999,11563.7999,62.49124864250835,62.46654623549868,53.11720138329052,30.104963321517136
2020-09-16 14:30:00,2020-09-16 15:15:00,cross_down,4,4 (+14 to +18 pts),16.800100000000384,-16.899999999999636,-1.3999999999996362,3,11597.6,11604.2,11584.3999,11601.2999,11600.2,11615.1,11593.1,11599.8999,67.40791805979825,66.7285059881853,53.11720138329052,39.293395252985896
2020-09-18 09:30:00,2020-09-18 12:45:00,cross_down,3,3 (+10 to +14 pts),13.0,-30.899900000000343,-13.699899999999616,13,11559.0,11570.8999,11550.8999,11568.3999,11550.6,11563.2999,11545.8999,11554.7,50.48569289538775,49.767622070902654,55.72028085495532,24.559590101950153
2020-09-18 13:00:00,2020-09-18 13:15:00,cross_down,1,1 (+0 to +6 pts),3.2001000000000204,-21.399900000000343,-12.100000000000364,1,11554.8999,11563.2,11550.1,11560.3999,11560.3999,11563.6,11539.0,11548.2999,53.21510309474078,53.02898029572666,55.72028085495532,14.896603857776409
2020-09-18 14:00:00,2020-09-18 14:15:00,cross_down,2,2 (+6 to +10 pts),6.599899999999252,-106.10000000000036,-65.10000000000036,1,11564.2999,11575.7999,11563.6,11569.2,11568.3999,11568.7,11463.1,11504.1,54.89391572307417,53.936792627374615,55.72028085495532,14.458473634283608
2020-09-21 12:00:00,2020-09-21 12:45:00,cross_down,3,3 (+10 to +14 pts),12.899999999999636,-43.70010000000002,-29.899999999999636,3,11496.1,11501.6,11484.5,11500.1,11466.6,11481.5,11461.8999,11470.2,43.541493199619175,43.10124304123642,55.736549408270726,25.05662584354141
2020-09-22 10:45:00,2020-09-22 15:15:00,session_end_forced,9,9 (+65 to +101 pts),96.0,-38.0,19.700000000000728,18,11186.0,11186.2,11152.7,11155.0,11161.3999,11177.0,11147.6,11174.7,22.835646373840095,21.823481887355843,50.963117493243544,52.84103758757383
2020-10-06 15:00:00,2020-10-06 15:15:00,session_end_forced,4,4 (+14 to +18 pts),17.699899999999616,-18.600000000000364,-0.8999999999996362,1,11644.2,11666.0,11644.0,11662.6,11663.0,11680.2999,11658.0,11661.7,72.1047287477584,71.83561526787763,50.35629450636869,35.75102493291068
2020-10-07 09:45:00,2020-10-07 11:00:00,cross_down,5,5 (+18 to +25 pts),18.899999999999636,-44.699899999999616,-17.899900000000343,5,11686.2999,11736.5,11684.2,11728.8999,11718.3999,11721.3999,11701.1,11711.0,76.80243233788026,74.94909080121738,54.51257189882948,39.415605367606965
2020-10-14 13:45:00,2020-10-14 15:15:00,session_end_forced,10,10 (+102 to +432 pts),135.70000000000073,-22.799999999999272,104.5,6,11844.7,11862.3999,11838.7,11861.5,11967.0,11997.2,11961.2999,11966.0,41.66765040015842,40.18541363821635,69.99271491162997,29.060095910940046
2020-10-16 10:00:00,2020-10-16 15:15:00,session_end_forced,8,8 (+47 to +65 pts),57.40010000000075,-64.5,35.40010000000075,21,11683.5,11736.1,11667.7999,11732.2999,11765.0,11771.2999,11750.2999,11767.7,35.384860791223524,32.76830705312196,67.09885219565903,49.98654898463707
2020-10-21 09:45:00,2020-10-21 12:30:00,cross_down,4,4 (+14 to +18 pts),13.899999999999636,-25.700000000000728,-10.700000000000728,11,12013.0,12018.6,12001.7,12004.7,12010.7,12011.2,11993.5,11994.0,63.70521451652721,62.242399156605586,63.976503330866436,37.0451236015984
2020-10-23 09:15:00,2020-10-23 14:15:00,cross_down,5,5 (+18 to +25 pts),19.899999999999636,-45.899999999999636,-25.0,20,11958.7999,11974.5,11939.1,11954.6,11936.6,11944.6,11928.6,11929.6,53.18985024262069,49.29068956614573,63.735023916525805,19.713706665724636
2020-10-23 14:30:00,2020-10-23 14:45:00,cross_down,2,2 (+6 to +10 pts),6.0,-28.399999999999636,-17.399999999999636,1,11929.7999,11960.0,11926.7,11955.1,11956.2999,11961.1,11931.8999,11937.7,55.3441886035462,54.07534659784592,63.735023916525805,13.25744235947219
2020-10-29 11:00:00,2020-10-29 15:15:00,session_end_forced,8,8 (+47 to +65 pts),54.300100000000384,-83.39999999999964,-19.0,17,11683.3999,11705.1,11683.0,11689.7999,11678.2,11680.3999,11658.8999,11670.7999,35.61315791948151,34.2955650994962,56.53849650682388,41.89464218735799
2020-10-30 13:30:00,2020-10-30 15:15:00,session_end_forced,8,8 (+47 to +65 pts),48.70000000000073,-33.899999999999636,36.29989999999998,7,11576.8999,11618.0,11576.1,11610.0,11648.7999,11658.7,11640.8999,11646.2999,35.47838530840905,33.662800456391,53.25817536606327,43.39807813328954
2020-11-05 10:00:00,2020-11-05 11:15:00,cross_down,6,6 (+25 to +34 pts),29.599899999999252,-16.700000000000728,7.099899999999252,5,12058.1,12076.6,12056.7,12071.2,12074.1,12088.2999,12071.6,12078.2999,69.37377446851107,67.24934624443036,52.080661504209644,33.005270735692626
2020-11-06 10:00:00,2020-11-06 10:30:00,cross_down,3,3 (+10 to +14 pts),12.899900000000343,-16.20010000000002,-11.20010000000002,2,12195.3999,12208.8999,12187.7999,12196.0,12190.8999,12198.1,12180.2,12184.7999,78.61672600608082,77.35434001821004,56.454049919320596,54.70123321361103
2020-11-13 14:45:00,2020-11-13 15:15:00,session_end_forced,2,2 (+6 to +10 pts),9.799999999999272,-20.600000000000364,0.599899999999252,2,12701.8999,12730.6,12701.6,12722.2,12722.2,12724.2,12711.2,12722.7999,58.39125977063599,57.35840833909872,74.9847818290115,14.02826309690431
2020-11-18 14:30:00,2020-11-18 15:15:00,session_end_forced,7,7 (+34 to +46 pts),40.59989999999925,-11.5,30.399999999999636,3,12905.1,12920.5,12896.7,12908.2,12943.2999,12948.7999,12933.3999,12938.6,68.77009200018858,67.88500508692994,78.17313114017584,31.80944678988275
2020-11-20 13:15:00,2020-11-20 15:15:00,session_end_forced,9,9 (+65 to +101 pts),87.29989999999998,-30.899999999999636,40.600000000000364,8,12813.6,12817.2999,12799.0,12805.1,12867.0,12868.7,12842.0,12845.7,46.322294605754706,45.28157674124578,77.39370048307129,29.206548041292955
2020-11-25 09:15:00,2020-11-25 10:15:00,cross_down,3,3 (+10 to +14 pts),12.099899999999252,-91.20000000000073,-84.30010000000038,4,13128.8999,13145.7999,13113.1,13133.7,13094.7,13097.7999,13042.5,13049.3999,73.83425905274348,72.43371145365258,76.46151629063627,39.798516772388226
2020-11-26 12:45:00,2020-11-26 15:15:00,session_end_forced,10,10 (+102 to +432 pts),116.39999999999964,-58.800100000000384,113.60000000000036,10,12844.3999,12904.0,12842.7999,12901.6,12987.7999,13018.0,12984.1,13015.2,41.67470271952867,37.51945621333994,73.22210512086679,28.818035372228053
2020-12-01 09:30:00,2020-12-01 15:15:00,cross_down,10,10 (+102 to +432 pts),106.39990000000034,-23.399999999999636,75.60000000000036,23,13006.5,13024.8999,12998.6,13022.0,13107.5,13114.2,13091.5,13097.6,53.033751440639726,52.89884489655471,69.8966050198919,24.703256067194136
2020-12-03 09:15:00,2020-12-03 11:45:00,cross_down,8,8 (+47 to +65 pts),57.0,-22.0,-12.79989999999998,10,13217.7999,13218.8999,13153.8999,13161.8999,13160.2,13165.7999,13146.2,13149.1,58.66214336172091,57.42564538827019,69.34237443433258,34.75818560448618
2020-12-04 09:30:00,2020-12-04 12:00:00,cross_down,7,7 (+34 to +46 pts),40.699899999999616,-19.600000000000364,-0.8999999999996362,10,13190.7999,13212.6,13190.0,13209.6,13209.6,13214.7999,13201.6,13208.7,61.39049496305775,60.405197387408336,69.45040722996144,22.29379460844511
2020-12-07 09:30:00,2020-12-07 10:45:00,cross_down,5,5 (+18 to +25 pts),19.200000000000728,-33.399999999999636,-5.700000000000728,5,13285.8,13312.6,13269.6,13303.0,13304.1,13308.6,13293.0,13297.3,71.18887533685495,69.01382993762999,70.61464092218665,34.12185464178866
2020-12-09 10:00:00,2020-12-09 10:15:00,cross_down,4,4 (+14 to +18 pts),14.29989999999998,-17.100099999999657,-3.7999999999992724,1,13477.1,13481.6,13463.3999,13480.5,13481.0,13494.7999,13474.6,13476.7,68.36802897241007,67.53473565547519,73.47361419430264,25.989112924132677
2020-12-09 10:30:00,2020-12-09 12:00:00,cross_down,5,5 (+18 to +25 pts),24.5,-12.20010000000002,6.199899999999616,6,13476.8999,13487.7,13475.2,13476.6,13491.2999,13494.1,13478.8999,13482.7999,70.5992939318488,69.6705095970958,73.47361419430264,30.190943640134513
2020-12-10 15:00:00,2020-12-10 15:15:00,session_end_forced,5,5 (+18 to +25 pts),20.699899999999616,-3.600000000000364,9.600000000000364,1,13485.2999,13491.7999,13467.5,13471.1,13470.1,13486.8999,13469.6,13480.7,56.469093672289894,55.460128198803964,75.40615905681045,32.839326956383225
2020-12-14 14:45:00,2020-12-14 15:15:00,session_end_forced,4,4 (+14 to +18 pts),18.0,-7.600000000000364,5.399999999999636,2,13553.2999,13560.8999,13547.5,13550.1,13562.2,13564.6,13548.7,13555.5,57.33310928934948,57.10008679520058,76.03131676496174,13.931998451667647
2020-12-15 12:45:00,2020-12-15 15:15:00,session_end_forced,8,8 (+47 to +65 pts),60.399999999999636,-31.900100000000748,37.0,10,13498.6,13535.7,13497.2999,13529.2,13572.5,13579.8999,13559.0,13566.2,51.63365428598724,51.075817267175466,76.71715820544011,26.349988061538042
2020-12-16 14:00:00,2020-12-16 14:15:00,cross_down,1,1 (+0 to +6 pts),2.5,-18.100000000000364,-6.600000000000364,1,13676.8999,13688.1,13667.5,13685.6,13685.7999,13686.7999,13674.0,13679.0,68.39457211442073,66.80931143886362,77.33648582539237,32.6023366925728
2020-12-17 14:00:00,2020-12-17 14:15:00,cross_down,2,2 (+6 to +10 pts),7.600000000000364,-41.899999999999636,-30.0,1,13757.2999,13773.2,13756.7999,13765.6,13765.2,13770.7,13723.7,13735.6,76.50458731381563,76.48237136869551,78.61405894241258,45.60681043510273
2020-12-18 14:30:00,2020-12-18 15:15:00,cross_down,4,4 (+14 to +18 pts),15.899999999999636,-30.0,-13.29989999999998,3,13746.1,13763.5,13726.8999,13756.8999,13762.5,13772.7999,13735.6,13743.6,63.50286745236916,63.30110256915895,80.00005032949986,27.273838216059293
2020-12-22 10:15:00,2020-12-22 15:15:00,session_end_forced,10,10 (+102 to +432 pts),161.0,-134.89999999999964,132.5,20,13301.1,13343.2,13278.7,13331.0,13470.0,13492.0,13458.2999,13463.5,30.805127957797936,28.26604012151977,72.5698089118979,61.37698082194267
2020-12-24 13:30:00,2020-12-24 15:15:00,cross_down,7,7 (+34 to +46 pts),41.90010000000075,-15.099899999999252,10.5,7,13724.1,13736.3999,13719.5,13729.7999,13749.6,13756.1,13728.7999,13740.2999,65.64170780559549,65.22694853954164,66.4115513718954,25.212354903956715
2020-12-28 09:15:00,2020-12-28 10:30:00,cross_down,1,1 (+0 to +6 pts),4.699899999999616,-49.20000000000073,-38.40010000000075,5,13816.7,13865.3999,13813.5,13860.7,13835.8999,13837.5,13811.5,13822.2999,71.2038956968369,68.69644176712563,66.10519501601723,39.01510911640752
2020-12-28 12:45:00,2020-12-28 13:15:00,cross_down,1,1 (+0 to +6 pts),4.100000000000364,-22.800100000000384,-15.100000000000364,2,13858.5,13869.7,13855.8999,13865.6,13865.0,13868.6,13842.7999,13850.5,73.58077330314994,73.21293675213278,66.10519501601723,44.31131679349628
2020-12-29 09:45:00,2020-12-29 10:15:00,cross_down,2,2 (+6 to +10 pts),8.5,-18.300100000000384,-15.70010000000002,2,13956.3999,13965.8999,13948.2999,13959.1,13955.2999,13957.3999,13940.7999,13943.3999,77.62886306910822,76.70879260564652,66.92738264695913,36.54330961356407
2020-12-31 10:15:00,2020-12-31 10:45:00,cross_down,4,4 (+14 to +18 pts),17.300100000000384,-19.599899999999252,-14.5,2,13990.6,13996.3999,13985.6,13992.7999,14008.2999,14010.1,13973.2,13978.2999,69.32244145169092,69.17960232083121,68.98226711897806,25.220209777829716
2021-01-04 15:00:00,2021-01-04 15:15:00,session_end_forced,5,5 (+18 to +25 pts),20.100000000000364,-12.599899999999252,17.400100000000748,1,14115.6,14136.2,14115.2,14127.7999,14127.6,14147.8999,14122.5,14145.2,64.77217076262713,63.945709591824404,70.62377030999808,15.347640773512609
2021-01-05 12:30:00,2021-01-05 13:00:00,cross_down,1,1 (+0 to +6 pts),3.2001000000000204,-20.199899999999616,-18.899900000000343,2,14133.1,14155.1,14132.1,14151.8999,14150.2999,14152.7999,14131.7,14133.0,63.58162335448663,63.48022845237665,72.34757356226646,17.579930681212453
2021-01-05 15:00:00,2021-01-05 15:15:00,session_end_forced,2,2 (+6 to +10 pts),8.399999999999636,-41.0,-8.5,1,14167.2,14210.6,14166.1,14207.1,14207.2999,14215.5,14192.6,14198.6,66.85529153847564,64.1256636648468,72.34757356226646,15.407060440959473
2021-01-07 12:45:00,2021-01-07 13:30:00,cross_down,2,2 (+6 to +10 pts),9.5,-49.29989999999998,-29.29989999999998,3,14214.2,14216.2999,14204.3999,14206.7999,14208.2,14209.8999,14157.5,14177.5,56.94176952719264,56.56537822847397,73.69830005252038,15.048388141148688
2021-01-08 09:45:00,2021-01-08 14:00:00,cross_down,8,8 (+47 to +65 pts),59.899999999999636,-15.300100000000384,44.0,17,14239.0,14246.2999,14226.8999,14242.2,14296.5,14296.7999,14272.6,14286.2,54.20171105482956,52.42741863532611,73.57876023120575,33.39335814715719
2021-01-08 14:30:00,2021-01-08 15:15:00,session_end_forced,8,8 (+47 to +65 pts),50.90010000000075,-29.899999999999636,27.100000000000364,3,14297.0,14322.5,14286.3999,14316.2999,14357.7999,14367.2,14341.2,14343.3999,63.49973069083461,63.461343813360266,73.57876023120575,25.074022007194674
2021-01-14 12:30:00,2021-01-14 12:45:00,cross_down,3,3 (+10 to +14 pts),13.700000000000728,-17.5,-11.399999999999636,1,14590.2999,14596.7,14575.8999,14583.0,14584.3999,14588.8999,14565.5,14571.6,59.33937753805819,58.73599335886132,79.98756294514034,22.6894707272388
2021-01-14 13:00:00,2021-01-14 13:15:00,cross_down,1,1 (+0 to +6 pts),3.8999000000003434,-27.600099999999657,-7.5,1,14571.2,14587.3999,14555.8999,14583.5,14582.8999,14585.3999,14566.2,14576.0,58.82998337905745,58.73599335886132,79.98756294514034,18.96481473647009
2021-01-14 13:45:00,2021-01-14 14:30:00,cross_down,4,4 (+14 to +18 pts),15.29989999999998,-24.0,-22.600099999999657,3,14584.2,14617.7999,14582.5,14602.5,14594.1,14611.2,14578.5,14579.8999,60.24164164473438,58.97197590963163,79.98756294514034,18.872128982303842
2021-01-18 12:15:00,2021-01-18 15:15:00,session_end_forced,9,9 (+65 to +101 pts),96.79999999999927,-84.90010000000075,-80.60000000000036,12,14297.5,14320.2999,14295.8999,14307.7,14287.2,14295.3999,14222.7999,14227.1,32.498409857452764,31.454140714470913,77.67476947606471,56.327900545806415
2021-01-20 13:30:00,2021-01-20 15:15:00,cross_down,7,7 (+34 to +46 pts),40.29989999999998,-18.70010000000002,-2.300100000000384,7,14609.2,14628.2999,14607.3999,14626.1,14645.2999,14651.5,14618.0,14623.7999,66.91088041087826,65.48504035562327,69.84385548606646,32.04286150016857
2021-01-21 09:15:00,2021-01-21 10:15:00,cross_down,1,1 (+0 to +6 pts),2.300100000000384,-40.699899999999616,-14.29989999999998,4,14732.5,14738.2,14695.2,14735.8999,14727.2,14730.2999,14715.7999,14721.6,69.12704974637998,68.82013319916803,69.35351169516481,38.75715677911636
2021-01-25 09:15:00,2021-01-25 15:15:00,session_end_forced,7,7 (+34 to +46 pts),41.899999999999636,-230.70000000000073,-197.5,24,14487.5,14491.1,14435.7,14449.2,14240.3999,14253.0,14218.5,14251.7,39.051199171764914,33.119857880909656,64.96074079372733,43.80904782976022
2021-01-27 11:00:00,2021-01-27 14:00:00,cross_down,5,5 (+18 to +25 pts),21.900100000000748,-172.09989999999925,-168.29989999999998,12,14138.2,14154.2,14118.5,14146.2999,14023.2,14026.3999,13974.2,13978.0,28.473743850552083,27.648182566425763,60.53294873342191,54.04370255970773
2021-01-27 14:45:00,2021-01-27 15:15:00,session_end_forced,6,6 (+25 to +34 pts),27.0,-44.399999999999636,-16.600099999999657,2,13940.6,14010.0,13938.6,13983.0,13965.2999,13984.0,13957.0,13966.3999,20.645637903303147,19.632562529444744,60.53294873342191,64.00762636421445
2021-02-08 10:30:00,2021-02-08 11:45:00,cross_down,2,2 (+6 to +10 pts),6.5,-26.299999999999272,-13.299999999999272,5,15119.6,15133.0,15108.2,15126.5,15113.8999,15121.7,15102.3999,15113.2,73.6372951743736,71.7254695014899,59.48754096503196,42.574718222907705
2021-02-09 11:30:00,2021-02-09 12:15:00,cross_down,3,3 (+10 to +14 pts),12.600000000000364,-30.099899999999252,-2.399999999999636,3,15226.5,15237.8999,15217.7,15225.2999,15222.7,15230.2,15212.5,15222.8999,76.70137034671495,76.25929572718773,62.473505223441876,38.83156219198425
2021-02-09 12:30:00,2021-02-09 12:45:00,cross_down,1,1 (+0 to +6 pts),3.0,-13.70010000000002,-9.20010000000002,1,15222.5,15237.7999,15222.2999,15235.1,15234.8999,15238.1,15221.3999,15225.8999,78.00364572623461,77.42122377876107,62.473505223441876,35.05039375915337
2021-02-11 09:15:00,2021-02-11 13:00:00,cross_down,8,8 (+47 to +65 pts),51.20000000000073,-51.10009999999966,19.0,15,15071.5,15122.2999,15065.3999,15116.5,15120.7,15136.7999,15108.2999,15135.5,51.865125916979004,51.65228422997674,66.32789578450958,22.994469533131046
2021-02-11 14:15:00,2021-02-11 15:15:00,session_end_forced,6,6 (+25 to +34 pts),26.799999999999272,-21.900100000000748,14.899999999999636,4,15148.5,15177.8999,15139.7999,15161.7,15172.6,15188.5,15166.0,15176.6,55.76496002656932,55.41740858352929,66.32789578450958,15.927536359428707
2021-02-15 09:45:00,2021-02-15 14:00:00,cross_down,7,7 (+34 to +46 pts),37.300100000000384,-22.79989999999998,7.900100000000748,17,15288.0,15297.7,15266.5,15289.2999,15310.7,15311.7,15287.1,15297.2,59.17756205001692,56.025537223420606,68.99077944923621,39.856440266570495
2021-02-16 09:15:00,2021-02-16 11:00:00,cross_down,2,2 (+6 to +10 pts),9.200000000000728,-57.0,-39.899999999999636,7,15372.2999,15425.2999,15365.5,15422.5,15397.0,15407.7999,15380.2,15382.6,66.27301267880745,66.09682457520124,70.84323258992325,31.96095138770071
2021-02-18 09:45:00,2021-02-18 11:30:00,cross_down,4,4 (+14 to +18 pts),15.600099999999657,-89.0,-88.10000000000036,7,15220.5,15236.6,15207.2999,15233.3999,15185.1,15193.7,15144.3999,15145.2999,43.842705658911754,42.720562746135464,70.54427502568794,25.625505666482297
2021-02-18 14:15:00,2021-02-18 15:15:00,session_end_forced,6,6 (+25 to +34 pts),27.600000000000364,-38.0,-11.5,4,15136.0,15157.6,15126.5,15131.7999,15113.5,15122.6,15093.7999,15120.2999,37.03530566244304,35.01439545208374,70.54427502568794,38.96261443573791
2021-02-25 09:15:00,2021-02-25 14:45:00,cross_down,6,6 (+25 to +34 pts),28.70010000000002,-82.5,-36.699899999999616,22,15086.7999,15157.5,15065.2999,15147.7999,15149.0,15151.7999,15108.1,15111.1,49.169699648567075,46.1843722752542,51.624319224991716,60.18332760128746
2021-03-08 09:15:00,2021-03-08 12:45:00,cross_down,9,9 (+65 to +101 pts),70.89999999999964,-88.5,-62.40010000000075,14,15010.2,15049.2999,14984.6,15040.2,14980.2,14989.0,14953.1,14977.7999,44.552673148239926,42.284716931253215,52.54383710800944,41.05981973801022
2021-03-08 13:00:00,2021-03-08 13:15:00,cross_down,2,2 (+6 to +10 pts),6.29989999999998,-30.5,-22.100000000000364,1,14977.6,15013.3999,14976.6,15007.1,15007.7999,15011.2999,14980.8999,14985.0,47.304715445517424,47.00258575896391,52.54383710800944,25.5199015383719
2021-03-08 14:15:00,2021-03-08 15:15:00,session_end_forced,4,4 (+14 to +18 pts),17.899999999999636,-108.30010000000038,-65.10000000000036,4,14984.8999,15046.0,14984.1,15028.1,14965.3999,14982.5,14955.3999,14963.0,47.545084779257905,46.5063353603295,52.54383710800944,26.0853979599477
2021-03-09 15:00:00,2021-03-09 15:15:00,session_end_forced,3,3 (+10 to +14 pts),12.79989999999998,-93.39999999999964,-15.799999999999272,1,15022.2,15115.2,15020.6,15114.0,15114.3999,15126.7999,15096.6,15098.2,52.08462635946601,48.29399232826978,52.160023591332575,31.896931462338195
2021-03-10 12:45:00,2021-03-10 13:30:00,cross_down,5,5 (+18 to +25 pts),20.399900000000343,-27.0,-3.2001000000000204,3,15151.1,15164.1,15133.3999,15156.0,15157.3999,15161.2999,15129.0,15152.7999,58.22847435352142,58.19805200112929,52.962449534652265,22.204039654067348
2021-03-10 14:00:00,2021-03-10 15:15:00,cross_down,4,4 (+14 to +18 pts),14.600000000000364,-32.0,-12.100000000000364,5,15153.0,15184.6,15148.6,15180.6,15175.6,15188.8999,15162.2999,15168.5,60.777068771785,59.12467221732962,52.962449534652265,18.140442358475568
2021-03-12 09:15:00,2021-03-12 12:00:00,cross_down,6,6 (+25 to +34 pts),33.29989999999998,-52.20010000000002,-50.0,11,15315.0,15336.2999,15291.3999,15303.0,15278.3999,15283.5,15250.7999,15253.0,64.83022686819312,61.094629800761425,54.141668307659785,21.80670721239808
2021-03-15 13:45:00,2021-03-15 15:15:00,session_end_forced,10,10 (+102 to +432 pts),149.0,-30.800100000000384,108.29999999999927,6,14808.7999,14841.3999,14801.2999,14813.2,14924.3999,14941.7,14906.5,14921.5,32.55253756298087,32.414242635620376,53.53377719269988,52.42478083703312
2021-03-17 11:30:00,2021-03-17 12:30:00,cross_down,6,6 (+25 to +34 pts),33.600000000000364,-84.70010000000002,-67.20010000000002,4,14932.7,14950.6,14911.6,14917.0,14861.1,14868.7,14832.2999,14849.7999,44.293570863867906,42.439671506497604,50.967784238567624,26.05055478809107
2021-04-12 14:15:00,2021-04-12 15:15:00,session_end_forced,5,5 (+18 to +25 pts),20.600000000000364,-88.89999999999964,18.699899999999616,4,14318.2,14344.8999,14316.5,14337.6,14302.0,14358.2,14301.1,14356.2999,27.104272738875995,23.408089004529735,50.76633221946888,61.167289237789404
2021-05-03 11:45:00,2021-05-03 15:15:00,session_end_forced,10,10 (+102 to +432 pts),115.29989999999998,-38.20010000000002,86.89990000000034,14,14535.6,14564.1,14520.2999,14558.5,14628.3999,14648.5,14619.6,14645.3999,30.24022609011721,29.523623304189364,52.16976569095796,53.12117466951867
2021-05-05 09:30:00,2021-05-05 15:15:00,session_end_forced,9,9 (+65 to +101 pts),65.60000000000036,-65.69989999999962,62.5,23,14547.1,14583.2999,14546.0,14572.2999,14621.2,14637.8999,14616.7,14634.7999,38.70879450341343,37.41166309850355,50.276023345628175,34.745201917489666
2021-05-12 13:00:00,2021-05-12 14:45:00,cross_down,2,2 (+6 to +10 pts),7.100099999999657,-124.69989999999962,-120.69989999999962,7,14754.7999,14777.1,14754.5,14774.3999,14729.7999,14730.7999,14649.7,14653.7,45.25878634336043,42.21305301778178,56.41313643922862,37.814908823522366
2021-05-21 09:30:00,2021-05-21 15:15:00,session_end_forced,10,10 (+102 to +432 pts),149.39999999999964,-26.100000000000364,144.89999999999964,23,15017.2,15041.5,15014.5,15040.6,15182.7999,15190.0,15173.2,15185.5,42.3345541864695,37.25706687137483,57.99960848965377,46.318877091024916
2021-05-26 10:30:00,2021-05-26 13:30:00,cross_down,6,6 (+25 to +34 pts),34.300100000000384,-17.600000000000364,9.5,12,15269.7999,15291.1,15262.7999,15280.3999,15306.5,15314.7,15279.7999,15289.8999,61.468622482311176,60.67902321839276,62.39735788506799,39.03395614775598
2021-05-27 12:00:00,2021-05-27 12:15:00,cross_down,2,2 (+6 to +10 pts),9.29989999999998,-19.399999999999636,-15.899999999999636,1,15353.6,15360.7999,15348.7999,15351.5,15351.7,15353.2999,15332.1,15335.6,69.64572536920153,69.29694577823017,64.11157167833576,47.726907440377474
2021-06-02 14:45:00,2021-06-02 15:15:00,session_end_forced,7,7 (+34 to +46 pts),39.89990000000034,-51.5,33.0,2,15506.7999,15558.8999,15506.0,15557.5,15573.1,15597.3999,15572.5,15590.5,53.1308360477962,47.15663322639816,72.18645909866927,31.896199987739354
2021-06-03 15:00:00,2021-06-03 15:15:00,session_end_forced,2,2 (+6 to +10 pts),9.5,-31.899999999999636,-7.600000000000364,1,15665.0,15696.5,15663.7,15695.6,15696.1,15705.1,15680.0,15688.0,67.65080866861129,65.98037349168028,73.6459728238846,26.391815883941337
2021-06-07 10:00:00,2021-06-07 12:15:00,cross_down,5,5 (+18 to +25 pts),23.100000000000364,-18.0,10.100000000000364,9,15700.7999,15716.3999,15698.2999,15716.2999,15719.1,15727.7,15713.2,15726.3999,60.80090340867341,60.53598192178833,76.30731458668899,25.789237261687862
2021-06-09 09:30:00,2021-06-09 12:45:00,cross_down,6,6 (+25 to +34 pts),30.199899999999616,-17.100000000000364,7.299999999999272,13,15758.0,15778.2999,15753.1,15770.2,15781.8999,15786.1,15771.7999,15777.5,62.06969789367601,59.86701215301017,78.31236069407971,22.34481551329241
2021-06-10 10:00:00,2021-06-10 15:15:00,session_end_forced,8,8 (+47 to +65 pts),58.100000000000364,-8.20010000000002,52.100000000000364,21,15699.8999,15705.2999,15684.8999,15693.1,15734.0,15748.7,15728.6,15745.2,46.07571030269348,45.93834059715651,75.83622551511193,36.28074092801324
2021-06-14 13:15:00,2021-06-14 15:15:00,session_end_forced,8,8 (+47 to +65 pts),48.20010000000002,-53.29989999999998,34.800100000000384,8,15722.5,15800.6,15721.5,15774.7999,15810.0,15823.0,15806.5,15809.6,51.870326005627085,48.72042375475108,75.20665798272549,25.440911423835054
2021-06-16 14:15:00,2021-06-16 15:00:00,cross_down,1,1 (+0 to +6 pts),1.3999000000003434,-60.5,-56.20010000000002,3,15813.6,15825.8999,15801.2999,15824.5,15801.6,15802.0,15764.0,15768.2999,50.553150452316615,49.11536923149951,75.91109533813285,37.98908963801232
2021-06-17 12:45:00,2021-06-17 14:30:00,cross_down,4,4 (+14 to +18 pts),16.600000000000364,-107.39999999999964,-74.20010000000002,7,15715.7,15728.8999,15711.7,15724.1,15650.2,15668.7,15638.0,15649.8999,37.18015212186952,36.26287748276921,73.15610805940284,34.42631270956913
2021-06-17 15:00:00,2021-06-17 15:15:00,session_end_forced,1,1 (+0 to +6 pts),4.5,-35.600000000000364,-23.600000000000364,1,15670.3999,15707.2999,15669.0,15704.6,15704.3999,15709.1,15672.3999,15681.0,36.89328152458256,32.80343618453366,73.15610805940284,34.248458651262524
2021-06-24 09:45:00,2021-06-24 15:15:00,session_end_forced,9,9 (+65 to +101 pts),80.89990000000034,-13.100099999999657,54.0,22,15756.2,15762.7,15731.7,15740.5,15795.2999,15796.3999,15778.2999,15794.5,46.20099054476603,44.86340698752409,61.944227412199325,23.204264514591674
2021-06-25 12:00:00,2021-06-25 15:15:00,cross_down,7,7 (+34 to +46 pts),42.29989999999998,-13.600099999999657,18.700000000000728,13,15819.7,15832.0,15814.8999,15828.5,15866.7999,15868.7999,15841.1,15847.2,60.228801119201854,58.5389290603083,61.949649255298525,20.337347453026283
2021-06-28 09:15:00,2021-06-28 09:30:00,cross_down,5,5 (+18 to +25 pts),20.399900000000343,-48.29999999999927,-37.0,1,15915.6,15917.8999,15865.3999,15897.5,15897.2,15904.7,15849.2,15860.5,68.6924526304933,67.77799796477767,62.86260932130696,32.43035936432457
2021-06-29 13:15:00,2021-06-29 14:30:00,cross_down,5,5 (+18 to +25 pts),21.0,-53.800100000000384,-40.5,5,15773.2,15781.8999,15768.7,15778.7,15761.2999,15761.2999,15724.8999,15738.2,42.70120955351874,42.61246831668099,62.84090991151307,47.43898286866716
2021-06-30 09:15:00,2021-06-30 13:45:00,cross_down,8,8 (+47 to +65 pts),51.0,-23.800100000000384,3.7998999999999796,18,15764.2999,15812.5,15764.2999,15788.1,15784.6,15797.2999,15774.2999,15791.8999,44.44773521329682,39.16602707043387,60.588034448226395,37.236348180842704
2021-07-01 13:00:00,2021-07-01 15:00:00,cross_down,5,5 (+18 to +25 pts),19.300100000000384,-46.79989999999998,-36.09989999999925,8,15707.0,15725.2999,15703.7,15713.7999,15683.1,15686.1,15667.0,15677.7,38.95003599238692,37.5134457940265,58.30596567359111,36.21630090381291
2021-07-02 10:00:00,2021-07-02 10:45:00,cross_down,1,1 (+0 to +6 pts),4.299999999999272,-48.300100000000384,-31.800100000000384,3,15665.6,15688.5,15659.6,15684.2,15655.5,15655.7,15635.8999,15652.3999,36.0107085858202,35.292507236109344,55.536982055679744,26.84029940432753
2021-07-02 11:15:00,2021-07-02 15:15:00,session_end_forced,9,9 (+65 to +101 pts),70.5,-12.79989999999998,61.70010000000002,16,15662.5,15672.3999,15655.0,15667.7999,15723.0,15738.2999,15721.2,15729.5,36.47409610694275,33.47849319475445,55.536982055679744,23.4662631135695
2021-07-06 09:30:00,2021-07-06 10:15:00,cross_down,4,4 (+14 to +18 pts),14.20010000000002,-13.099899999999252,-7.29989999999998,3,15849.7999,15866.3999,15848.2,15861.2999,15864.2,15866.3999,15848.2,15854.0,69.70727521431763,69.57182944099534,56.3307638701246,23.132664677835507
2021-07-06 11:30:00,2021-07-06 12:15:00,cross_down,3,3 (+10 to +14 pts),13.300100000000384,-13.29989999999998,-0.1000000000003638,3,15886.6,15898.0,15883.1,15896.3999,15902.1,15909.1,15894.6,15896.2999,74.52537387541969,74.26493118345883,56.3307638701246,19.72605030373464
2021-07-07 15:00:00,2021-07-07 15:15:00,session_end_forced,3,3 (+10 to +14 pts),13.100099999999657,-38.29989999999998,-0.6998999999996158,1,15843.3999,15882.8999,15842.1,15880.3999,15880.7,15893.5,15876.1,15879.7,57.74297012736427,56.42644090075769,56.909713859848644,27.626127614186508
2021-07-09 10:15:00,2021-07-09 15:15:00,session_end_forced,5,5 (+18 to +25 pts),19.79989999999998,-60.70010000000002,-12.399999999999636,20,15674.5,15712.7999,15670.8999,15711.0,15686.6,15700.7999,15684.3999,15698.6,33.253448242108234,32.018437977143286,56.00005333277508,48.95567107283765
2021-07-13 09:15:00,2021-07-13 15:15:00,session_end_forced,8,8 (+47 to +65 pts),57.0,-19.199899999999616,44.600000000000364,24,15792.2,15796.2,15751.6,15763.7999,15815.6,15820.7999,15804.1,15808.3999,43.80350428017498,40.696108676042684,50.996093053988,46.06064727817068
2021-07-14 11:30:00,2021-07-14 14:00:00,cross_down,7,7 (+34 to +46 pts),43.399999999999636,-8.899900000000343,20.800100000000384,10,15834.7,15840.0,15825.0,15833.8999,15856.1,15858.0,15848.0,15854.7,64.13460074560267,62.848020934848236,52.16782555782752,29.81115507282228
2021-07-15 10:30:00,2021-07-15 12:45:00,cross_down,7,7 (+34 to +46 pts),34.5,-26.5,4.79989999999998,9,15891.6,15913.8999,15885.6,15912.1,15934.5,15935.2,15909.2999,15916.8999,68.23524653435209,66.74672338261651,53.829645840865204,25.005174039036973
2021-07-20 10:15:00,2021-07-20 10:30:00,cross_down,6,6 (+25 to +34 pts),33.199899999999616,-36.20010000000002,-32.600000000000364,1,15676.7,15677.7999,15635.2999,15644.6,15646.0,15649.8999,15608.3999,15612.0,27.439274259390324,26.293480202367117,55.81106634696645,62.43344381618138
2021-07-20 11:15:00,2021-07-20 15:15:00,session_end_forced,9,9 (+65 to +101 pts),86.89999999999964,-17.200000000000728,26.699899999999616,16,15591.5,15607.6,15584.8999,15595.7,15637.7,15638.2999,15617.1,15622.3999,23.108501456894704,22.698051352074504,55.81106634696645,65.65189385350104
2021-07-23 12:45:00,2021-07-23 15:00:00,cross_down,6,6 (+25 to +34 pts),32.899999999999636,-9.600000000000364,-6.600000000000364,9,15860.8999,15873.1,15860.0,15866.8999,15881.8999,15882.7,15857.2999,15860.2999,60.88885573221987,60.400476004227514,51.89215068863523,17.54333154599844
2021-07-28 12:00:00,2021-07-28 15:15:00,session_end_forced,9,9 (+65 to +101 pts),90.70010000000002,-35.29989999999998,82.10000000000036,13,15597.6,15632.3999,15596.5,15631.7999,15713.6,15722.5,15705.8999,15713.8999,34.31856972613258,31.83880791944837,51.151704860796244,50.10855980219573
2021-08-03 09:30:00,2021-08-03 15:15:00,session_end_forced,10,10 (+102 to +432 pts),209.79989999999998,-15.100000000000364,189.19989999999962,23,15931.6,15940.2999,15922.0,15937.1,16125.5,16146.8999,16122.1,16126.2999,64.18452939293478,64.02640170032619,51.92614166129492,28.569209234428246
2021-08-09 10:00:00,2021-08-09 10:30:00,cross_down,5,5 (+18 to +25 pts),18.300100000000384,-15.0,-8.899999999999636,2,16312.2999,16317.1,16294.2,16298.7999,16311.8999,16312.3999,16286.8999,16289.8999,56.03687415479401,55.85788766024059,67.27042880137753,28.438048662979053
2021-08-10 09:15:00,2021-08-10 13:15:00,cross_down,7,7 (+34 to +46 pts),41.90010000000075,-56.29989999999998,14.900100000000748,16,16278.7,16323.7,16261.0,16317.2999,16330.1,16339.7,16322.2,16332.2,52.67285847674303,50.62090890551981,68.94326501630518,36.38905423681208
2021-08-11 13:00:00,2021-08-11 15:15:00,session_end_forced,8,8 (+47 to +65 pts),58.899999999999636,-8.699899999999616,42.899999999999636,9,16232.1,16240.1,16223.7,16232.3999,16283.1,16291.2999,16269.8999,16275.2999,46.27374206904017,45.08205513414119,70.42805228364922,22.692167586704365
2021-08-13 14:00:00,2021-08-13 14:15:00,cross_down,1,1 (+0 to +6 pts),2.1000999999996566,-24.799999999999272,-3.7999999999992724,1,16499.2,16520.7,16495.2999,16520.0999,16519.7,16522.2,16502.2999,16516.2999,76.85513434338796,76.70266167148185,73.56468843427004,56.60617926789654
2021-08-18 10:00:00,2021-08-18 10:45:00,cross_down,1,1 (+0 to +6 pts),3.7999000000017986,-25.799999999999272,-21.099999999998545,3,16685.0999,16698.0,16672.2,16698.0,16693.4,16695.0999,16674.4,16676.9,70.62060205651557,69.11452678384924,80.61476845795801,43.77606388946849
2021-08-20 14:00:00,2021-08-20 15:15:00,session_end_forced,7,7 (+34 to +46 pts),39.79999999999927,-55.60009999999966,-52.0,5,16436.5999,16473.7999,16435.2999,16466.7,16460.5,16462.0,16411.0999,16414.7,41.944828369512734,40.796284655787915,80.15023621613418,18.893411048945044
2021-08-27 11:15:00,2021-08-27 15:15:00,cross_down,8,8 (+47 to +65 pts),48.90009999999893,-8.5,18.800100000000384,16,16667.2,16674.7999,16664.5999,16673.0999,16710.2999,16714.5999,16687.2,16691.9,57.929282625096064,57.86934613432523,73.04234852019542,20.103597105437704
2021-08-30 09:15:00,2021-08-30 12:00:00,cross_down,8,8 (+47 to +65 pts),65.39990000000034,-51.400000000001455,46.39990000000034,11,16765.0,16830.4,16764.5,16815.9,16859.0,16868.4,16858.2,16862.2999,68.28922785404583,66.91358543043748,73.6932869962011,37.816007244783876
2021-09-02 14:30:00,2021-09-02 15:15:00,session_end_forced,2,2 (+6 to +10 pts),9.700099999998201,-14.399900000000343,-3.8999000000003434,3,17237.2999,17242.4,17225.0,17235.7999,17231.7999,17240.5,17221.4,17231.9,71.02438747477996,70.09204640098338,79.12280312437292,29.372240551087692
2021-09-06 10:00:00,2021-09-06 10:15:00,cross_down,4,4 (+14 to +18 pts),15.5,-33.90009999999893,-27.2000999999982,1,17395.4,17416.0,17386.2,17400.5,17399.4,17402.2999,17366.5999,17373.2999,71.08603292877258,70.44619599972128,81.51712700660492,33.211896309022684
2021-09-07 13:00:00,2021-09-07 13:45:00,cross_down,5,5 (+18 to +25 pts),22.700000000000728,-17.799999999999272,-16.0,3,17416.4,17423.9,17402.7999,17410.0,17420.7,17431.0,17392.2,17394.0,62.54686329260854,62.35320413069047,82.72142904828557,33.27906152772134
2021-09-09 10:15:00,2021-09-09 12:30:00,cross_down,6,6 (+25 to +34 pts),32.699899999999616,-33.70000000000073,-27.600099999999657,9,17324.5999,17346.5999,17318.0999,17336.4,17331.9,17332.2999,17302.7,17308.7999,50.73044557394753,50.18176674092601,83.48846483491721,17.87109088976707
2021-09-09 13:30:00,2021-09-09 15:15:00,session_end_forced,6,6 (+25 to +34 pts),30.09990000000107,-28.799999999999272,8.5,7,17338.4,17351.9,17333.4,17349.5,17365.2999,17379.5999,17354.4,17358.0,49.71064396835579,49.2436305814786,83.48846483491721,17.954750106456906
2021-09-13 11:45:00,2021-09-13 15:15:00,session_end_forced,8,8 (+47 to +65 pts),53.59990000000107,-7.100099999999657,26.09990000000107,14,17327.0999,17328.9,17317.5999,17324.7,17358.2999,17362.0,17343.7999,17350.7999,48.57499856087505,47.818692908032816,83.49776840984269,21.171783371983516
2021-09-15 09:45:00,2021-09-15 15:15:00,session_end_forced,9,9 (+65 to +101 pts),95.29999999999927,-28.59990000000107,80.5,22,17416.5999,17437.9,17408.7,17437.2999,17514.0,17531.0999,17512.4,17517.7999,56.49536843244097,55.73180537487906,83.28919046493552,30.128332871718428
2021-09-17 10:00:00,2021-09-17 10:15:00,cross_down,5,5 (+18 to +25 pts),23.300100000000384,-15.199899999999616,19.5,1,17747.9,17759.0999,17736.4,17751.5999,17751.5,17774.9,17751.2,17771.0999,80.29420134809507,79.85616264021112,85.53716749770557,67.01559748113297
2021-09-17 10:30:00,2021-09-17 11:00:00,cross_down,4,4 (+14 to +18 pts),16.5,-29.0,-20.700000000000728,2,17770.2,17777.2999,17760.7,17776.4,17785.5999,17792.9,17747.4,17755.7,82.92154175024992,82.4802884840874,85.53716749770557,71.94162347936513
2021-09-21 11:30:00,2021-09-21 15:15:00,session_end_forced,10,10 (+102 to +432 pts),197.39990000000034,-31.200000000000728,185.39990000000034,15,17350.4,17386.2,17349.7,17380.9,17548.2,17578.2999,17546.9,17566.2999,36.314192361505874,35.238904538574694,79.30087609228806,41.933566331132745
2021-09-23 09:30:00,2021-09-23 15:15:00,session_end_forced,10,10 (+102 to +432 pts),161.10009999999966,-10.799900000001799,146.0,23,17690.2,17700.0,17672.0,17682.7999,17832.9,17838.0,17814.9,17828.7999,57.78678101095343,55.39313153848279,74.33890801168702,29.92470127372443
2021-09-28 15:00:00,2021-09-28 15:15:00,session_end_forced,2,2 (+6 to +10 pts),9.399900000000343,-56.79999999999927,-39.79999999999927,1,17725.7999,17774.5999,17713.9,17770.7,17769.4,17780.0999,17723.4,17730.9,41.22144024634845,38.695477211934964,75.71515490359253,47.04194120354295
2021-10-01 11:00:00,2021-10-01 12:00:00,cross_down,5,5 (+18 to +25 pts),23.599600000001374,-70.84960000000137,-53.650399999998626,4,17544.75,17551.8496,17513.0,17528.25,17480.8496,17484.8008,17457.4004,17474.5996,35.737475137896766,35.232442213178366,66.96972146375585,51.99460075494046
2021-10-01 12:15:00,2021-10-01 15:15:00,session_end_forced,9,9 (+65 to +101 pts),72.75,-24.099599999997736,42.150400000002264,12,17475.3008,17495.0996,17464.4492,17484.1992,17530.4492,17533.1992,17516.25,17526.3496,33.22183303879169,32.34551411504864,66.96972146375585,48.84467612254029
2021-10-05 12:45:00,2021-10-05 15:15:00,session_end_forced,9,9 (+65 to +101 pts),73.70119999999952,-30.150400000002264,69.95119999999952,10,17731.4004,17762.0508,17729.1992,17759.3496,17827.5996,17831.8496,17817.5,17829.3008,61.61526957310123,57.6646249363076,61.75816182859464,23.899581518546007
2021-10-07 10:45:00,2021-10-07 14:30:00,cross_down,8,8 (+47 to +65 pts),53.0,-14.099600000001374,2.1991999999991094,15,17816.75,17819.6504,17801.0508,17804.5,17831.3496,17834.8496,17796.0508,17806.6992,53.5907651751004,53.117360308769356,59.98696713232225,28.954962430139844
2021-10-08 09:45:00,2021-10-08 12:00:00,cross_down,8,8 (+47 to +65 pts),54.099600000001374,-26.650399999998626,-22.650399999998626,9,17871.8496,17905.6504,17869.8008,17887.4004,17901.5,17913.75,17860.75,17864.75,57.56690092704145,55.81637868459138,59.89014748178577,27.935464821613337
2021-10-11 10:00:00,2021-10-11 13:00:00,cross_down,8,8 (+47 to +65 pts),62.19919999999911,-17.19919999999911,34.94919999999911,12,17970.1504,17980.1504,17961.8008,17979.0,18028.5996,18041.1992,18009.6504,18013.9492,62.36992982714189,61.07579829756347,60.84724833688253,19.649571476475735
2021-10-12 14:30:00,2021-10-12 15:15:00,session_end_forced,6,6 (+25 to +34 pts),31.55080000000089,-15.19919999999911,31.349600000001374,3,17975.25,17981.8008,17958.8008,17974.0,17991.4492,18005.5508,17990.75,18005.3496,56.15142836560001,54.78053004670542,62.006122268969094,21.208607632118905
2021-10-21 09:45:00,2021-10-21 10:00:00,cross_down,4,4 (+14 to +18 pts),17.048800000000483,-41.55080000000089,-32.150400000002264,1,18268.5996,18294.8496,18252.5,18277.8008,18278.9004,18286.8008,18236.25,18245.6504,40.706263917888464,40.23504610352212,71.11759458870277,34.66183203310734
2021-10-21 12:45:00,2021-10-21 13:45:00,cross_down,3,3 (+10 to +14 pts),10.0,-98.0,-74.80079999999725,4,18141.3496,18181.1504,18138.1504,18171.1504,18088.5996,18118.5996,18081.0996,18096.3496,34.70171728136937,33.949365438143886,71.11759458870277,29.864077717673457
2021-10-21 14:15:00,2021-10-21 15:15:00,session_end_forced,10,10 (+102 to +432 pts),120.15040000000226,-53.44919999999911,117.40040000000226,4,18076.6504,18111.6992,18048.75,18102.1992,18168.3008,18222.3496,18168.25,18219.5996,32.84906840541332,30.48652749994027,71.11759458870277,35.221761452073736
2021-10-22 15:00:00,2021-10-22 15:15:00,session_end_forced,4,4 (+14 to +18 pts),14.599600000001374,-32.75,-13.0,1,18100.9004,18139.0996,18091.75,18124.5,18122.8496,18126.9004,18098.0996,18111.5,40.420200961872624,40.32619806842284,68.75962178233766,36.730236586537806
2021-10-25 10:30:00,2021-10-25 15:15:00,session_end_forced,10,10 (+102 to +432 pts),132.75,-77.85160000000178,47.69919999999911,19,18022.1992,18096.4004,18010.9492,18088.8008,18120.9492,18140.9492,18115.3496,18136.5,39.17098010815321,37.66282922822778,65.26094064050422,24.68280083211307
2021-10-26 12:15:00,2021-10-26 12:30:00,cross_down,3,3 (+10 to +14 pts),12.951199999999517,-61.69920000000275,-46.849600000001374,1,18159.9492,18183.5508,18155.5996,18170.5996,18170.6992,18180.9492,18108.9004,18123.75,49.38852775460195,49.32037401200567,62.87057892028193,23.71389663098286
2021-10-26 13:00:00,2021-10-26 15:15:00,session_end_forced,10,10 (+102 to +432 pts),143.9491999999991,-12.55080000000089,143.9491999999991,9,18172.5,18186.25,18152.4492,18165.0,18263.25,18308.9492,18262.8008,18308.9492,49.57594092755603,49.32037401200567,62.87057892028193,22.158206121199093
2021-10-29 10:00:00,2021-10-29 15:15:00,session_end_forced,8,8 (+47 to +65 pts),57.75,-242.25,-148.75,21,17813.9492,17857.5508,17774.3008,17857.5508,17647.75,17718.3496,17638.4492,17708.8008,28.634970628634406,24.752838422008498,56.094619232181806,59.96889587207005
2021-11-17 13:15:00,2021-11-17 14:45:00,cross_down,3,3 (+10 to +14 pts),12.201199999999517,-76.5,-73.29880000000048,6,17984.5508,17997.8008,17972.9004,17997.1992,17961.6504,17961.6992,17920.6992,17923.9004,43.80163050015142,42.71690967605632,50.534153232339705,40.775158497097344
2022-01-03 09:45:00,2022-01-03 15:15:00,cross_down,10,10 (+102 to +432 pts),148.59960000000137,-36.5,137.84960000000137,22,17463.6992,17498.1992,17461.0,17497.5,17622.1504,17640.5508,17617.6992,17635.3496,69.26817640226454,67.55969763216068,51.97024722882393,41.77974231972295
2022-01-06 14:30:00,2022-01-06 15:15:00,session_end_forced,2,2 (+6 to +10 pts),9.849600000001374,-52.349599999997736,-34.900399999998626,3,17774.1504,17790.75,17766.3008,17780.9004,17739.8496,17755.3008,17728.5508,17746.0,53.56290753254392,52.537600420977604,63.96628540323134,37.768411361893385
2022-01-10 09:15:00,2022-01-10 13:15:00,cross_down,9,9 (+65 to +101 pts),88.0,-10.19919999999911,63.650399999998626,16,17916.75,17952.1504,17885.75,17890.0,17963.3496,17964.3496,17951.3496,17953.6504,55.66369071317139,53.56100156516563,65.32366884652681,31.069069131869668
2022-01-10 13:30:00,2022-01-10 14:00:00,cross_down,2,2 (+6 to +10 pts),7.699199999999109,-24.150399999998626,-9.0,2,17954.0996,17973.5,17949.3496,17973.5,17969.9492,17981.1992,17957.8496,17964.5,63.85957582723225,63.43957144386704,65.32366884652681,26.507621101469823
2022-01-10 14:45:00,2022-01-10 15:15:00,session_end_forced,5,5 (+18 to +25 pts),22.05080000000089,-19.69919999999911,10.69919999999911,2,17975.5,17997.3496,17975.0508,17994.75,18004.6992,18016.8008,17998.1992,18005.4492,65.6330602132939,64.66460427226164,65.32366884652681,31.519671913804714
2022-01-14 14:30:00,2022-01-14 15:15:00,session_end_forced,8,8 (+47 to +65 pts),49.150400000002264,-8.599599999997736,-2.648399999998219,3,18237.6504,18244.0996,18228.8496,18237.4492,18256.6992,18258.8008,18233.1504,18234.8008,60.765222919745895,60.388697219704596,72.94782804075014,20.292770337538762
2022-01-18 13:15:00,2022-01-18 13:30:00,cross_down,4,4 (+14 to +18 pts),17.75,-23.701199999999517,-22.80080000000089,1,18310.25,18318.0508,18293.5996,18300.3008,18300.3496,18316.1992,18276.5996,18277.5,58.216952444388575,57.92340286155052,75.20643845382516,26.64673300844028
2022-01-19 14:00:00,2022-01-19 15:15:00,session_end_forced,6,6 (+25 to +34 pts),33.75,-33.19919999999911,14.25,5,17895.9004,17931.4492,17894.0,17927.1992,17945.25,17949.4004,17923.9004,17941.4492,30.029070880863113,28.920683375740264,72.45776846510188,65.33501596074825
2022-01-24 13:15:00,2022-01-24 13:30:00,cross_down,9,9 (+65 to +101 pts),73.59960000000137,-31.400399999998626,-15.650399999998626,1,17253.9004,17256.5996,17179.25,17183.0,17187.25,17190.1504,17151.5996,17167.3496,22.203652197559364,22.081274871911553,57.13414554470314,52.72880537433861
2022-01-24 14:15:00,2022-01-24 15:15:00,session_end_forced,10,10 (+102 to +432 pts),103.25,-77.65039999999863,31.298800000000483,4,17003.5,17158.0,17003.5,17081.1504,17179.5996,17182.0996,17107.5,17112.4492,20.136490854242084,19.440674481181905,57.13414554470314,59.220618527104605
2022-03-22 12:45:00,2022-03-22 15:15:00,session_end_forced,10,10 (+102 to +432 pts),169.39839999999822,-25.30080000000089,165.9491999999991,10,17138.0,17167.1504,17137.5,17162.8008,17316.8008,17332.1992,17312.1504,17328.75,49.91578227331415,46.204498497235875,54.117407213364054,38.0119006652478
2022-03-24 14:30:00,2022-03-24 15:15:00,session_end_forced,6,6 (+25 to +34 pts),30.25,-31.69919999999911,-26.64839999999822,3,17239.0996,17248.4004,17222.3008,17223.9492,17224.75,17229.8008,17192.25,17197.3008,49.235927185187776,48.766562638571514,57.14241246127662,23.004240926758705
2022-03-25 09:45:00,2022-03-25 10:45:00,cross_down,5,5 (+18 to +25 pts),18.69919999999911,-70.80080000000089,-47.44919999999911,4,17201.1992,17238.4492,17172.9492,17231.25,17194.9492,17200.75,17179.4004,17183.8008,49.89058446965083,48.12920132616999,57.57778390359847,25.792386278009868
2022-03-28 12:15:00,2022-03-28 15:15:00,session_end_forced,10,10 (+102 to +432 pts),156.80079999999725,-26.75,137.09959999999774,12,17051.0508,17095.5508,17050.8496,17077.5996,17221.25,17234.4004,17210.1504,17214.6992,41.59658289744288,37.11020477391503,57.73393508926342,23.124060103992125
2022-03-30 09:15:00,2022-03-30 13:00:00,cross_down,9,9 (+65 to +101 pts),99.30080000000089,-26.55080000000089,77.80080000000089,15,17468.15,17459.1992,17387.9492,17414.5,17477.75,17492.3496,17471.3496,17492.3008,66.15798070631676,63.673375978672695,59.32552603746803,32.27324969960688
2022-04-01 11:00:00,2022-04-01 11:15:00,cross_down,2,2 (+6 to +10 pts),7.798800000000483,-31.25,-20.10160000000178,1,17528.1992,17556.3496,17517.3008,17548.5508,17548.5508,17549.6504,17526.6992,17528.4492,62.40523286791982,61.31634498335206,62.56989124142177,35.890856704215174
2022-04-01 13:30:00,2022-04-01 15:15:00,session_end_forced,10,10 (+102 to +432 pts),119.59960000000137,-21.400399999998626,105.44920000000275,7,17561.5,17588.3008,17561.5,17582.9004,17670.5508,17702.5,17670.5508,17688.3496,64.20368716890187,62.22063651340403,62.56989124142177,35.85644507983883
2022-04-07 11:45:00,2022-04-07 14:00:00,cross_down,7,7 (+34 to +46 pts),34.44919999999911,-114.0,-106.40039999999863,9,17716.0,17752.75,17716.0,17752.5,17671.9492,17694.3496,17638.5,17646.0996,40.2392939182143,36.52209671318434,68.89826350136079,40.89216674993669
2022-04-07 14:15:00,2022-04-07 14:30:00,cross_down,1,1 (+0 to +6 pts),2.75,-42.19919999999911,-29.44919999999911,1,17645.4492,17671.1992,17626.25,17668.4492,17668.25,17670.6992,17639.0,17639.0,36.88956324544093,35.675771591521894,68.89826350136079,36.12735849187641
2022-04-08 09:15:00,2022-04-08 15:15:00,session_end_forced,10,10 (+102 to +432 pts),190.05079999999725,-50.150400000002264,147.95119999999952,24,17698.15,17721.9492,17651.6992,17652.3496,17767.8008,17802.1504,17767.6992,17800.3008,34.504326932312665,33.46135306557819,66.58408403847788,42.95702954355672
2022-04-11 10:15:00,2022-04-11 10:30:00,cross_down,3,3 (+10 to +14 pts),10.5,-36.5,-33.5,1,17708.3496,17729.9004,17692.1992,17719.4004,17719.3008,17719.75,17682.9004,17685.9004,48.432286244369394,48.19957541456703,65.87056417472108,36.90538383848255
2022-04-11 12:00:00,2022-04-11 12:30:00,cross_down,3,3 (+10 to +14 pts),12.900399999998626,-50.0,-35.25,2,17713.0,17729.25,17701.1992,17727.3496,17702.3496,17710.0996,17677.3496,17692.0996,47.905059727924126,46.9267487215584,65.87056417472108,24.275563361406125
2022-04-11 12:45:00,2022-04-11 15:00:00,cross_down,7,7 (+34 to +46 pts),39.19919999999911,-88.59960000000137,-57.44919999999911,9,17690.9004,17739.8496,17686.0996,17739.75,17694.3008,17694.9004,17651.1504,17682.3008,49.012908322099904,47.281550800449935,65.87056417472108,20.834575063542975
2022-04-12 14:00:00,2022-04-12 15:15:00,session_end_forced,7,7 (+34 to +46 pts),46.150399999998626,-54.44919999999911,-29.05080000000089,5,17494.5508,17553.1504,17494.5508,17549.0,17528.8496,17531.0,17512.3008,17519.9492,37.18210500109579,33.50640095383383,63.89871960188234,47.35906237893847
2022-04-18 13:15:00,2022-04-18 15:15:00,session_end_forced,9,9 (+65 to +101 pts),87.09960000000137,-13.451199999999517,73.15040000000226,8,17099.1992,17130.0,17099.1992,17112.6504,17179.3008,17199.75,17179.3008,17185.8008,22.294216691254817,21.547767024729314,57.67802376569717,62.190106267790895
2022-06-02 10:30:00,2022-06-02 15:15:00,session_end_forced,9,9 (+65 to +101 pts),94.55080000000089,-56.94919999999911,86.20119999999952,19,16545.3008,16585.1504,16543.6504,16551.1992,16632.6992,16641.1992,16627.25,16637.4004,50.85917494367205,48.625244944933186,52.36752606061634,26.57945073774424
2022-06-06 12:45:00,2022-06-06 15:15:00,session_end_forced,7,7 (+34 to +46 pts),40.19920000000275,-19.5,-7.0,10,16562.0996,16584.9492,16559.1992,16570.6504,16573.5,16578.5508,16557.75,16563.6504,48.0137144330376,45.62782413973159,55.066480277265434,29.106652534145894
2022-06-07 12:45:00,2022-06-07 15:15:00,session_end_forced,6,6 (+25 to +34 pts),28.150400000002264,-24.30079999999907,5.298800000000483,10,16413.4492,16414.0996,16383.75,16399.1504,16418.25,16427.3008,16402.9492,16404.4492,36.186482580178236,35.62111522215485,55.448833200493794,45.230692039513464
2022-06-09 10:15:00,2022-06-09 15:15:00,session_end_forced,10,10 (+102 to +432 pts),127.09959999999955,-68.55080000000089,116.40040000000045,20,16306.3496,16367.7998,16296.8496,16365.4004,16477.6504,16492.5,16474.6992,16481.8008,39.27011857789756,36.463795690077525,51.797333918535735,36.50583421869838
2022-07-08 09:45:00,2022-07-08 10:15:00,cross_down,6,6 (+25 to +34 pts),34.04980000000069,-25.049799999998868,-1.8505999999997584,2,16225.75,16236.75,16202.25,16202.7002,16195.7002,16210.0498,16190.4004,16200.8496,67.38587664067902,66.92992950760602,54.944087886589884,41.93772676094147
2022-07-08 10:45:00,2022-07-08 11:00:00,cross_down,1,1 (+0 to +6 pts),4.349600000001374,-13.900399999998626,-10.700199999999313,1,16210.25,16218.7998,16205.5,16214.4502,16214.3496,16218.75,16200.5498,16203.75,68.78842355446393,68.67023935915252,54.944087886589884,44.739296374720716
2022-07-11 14:15:00,2022-07-11 15:15:00,session_end_forced,3,3 (+10 to +14 pts),13.55080000000089,-40.599599999999555,-35.79979999999887,4,16211.5498,16242.5498,16209.1504,16234.8496,16218.7002,16222.7002,16194.25,16199.0498,62.203998311591604,61.3611056632741,58.43229147781683,29.732495999787766
2022-07-13 09:30:00,2022-07-13 12:30:00,cross_down,4,4 (+14 to +18 pts),15.94919999999911,-72.95020000000113,-70.05080000000089,12,16118.0498,16126.4502,16108.7998,16123.9004,16074.3496,16075.0498,16050.9502,16053.8496,44.69088676064355,42.03601719413167,59.67147127773765,32.7981757127749
2022-07-14 09:30:00,2022-07-14 12:00:00,cross_down,7,7 (+34 to +46 pts),37.20019999999931,-95.5,-76.59960000000137,10,16005.5,16049.2998,16001.9502,16033.2998,15963.9502,15963.9502,15937.7998,15956.7002,39.55728678927644,36.65416903741613,57.85401505831428,37.93693545116897
2022-07-14 13:00:00,2022-07-14 13:15:00,cross_down,6,6 (+25 to +34 pts),29.700200000001132,-49.75,-38.79979999999887,1,15981.9004,16002.1504,15958.7998,15972.4502,15972.2998,15972.2998,15922.7002,15933.6504,39.32562043072092,39.096189167496576,57.85401505831428,27.051214157192863
2022-07-20 09:45:00,2022-07-20 13:00:00,cross_down,8,8 (+47 to +65 pts),64.75,-2.9491999999991094,7.150399999998626,13,16539.1504,16546.25,16522.1504,16523.25,16580.9004,16582.4004,16530.4004,16530.4004,74.55275071193802,74.37432981324362,61.22184458217109,33.16971396754214
2022-07-25 14:30:00,2022-07-25 15:00:00,cross_down,3,3 (+10 to +14 pts),9.900400000002264,-42.849599999997736,-41.55079999999725,2,16679.5996,16684.0508,16660.1992,16674.1504,16666.0996,16666.4492,16631.3008,16632.5996,58.27019045550864,58.17720662489906,70.60067747061788,33.96149027575373
2022-07-26 12:45:00,2022-07-26 14:30:00,cross_down,5,5 (+18 to +25 pts),20.94919999999911,-64.40039999999863,-64.25,7,16547.1504,16554.0508,16542.0996,16552.0,16517.3008,16529.4004,16487.5996,16487.75,44.59230112539919,44.33382537100069,70.80325498100555,23.866080667129346
2022-07-27 10:00:00,2022-07-27 15:15:00,session_end_forced,10,10 (+102 to +432 pts),129.35160000000178,-32.599599999997736,119.55080000000089,21,16491.0996,16525.1992,16490.5996,16523.1992,16643.3496,16652.5508,16637.6504,16642.75,41.15900353412879,38.34007806575129,68.44811705395394,28.83998592730303
2022-08-03 14:45:00,2022-08-03 15:15:00,session_end_forced,9,9 (+65 to +101 pts),71.05079999999725,-9.949200000002747,57.55079999999725,2,17335.3008,17341.1992,17325.4004,17335.3496,17401.0996,17406.4004,17387.5996,17392.9004,60.444890721924885,58.17851146123671,75.81647002782564,28.309696515663976
2022-08-05 09:15:00,2022-08-05 12:15:00,cross_down,6,6 (+25 to +34 pts),27.900400000002264,-56.69919999999911,5.0,12,17423.6504,17446.5996,17389.5,17446.1992,17451.3496,17456.3496,17445.3008,17451.1992,58.26927386466689,55.898364732173704,77.72814882767733,28.389645645021552
2022-08-08 10:30:00,2022-08-08 15:15:00,cross_down,9,9 (+65 to +101 pts),87.89839999999822,-14.5,67.04880000000048,19,17452.9492,17464.9004,17446.3008,17460.8008,17522.8496,17533.5,17514.0996,17527.8496,59.59885395070122,57.08898074999915,78.27188712254035,25.06256059833945
2022-08-11 09:30:00,2022-08-11 11:30:00,cross_down,2,2 (+6 to +10 pts),6.75,-45.900399999998626,-33.0,8,17674.0508,17693.8496,17668.4004,17691.75,17671.5,17675.5,17653.5996,17658.75,68.97713919576759,64.84222349975137,80.12498119341087,32.66485864629861
2022-08-16 10:30:00,2022-08-16 11:15:00,cross_down,5,5 (+18 to +25 pts),18.44919999999911,-19.400400000002264,-14.451199999999517,3,17827.25,17830.0,17815.0,17820.3008,17831.4492,17832.75,17800.9004,17805.8496,74.71137980569365,74.41402387860936,82.38766275614594,45.93198740564405
2022-08-17 10:30:00,2022-08-17 12:00:00,cross_down,6,6 (+25 to +34 pts),25.25,-12.599600000001374,19.451199999999517,6,17907.25,17920.5508,17899.0,17911.5996,17925.5508,17933.4004,17922.5508,17931.0508,76.03731616686217,75.23925584675281,83.75728129611723,47.63414409559881
2022-08-19 09:15:00,2022-08-19 10:15:00,cross_down,6,6 (+25 to +34 pts),26.050799999997253,-28.849600000001374,-4.900400000002264,4,17966.5508,17989.1504,17952.1992,17963.0996,17962.5508,17969.3008,17953.25,17958.1992,67.30065432412346,66.29688797220193,86.32311934801274,34.44550534085661
2022-08-22 12:30:00,2022-08-22 12:45:00,cross_down,6,6 (+25 to +34 pts),31.099600000001374,-29.050799999997253,-24.550799999997253,1,17581.5,17597.0,17564.9492,17565.9004,17565.3496,17574.0508,17536.8496,17541.3496,25.805710013528934,25.154867754300163,81.84997707975259,67.14108243159941
2022-08-22 13:00:00,2022-08-22 15:15:00,session_end_forced,5,5 (+18 to +25 pts),18.19919999999911,-78.15039999999863,-51.900399999998626,9,17540.6992,17554.1504,17533.8496,17546.25,17496.25,17503.9492,17487.75,17494.3496,25.29795890803981,25.154867754300163,81.84997707975259,63.952619876297724
2022-08-29 12:30:00,2022-08-29 15:15:00,session_end_forced,7,7 (+34 to +46 pts),35.599600000001374,-52.25,-4.900399999998626,11,17350.8496,17369.75,17342.75,17344.0,17294.4004,17339.25,17294.1504,17339.0996,36.89336825270697,36.753747609122186,61.64953906897006,43.174942237874156
2022-09-02 12:00:00,2022-09-02 15:15:00,cross_down,9,9 (+65 to +101 pts),68.30080000000089,-36.400399999998626,-27.400399999998626,13,17540.25,17562.5996,17538.8008,17555.25,17551.5,17560.5996,17520.1992,17527.8496,49.013243410527515,47.94024189791387,56.2473877957266,20.001144606153613
2022-09-05 09:15:00,2022-09-05 15:15:00,cross_down,9,9 (+65 to +101 pts),88.25,-53.64839999999822,59.20119999999952,24,17546.4492,17616.0,17541.0508,17594.6992,17671.5996,17672.1504,17652.3008,17653.9004,50.838684873988136,49.03336279488244,54.818858978547496,22.253866817670726
2022-09-06 09:15:00,2022-09-06 09:45:00,cross_down,7,7 (+34 to +46 pts),41.5,-67.09960000000137,-44.0,2,17695.6992,17764.0,17691.5,17722.5,17676.1504,17686.3008,17655.4004,17678.5,59.99116897211442,58.46795115235993,54.93419421877716,32.70620842273385
2022-09-07 12:30:00,2022-09-07 15:15:00,session_end_forced,7,7 (+34 to +46 pts),34.599599999997736,-17.099600000001374,13.400399999998626,11,17619.0996,17630.8008,17615.0,17616.0996,17617.0996,17638.5996,17616.5,17629.5,47.82102706571944,47.083574171708186,54.99575124758974,36.26134693290048
2022-09-08 14:45:00,2022-09-08 15:15:00,session_end_forced,3,3 (+10 to +14 pts),10.94919999999911,-18.900399999998626,4.099600000001374,2,17780.3496,17804.3008,17777.0996,17796.0,17796.0996,17804.5,17790.25,17800.0996,62.83753210750956,60.666394389165106,54.74290039470351,20.721989978038334
2022-09-12 10:00:00,2022-09-12 10:45:00,cross_down,1,1 (+0 to +6 pts),3.0995999999977357,-35.94920000000275,-28.449200000002747,3,17942.5996,17967.8008,17940.6504,17967.0996,17944.0508,17944.5,17931.1504,17938.6504,66.57783311072077,64.55374696288337,57.91770671754625,28.069729997671182
2022-09-12 11:45:00,2022-09-12 12:15:00,cross_down,3,3 (+10 to +14 pts),11.55080000000089,-11.648399999998219,-2.75,2,17955.0508,17964.9004,17947.5508,17959.1992,17968.1992,17968.4492,17953.0996,17956.4492,68.94945569813437,68.40252506742965,57.91770671754625,33.07081184855598
2022-09-13 10:00:00,2022-09-13 10:15:00,cross_down,2,2 (+6 to +10 pts),6.449199999999109,-25.75,-24.951199999999517,1,18055.6504,18061.8008,18048.0508,18058.8008,18058.5,18065.25,18033.0508,18033.8496,67.53262212626274,66.44717449783637,60.088351026049104,42.05181331132773
2022-09-13 12:00:00,2022-09-13 12:15:00,cross_down,2,2 (+6 to +10 pts),7.900400000002264,-10.5,1.9004000000022643,1,18064.1504,18078.8496,18060.4492,18070.9492,18070.8008,18074.9492,18062.25,18072.8496,69.70224605715775,69.58300694060648,60.088351026049104,37.96812666513525
2022-09-14 13:00:00,2022-09-14 15:00:00,cross_down,7,7 (+34 to +46 pts),34.75,-75.45119999999952,-75.45119999999952,8,18019.0996,18056.9004,18012.25,18055.9004,18066.1504,18075.3496,17980.4492,17980.4492,59.697254336758476,58.216074943002745,62.86559969380309,32.50787503139837
2022-09-15 14:30:00,2022-09-15 15:15:00,session_end_forced,4,4 (+14 to +18 pts),16.150399999998626,-84.30080000000089,-73.94919999999911,3,17930.4004,17962.4004,17927.25,17946.25,17876.9004,17876.9004,17861.9492,17872.3008,46.98915850517227,44.38054621020326,63.76752387168902,25.22545532012926
2022-09-16 14:30:00,2022-09-16 15:15:00,session_end_forced,5,5 (+18 to +25 pts),20.451199999999517,-99.75,-48.349599999997736,3,17561.0996,17609.1992,17560.5508,17598.4492,17542.3496,17552.0508,17512.3496,17550.0996,26.78449088744376,25.67138845548073,62.26749708576166,65.49204664198707
2022-09-22 13:15:00,2022-09-22 15:15:00,session_end_forced,9,9 (+65 to +101 pts),82.59959999999774,-32.5,-8.5,8,17608.0,17644.1992,17607.5508,17640.0508,17623.4492,17634.75,17614.9492,17631.5508,39.29683039148062,38.47214454277037,53.08535055902892,43.791568220401174
2022-10-19 10:30:00,2022-10-19 11:00:00,cross_down,1,1 (+0 to +6 pts),5.0,-40.0,-22.800799999997253,2,17598.3496,17607.1504,17586.9004,17602.1504,17581.5996,17582.0996,17562.1504,17579.3496,75.78801499781608,74.22303172174871,50.014713260342944,44.96118265228168
2022-10-20 15:00:00,2022-10-20 15:15:00,session_end_forced,4,4 (+14 to +18 pts),16.900400000002264,-42.849599999997736,-1.9491999999991094,1,17528.9004,17567.1992,17524.3496,17567.1992,17566.75,17584.0996,17562.6504,17565.25,60.89259159795295,56.99352794799261,52.70258557733109,22.825835918730988
2022-10-25 10:00:00,2022-10-25 10:15:00,cross_down,4,4 (+14 to +18 pts),16.05080000000089,-49.75,-42.94919999999911,1,17757.9004,17773.25,17755.1504,17757.1992,17757.4492,17758.8008,17707.4492,17714.25,64.43271880085871,60.91729468291445,57.264058673649295,51.52905993531555
2022-10-28 09:30:00,2022-10-28 11:00:00,cross_down,6,6 (+25 to +34 pts),25.048800000000483,-36.599599999997736,-28.201199999999517,6,17795.6992,17813.6504,17785.75,17813.6504,17793.5508,17803.8496,17784.1992,17785.4492,60.95656830165403,60.28628667987982,62.10003961756967,31.912193896524663
2022-10-31 09:15:00,2022-10-31 13:30:00,cross_down,7,7 (+34 to +46 pts),38.25,-51.25,14.75,17,17910.1992,17951.9004,17900.6504,17951.9004,17977.5508,17977.8496,17964.25,17966.6504,61.840166494786004,59.77238845028315,64.47306073758455,32.09958100976898
2022-11-01 09:15:00,2022-11-01 11:45:00,cross_down,8,8 (+47 to +65 pts),55.45119999999952,-31.298800000000483,30.80080000000089,10,18130.6992,18130.6992,18088.6504,18119.9492,18139.0508,18151.75,18136.9492,18150.75,74.46538822996504,74.25137411229757,67.78640529431485,44.36986437921303
2022-11-04 09:15:00,2022-11-04 10:30:00,cross_down,5,5 (+18 to +25 pts),23.25,-62.45119999999952,-61.10160000000178,5,18053.4004,18107.5508,18047.1504,18084.3008,18027.8008,18033.8008,18021.8496,18023.1992,52.40912474106106,47.83429100621984,72.2519798769409,31.477956888455566
2022-11-04 11:15:00,2022-11-04 15:15:00,session_end_forced,9,9 (+65 to +101 pts),89.94919999999911,-13.349600000001374,83.65039999999863,16,18038.3496,18053.75,18033.0508,18044.25,18123.3496,18134.1992,18117.0996,18127.9004,47.637062484707634,46.18422451179118,72.2519798769409,28.74317131335185
2022-11-09 09:30:00,2022-11-09 10:15:00,cross_down,5,5 (+18 to +25 pts),19.75,-30.25,-17.55080000000089,3,18232.25,18252.4004,18220.8008,18233.0,18223.5,18227.0508,18202.75,18215.4492,71.17619874864158,69.8771346932333,74.24530461824158,41.52626234955497
2022-11-10 14:45:00,2022-11-10 15:15:00,session_end_forced,7,7 (+34 to +46 pts),36.94920000000275,-20.550799999997253,33.400400000002264,2,17989.6504,18004.9004,17982.8496,18003.4004,18028.5996,18040.3496,18024.5996,18036.8008,36.08717679360847,35.78282483057736,73.23188780070525,39.038029035517496
2022-11-15 14:45:00,2022-11-15 15:15:00,session_end_forced,9,9 (+65 to +101 pts),68.55080000000089,-19.30080000000089,63.55080000000089,2,18340.5,18358.0,18338.6992,18358.0,18406.4004,18426.5508,18402.6504,18421.5508,59.48031286313265,57.7180338954327,71.47543096079183,29.731204192452978
2022-11-16 10:30:00,2022-11-16 11:30:00,cross_down,6,6 (+25 to +34 pts),26.201199999999517,-18.349600000001374,0.1503999999986263,4,18401.8008,18421.3008,18397.25,18415.5996,18430.3008,18441.8008,18414.8008,18415.75,64.80453473660106,64.41457537634288,72.20143695759747,35.46814598454088
2022-11-17 13:45:00,2022-11-17 14:15:00,cross_down,1,1 (+0 to +6 pts),5.150400000002264,-17.75,-17.099599999997736,2,18393.3496,18404.0996,18391.3008,18400.9492,18404.6504,18406.0996,18383.1992,18383.8496,55.575431925884416,54.7763978271366,72.408976984731,25.09325973060202
2022-11-18 13:15:00,2022-11-18 13:30:00,cross_down,1,1 (+0 to +6 pts),3.75,-44.94919999999911,-43.80080000000089,1,18254.25,18271.3496,18254.25,18269.75,18268.6504,18273.5,18224.8008,18225.9492,37.50966125817472,37.30402126663361,71.03512208812928,24.65420323256327
2022-11-18 14:15:00,2022-11-18 15:15:00,session_end_forced,9,9 (+65 to +101 pts),69.65040000000226,-47.099599999997736,46.650400000002264,4,18218.5508,18259.0,18210.5996,18257.6992,18323.75,18326.4492,18295.1992,18304.3496,37.98598583347386,35.21814646232659,71.03512208812928,25.023024218740147
2022-11-21 10:15:00,2022-11-21 10:30:00,cross_down,5,5 (+18 to +25 pts),22.75,-16.5,-13.798800000000483,1,18179.3496,18189.9492,18159.75,18167.1992,18167.4004,18175.3496,18150.6992,18153.4004,39.64506038199614,39.44455024507811,69.3318594540551,32.101455177014344
2022-11-21 11:15:00,2022-11-21 15:15:00,session_end_forced,1,1 (+0 to +6 pts),4.550799999997253,-49.44920000000275,-25.400400000002264,16,18177.25,18187.9004,18171.1504,18183.3496,18172.5,18173.6992,18146.0508,18157.9492,39.65746470832182,37.94931766852973,69.3318594540551,29.294619520914967
2022-11-23 13:45:00,2022-11-23 15:15:00,cross_down,6,6 (+25 to +34 pts),28.099599999997736,-36.30080000000089,-30.451199999999517,6,18275.75,18287.5,18272.8008,18284.5508,18271.3008,18272.0508,18248.25,18254.0996,60.17401407730243,59.58285590293798,63.43465085711487,32.32731826794192
2022-11-24 09:30:00,2022-11-24 13:15:00,cross_down,8,8 (+47 to +65 pts),53.849599999997736,-39.599600000001374,31.951199999999517,15,18303.25,18344.3496,18303.25,18342.8496,18380.8496,18383.1992,18369.8008,18374.8008,60.66215055406546,58.59695747803268,62.06285128804149,34.100001763962844
2022-11-30 14:30:00,2022-11-30 14:45:00,cross_down,3,3 (+10 to +14 pts),12.400399999998626,-17.599600000001374,-12.80080000000089,1,18687.1504,18701.1504,18687.1504,18688.75,18689.9004,18693.0,18671.1504,18675.9492,65.69406666347722,65.45292760173874,68.18851710593924,25.803627419450052
2022-11-30 15:00:00,2022-11-30 15:15:00,session_end_forced,7,7 (+34 to +46 pts),45.75,-88.79880000000048,11.75,1,18676.4004,18765.6992,18676.4004,18765.1992,18766.1504,18810.9492,18765.0,18776.9492,68.90972108302755,65.45292760173874,68.18851710593924,29.42281376018678
2022-12-05 11:30:00,2022-12-05 15:15:00,session_end_forced,9,9 (+65 to +101 pts),72.94920000000275,-20.701199999999517,43.400400000002264,15,18638.8496,18654.5,18636.8008,18650.6504,18715.9004,18718.75,18685.9004,18694.0508,42.348054002037976,41.75604429369558,72.16791717245833,25.56972338595442
2022-12-06 13:15:00,2022-12-06 15:15:00,session_end_forced,7,7 (+34 to +46 pts),41.0,-16.69919999999911,34.60160000000178,8,18614.9492,18619.5508,18604.0508,18613.1992,18651.4492,18652.4004,18633.5996,18647.8008,41.88178057815598,41.565645720282845,71.28408687882039,17.607391034717267
2022-12-07 13:00:00,2022-12-07 15:15:00,session_end_forced,5,5 (+18 to +25 pts),21.849599999997736,-68.0,-45.54880000000048,9,18595.25,18607.0,18593.4004,18597.0996,18554.75,18556.6504,18529.0996,18551.5508,42.68091647373635,42.56883752064462,69.40449731653668,31.857218265483226
2022-12-12 09:45:00,2022-12-12 15:15:00,session_end_forced,8,8 (+47 to +65 pts),54.849600000001374,-39.70119999999952,28.548800000000483,22,18467.1504,18492.1992,18453.5996,18466.1504,18497.0508,18510.3008,18493.75,18494.6992,38.72124060375051,36.650830840344945,60.21439328724908,37.40648667505853
2022-12-16 12:15:00,2022-12-16 15:15:00,session_end_forced,7,7 (+34 to +46 pts),35.25,-119.85160000000178,-105.45119999999952,12,18328.5,18375.5508,18328.4004,18375.5508,18261.1504,18278.3008,18255.6992,18270.0996,32.85582212750013,25.098343562687152,53.66864542924044,61.07988806684122
2023-01-25 13:15:00,2023-01-25 15:15:00,session_end_forced,7,7 (+34 to +46 pts),40.79880000000048,-34.80080000000089,4.0,8,17909.1992,17912.3008,17895.4004,17906.0508,17896.4492,17912.8008,17891.75,17910.0508,33.48834313714458,32.22454711305392,50.31807449043472,44.8919670167619
2023-02-20 09:30:00,2023-02-20 12:00:00,cross_down,5,5 (+18 to +25 pts),21.64839999999822,-78.70119999999952,-65.80080000000089,10,17933.0996,17983.1992,17903.5996,17982.3008,17929.9004,17939.3496,17915.4004,17916.5,46.698476861539476,43.593262222302975,54.15869629395203,37.51747885945588
2023-02-21 09:15:00,2023-02-21 15:15:00,session_end_forced,7,7 (+34 to +46 pts),41.30079999999725,-82.5,-41.0,24,17905.8008,17905.8496,17859.4492,17883.0996,17819.25,17845.25,17817.1504,17842.0996,36.73960979747905,32.820684352460376,52.58127788571954,46.55631084469939
2023-02-22 14:45:00,2023-02-22 15:15:00,session_end_forced,3,3 (+10 to +14 pts),13.05080000000089,-37.44919999999911,-28.0,2,17573.4004,17593.5508,17572.6504,17580.5,17556.3008,17559.8496,17543.0508,17552.5,24.998668001809733,22.506455332345332,51.255998298979826,63.42893570478967
2023-04-12 09:30:00,2023-04-12 10:15:00,cross_down,4,4 (+14 to +18 pts),15.650399999998626,-27.0,-21.599600000001374,3,17764.3496,17779.4004,17755.5,17763.75,17751.8008,17754.9492,17736.75,17742.1504,66.43865811314461,65.06679428115434,64.1881465266801,40.313345454706656
2023-04-12 11:30:00,2023-04-12 12:00:00,cross_down,1,1 (+0 to +6 pts),2.8008000000008906,-16.14839999999822,-8.69919999999911,2,17762.25,17773.25,17760.9492,17770.4492,17765.5,17768.5508,17754.3008,17761.75,67.04832725909958,66.86861197049866,64.1881465266801,41.577759937722846
2023-04-12 13:30:00,2023-04-12 14:30:00,cross_down,3,3 (+10 to +14 pts),10.851600000001781,-28.14839999999822,-13.548800000000483,4,17800.5996,17819.0508,17796.0996,17808.1992,17803.0996,17810.6504,17780.0508,17794.6504,71.5294982025369,69.55288860877846,64.1881465266801,49.08030268411452
2023-04-13 15:00:00,2023-04-13 15:15:00,session_end_forced,1,1 (+0 to +6 pts),4.949199999999109,-30.451199999999517,-8.400400000002264,1,17818.3496,17837.4004,17806.0996,17836.5508,17836.5996,17841.5,17826.4004,17828.1504,62.009203948272635,60.60341316893552,67.5950888464152,34.6028621819256
2023-04-17 13:30:00,2023-04-17 15:15:00,session_end_forced,7,7 (+34 to +46 pts),36.0,-22.300799999997253,23.199200000002747,7,17667.6504,17682.9492,17658.5996,17680.9004,17711.6504,17715.1992,17699.3008,17704.0996,47.87617722289468,46.74624753484322,70.31495278906333,19.854901206813796
2023-04-19 11:00:00,2023-04-19 13:30:00,cross_down,4,4 (+14 to +18 pts),16.0,-55.5,-55.5,10,17639.6992,17652.0508,17639.6992,17649.5996,17628.25,17630.3496,17594.0996,17594.0996,43.875722663138525,41.10258188863924,67.60054504773655,23.38355722731934
2023-04-20 09:15:00,2023-04-20 14:00:00,cross_down,3,3 (+10 to +14 pts),11.94919999999911,-87.30080000000089,-77.05080000000089,19,17638.5996,17678.5,17615.1992,17671.8008,17592.6992,17599.5,17584.5,17594.75,45.72836162602872,39.490163110759276,65.14923021704652,32.3552693308281
2023-04-20 14:15:00,2023-04-20 15:15:00,session_end_forced,6,6 (+25 to +34 pts),26.650399999998626,-14.099600000001374,16.150399999998626,4,17594.5996,17613.75,17593.6504,17607.75,17633.9004,17634.4004,17620.0508,17623.9004,42.139641043952196,39.631761747123,65.14923021704652,28.337027794353336
2023-04-21 13:30:00,2023-04-21 15:15:00,session_end_forced,7,7 (+34 to +46 pts),45.35160000000178,-7.849599999997736,26.701199999999517,7,17587.0996,17602.1504,17584.3496,17592.1992,17631.5508,17631.5508,17611.1504,17618.9004,41.05658878485934,39.93337247925652,63.47675306630782,29.391492057916203
2023-05-04 10:00:00,2023-05-04 15:15:00,session_end_forced,10,10 (+102 to +432 pts),140.849609375,-11.30078125,112.349609375,21,18119.25,18134.44921875,18114.94921875,18126.25,18263.150390625,18264.19921875,18236.849609375,18238.599609375,58.73548469330909,57.402243814233046,74.70282781100164,32.80754494685621
2023-05-08 09:45:00,2023-05-08 15:00:00,cross_down,9,9 (+65 to +101 pts),75.0,-21.1484375,54.400390625,21,18192.25,18218.19921875,18191.650390625,18211.69921875,18265.099609375,18273.0,18246.849609375,18266.099609375,51.35790566243198,47.149899211448016,73.56092345673437,44.66122300916871
2023-05-09 09:30:00,2023-05-09 12:15:00,cross_down,6,6 (+25 to +34 pts),29.849609375,-36.451171875,10.19921875,11,18298.849609375,18316.25,18277.599609375,18314.05078125,18329.30078125,18331.650390625,18318.44921875,18324.25,66.68872552715945,63.838621511358326,73.2577686773019,27.8919557237447
2023-05-10 12:30:00,2023-05-10 13:15:00,cross_down,3,3 (+10 to +14 pts),12.6484375,-37.6015625,-31.951171875,3,18276.80078125,18290.0,18273.05078125,18286.30078125,18292.80078125,18298.94921875,18248.69921875,18254.349609375,55.14680412741871,54.75362479307879,72.7821469102587,21.733107564670924
2023-05-10 15:00:00,2023-05-10 15:15:00,session_end_forced,2,2 (+6 to +10 pts),6.900390625,-36.30078125,-8.400390625,1,18286.69921875,18324.94921875,18283.099609375,18319.400390625,18319.650390625,18326.30078125,18307.75,18311.0,60.15521723868042,56.52100754862849,72.7821469102587,18.224014453455354
2023-05-12 12:15:00,2023-05-12 15:15:00,session_end_forced,8,8 (+47 to +65 pts),50.349609375,-15.349609375,20.548828125,12,18277.5,18293.19921875,18276.30078125,18291.650390625,18315.849609375,18320.30078125,18308.69921875,18312.19921875,50.622290798165665,50.11494830223876,72.79084148347907,17.748314914370813
2023-05-17 14:30:00,2023-05-17 15:15:00,session_end_forced,5,5 (+18 to +25 pts),23.25,-32.60000000000218,23.25,3,18142.1,18176.25,18142.1,18174.7,18183.9,18197.95,18182.65,18197.95,30.524048811703654,24.826360275731066,71.16737382744967,52.96177128745941
2023-05-19 11:15:00,2023-05-19 15:15:00,session_end_forced,9,9 (+65 to +101 pts),82.65000000000146,-36.599999999998545,70.40000000000146,16,18115.25,18157.85,18111.3,18135.05,18205.25,18217.7,18201.45,18205.45,34.67653470608401,31.4941465115795,63.32806388837612,36.41117417189986
2023-05-23 09:30:00,2023-05-23 11:45:00,cross_down,2,2 (+6 to +10 pts),9.049999999999272,-24.900000000001455,-4.100000000002183,9,18379.75,18408.7,18379.75,18404.65,18407.15,18407.8,18394.55,18400.55,67.70357521948512,65.28538341506137,61.59511085162056,34.31818689062625
2023-05-25 14:00:00,2023-05-25 15:15:00,session_end_forced,9,9 (+65 to +101 pts),95.90000000000146,-27.149999999997817,94.80000000000291,5,18214.15,18242.05,18213.95,18241.1,18328.2,18336.6,18324.6,18335.9,36.97926477952317,35.75517849956506,61.364215512373065,36.334272721677465
2023-05-31 14:45:00,2023-05-31 15:15:00,session_end_forced,5,5 (+18 to +25 pts),22.950000000000728,-35.75,-22.450000000000728,2,18537.25,18547.05,18530.7,18543.75,18525.05,18566.7,18509.55,18521.3,47.606413280993124,45.59722833605112,69.28902311940826,36.16207475413948
2023-06-02 09:30:00,2023-06-02 10:00:00,cross_down,4,4 (+14 to +18 pts),15.5,-65.70000000000073,-59.25,2,18551.65,18567.05,18544.1,18551.55,18504.35,18505.05,18485.85,18492.3,44.033724781721155,42.22355889184568,66.32587372372586,34.26022057391141
2023-06-02 10:30:00,2023-06-02 15:15:00,session_end_forced,8,8 (+47 to +65 pts),62.29999999999927,-20.950000000000728,20.649999999997817,19,18486.85,18508.55,18484.25,18505.2,18537.55,18538.5,18511.95,18525.85,41.843549150458806,41.03959744978948,66.32587372372586,27.364672940746246
2023-06-06 15:00:00,2023-06-06 15:15:00,session_end_forced,3,3 (+10 to +14 pts),13.450000000000728,-49.69999999999709,8.5,1,18558.9,18613.15,18558.9,18608.6,18609.3,18622.05,18604.25,18617.1,51.33988895022582,48.1992631608814,66.06030517180122,33.42728878566475
2023-06-12 09:45:00,2023-06-12 15:15:00,session_end_forced,7,7 (+34 to +46 pts),46.19999999999709,-10.100000000002183,36.0,22,18583.45,18590.9,18569.55,18578.9,18597.25,18615.55,18593.8,18614.9,38.86023849805139,37.76462254412112,64.90043539650102,37.474486547092006
2023-06-14 13:00:00,2023-06-14 14:30:00,cross_down,3,3 (+10 to +14 pts),10.30000000000291,-15.94999999999709,0.1500000000014552,6,18741.95,18758.6,18741.65,18757.6,18753.05,18764.15,18752.55,18757.75,68.25668588620782,67.20575242995352,64.26348896252142,58.89917714747926
2023-06-16 09:45:00,2023-06-16 12:30:00,cross_down,6,6 (+25 to +34 pts),28.0,-11.149999999997817,-6.849999999998545,11,18768.35,18775.2,18753.6,18757.3,18758.0,18761.45,18747.35,18750.45,49.31282710906174,47.75113937108946,63.99017327004599,35.64562355852263
2023-06-16 14:00:00,2023-06-16 15:15:00,session_end_forced,9,9 (+65 to +101 pts),74.10000000000218,-25.549999999999272,33.75,5,18765.75,18789.9,18764.3,18789.85,18823.05,18827.5,18807.4,18823.6,59.27322523500075,57.15684249313405,63.99017327004599,16.73466490305252
2023-06-20 11:45:00,2023-06-20 15:15:00,session_end_forced,10,10 (+102 to +432 pts),120.5,-10.049999999999272,115.85000000000218,14,18720.55,18731.25,18711.25,18717.85,18819.5,18838.35,18819.5,18833.7,44.062931929698465,43.85890111573505,64.24230356175653,26.600895690400584
2023-06-21 12:30:00,2023-06-21 14:30:00,cross_down,6,6 (+25 to +34 pts),26.149999999997817,-21.400000000001455,-0.4000000000014552,8,18834.5,18842.6,18820.75,18842.15,18846.4,18853.5,18826.95,18841.75,60.05250801105869,59.103191361626216,64.68086383277759,22.034381292439374
2023-06-22 09:15:00,2023-06-22 09:30:00,cross_down,2,2 (+6 to +10 pts),7.0,-41.150000000001455,-12.0,1,18853.6,18875.5,18833.35,18874.5,18874.2,18881.5,18851.85,18862.5,63.48376732271974,62.724801587536206,65.39755834182313,20.155960346131874
2023-06-23 12:00:00,2023-06-23 15:15:00,session_end_forced,6,6 (+25 to +34 pts),30.950000000000728,-64.65000000000146,-48.45000000000073,13,18718.35,18728.65,18707.35,18717.0,18666.7,18671.1,18652.35,18668.55,41.488857212160205,41.305089230726594,63.800056470803185,40.27332542823994
2023-07-10 09:30:00,2023-07-10 11:45:00,cross_down,7,7 (+34 to +46 pts),40.54999999999927,-54.95000000000073,-50.20000000000073,9,19385.55,19403.0,19347.3,19395.2,19358.35,19366.75,19340.25,19345.0,44.81932539992288,43.558047344943546,74.20653248020781,31.708145828324465
2023-07-10 13:00:00,2023-07-10 14:45:00,cross_down,3,3 (+10 to +14 pts),12.350000000002183,-44.25,-35.54999999999927,7,19376.7,19394.1,19370.85,19393.05,19357.95,19369.7,19348.8,19357.5,48.004966102213125,45.42827744443558,74.20653248020781,16.76363994406544
2023-07-11 09:15:00,2023-07-11 13:30:00,cross_down,8,8 (+47 to +65 pts),65.35000000000218,-39.79999999999927,20.400000000001455,17,19427.1,19458.0,19408.8,19448.6,19474.15,19486.95,19466.7,19469.0,50.93665720445206,46.55060294053286,73.08241503302061,24.51524006106441
2023-07-13 09:30:00,2023-07-13 13:15:00,cross_down,7,7 (+34 to +46 pts),42.45000000000073,-40.04999999999927,1.75,15,19488.15,19524.05,19483.95,19524.0,19546.75,19549.15,19523.0,19525.75,50.488700271768735,47.15980065260143,71.41267611249522,24.938587669426276
2023-07-14 12:00:00,2023-07-14 12:15:00,cross_down,1,1 (+0 to +6 pts),1.1000000000021828,-24.200000000000728,-13.849999999998545,1,19471.6,19486.25,19461.1,19485.3,19485.4,19486.4,19468.9,19471.45,51.31415227696754,50.83892836636487,70.86411821349316,16.054725508249184
2023-07-14 12:30:00,2023-07-14 15:15:00,session_end_forced,10,10 (+102 to +432 pts),102.45000000000073,-24.799999999999272,95.25,11,19472.35,19493.7,19472.05,19492.1,19567.4,19594.55,19563.8,19587.35,52.640178584315684,51.646745476961534,70.86411821349316,15.760025640320952
2023-07-20 12:00:00,2023-07-20 15:15:00,session_end_forced,10,10 (+102 to +432 pts),130.64999999999782,-14.150000000001455,109.79999999999927,13,19850.15,19869.4,19846.0,19860.15,19987.2,19987.55,19965.4,19969.95,63.91492835502913,61.98154318960455,76.7712568213398,21.47286295231975
2023-07-24 10:30:00,2023-07-24 11:45:00,cross_down,2,2 (+6 to +10 pts),6.450000000000728,-104.75,-104.45000000000073,5,19773.05,19782.15,19767.75,19775.7,19714.5,19714.75,19670.95,19671.25,46.7190118281133,45.34714252016338,76.0439162777678,28.92338332922317
2023-07-24 12:30:00,2023-07-24 15:00:00,cross_down,7,7 (+34 to +46 pts),42.79999999999927,-68.70000000000073,-62.29999999999927,10,19713.05,19733.2,19708.45,19733.2,19701.8,19701.8,19664.5,19670.9,43.30156300462328,42.803152952470334,76.0439162777678,30.629413880760453
2023-07-25 11:00:00,2023-07-25 11:30:00,cross_down,2,2 (+6 to +10 pts),7.299999999999272,-20.850000000002183,-13.75,2,19670.95,19680.45,19652.3,19673.15,19669.95,19672.7,19657.3,19659.4,38.93498333828952,38.81498672426371,71.92077597491961,22.49736680128852
2023-07-25 11:45:00,2023-07-25 15:15:00,session_end_forced,7,7 (+34 to +46 pts),42.150000000001455,-48.64999999999782,13.549999999999272,14,19658.85,19674.55,19648.3,19665.3,19674.05,19683.05,19669.0,19678.85,38.305770726240425,38.059231659525786,71.92077597491961,27.447709486637798
2023-07-28 11:15:00,2023-07-28 11:30:00,cross_down,2,2 (+6 to +10 pts),8.849999999998545,-25.549999999999272,-23.200000000000728,1,19607.5,19616.3,19587.8,19607.45,19607.65,19609.65,19581.9,19584.25,37.550866244293914,36.82866191835673,65.33335778720728,35.27290881424276
2023-07-28 12:15:00,2023-07-28 15:15:00,session_end_forced,9,9 (+65 to +101 pts),78.64999999999782,-21.30000000000291,53.099999999998545,12,19579.6,19590.4,19565.25,19584.9,19650.95,19656.25,19634.0,19638.0,35.73073050872985,33.96361563246178,65.33335778720728,39.99811918246794
2023-08-02 15:00:00,2023-08-02 15:15:00,session_end_forced,1,1 (+0 to +6 pts),3.0500000000029104,-51.89999999999782,-27.799999999999272,1,19490.7,19543.25,19490.7,19542.6,19542.5,19545.65,19514.45,19514.8,33.92236638901353,29.00354468733442,60.93799442853765,60.755293496269815
2023-08-03 15:00:00,2023-08-03 15:15:00,session_end_forced,4,4 (+14 to +18 pts),16.400000000001455,-43.94999999999709,4.350000000002183,1,19346.4,19390.1,19346.15,19390.1,19389.55,19406.5,19386.45,19394.45,31.649862971987005,28.576462916033307,56.697973035071016,52.25356294041975
2023-08-09 13:30:00,2023-08-09 15:15:00,session_end_forced,10,10 (+102 to +432 pts),134.15000000000146,-16.649999999997817,119.90000000000146,7,19495.7,19511.15,19494.4,19511.05,19638.6,19645.2,19623.55,19630.95,44.06974779618902,42.45418987426921,50.10620484408925,35.918796295764835
2023-08-10 13:00:00,2023-08-10 13:15:00,cross_down,4,4 (+14 to +18 pts),14.0,-48.20000000000073,-41.400000000001455,1,19559.2,19588.2,19557.35,19585.0,19586.05,19599.0,19536.8,19543.6,53.26883852776703,52.22872427467624,50.809400713344985,22.999743526044995
2023-09-07 10:45:00,2023-09-07 11:30:00,cross_down,5,5 (+18 to +25 pts),22.299999999999272,-28.049999999999272,-20.25,3,19610.0,19619.5,19607.55,19619.5,19627.35,19630.15,19591.45,19599.25,63.0883342513739,62.699955779672024,55.27407003452136,34.01490272194147
2023-09-07 13:45:00,2023-09-07 15:15:00,session_end_forced,9,9 (+65 to +101 pts),90.70000000000073,-4.900000000001455,77.04999999999927,6,19651.3,19655.15,19641.3,19646.2,19713.0,19730.95,19712.3,19723.25,64.1951978604779,63.20100892634295,55.27407003452136,29.16106846988425
2023-09-08 12:00:00,2023-09-08 12:15:00,cross_down,1,1 (+0 to +6 pts),3.150000000001455,-17.549999999999272,-15.649999999997817,1,19819.45,19823.2,19806.8,19820.05,19820.6,19822.4,19802.5,19804.4,73.51450266115683,72.50042655317732,59.24126913257814,54.95871550477237
2023-09-13 13:00:00,2023-09-13 13:15:00,cross_down,2,2 (+6 to +10 pts),8.19999999999709,-27.700000000000728,-26.75,1,20064.65,20092.6,20064.65,20084.4,20084.95,20090.95,20056.7,20057.65,70.06487867564579,69.44622920000981,70.66445334052634,39.02369661731626
2023-09-15 10:00:00,2023-09-15 10:15:00,cross_down,1,1 (+0 to +6 pts),3.25,-14.25,-11.19999999999709,1,20149.55,20164.1,20146.6,20160.85,20160.45,20161.95,20147.1,20149.65,69.11077311145543,67.3182517231043,75.95620675665835,25.757462389185733
2023-09-15 10:45:00,2023-09-15 12:15:00,cross_down,6,6 (+25 to +34 pts),28.25,-22.900000000001455,-0.5500000000029104,6,20150.75,20168.45,20144.75,20167.65,20188.35,20190.65,20162.65,20167.1,70.10422491386716,69.46625489104676,75.95620675665835,27.953543612762502
2023-09-20 15:00:00,2023-09-20 15:15:00,session_end_forced,3,3 (+10 to +14 pts),10.799999999999272,-16.799999999999272,7.0,1,19899.3,19906.3,19885.75,19902.55,19902.85,19913.35,19898.75,19909.55,24.623834092526238,24.21091628214248,78.48979589705742,75.45938698670554
2023-09-21 11:00:00,2023-09-21 15:15:00,session_end_forced,1,1 (+0 to +6 pts),2.0,-74.25,-36.400000000001455,17,19752.05,19787.25,19745.45,19785.25,19744.4,19754.75,19741.35,19748.85,19.324839318661024,16.605133645616284,73.33069758051344,77.10958610189384
2023-09-27 11:30:00,2023-09-27 15:15:00,session_end_forced,9,9 (+65 to +101 pts),80.15000000000146,-33.29999999999927,77.35000000000218,15,19618.15,19656.95,19617.0,19650.3,19709.7,19730.05,19708.15,19727.65,42.56842220485939,40.643251934265685,52.394236539337456,32.2789123344148
2023-10-16 10:00:00,2023-10-16 14:45:00,cross_down,6,6 (+25 to +34 pts),31.900000000001455,-24.75,0.0,19,19730.2,19754.0,19724.55,19749.3,19758.0,19766.55,19749.3,19749.3,49.80184249415006,48.59289738123941,50.72923083979776,27.901604822343035
2023-10-17 09:15:00,2023-10-17 13:45:00,cross_down,6,6 (+25 to +34 pts),31.900000000001455,-7.649999999997817,-0.4499999999970896,18,19843.2,19849.75,19810.2,19817.85,19825.8,19829.7,19816.6,19817.4,49.794221612432366,47.69062199203736,51.32192538849582,23.555592592596113
2023-10-19 11:15:00,2023-10-19 15:15:00,session_end_forced,7,7 (+34 to +46 pts),40.900000000001455,-66.64999999999782,-28.94999999999709,16,19574.2,19645.1,19574.2,19640.85,19621.95,19631.25,19601.6,19611.9,34.88967801170356,31.469903231748148,51.85172138803307,50.85950464104283
2023-11-15 09:15:00,2023-11-15 14:45:00,cross_down,8,8 (+47 to +65 pts),48.69999999999709,-48.20000000000073,17.599999999998545,22,19651.4,19653.35,19580.45,19628.65,19668.4,19670.6,19645.15,19646.25,62.409094110447256,56.50659763612073,52.889568982429,35.537441879582175
2023-11-20 14:30:00,2023-11-20 15:00:00,cross_down,2,2 (+6 to +10 pts),9.0,-22.349999999998545,-19.349999999998545,2,19709.85,19714.6,19696.6,19710.0,19702.9,19707.0,19687.65,19690.65,48.15389082802014,47.68529526987313,62.57420126817241,17.56067474900067
2023-11-21 09:15:00,2023-11-21 14:15:00,cross_down,8,8 (+47 to +65 pts),50.85000000000218,-22.75,8.100000000002183,20,19770.9,19785.35,19754.6,19777.35,19795.05,19798.05,19784.35,19785.45,52.74752444064259,45.47762327679083,63.48578266561781,21.735541846052882
2023-11-22 15:00:00,2023-11-22 15:15:00,session_end_forced,3,3 (+10 to +14 pts),10.549999999999272,-8.599999999998545,-1.2000000000007276,1,19807.5,19822.35,19807.5,19811.8,19812.65,19818.7,19803.2,19810.6,56.62012004167023,52.87704666565115,65.1881614470452,41.763409319620266
2023-11-28 09:30:00,2023-11-28 13:45:00,cross_down,4,4 (+14 to +18 pts),15.600000000002183,-23.649999999997817,-5.899999999997817,17,19825.35,19829.9,19815.05,19824.1,19825.9,19831.5,19816.0,19818.2,53.9030654918945,50.36665825658095,68.36382433473345,27.692480786147925
2023-11-28 14:15:00,2023-11-28 15:15:00,session_end_forced,7,7 (+34 to +46 pts),45.89999999999782,-48.0,38.04999999999927,4,19823.5,19870.4,19822.4,19870.4,19895.95,19916.3,19889.1,19908.45,59.742438339379184,57.46109517252479,68.36382433473345,27.379770748806727
2023-12-01 10:30:00,2023-12-01 12:15:00,cross_down,5,5 (+18 to +25 pts),23.349999999998545,-8.700000000000728,14.149999999997817,7,20260.0,20268.7,20252.75,20261.15,20266.95,20278.05,20266.95,20275.3,76.9867204591872,76.82678312971818,75.31841973393634,53.668755933648356
2023-12-05 10:00:00,2023-12-05 11:00:00,cross_down,7,7 (+34 to +46 pts),42.349999999998545,-35.54999999999927,15.349999999998545,4,20774.9,20810.1,20771.4,20806.95,20843.35,20849.3,20803.4,20822.3,92.55003975069589,91.76092032567544,81.13478667811263,81.22436820061489
2023-12-08 10:00:00,2023-12-08 11:00:00,cross_down,3,3 (+10 to +14 pts),13.700000000000728,-60.349999999998545,-36.25,4,20993.25,21004.45,20970.25,20992.05,20977.05,20978.6,20931.7,20955.8,67.7978311325823,65.20782891555683,87.52218092681758,32.917145319662524
2023-12-11 10:00:00,2023-12-11 10:45:00,cross_down,4,4 (+14 to +18 pts),14.399999999997817,-60.60000000000218,-32.5,3,21003.9,21011.6,20988.15,21011.2,20966.3,20986.6,20950.6,20978.7,64.18362101020804,61.36763008190003,88.65989903016407,21.570466804241576
2023-12-12 09:45:00,2023-12-12 10:00:00,cross_down,2,2 (+6 to +10 pts),8.5,-31.25,-25.0,1,21022.15,21037.35,21018.8,21028.85,21028.3,21032.8,20997.6,21003.85,63.36414191753653,62.264149224514746,89.60471278568585,23.350746599282537
2023-12-13 13:00:00,2023-12-13 15:15:00,session_end_forced,10,10 (+102 to +432 pts),129.5,-1.5500000000029104,117.79999999999927,9,20825.25,20833.0,20818.1,20819.65,20924.85,20949.15,20921.5,20937.45,33.509352039732654,29.749917905047102,87.65708789727694,37.791851268766706
2023-12-15 09:45:00,2023-12-15 11:15:00,cross_down,9,9 (+65 to +101 pts),67.29999999999927,-43.0,26.25,6,21245.45,21287.7,21244.7,21287.7,21312.55,21322.05,21309.65,21313.95,71.8253191810964,71.00162073441078,86.54555640858567,45.80097830447762
2023-12-19 14:15:00,2023-12-19 14:45:00,cross_down,4,4 (+14 to +18 pts),17.599999999998545,-58.0,-55.150000000001455,2,21480.5,21488.35,21472.6,21486.9,21487.85,21493.3,21428.9,21431.75,66.71071807930863,66.36665584043797,87.23538765985747,41.69811013555932
2023-12-20 09:45:00,2023-12-20 10:15:00,cross_down,3,3 (+10 to +14 pts),11.900000000001455,-34.25,-16.599999999998545,2,21578.5,21580.95,21565.45,21569.05,21554.55,21567.6,21550.55,21552.45,65.7272880025813,64.06605013090531,87.23519130519634,41.31192186158657
2023-12-20 10:30:00,2023-12-20 11:15:00,cross_down,3,3 (+10 to +14 pts),11.049999999999272,-25.0,-22.599999999998545,3,21551.4,21570.25,21546.45,21569.75,21565.1,21566.7,21544.75,21547.15,66.6999292747414,66.38200323023415,87.23519130519634,36.99417186495404
2023-12-21 11:45:00,2023-12-21 15:15:00,session_end_forced,10,10 (+102 to +432 pts),123.5,-14.799999999999272,118.70000000000073,14,21157.65,21178.65,21149.5,21164.3,21258.6,21287.8,21249.85,21283.0,38.29532769008095,36.84657474106164,81.0994905217092,56.62148699452903
2023-12-22 14:45:00,2023-12-22 15:15:00,cross_down,3,3 (+10 to +14 pts),10.049999999999272,-37.05000000000291,-31.05000000000291,2,21364.5,21373.45,21326.35,21363.4,21353.9,21360.8,21328.45,21332.35,52.62829826395898,51.9080769008231,77.76345129577821,24.850374747338172
2023-12-26 09:30:00,2023-12-26 13:45:00,cross_down,10,10 (+102 to +432 pts),108.59999999999854,-32.650000000001455,74.5,17,21335.2,21379.7,21335.05,21367.7,21451.5,21453.6,21437.9,21442.2,54.184842530107346,53.151903835835505,75.52583952120038,19.527609886238224
2023-12-27 09:30:00,2023-12-27 12:15:00,cross_down,8,8 (+47 to +65 pts),47.20000000000073,-41.20000000000073,-14.849999999998545,11,21536.85,21556.0,21514.8,21556.0,21582.15,21583.85,21539.5,21541.15,65.80001580731371,62.74188388069065,74.63184987737797,27.49787981607731
2023-12-28 09:45:00,2023-12-28 10:15:00,cross_down,5,5 (+18 to +25 pts),18.700000000000728,-61.599999999998545,-28.099999999998545,2,21741.95,21758.5,21728.6,21739.8,21697.5,21716.95,21684.9,21711.7,74.1258843379829,72.02028612433675,75.05922841916849,47.7403484353072
2024-01-01 14:00:00,2024-01-01 15:15:00,cross_down,7,7 (+34 to +46 pts),39.75,-109.90000000000146,-103.20000000000073,5,21763.9,21793.7,21763.9,21792.65,21725.95,21736.25,21682.75,21689.45,61.30516982428718,59.224378593363255,75.91106511754266,28.475194278929983
2024-01-02 13:30:00,2024-01-02 15:15:00,session_end_forced,8,8 (+47 to +65 pts),60.0,-11.299999999999272,28.799999999999272,7,21622.35,21642.4,21621.4,21632.7,21661.55,21673.6,21657.0,21661.5,43.59951049137297,42.30819629926168,75.13225044514782,34.93928029604675
2024-01-03 13:00:00,2024-01-03 15:15:00,session_end_forced,3,3 (+10 to +14 pts),12.700000000000728,-70.20000000000073,-48.0,9,21563.45,21573.85,21560.25,21571.7,21515.85,21528.3,21501.5,21523.7,39.255842635033865,37.81391261936834,73.98096396394004,44.06931712610165
2024-01-09 09:15:00,2024-01-09 14:15:00,cross_down,8,8 (+47 to +65 pts),59.150000000001455,-107.89999999999782,-105.20000000000073,20,21653.6,21672.3,21637.95,21664.55,21656.6,21661.9,21556.65,21559.35,39.5729607453452,36.68853187415544,65.31304925515042,42.38145537770148
2024-01-10 14:00:00,2024-01-10 15:15:00,session_end_forced,10,10 (+102 to +432 pts),109.39999999999782,-23.55000000000291,93.5,5,21524.55,21541.95,21508.35,21531.9,21608.0,21632.55,21607.05,21625.4,42.10483966702215,39.01950383393238,63.00616890563108,38.24396593085408
2024-01-12 09:15:00,2024-01-12 15:15:00,cross_down,10,10 (+102 to +432 pts),193.75,-14.700000000000728,174.79999999999927,24,21773.55,21788.25,21718.75,21733.45,21876.0,21917.25,21876.0,21908.25,57.29142511376263,56.123900287018216,61.95395936190212,37.21085109503998
2024-01-18 10:30:00,2024-01-18 15:15:00,session_end_forced,9,9 (+65 to +101 pts),86.34999999999854,-68.10000000000218,24.549999999999272,19,21409.05,21455.4,21384.6,21452.7,21458.5,21485.25,21450.15,21477.25,24.9049787370342,22.90952334628032,63.01676192983187,67.72691370252886
2024-01-23 09:30:00,2024-01-23 10:15:00,cross_down,2,2 (+6 to +10 pts),9.200000000000728,-130.5,-121.89999999999782,3,21714.2,21728.5,21688.05,21722.3,21658.1,21679.95,21591.8,21600.4,51.31831720773813,48.29064556642326,54.410544549285945,41.563910437415025
2024-01-24 09:45:00,2024-01-24 15:15:00,session_end_forced,10,10 (+102 to +432 pts),108.95000000000073,-159.29999999999927,87.75,22,21267.95,21375.5,21267.95,21372.95,21455.7,21481.9,21454.55,21460.7,29.82777351690924,28.729646367148938,50.12447886594349,65.50070268216304
2024-02-02 09:30:00,2024-02-02 12:30:00,cross_down,10,10 (+102 to +432 pts),188.54999999999927,-95.39999999999782,-0.25,12,21941.15,21961.6,21923.7,21937.3,21939.6,21955.4,21841.9,21937.05,57.29664841214587,54.46648588853732,51.26853324887901,35.31707350319472
2024-02-06 11:45:00,2024-02-06 15:15:00,session_end_forced,8,8 (+47 to +65 pts),52.5,-29.549999999999272,40.54999999999927,14,21870.25,21899.45,21869.35,21898.25,21919.95,21947.55,21914.35,21938.8,53.50320212825794,50.62776506514915,53.56627323240669,17.252654988419906
2024-02-08 09:15:00,2024-02-08 10:00:00,cross_down,3,3 (+10 to +14 pts),11.450000000000728,-87.04999999999927,-58.849999999998545,3,22009.65,22009.95,21962.55,21998.5,21964.75,21998.35,21911.45,21939.65,56.75040709498743,55.820200736381196,56.71438814454863,22.711711699596247
2024-02-09 10:00:00,2024-02-09 10:45:00,cross_down,1,1 (+0 to +6 pts),1.0499999999992724,-100.60000000000218,-76.15000000000146,3,21678.25,21750.45,21649.05,21749.65,21691.2,21698.25,21660.35,21673.5,40.389591510060434,40.14993847751117,55.62702346553197,45.337513662207044
2024-02-09 11:15:00,2024-02-09 15:15:00,session_end_forced,10,10 (+102 to +432 pts),129.5500000000029,-28.849999999998545,112.40000000000146,16,21680.3,21689.0,21644.75,21673.6,21783.95,21790.2,21772.5,21786.0,39.12375186880378,37.860570414067055,55.62702346553197,54.86774819050243
2024-02-12 11:15:00,2024-02-12 11:45:00,cross_down,2,2 (+6 to +10 pts),8.049999999999272,-47.20000000000073,-34.0,2,21717.15,21725.8,21700.75,21720.2,21694.5,21695.6,21673.0,21686.2,43.57415877823766,42.240022975185276,55.04559963369761,25.07419578175326
2024-02-12 14:00:00,2024-02-12 15:15:00,session_end_forced,2,2 (+6 to +10 pts),8.650000000001455,-103.34999999999854,-75.75,5,21635.15,21691.55,21634.2,21688.35,21597.6,21632.55,21585.0,21612.6,40.085276814088935,37.63395972320704,55.04559963369761,39.53042550932037
2024-02-14 12:15:00,2024-02-14 15:15:00,session_end_forced,10,10 (+102 to +432 pts),213.40000000000146,-38.25,191.90000000000146,12,21618.55,21663.05,21618.55,21656.8,21814.55,21856.25,21801.85,21848.7,45.98843180172233,44.46181174161319,52.26683598379985,24.2293466333036
2024-02-15 13:30:00,2024-02-15 14:30:00,cross_down,2,2 (+6 to +10 pts),8.849999999998545,-83.25,-41.95000000000073,4,21868.45,21948.1,21860.7,21943.95,21892.9,21906.25,21883.6,21902.0,65.4062057848346,62.827743171990846,53.13504894478996,24.767539963152537
2024-02-16 09:30:00,2024-02-16 12:15:00,cross_down,8,8 (+47 to +65 pts),55.900000000001455,-24.549999999999272,31.100000000002183,11,22006.75,22020.65,21976.9,21994.1,22046.8,22048.95,22022.75,22025.2,68.16945570199601,67.57774569051227,54.56361690678256,31.350749122134484
2024-02-22 12:15:00,2024-02-22 15:15:00,session_end_forced,10,10 (+102 to +432 pts),292.8999999999978,-17.850000000002183,258.75,12,21964.8,21978.2,21942.4,21958.15,22207.5,22251.05,22200.75,22216.9,38.96697875541838,36.8668751162208,60.609121195142926,44.04876659446166
2024-02-26 14:00:00,2024-02-26 15:00:00,cross_down,5,5 (+18 to +25 pts),19.899999999997817,-39.650000000001455,-27.549999999999272,4,22158.55,22173.85,22153.95,22153.95,22120.6,22147.65,22116.75,22126.4,50.250555939001806,48.85176552708957,62.047234701204445,38.65121384273256
2024-02-27 09:45:00,2024-02-27 10:00:00,cross_down,3,3 (+10 to +14 pts),10.950000000000728,-37.95000000000073,-31.400000000001455,1,22126.95,22151.4,22120.15,22140.45,22139.5,22148.95,22102.5,22109.05,48.11011600745802,46.81088383522583,61.17832727832391,33.77732038354088
2024-02-27 10:30:00,2024-02-27 15:15:00,session_end_forced,9,9 (+65 to +101 pts),82.29999999999927,-31.450000000000728,59.150000000001455,19,22108.4,22135.05,22103.6,22135.05,22203.55,22205.0,22178.35,22194.2,46.50295834873205,45.474353968166625,61.17832727832391,34.81024817052106
2024-02-29 09:45:00,2024-02-29 10:00:00,cross_down,2,2 (+6 to +10 pts),7.0,-147.95000000000073,-141.75,1,21948.85,22022.25,21938.65,22015.25,22015.05,22018.5,21867.3,21873.5,39.04011628024038,38.65722566723552,57.85877394777245,44.391126174357304
2024-02-29 10:15:00,2024-02-29 15:15:00,session_end_forced,10,10 (+102 to +432 pts),157.39999999999782,-41.05000000000291,139.64999999999782,20,21873.6,21911.6,21861.35,21902.4,21996.05,22059.8,21995.6,22042.05,37.56925667642726,36.39709508747422,57.85877394777245,44.224658051351675
2024-03-06 13:15:00,2024-03-06 15:15:00,session_end_forced,10,10 (+102 to +432 pts),205.59999999999854,-14.05000000000291,192.64999999999782,8,22297.85,22299.7,22281.35,22287.4,22472.5,22493.0,22466.75,22480.05,45.414118444791086,45.37338319768783,61.55062871745703,24.201025206800583
2024-03-12 09:30:00,2024-03-12 11:30:00,cross_down,5,5 (+18 to +25 pts),22.700000000000728,-171.79999999999927,-103.95000000000073,8,22331.55,22432.95,22315.5,22428.55,22353.45,22358.1,22323.85,22324.6,41.21486106732861,39.833281963248446,62.17062457940487,34.346307110861716
2024-03-12 12:15:00,2024-03-12 14:45:00,cross_down,5,5 (+18 to +25 pts),19.549999999999272,-76.95000000000073,-62.95000000000073,10,22359.85,22384.25,22358.55,22382.55,22318.9,22339.1,22314.85,22319.6,45.74021326862218,43.666741949892355,62.17062457940487,34.52359277044857
2024-03-13 09:15:00,2024-03-13 09:45:00,cross_down,9,9 (+65 to +101 pts),101.04999999999927,-71.54999999999927,-48.60000000000218,2,22446.75,22446.75,22339.8,22345.7,22343.0,22343.0,22274.15,22297.1,42.76242887794404,42.609667620763275,60.775066787786706,33.03984578352122
2024-03-14 09:15:00,2024-03-14 15:15:00,session_end_forced,10,10 (+102 to +432 pts),211.20000000000073,-72.90000000000146,160.09999999999854,24,21982.55,22012.95,21920.05,21992.95,22143.1,22163.7,22134.7,22153.05,25.24149930334117,23.505805340013364,55.38079491993782,48.88678098374102
2024-03-15 13:00:00,2024-03-15 15:15:00,session_end_forced,8,8 (+47 to +65 pts),58.79999999999927,-21.25,2.2999999999992724,9,21986.25,21995.35,21972.8,21994.05,22008.25,22047.05,21985.4,21996.35,37.609289322346775,36.41786626058185,53.477280571298316,31.595926847376255
2024-04-03 12:00:00,2024-04-03 14:15:00,cross_down,7,7 (+34 to +46 pts),41.900000000001455,-27.849999999998545,-3.849999999998545,9,22454.4,22480.3,22451.15,22479.0,22494.95,22500.75,22468.2,22475.15,59.14363590573147,58.52708038732299,57.4083662171537,17.755501469186118
2024-04-04 12:45:00,2024-04-04 15:15:00,session_end_forced,10,10 (+102 to +432 pts),111.35000000000218,-12.75,72.35000000000218,10,22469.5,22491.35,22458.7,22468.85,22506.65,22553.95,22506.65,22541.2,50.72760405290526,48.89552898153214,59.20689246509868,27.636237611808667
2024-04-09 10:00:00,2024-04-09 11:00:00,cross_down,5,5 (+18 to +25 pts),19.299999999999272,-21.849999999998545,-19.399999999997817,4,22738.85,22759.35,22738.85,22749.05,22746.45,22753.0,22727.2,22729.65,69.74975761701998,68.83781321296446,65.33528210870294,49.78924375410372
2024-04-10 13:30:00,2024-04-10 15:15:00,cross_down,6,6 (+25 to +34 pts),32.70000000000073,-31.849999999998545,-7.950000000000728,7,22727.6,22744.1,22724.95,22743.0,22752.0,22755.65,22730.6,22735.05,61.63771994261363,60.76893285703852,66.74187262213594,23.651333343248048
2024-04-15 11:15:00,2024-04-15 15:15:00,session_end_forced,6,6 (+25 to +34 pts),25.299999999999272,-119.19921875,-101.29999999999927,16,22361.45,22381.35,22357.75,22378.75,22271.5,22291.3,22262.55,22277.45,34.26663173055276,29.818175133243116,65.79107013874449,55.7920968936809
2024-04-16 10:15:00,2024-04-16 15:15:00,session_end_forced,5,5 (+18 to +25 pts),18.600000000002183,-111.35078124999927,-13.349999999998545,20,22190.65,22192.45,22156.7,22190.8,22168.3,22180.05,22153.8,22177.45,22.123487490746477,21.19719664642173,60.43094433880418,66.17419297222564
2024-04-19 11:15:00,2024-04-19 15:15:00,session_end_forced,10,10 (+102 to +432 pts),269.80078125,-43.04999999999927,239.95000000000073,16,21871.5,21920.400390625,21866.7,21909.75,22163.1,22166.0,22129.05,22149.7,31.80292788663126,30.717816611455863,50.1299818210335,56.760574688796105
2024-04-25 13:45:00,2024-04-25 15:15:00,session_end_forced,10,10 (+102 to +432 pts),128.64921875000073,-12.950000000000728,61.95000000000073,6,22486.0,22528.25,22484.35,22497.3,22571.05,22576.1,22549.4,22559.25,60.543097831427296,58.655535264806815,50.656470493758746,23.6944597386465
2024-04-29 10:30:00,2024-04-29 15:15:00,session_end_forced,10,10 (+102 to +432 pts),127.75078125000073,-15.149999999997817,105.10000000000218,19,22529.2,22546.94921875,22524.55,22528.05,22653.3,22653.75,22626.45,22633.15,52.509517870108816,51.25091388624613,53.51121959821743,25.894790806786364
2024-05-03 09:45:00,2024-05-03 10:15:00,cross_down,3,3 (+10 to +14 pts),10.549999999999272,-156.64921875000073,-125.70000000000073,2,22770.75,22778.25,22755.35,22767.7,22682.6,22696.7,22611.05078125,22642.0,57.254993653799275,54.390566188721415,58.079205752530314,29.80490141516419
2024-05-03 15:00:00,2024-05-03 15:15:00,session_end_forced,3,3 (+10 to +14 pts),13.25,-45.94999999999709,-33.89999999999782,1,22454.6,22492.95,22444.65,22490.6,22491.65,22503.85,22450.45,22456.7,40.45767671583553,37.427034028903385,58.079205752530314,34.025334195335574
2024-05-07 13:15:00,2024-05-07 15:15:00,session_end_forced,7,7 (+34 to +46 pts),46.5,-46.60000000000218,20.599999999998545,8,22239.95,22284.65,22237.3,22283.9,22308.05,22314.7,22295.3,22304.5,30.399537731477047,28.979536579212432,54.82247642821229,41.6660531621097
2024-05-21 12:45:00,2024-05-21 13:15:00,cross_down,2,2 (+6 to +10 pts),8.949609374998545,-40.30000000000291,-28.05000000000291,2,22553.45,22583.69921875,22550.75,22582.15,22573.05,22578.5,22541.85,22554.1,67.35943910545025,66.5073739781184,51.93393064081581,29.72235462220385
2024-05-23 12:45:00,2024-05-23 13:15:00,cross_down,5,5 (+18 to +25 pts),18.600390625000728,-46.20000000000073,7.650000000001455,2,22830.5,22845.650390625,22813.6,22842.05,22830.45,22860.650390625,22795.85,22849.7,78.11688978527653,76.31278133131363,57.30403364422655,53.05968002816479
2024-05-23 15:00:00,2024-05-23 15:15:00,cross_down,4,4 (+14 to +18 pts),14.949609374998545,-61.150000000001455,-27.650000000001455,1,22917.5,22989.0,22917.5,22978.65,22978.55,22993.599609375,22947.55,22951.0,82.58390842596778,82.3632599818577,57.30403364422655,58.23821380344237
2024-05-29 13:00:00,2024-05-29 15:15:00,session_end_forced,6,6 (+25 to +34 pts),27.700000000000728,-79.35078124999927,-59.0,9,22748.05,22768.25,22736.4,22764.8,22710.8,22713.8,22693.35,22705.8,34.805060573869554,33.442737836287264,68.8301161574272,54.64815889487587
2024-05-30 12:00:00,2024-05-30 15:15:00,session_end_forced,7,7 (+34 to +46 pts),34.79999999999927,-150.45000000000073,-10.350000000002183,13,22553.75,22586.9,22553.75,22567.45,22477.9,22560.9,22477.0,22557.1,23.154900664895305,23.117421358572543,65.95818263861626,55.6800374691884
2024-06-04 14:15:00,2024-06-04 14:45:00,cross_down,10,10 (+102 to +432 pts),180.29999999999927,-111.04999999999927,-108.90000000000146,2,22061.8,22062.0,21883.45,21909.75,21990.5,22048.65,21798.7,21800.85,42.73452412547783,42.464657681927456,61.74079674638604,39.18886797720004
2024-06-04 15:00:00,2024-06-04 15:15:00,session_end_forced,10,10 (+102 to +432 pts),118.84999999999854,-224.40000000000146,46.75,1,21802.6,21969.65,21725.3,21949.7,21948.6,22068.55,21871.45,21996.45,43.17641782151729,42.464657681927456,61.74079674638604,34.4759252869121
2024-06-07 09:30:00,2024-06-07 15:15:00,cross_down,10,10 (+102 to +432 pts),377.69921875,-38.150000000001455,327.5499999999993,23,22919.25,22953.80078125,22908.1,22942.5,23287.65,23301.65,23262.8,23270.05,62.45022616907186,60.0858430583817,54.57389330303113,23.831051317949143
2024-06-12 10:45:00,2024-06-12 11:15:00,cross_down,4,4 (+14 to +18 pts),17.099218750001455,-47.44999999999709,-45.19999999999709,2,23435.1,23441.94921875,23416.5,23424.85,23411.9,23421.35,23377.4,23379.65,63.30445825443296,62.92445885637502,57.917532298892624,26.648218437448335
2024-06-18 09:30:00,2024-06-18 12:00:00,cross_down,6,6 (+25 to +34 pts),25.350781249999272,-40.85000000000218,-19.950000000000728,10,23515.0,23558.85,23515.0,23553.7,23540.65,23546.7,23532.05,23533.75,67.66322331087406,63.71866268367023,61.03046885422326,27.931686578137345
2024-06-20 12:00:00,2024-06-20 12:15:00,cross_down,2,2 (+6 to +10 pts),9.400000000001455,-11.44999999999709,-6.549999999999272,1,23560.3,23566.0,23545.15,23556.6,23556.9,23561.95,23549.55,23550.05,55.64759156360407,54.935554706454965,63.11688143907199,22.741738151447066
2024-06-20 13:15:00,2024-06-20 14:30:00,cross_down,4,4 (+14 to +18 pts),16.950000000000728,-74.54999999999927,-27.5,5,23552.45,23624.0,23551.0,23607.05,23583.55,23590.9,23556.35,23579.55,59.70995941722224,56.47673223313467,63.11688143907199,25.458480479615577
2024-06-24 10:30:00,2024-06-24 15:15:00,session_end_forced,9,9 (+65 to +101 pts),77.99960937500146,-38.29999999999927,68.55000000000291,19,23445.85,23481.349609375,23441.8,23480.1,23547.0,23553.1,23532.9,23548.65,44.94650299006304,44.930454696788665,63.14851525031618,14.869110137385787
2024-06-26 10:45:00,2024-06-26 15:15:00,cross_down,10,10 (+102 to +432 pts),125.60039062500073,-41.95000000000073,75.95000000000073,18,23724.45,23769.75,23722.35,23764.3,23873.5,23887.05,23839.6,23840.25,68.83274108575333,68.72934083961852,64.42400843515937,42.42206540112099
2024-07-01 13:30:00,2024-07-01 15:15:00,cross_down,6,6 (+25 to +34 pts),25.849999999998545,-18.30000000000291,-15.0,7,24119.85,24143.400390625,24119.85,24138.15,24146.85,24153.95,24120.0,24123.15,64.31712541870279,62.33411258135302,69.70853527802754,26.13102137651858
2024-07-03 09:30:00,2024-07-03 12:15:00,cross_down,5,5 (+18 to +25 pts),23.900000000001455,-54.0,-14.549999999999272,11,24231.15,24283.35,24229.35,24283.35,24252.5,24272.35,24251.35,24268.8,60.34228475059602,57.076770521591804,72.56182576699656,29.991848077041503
2024-07-03 12:30:00,2024-07-03 13:15:00,cross_down,4,4 (+14 to +18 pts),17.100000000002183,-9.349999999998545,7.150000000001455,3,24268.9,24290.4,24268.3,24275.05,24276.4,24287.85,24274.1,24282.2,65.48109405047062,65.39321043871115,72.56182576699656,32.168150618012305
2024-07-03 13:30:00,2024-07-03 13:45:00,cross_down,2,2 (+6 to +10 pts),7.25,-16.299999999999272,-14.25,1,24282.0,24290.9,24276.55,24286.3,24287.3,24293.55,24270.0,24272.05,67.09838505354209,67.06351693069969,72.56182576699656,30.22630175339933
2024-07-04 09:45:00,2024-07-04 10:15:00,cross_down,1,1 (+0 to +6 pts),2.099999999998545,-70.40000000000146,-54.05000000000291,2,24392.2,24400.94921875,24377.05,24398.9,24373.8,24386.0,24328.5,24344.85,70.59194197012596,69.51469643322137,74.3834734699071,38.04748954716763
2024-07-08 10:15:00,2024-07-08 10:45:00,cross_down,2,2 (+6 to +10 pts),6.100000000002183,-49.5,-27.849999999998545,2,24303.9,24329.15,24295.9,24323.05,24305.3,24308.0,24279.25,24295.2,55.07760626400547,54.74516930246981,77.08500638041798,26.022677407264343
2024-07-08 13:00:00,2024-07-08 13:15:00,cross_down,4,4 (+14 to +18 pts),13.799999999999272,-16.899999999997817,-13.599999999998545,1,24297.3,24303.95,24281.15,24298.05,24297.25,24311.85,24281.5,24284.45,51.866867370238154,51.03439017070611,77.08500638041798,15.775687432561302
2024-07-08 13:45:00,2024-07-08 15:15:00,session_end_forced,8,8 (+47 to +65 pts),48.39960937499927,-15.799999999999272,34.849999999998545,6,24283.65,24311.5,24280.4,24296.2,24311.6,24344.599609375,24301.5,24331.05,51.978352097791515,51.709388470850215,77.08500638041798,14.312884537361393
2024-07-10 14:45:00,2024-07-10 15:15:00,session_end_forced,7,7 (+34 to +46 pts),43.150000000001455,-14.5,18.400000000001455,2,24303.05,24319.25,24279.5,24294.0,24331.25,24337.15,24310.9,24312.4,47.79162133936758,46.400344254413035,79.41569086729838,30.095766787373282
2024-07-11 12:15:00,2024-07-11 15:15:00,session_end_forced,9,9 (+65 to +101 pts),84.45000000000073,-12.700000000000728,65.95000000000073,12,24264.25,24281.0,24259.85,24272.55,24329.0,24357.0,24318.55,24338.5,45.99379804992607,45.27251482416209,77.71277472328845,23.978289255126263
2024-07-18 13:30:00,2024-07-18 15:15:00,session_end_forced,10,10 (+102 to +432 pts),124.34999999999854,-6.450000000000728,65.94999999999709,7,24731.5,24746.80078125,24711.9,24713.4,24802.05,24810.4,24775.95,24779.35,60.505229500747234,59.241264557214656,78.91685051761351,31.552498371320258
2024-07-22 10:45:00,2024-07-22 12:15:00,cross_down,6,6 (+25 to +34 pts),26.499218749999272,-83.29999999999927,-80.65000000000146,6,24566.3,24595.19921875,24564.35,24568.7,24523.15,24527.9,24485.4,24488.05,43.00583508978379,42.10454046727956,76.40432281366111,35.0096209824791
2024-07-22 13:15:00,2024-07-22 15:15:00,session_end_forced,6,6 (+25 to +34 pts),28.450000000000728,-32.400000000001455,2.7000000000007276,8,24487.3,24531.85,24487.3,24513.2,24516.25,24520.95,24504.7,24515.9,38.65802935400502,37.26497466838393,76.40432281366111,31.623630146735497
2024-07-23 12:30:00,2024-07-23 15:15:00,session_end_forced,10,10 (+102 to +432 pts),192.20000000000073,-278.30078125,123.90000000000146,11,24142.6,24382.0,24074.19921875,24352.5,24459.45,24479.5,24446.75,24476.4,39.12932552676432,38.43732824676017,73.04572540307396,34.26242812208671
2024-07-24 13:30:00,2024-07-24 15:15:00,session_end_forced,9,9 (+65 to +101 pts),79.54999999999927,-63.900000000001455,67.5,7,24342.5,24378.1,24320.6,24374.4,24407.65,24446.4,24397.75,24441.9,41.88650279362777,40.364006949243034,69.7105276913881,31.35989894319733
2024-08-01 09:30:00,2024-08-01 10:45:00,cross_down,5,5 (+18 to +25 pts),18.799999999999272,-40.10078124999927,-31.149999999997817,5,25054.15,25064.35,25044.15,25045.55,25020.4,25023.85,25005.44921875,25014.4,67.41292190700354,64.35798180135092,70.4888194514311,25.939823317491392
2024-08-02 14:15:00,2024-08-02 14:30:00,cross_down,6,6 (+25 to +34 pts),24.700000000000728,-37.14999999999782,-32.849999999998545,1,24771.2,24792.55,24755.5,24767.85,24767.1,24770.45,24730.7,24735.0,39.72599104521472,39.1711474750046,72.21834353060076,37.02742247323538
2024-08-05 13:00:00,2024-08-05 15:15:00,session_end_forced,10,10 (+102 to +432 pts),105.75,-104.89999999999782,30.200000000000728,9,23925.55,24023.2,23916.7,24021.6,24049.65,24066.7,24039.55,24051.8,20.96564305641283,19.336295763311316,67.9364813440712,72.07742221223754
2024-08-08 12:00:00,2024-08-08 13:15:00,cross_down,6,6 (+25 to +34 pts),33.900000000001455,-199.34999999999854,-194.54999999999927,5,24225.95,24307.099609375,24217.05,24306.6,24159.4,24179.55,24107.25,24112.05,51.17490280012101,48.277551615550664,50.63954685444082,24.11085932928998
2024-08-22 09:30:00,2024-08-22 10:15:00,cross_down,2,2 (+6 to +10 pts),8.700000000000728,-46.400781249998545,-22.0,3,24827.15,24839.55,24821.3,24830.85,24814.15,24816.6,24802.45,24808.85,73.64685148802106,72.14162621719098,54.77709171902023,35.68651154076838
2024-08-26 09:45:00,2024-08-26 12:15:00,cross_down,8,8 (+47 to +65 pts),62.60078124999927,-16.400000000001455,26.099999999998545,10,24982.9,24997.400390625,24964.8,24981.2,25001.0,25015.25,24995.3,25007.3,68.18813847958015,66.29757059626753,59.089262021581945,35.58576569981774
2024-08-26 12:30:00,2024-08-26 13:15:00,cross_down,5,5 (+18 to +25 pts),18.599999999998545,-10.150000000001455,7.0,3,25006.95,25034.75,25006.0,25016.15,25026.0,25029.5,25016.9,25023.15,74.76498541556167,74.46358990183774,59.089262021581945,53.40036096622879
2024-09-03 14:45:00,2024-09-03 15:00:00,cross_down,1,1 (+0 to +6 pts),4.299999999999272,-28.899999999997817,-23.5,1,25284.8,25304.1,25283.55,25299.8,25300.3,25301.1,25270.9,25276.3,59.5983502919996,59.33659957681314,72.42257403576244,17.60673223936081
2024-09-04 13:00:00,2024-09-04 15:15:00,session_end_forced,8,8 (+47 to +65 pts),62.79999999999927,-22.850000000002183,53.14999999999782,9,25135.55,25154.3,25130.35,25153.2,25209.6,25216.0,25201.25,25206.35,42.51947597391292,40.61788784322442,73.8378613387921,26.605134299016257
2024-09-06 12:15:00,2024-09-06 15:15:00,session_end_forced,3,3 (+10 to +14 pts),11.950000000000728,-147.29999999999927,-80.09999999999854,12,24935.85,24960.55,24929.1,24948.6,24852.1,24878.2,24846.6,24868.5,29.562464317223565,26.52501867171375,71.25182194998696,64.44134684160407
2024-09-12 12:00:00,2024-09-12 12:15:00,cross_down,1,1 (+0 to +6 pts),3.75,-47.45000000000073,-22.900000000001455,1,25000.55,25014.65,24982.75,25011.2,25010.3,25014.95,24963.75,24988.3,49.59580838867555,49.558692120702865,57.27276957423602,25.263828577766898
2024-09-12 13:45:00,2024-09-12 15:15:00,session_end_forced,10,10 (+102 to +432 pts),421.94960937499854,-20.5,303.5499999999993,6,24995.4,25023.8,24990.9,25011.4,25416.7,25417.25,25310.25,25314.95,50.18343357658459,49.750966408072074,57.27276957423602,24.314920061474183
2024-09-18 12:30:00,2024-09-18 12:45:00,cross_down,2,2 (+6 to +10 pts),5.899218750000728,-49.25,-49.25,1,25475.0,25481.80078125,25468.7,25476.3,25475.6,25482.19921875,25427.05,25427.05,67.8104638575492,67.01351027890273,64.01476140527788,34.59730854942963
2024-09-19 09:30:00,2024-09-19 11:15:00,cross_down,2,2 (+6 to +10 pts),6.999218749999272,-169.89921875000073,-164.90000000000146,7,25564.55,25605.80078125,25553.95,25604.95,25506.0,25509.95,25435.05078125,25440.05,53.336352384444595,51.180611378267834,63.90726955772349,40.51680305262622
2024-09-20 09:15:00,2024-09-20 13:45:00,cross_down,10,10 (+102 to +432 pts),318.6492187500007,-61.70039062499927,177.45000000000073,18,25525.94921875,25547.849609375,25453.30078125,25488.3,25548.5,25732.45,25545.0,25665.75,53.722834749256165,53.222351677768366,64.89524482607547,31.3685139176049
2024-09-23 15:00:00,2024-09-23 15:15:00,cross_down,4,4 (+14 to +18 pts),17.25,-18.849999999998545,-8.599999999998545,1,25925.1,25956.0,25919.9,25938.75,25940.85,25947.1,25923.35,25930.15,73.99394557043908,73.07588713288922,68.18401115731228,31.29308436144779
2024-09-24 09:45:00,2024-09-24 10:30:00,cross_down,4,4 (+14 to +18 pts),17.849999999998545,-16.650000000001455,-12.350000000002183,3,25954.95,25975.55078125,25950.45,25963.65,25969.05,25977.95,25947.0,25951.3,75.50117825151878,74.29132688333789,71.22472284786603,29.10745337684866
2024-09-25 15:00:00,2024-09-25 15:15:00,session_end_forced,4,4 (+14 to +18 pts),15.250781250000728,-88.45000000000073,-4.049999999999272,1,25929.95,26028.94921875,25929.1,26017.55,26017.3,26032.80078125,26008.05,26013.5,60.36004322304575,58.510245309499275,73.68501389019976,39.86841449668352
2024-09-26 14:30:00,2024-09-26 15:15:00,session_end_forced,8,8 (+47 to +65 pts),61.000390624998545,-89.45000000000073,-5.25,3,26109.65,26193.30078125,26100.45,26189.9,26206.45,26220.55,26174.1,26184.65,73.60015319517413,73.2133019327521,75.87830944354243,40.66920497172708
2024-10-01 09:15:00,2024-10-01 15:15:00,session_end_forced,8,8 (+47 to +65 pts),57.599609375,-110.80078125,-37.45000000000073,24,25788.44921875,25907.599609375,25788.05078125,25850.0,25788.4,25816.35,25785.35,25812.55,30.943229749132996,28.836863042986167,74.89864081726965,59.336283949085484
2024-12-05 13:00:00,2024-12-05 15:00:00,cross_down,10,10 (+102 to +432 pts),226.65000000000146,-136.04999999999927,119.90000000000146,8,24594.7,24638.7,24581.5,24631.1,24524.2,24752.05,24511.3,24751.0,62.80651175598608,60.21546816115131,55.882849811672244,45.21641641323036
2024-12-10 11:30:00,2024-12-10 11:45:00,cross_down,1,1 (+0 to +6 pts),3.9499999999970896,-31.600000000002183,-27.25,1,24647.65,24658.6,24645.05,24654.65,24655.35,24655.75,24623.05,24627.4,52.9145080023589,52.75340263240666,62.19258510719378,17.353919758164952
2024-12-13 11:30:00,2024-12-13 15:15:00,session_end_forced,10,10 (+102 to +432 pts),427.55078125,-71.25,416.5499999999993,15,24299.9,24376.2,24293.5,24364.75,24772.15,24792.30078125,24761.05,24781.3,24.74971626325099,24.196907405398075,62.50259714038425,65.51638574222899
2024-12-16 14:45:00,2024-12-16 15:15:00,cross_down,5,5 (+18 to +25 pts),23.599999999998545,-27.0,-26.25,2,24681.95,24687.15,24667.2,24674.5,24665.35,24671.45,24647.5,24648.25,53.26446786820526,52.849499620479946,63.92578897037404,20.07793690943162
2025-02-07 10:00:00,2025-02-07 10:15:00,cross_down,8,8 (+47 to +65 pts),52.099999999998545,-118.400390625,-75.40000000000146,1,23606.55,23664.1,23573.75,23612.0,23611.8,23621.25,23493.599609375,23536.6,48.34794658911477,48.02669937898446,56.28015410664618,39.193052609227344
2025-02-07 11:00:00,2025-02-07 13:00:00,cross_down,9,9 (+65 to +101 pts),78.54999999999927,-78.29999999999927,-68.25,8,23611.9,23629.25,23608.35,23615.95,23555.7,23579.95,23537.65,23547.7,48.71720269605437,47.899957969620814,56.28015410664618,28.217696363654266
2025-02-07 13:15:00,2025-02-07 13:45:00,cross_down,5,5 (+18 to +25 pts),23.799999999999272,-80.35039062500073,-56.45000000000073,2,23547.85,23568.8,23544.9,23567.7,23570.7,23576.75,23487.349609375,23511.25,44.384168932118236,43.30970599182492,56.28015410664618,19.571411383165227
2025-02-07 15:00:00,2025-02-07 15:15:00,session_end_forced,4,4 (+14 to +18 pts),17.549999999999272,-83.40000000000146,-10.549999999999272,1,23490.8,23574.75,23490.3,23573.7,23574.0,23591.25,23557.35,23563.15,39.46419662716531,38.805796597060294,56.28015410664618,25.429596385001915
2025-02-10 14:15:00,2025-02-10 15:15:00,session_end_forced,9,9 (+65 to +101 pts),71.15000000000146,-22.44921875,37.29999999999927,4,23326.7,23340.1,23316.30078125,23338.75,23380.8,23387.15,23370.85,23376.05,33.28799351412846,32.24366305206139,56.282983491726704,43.09052310608208
2025-02-11 15:00:00,2025-02-11 15:15:00,session_end_forced,3,3 (+10 to +14 pts),13.44999999999709,-19.75,-2.900000000001455,1,23056.55,23086.85,23053.65,23073.4,23074.25,23080.8,23060.4,23070.5,27.92415842014088,24.837188617585163,54.18844005133221,59.14155350235866
2025-02-12 10:15:00,2025-02-12 15:15:00,session_end_forced,10,10 (+102 to +432 pts),286.84921875000146,-59.500390624998545,199.95000000000073,20,22831.1,22880.3,22798.349609375,22857.85,23050.85,23063.2,23043.15,23057.8,22.051947100639566,21.342049699926797,50.07813701949039,62.05011611979797
2025-03-27 10:00:00,2025-03-27 15:15:00,session_end_forced,7,7 (+34 to +46 pts),46.099218750001455,-40.54999999999927,0.7000000000007276,21,23585.8,23618.650390625,23569.85,23600.35,23588.65,23646.44921875,23576.45,23601.05,46.8954974710126,45.71909350693877,69.4295950621302,34.56748959654419
2025-03-28 10:45:00,2025-03-28 11:30:00,cross_down,6,6 (+25 to +34 pts),25.249218749999272,-60.95000000000073,-54.900000000001455,3,23614.65,23649.19921875,23612.85,23623.95,23576.5,23601.25,23568.05,23569.05,49.29903455349303,48.58091847609745,70.33065545057374,26.86853099454371
2025-03-28 11:45:00,2025-03-28 12:15:00,cross_down,4,4 (+14 to +18 pts),15.049999999999272,-60.5,-60.20000000000073,2,23568.6,23592.05,23561.7,23589.5,23596.55,23598.15,23529.0,23529.3,49.455605824082454,48.92446200084804,70.33065545057374,18.99131459831958
2025-03-28 14:30:00,2025-03-28 15:15:00,session_end_forced,4,4 (+14 to +18 pts),17.549999999999272,-144.30078125,-99.34999999999854,3,23573.2,23597.1,23540.05,23594.5,23544.25,23545.3,23450.19921875,23495.15,47.45639149762986,45.403661841823634,70.33065545057374,30.981377967610786
2025-04-01 14:30:00,2025-04-01 15:15:00,session_end_forced,5,5 (+18 to +25 pts),20.649999999997817,-18.0,18.049999999999272,3,23154.55,23171.25,23143.65,23161.65,23174.9,23182.3,23151.8,23179.7,27.58460849529139,26.781630119451098,69.55099331126422,53.261533266432835
2025-04-04 14:15:00,2025-04-04 14:30:00,cross_down,5,5 (+18 to +25 pts),23.399999999997817,-27.499609375001455,-23.0,1,22908.6,22918.8,22886.1,22895.4,22895.2,22900.95,22867.900390625,22872.4,25.603410391497214,25.468649881959575,61.07035799909528,52.072125602998135
2025-04-04 15:00:00,2025-04-04 15:15:00,session_end_forced,3,3 (+10 to +14 pts),10.549999999999272,-46.099999999998545,1.0499999999992724,1,22864.9,22921.55,22864.9,22911.0,22909.45,22920.6,22896.45,22912.05,28.05896768444383,25.468649881959575,61.07035799909528,50.07930949026672
2025-04-07 11:45:00,2025-04-07 12:00:00,cross_down,7,7 (+34 to +46 pts),39.64999999999782,-79.04999999999927,-74.25,1,22001.3,22004.85,21948.85,21965.2,21965.4,21967.7,21886.15,21890.95,17.008651175691828,16.908705888821796,56.47408600900918,61.177334878310596
2025-04-07 12:15:00,2025-04-07 15:15:00,session_end_forced,10,10 (+102 to +432 pts),407.84999999999854,-49.25,391.84999999999854,12,21890.15,21896.95,21839.4,21846.15,22184.3,22254.0,22134.65,22238.0,15.722565495194925,15.131758400511103,56.47408600900918,60.63067937419553
2025-04-17 12:45:00,2025-04-17 15:15:00,cross_down,10,10 (+102 to +432 pts),133.99960937500146,-35.04999999999927,99.40000000000146,10,23712.05,23747.599609375,23703.3,23738.35,23847.2,23862.2,23831.35,23837.75,76.51644736850878,75.65480998592236,51.37712719970331,40.055161617860506
2025-04-21 09:30:00,2025-04-21 13:15:00,cross_down,10,10 (+102 to +432 pts),159.55078125,-98.75,124.70000000000073,15,23958.7,24036.0,23931.25,24030.0,24172.15,24175.55,24146.5,24154.7,83.51663636960093,82.35287004774484,55.153509352910376,57.40337301477864
2025-04-25 13:00:00,2025-04-25 15:15:00,session_end_forced,10,10 (+102 to +432 pts),103.5,-61.05000000000291,-55.5,9,24024.65,24060.8,24013.05,24047.15,24051.45,24054.65,23986.1,23991.65,40.343198002210464,38.27486810188279,66.57296176139917,35.742731353080345
2025-04-29 09:15:00,2025-04-29 09:30:00,cross_down,7,7 (+34 to +46 pts),40.550390625001455,-113.19960937499854,-100.5,1,24370.69921875,24457.650390625,24364.349609375,24417.1,24418.25,24452.9,24303.900390625,24316.6,60.51729760831867,59.577915234487094,66.24417352579772,31.096006659148554
2025-05-02 09:30:00,2025-05-02 11:00:00,cross_down,8,8 (+47 to +65 pts),59.300390625001455,-125.14999999999782,-106.94999999999709,6,24487.1,24551.25,24485.35,24529.85,24431.7,24445.3,24404.7,24422.9,56.148630230627774,52.86893659936499,66.4469339991488,20.458234974070834
2025-05-05 09:30:00,2025-05-05 12:15:00,cross_down,9,9 (+65 to +101 pts),77.25039062499854,-46.05000000000291,8.19999999999709,11,24442.25,24452.45,24403.1,24449.15,24448.7,24457.5,24430.0,24457.35,53.60077491430124,51.22062243158625,66.54336124810811,20.591533003808927
2025-05-05 12:45:00,2025-05-05 13:00:00,cross_down,1,1 (+0 to +6 pts),2.7000000000007276,-32.599999999998545,-23.25,1,24455.65,24475.95,24441.7,24474.3,24475.15,24477.0,24443.35,24451.05,55.53597593486488,55.427484398943356,66.54336124810811,19.284012996090325
2025-05-05 13:45:00,2025-05-05 14:15:00,cross_down,3,3 (+10 to +14 pts),10.30000000000291,-27.599999999998545,-18.25,2,24473.85,24492.9,24469.5,24482.6,24473.9,24476.0,24455.0,24464.35,56.038980236745445,55.77328058653147,66.54336124810811,18.95810092042006
2025-05-07 09:30:00,2025-05-07 10:00:00,cross_down,8,8 (+47 to +65 pts),46.749609375001455,-112.54999999999927,-98.75,2,24428.5,24449.599609375,24391.3,24402.85,24358.65,24369.15,24290.3,24304.1,47.38168497289671,45.97464461460004,66.60718554031305,33.9377159009346
2025-05-07 10:15:00,2025-05-07 15:15:00,session_end_forced,9,9 (+65 to +101 pts),101.15000000000146,-44.25,80.04999999999927,20,24303.5,24359.65,24285.0,24329.25,24406.8,24425.05,24403.8,24409.3,43.01293893450348,42.793114180655046,66.60718554031305,47.9362614059075
2025-05-09 11:15:00,2025-05-09 15:15:00,session_end_forced,6,6 (+25 to +34 pts),27.399999999997817,-132.95000000000073,-55.25,16,24012.3,24094.0,23999.45,24093.9,23999.3,24046.9,23997.35,24038.65,28.455607961335346,26.662329791049594,63.54594188320064,71.99468797689893
2025-05-14 10:00:00,2025-05-14 10:45:00,cross_down,2,2 (+6 to +10 pts),9.400781249998545,-74.70000000000073,-73.55000000000291,3,24727.2,24758.55078125,24718.75,24758.15,24734.0,24740.1,24683.45,24684.6,55.15089716298888,55.012770066055445,62.049800198753815,36.11179259118224
2025-05-15 10:45:00,2025-05-15 11:45:00,cross_down,3,3 (+10 to +14 pts),9.850000000002183,-179.70000000000073,-151.39999999999782,4,24745.35,24790.15,24693.95,24780.3,24636.15,24659.95,24614.05,24628.9,52.445098669730235,50.755791620655245,62.020823374057144,34.487196403560034
2025-05-15 12:00:00,2025-05-15 12:15:00,cross_down,9,9 (+65 to +101 pts),79.0,-44.599999999998545,-25.5,1,24629.4,24707.9,24616.45,24661.05,24662.05,24740.05,24629.9,24635.55,50.760516562879424,50.14697025854076,62.020823374057144,23.80011104164482
2025-05-15 12:45:00,2025-05-15 15:15:00,session_end_forced,10,10 (+102 to +432 pts),432.2999999999993,-47.79999999999927,351.34999999999854,10,24643.3,24692.2,24636.15,24683.95,25055.2,25063.45,25035.3,25035.3,51.90208341013113,50.74297421152475,62.020823374057144,26.576554529410487
2025-05-21 09:30:00,2025-05-21 15:15:00,session_end_forced,10,10 (+102 to +432 pts),149.54921874999854,-111.30039062500146,4.299999999999272,23,24738.2,24817.05078125,24722.5,24796.65,24809.25,24819.95,24794.85,24800.95,31.171880324292616,30.845137184828435,62.507743660580374,47.53648073798319
2025-05-22 14:15:00,2025-05-22 15:15:00,session_end_forced,10,10 (+102 to +432 pts),154.8000000000029,-29.949609374998545,144.65000000000146,4,24529.3,24530.25,24474.75,24492.35,24606.35,24647.15,24597.5,24637.0,30.98105657126556,30.63741256801032,61.58560243789771,61.812592451971554
2025-05-26 09:15:00,2025-05-26 11:15:00,cross_down,7,7 (+34 to +46 pts),38.69921875,-140.0,-66.0,8,24919.349609375,25049.5,24900.5,25040.5,24972.75,25024.4,24961.65,24974.5,60.85543040904446,57.35882965967357,59.26001324721268,25.74904192926267
2025-05-28 12:15:00,2025-05-28 15:15:00,session_end_forced,8,8 (+47 to +65 pts),50.599999999998545,-36.400000000001455,-19.299999999999272,12,24762.2,24780.05,24759.05,24776.45,24749.5,24757.45,24740.05,24757.15,44.737228005857425,44.2247341787796,59.128570717368774,16.014209694230612
2025-06-02 11:15:00,2025-06-02 15:15:00,session_end_forced,10,10 (+102 to +432 pts),123.50039062499854,-19.30000000000291,59.79999999999927,16,24623.25,24657.85,24611.6,24630.9,24724.0,24724.75,24666.6,24690.7,36.06629731105715,35.786933848027935,56.36714152615577,37.62512939383776
2025-06-06 10:45:00,2025-06-06 14:30:00,cross_down,9,9 (+65 to +101 pts),87.09999999999854,-33.0,46.04999999999927,15,24912.55,24947.85,24909.4,24942.4,25017.6,25018.25,24986.25,24988.45,62.619775318832325,58.505340731418116,51.726054651611875,31.072133408336853
2025-06-09 09:30:00,2025-06-09 11:30:00,cross_down,6,6 (+25 to +34 pts),34.29999999999927,-31.249609375001455,3.849999999998545,8,25093.9,25110.9,25077.150390625,25108.4,25109.3,25128.1,25107.4,25112.25,71.88925821284336,70.3190096447178,54.353560117900045,53.89740054394036
2025-06-11 11:45:00,2025-06-11 13:15:00,cross_down,3,3 (+10 to +14 pts),11.850390625000728,-39.14999999999782,-38.89999999999782,6,25187.55,25215.94921875,25184.55,25210.55,25207.95,25214.2,25171.4,25171.65,70.63550794380053,67.69400629880283,59.12227930784665,35.90567687669455
2025-06-13 11:30:00,2025-06-13 15:15:00,session_end_forced,9,9 (+65 to +101 pts),75.04960937500073,-28.399999999997817,56.25,15,24661.5,24693.75,24661.3,24679.3,24725.15,24744.95,24709.75,24735.55,26.086826021750127,25.44833479422806,58.59763766773762,62.702168641640384
2025-06-18 09:15:00,2025-06-18 11:00:00,cross_down,8,8 (+47 to +65 pts),50.35078124999927,-120.29960937500073,-59.25,7,24788.349609375,24900.30078125,24776.900390625,24897.2,24846.55,24847.7,24826.0,24837.95,49.225092948517535,47.727816720245556,54.048557511143365,27.564584317060124
2025-06-18 15:00:00,2025-06-18 15:15:00,session_end_forced,4,4 (+14 to +18 pts),16.600000000002183,-18.099999999998545,-14.299999999999272,1,24815.2,24829.65,24805.2,24813.05,24813.25,24823.3,24794.95,24798.75,45.08877154648248,43.16067884628402,54.048557511143365,31.716989930460066
2025-06-19 13:45:00,2025-06-19 15:15:00,cross_down,7,7 (+34 to +46 pts),38.54999999999927,-77.89960937499927,-66.59999999999854,6,24789.0,24811.65,24786.7,24811.3,24791.45,24805.15,24733.400390625,24744.7,44.18892663292561,44.00649383817182,52.599838759055466,21.716113152382967
2025-06-20 09:15:00,2025-06-20 14:45:00,cross_down,10,10 (+102 to +432 pts),248.14960937499927,-46.54960937500073,215.84999999999854,22,24787.650390625,24881.5,24783.650390625,24830.2,25045.3,25052.9,25031.75,25046.05,47.023605066818355,42.607092172370876,50.8552867082129,21.25366952647469
2025-06-20 15:00:00,2025-06-20 15:15:00,cross_down,5,5 (+18 to +25 pts),19.599218750001455,-76.75,-36.849999999998545,1,25046.5,25132.80078125,25039.85,25116.6,25116.05,25136.19921875,25072.8,25079.75,66.37128918986757,63.70409584351142,50.8552867082129,44.37107344358513
2025-06-23 13:30:00,2025-06-23 15:00:00,cross_down,7,7 (+34 to +46 pts),35.54999999999927,-48.95000000000073,-41.54999999999927,6,25028.9,25046.05078125,25018.2,25021.45,24987.8,24994.8,24976.85,24979.9,57.72599272383872,55.89487970700321,53.09546857197138,22.95967666391072
2025-06-24 09:15:00,2025-06-24 13:00:00,cross_down,10,10 (+102 to +432 pts),118.19921875,-81.0,-17.150000000001455,15,25179.900390625,25250.849609375,25150.0,25199.5,25245.8,25248.0,25182.35,25182.35,58.2825280626481,54.464553874901725,53.378689381139935,29.862357929118787
2025-06-25 10:30:00,2025-06-25 15:15:00,cross_down,9,9 (+65 to +101 pts),65.40078124999854,-21.100000000002183,34.94999999999709,19,25207.2,25217.400390625,25200.05,25201.4,25248.6,25249.65,25234.65,25236.35,56.78292742184816,56.635550762302984,54.64310697111519,34.03494269792487
2025-06-26 09:15:00,2025-06-26 10:45:00,cross_down,9,9 (+65 to +101 pts),89.20039062499927,-88.79960937500073,-30.299999999999272,6,25268.94921875,25351.849609375,25259.900390625,25348.7,25306.9,25345.35,25292.5,25318.4,63.8744859273244,62.211479241583525,56.96250188396646,19.31748286725013
2025-06-26 14:00:00,2025-06-26 15:15:00,session_end_forced,8,8 (+47 to +65 pts),49.35078124999927,-40.650000000001455,14.450000000000728,5,25500.7,25527.5,25475.3,25515.95,25541.05,25563.7,25528.6,25530.4,70.54482524603034,67.90886387337329,56.96250188396646,38.645395282547
2025-07-02 09:15:00,2025-07-02 09:45:00,cross_down,7,7 (+34 to +46 pts),39.199609374998545,-37.599218750001455,-34.80000000000291,2,25588.30078125,25608.099609375,25559.05078125,25568.9,25535.35,25559.15,25531.30078125,25534.1,54.845759269973534,53.11014770018133,65.45207699243676,15.908872904298692
2025-07-03 09:15:00,2025-07-03 14:15:00,cross_down,10,10 (+102 to +432 pts),152.04999999999927,-5.700000000000728,18.149999999997817,20,25505.099609375,25537.05078125,25429.75,25435.45,25491.75,25495.15,25453.55,25453.6,40.31224301012012,40.12866757442775,64.73858075688786,36.65704240205829
2025-07-04 13:30:00,2025-07-04 15:15:00,session_end_forced,9,9 (+65 to +101 pts),97.54999999999927,-10.100000000002183,95.09999999999854,7,25363.6,25381.1,25362.6,25372.7,25462.5,25470.25,25449.3,25467.8,37.90914465187929,37.355289734689556,63.51618265175633,29.440970005769483
2025-07-08 12:15:00,2025-07-08 14:30:00,cross_down,4,4 (+14 to +18 pts),14.099999999998545,-24.55000000000291,-13.25,9,25450.0,25470.55,25449.4,25466.15,25457.65,25466.15,25447.45,25452.9,51.49571729166684,50.34022828645326,62.86919748692169,21.52277302910816
2025-07-08 14:45:00,2025-07-08 15:15:00,session_end_forced,9,9 (+65 to +101 pts),65.75078125000073,-31.549999999999272,40.79999999999927,2,25455.0,25486.25,25450.75,25482.3,25536.2,25548.05078125,25517.3,25523.1,54.97533720437877,52.74974771617772,62.86919748692169,24.173516654197964
2025-07-09 09:45:00,2025-07-09 11:45:00,cross_down,6,6 (+25 to +34 pts),31.299999999999272,-39.75,2.1999999999970896,8,25482.0,25519.15,25477.65,25517.4,25531.95,25534.1,25503.25,25519.6,59.60237518539067,58.922765215308395,63.31513969432477,21.718465474944054
2025-07-10 14:00:00,2025-07-10 15:15:00,session_end_forced,7,7 (+34 to +46 pts),37.099999999998545,-53.50078125000073,-45.79999999999927,5,25374.9,25431.05,25372.75,25393.95,25362.55,25374.7,25340.44921875,25348.15,39.07699762777652,36.64652603175719,62.50315623943203,29.979932124282932
2025-07-11 13:00:00,2025-07-11 15:15:00,session_end_forced,7,7 (+34 to +46 pts),35.849999999998545,-26.700000000000728,-15.150000000001455,9,25163.7,25167.75,25140.5,25155.7,25149.8,25153.6,25129.0,25140.55,22.480970918896524,21.45133196943055,59.81978893158066,62.472010646999465
2025-08-25 09:15:00,2025-08-25 15:15:00,session_end_forced,9,9 (+65 to +101 pts),74.25078125000073,-52.95039062499927,31.25,24,24949.15,24961.349609375,24915.0,24947.3,24954.75,24984.5,24952.9,24978.55,35.17233717814851,33.86686507663347,54.96294938585703,38.22406991433714
2025-08-26 13:15:00,2025-08-26 15:00:00,cross_down,4,4 (+14 to +18 pts),17.100000000002183,-118.00039062499854,-112.59999999999854,7,24804.7,24824.7,24790.85,24807.6,24758.45,24760.55,24689.599609375,24695.0,38.884586581723816,35.56731393208965,55.62670141374932,30.368251353166865
2025-08-28 10:15:00,2025-08-28 15:15:00,session_end_forced,9,9 (+65 to +101 pts),86.70000000000073,-109.60039062500073,-58.10000000000218,20,24575.9,24592.65,24554.8,24591.2,24501.5,24545.6,24488.75,24533.1,27.356609753955883,25.548543583271453,53.06434907390196,57.367021313865436
2025-09-10 09:15:00,2025-09-10 11:15:00,cross_down,7,7 (+34 to +46 pts),45.049218749998545,-32.550390625001455,-1.1500000000014552,8,24991.0,24992.80078125,24958.099609375,24990.65,25012.85,25014.35,24967.95,24989.5,65.38916407396275,64.15088400172668,51.96916036674543,20.137370197550993
2025-09-12 10:00:00,2025-09-12 10:15:00,cross_down,1,1 (+0 to +6 pts),4.450000000000728,-20.650000000001455,-3.4500000000007276,1,25055.35,25077.6,25054.05,25074.7,25074.85,25079.15,25064.2,25071.25,69.26191811301682,69.00740159026704,57.37958798430543,35.13472835893788
2025-09-12 10:30:00,2025-09-12 12:15:00,cross_down,8,8 (+47 to +65 pts),50.94921875,-17.549999999999272,33.150000000001455,7,25071.25,25088.9,25070.95,25088.5,25120.6,25125.3,25116.85,25121.65,72.4387934209455,71.54018356633023,57.37958798430543,43.516929104874016
2025-09-16 10:00:00,2025-09-16 13:15:00,cross_down,7,7 (+34 to +46 pts),37.95000000000073,-17.25,14.5,13,25156.8,25181.849609375,25156.8,25165.05,25187.2,25188.6,25167.25,25179.55,61.076166939292555,58.988903176116985,61.851502416942395,31.797145109489538
2025-09-17 09:30:00,2025-09-17 10:30:00,cross_down,2,2 (+6 to +10 pts),9.000390624998545,-34.35000000000218,-20.900000000001455,4,25302.6,25342.150390625,25298.8,25333.15,25320.5,25330.35,25310.4,25312.25,79.14027326983151,76.119791198687,64.74064653298186,45.04474927069231
2025-09-23 12:15:00,2025-09-23 15:15:00,session_end_forced,10,10 (+102 to +432 pts),106.30039062500146,-23.69999999999709,29.30000000000291,12,25142.6,25158.65,25131.9,25155.6,25174.5,25185.5,25161.6,25184.9,33.77270437867665,31.16624106812808,68.0900989242982,38.232896132532964
2025-09-24 11:45:00,2025-09-24 15:15:00,session_end_forced,8,8 (+47 to +65 pts),64.54999999999927,-37.95000000000073,-16.599999999998545,14,25068.1,25082.1,25067.0,25077.5,25059.15,25067.25,25052.0,25060.9,34.497338545600606,34.4470428706524,65.67014406472582,37.85444842581844
2025-09-25 11:15:00,2025-09-25 11:30:00,cross_down,3,3 (+10 to +14 pts),13.650000000001455,-46.150390625,-41.5,1,25027.1,25044.9,25015.65,25031.25,25032.65,25032.7,24985.099609375,24989.75,33.99821238927012,33.68838069105762,61.652566490433344,55.783563744148694
2025-09-25 13:00:00,2025-09-25 15:00:00,cross_down,5,5 (+18 to +25 pts),20.700000000000728,-111.39921875000073,-106.40000000000146,8,24983.75,25010.4,24978.05,24989.7,24924.3,24927.7,24878.30078125,24883.3,32.03559022734229,31.65559624326372,61.652566490433344,49.69456004286676
2025-09-26 10:15:00,2025-09-26 15:15:00,session_end_forced,3,3 (+10 to +14 pts),13.299999999999272,-165.50078125000073,-121.85000000000218,20,24780.25,24808.25,24771.05,24794.95,24644.6,24674.55,24643.6,24673.1,24.67295555238993,23.632057463593604,56.46657197096374,56.53385796480836
2025-10-09 10:45:00,2025-10-09 15:15:00,session_end_forced,9,9 (+65 to +101 pts),96.70000000000073,-25.599999999998545,67.75,18,25100.35,25106.95,25076.95,25102.55,25177.45,25194.45,25160.9,25170.3,51.104864437187345,49.805865251622905,50.90196252321419,19.97050878740639
2025-10-13 14:45:00,2025-10-13 15:15:00,session_end_forced,2,2 (+6 to +10 pts),7.349999999998545,-33.95000000000073,-12.049999999999272,2,25245.95,25256.55,25232.25,25249.2,25221.1,25246.25,25220.15,25237.15,55.51260856792373,53.294208082519766,56.28391739312955,34.05899302940295
2025-10-14 14:15:00,2025-10-14 15:15:00,session_end_forced,8,8 (+47 to +65 pts),52.150000000001455,-46.099999999998545,-21.950000000000728,4,25123.0,25155.45,25099.2,25145.3,25145.25,25161.4,25112.7,25123.35,43.09618611179216,39.77312890302972,57.81346418072951,30.081017722366383
2025-10-16 09:30:00,2025-10-16 15:15:00,cross_down,10,10 (+102 to +432 pts),194.00039062499854,-19.400000000001455,134.89999999999782,23,25424.75,25440.94921875,25412.0,25431.4,25567.8,25582.9,25565.9,25566.3,67.98321263145381,65.10413894990623,58.68642003495006,38.961244928407744
2025-10-27 09:15:00,2025-10-27 14:00:00,cross_down,10,10 (+102 to +432 pts),116.89921875000073,-62.04999999999927,49.45000000000073,19,25843.19921875,25891.5,25827.0,25889.05,25954.3,25964.1,25936.1,25938.5,47.582923045155006,44.34664013126311,72.32128600662563,34.845045773334
2025-10-28 09:30:00,2025-10-28 10:00:00,cross_down,5,5 (+18 to +25 pts),22.19921875,-132.95000000000073,-114.25,2,25987.45,26041.69921875,25978.1,26019.5,25969.5,25970.05,25886.55,25905.25,60.87206164466423,57.658206994096275,73.49033470554612,19.14973947873936
2025-10-28 13:15:00,2025-10-28 13:30:00,cross_down,3,3 (+10 to +14 pts),12.950000000000728,-63.45000000000073,-63.45000000000073,1,25926.05,25956.0,25902.25,25943.05,25940.0,25953.85,25879.6,25879.6,50.6675112691086,50.169248701032046,73.49033470554612,26.008922575540623
2025-10-29 09:15:00,2025-10-29 14:15:00,cross_down,9,9 (+65 to +101 pts),87.84999999999854,-49.69921875,49.849999999998545,20,25982.0,26022.849609375,25966.0,26010.0,26053.15,26082.4,26047.3,26059.85,55.1131259527226,52.286657155976435,74.21344657727585,29.862900633214977
2025-10-31 09:15:00,2025-10-31 10:30:00,cross_down,7,7 (+34 to +46 pts),38.849999999998545,-126.30000000000291,-96.15000000000146,5,25863.8,25927.8,25822.1,25914.9,25836.6,25837.05,25788.6,25818.75,42.19129233304338,41.94293923195032,72.81693461173955,38.59179876551602
2025-10-31 13:00:00,2025-10-31 13:30:00,cross_down,4,4 (+14 to +18 pts),15.75,-41.95000000000073,-35.30000000000291,2,25793.4,25816.4,25790.25,25800.65,25776.6,25784.2,25758.7,25765.35,35.64074128778551,35.10275444332254,72.81693461173955,44.36698721059589
2025-10-31 14:00:00,2025-10-31 15:00:00,cross_down,3,3 (+10 to +14 pts),12.69999999999709,-64.65000000000146,-61.650000000001455,4,25774.05,25790.1,25763.65,25777.4,25750.45,25751.55,25712.75,25715.75,34.50032049375168,33.95430520356507,72.81693461173955,43.259295333979296
2025-11-03 09:30:00,2025-11-03 15:15:00,session_end_forced,9,9 (+65 to +101 pts),79.84999999999854,-77.75,51.04999999999927,23,25677.7,25739.25,25645.5,25723.25,25765.6,25785.9,25761.75,25774.3,31.032670683450398,29.033749160455134,68.35346418239706,57.86056136506306
2025-11-04 10:45:00,2025-11-04 11:00:00,cross_down,3,3 (+10 to +14 pts),9.899999999997817,-33.650000000001455,-25.950000000000728,1,25693.1,25711.75,25688.1,25710.65,25710.55,25720.55,25677.0,25684.7,38.457110841344075,38.192548002710694,65.39660899330106,34.40965403070577
2025-11-04 12:30:00,2025-11-04 13:00:00,cross_down,2,2 (+6 to +10 pts),7.450000000000728,-25.349999999998545,-19.0,2,25671.25,25680.1,25664.25,25679.35,25670.8,25684.7,25654.0,25660.35,35.53923655110967,35.512454084175175,65.39660899330106,44.76035474679135
2025-11-04 13:15:00,2025-11-04 14:30:00,cross_down,3,3 (+10 to +14 pts),11.5,-78.89999999999782,-61.64999999999782,5,25658.75,25671.55,25646.0,25671.55,25614.7,25634.65,25608.4,25609.9,36.42343381147005,33.89180149097882,65.39660899330106,40.92150091014221
2025-11-06 09:15:00,2025-11-06 15:15:00,session_end_forced,8,8 (+47 to +65 pts),52.55000000000291,-135.04999999999927,-106.64999999999782,24,25593.35,25679.15,25587.2,25626.6,25500.35,25521.45,25498.7,25519.95,28.415679953755497,27.06777778577181,60.63269481209487,41.966068049329664
2025-11-07 10:15:00,2025-11-07 15:15:00,session_end_forced,10,10 (+102 to +432 pts),194.40000000000146,-18.649999999997817,153.95000000000073,20,25343.95,25357.25,25338.2,25356.85,25486.6,25516.1,25485.75,25510.8,25.584534677565816,24.586134156111253,56.1940732595659,44.26358032606451
2025-11-11 12:30:00,2025-11-11 15:15:00,session_end_forced,10,10 (+102 to +432 pts),142.89999999999782,-14.05000000000291,132.64999999999782,11,25574.3,25590.55,25563.15,25572.9,25695.3,25715.8,25686.95,25705.55,50.299627642308934,47.48057590755643,50.99689129765854,25.76367532064654
2025-11-18 14:00:00,2025-11-18 14:15:00,cross_down,2,2 (+6 to +10 pts),8.450000000000728,-24.200000000000728,-22.200000000000728,1,25970.95,25997.15,25969.95,25988.7,25988.45,25994.95,25964.5,25966.5,57.90196890447969,56.723839834563634,61.111813171301705,19.7100962826067
2025-11-19 11:30:00,2025-11-19 15:15:00,session_end_forced,10,10 (+102 to +432 pts),105.75,-21.05000000000291,83.79999999999927,15,25948.75,25972.1,25947.85,25968.9,26059.25,26059.65,26041.15,26052.7,52.83093765375808,51.12918980521728,60.62585919510754,17.335688770982404
2025-11-25 11:45:00,2025-11-25 15:00:00,cross_down,7,7 (+34 to +46 pts),45.14999999999782,-118.65000000000146,-101.45000000000073,13,25952.0,25994.75,25950.65,25987.45,25899.3,25920.4,25868.8,25886.0,39.60245183206982,39.31697934358567,61.41325262502139,28.904759202915734
2025-11-26 09:15:00,2025-11-26 15:15:00,session_end_forced,10,10 (+102 to +432 pts),235.25,-136.95000000000073,222.79999999999927,24,25842.95,25983.9,25842.95,25979.9,26213.5,26213.5,26196.6,26202.7,40.02880983844879,37.996309433268706,58.44241203095009,28.546683340329803
2025-11-28 11:00:00,2025-11-28 11:15:00,cross_down,2,2 (+6 to +10 pts),6.75,-29.75,-23.099999999998545,1,26259.4,26268.9,26245.15,26266.5,26266.9,26273.25,26236.75,26243.4,60.15749130525043,60.098098012845476,60.89816880796574,15.639219466034755
2025-12-01 09:45:00,2025-12-01 10:45:00,cross_down,6,6 (+25 to +34 pts),33.35000000000218,-35.349999999998545,-25.349999999998545,4,26286.55,26297.65,26263.55,26264.3,26259.45,26259.65,26228.95,26238.95,55.77699184475814,54.23985111898199,61.54051527804249,36.12364143738507
2025-12-02 14:15:00,2025-12-02 14:30:00,cross_down,1,1 (+0 to +6 pts),5.349999999998545,-40.5,-31.400000000001455,1,26045.6,26046.75,26031.3,26041.4,26041.55,26043.1,26000.9,26010.0,36.018243926648516,35.258819965814666,61.52565308169117,37.80687211560028
2025-12-03 11:30:00,2025-12-03 15:15:00,session_end_forced,9,9 (+65 to +101 pts),75.0,-24.899999999997817,54.54999999999927,15,25909.4,25945.15,25906.0,25930.55,25992.75,25995.05,25976.35,25985.1,30.833356255034403,29.23938629679832,59.50419324101135,50.95885169593876
2025-12-04 14:45:00,2025-12-04 15:15:00,session_end_forced,4,4 (+14 to +18 pts),15.799999999999272,-55.099999999998545,-26.150000000001455,2,26000.55,26046.1,25988.15,26043.25,26037.35,26040.9,26004.9,26017.1,49.078017643618765,45.38153705209373,56.85702822502246,20.356153734258644
2025-12-09 11:15:00,2025-12-09 15:15:00,session_end_forced,8,8 (+47 to +65 pts),60.20000000000073,-61.85000000000218,-21.700000000000728,16,25865.15,25872.1,25848.25,25863.45,25836.35,25847.7,25831.8,25841.75,38.737994589294196,35.95029418287242,53.71539703639101,36.536656657894255
2025-12-10 13:15:00,2025-12-10 14:30:00,cross_down,4,4 (+14 to +18 pts),13.900000000001455,-101.75,-85.25,5,25802.3,25839.1,25801.35,25836.3,25739.55,25788.7,25739.3,25751.05,41.386228608127205,38.407182520576875,50.64468695709381,27.24668631539302
2025-12-10 15:00:00,2025-12-10 15:15:00,session_end_forced,4,4 (+14 to +18 pts),16.80000000000291,-17.44999999999709,-17.44999999999709,1,25759.3,25776.9,25751.2,25760.1,25761.4,25767.4,25742.65,25742.65,36.621751654215714,36.601057183842066,50.64468695709381,26.080619608394294
2026-01-02 09:45:00,2026-01-02 14:15:00,cross_down,8,8 (+47 to +65 pts),60.45000000000073,-19.549999999999272,52.70000000000073,18,26248.35,26272.85,26243.65,26254.6,26302.6,26315.05,26301.75,26307.3,63.696557710261935,63.63530362958908,54.63460976684101,33.11373343637098
2026-01-06 15:00:00,2026-01-06 15:15:00,session_end_forced,3,3 (+10 to +14 pts),11.75,-10.900000000001455,-1.2999999999992724,1,26165.05,26187.7,26165.05,26175.95,26175.0,26186.5,26170.85,26174.65,41.16327058934483,39.39057155671013,58.759078132461006,32.24691768356453
2026-01-07 10:00:00,2026-01-07 15:15:00,session_end_forced,5,5 (+18 to +25 pts),19.900000000001455,-99.34999999999854,-24.349999999998545,21,26138.95,26168.2,26132.9,26167.25,26153.4,26153.6,26133.75,26142.9,42.40873566219305,39.62963260924962,58.05660790030881,30.97005520155478
2026-01-08 14:00:00,2026-01-08 15:15:00,session_end_forced,5,5 (+18 to +25 pts),19.25,-68.5,-58.04999999999927,5,25929.0,25942.2,25915.4,25926.95,25878.05,25882.15,25858.45,25868.9,27.7464636534593,26.21074753173378,56.93067852624644,61.446479589674475
2026-02-10 09:30:00,2026-02-10 13:15:00,cross_down,7,7 (+34 to +46 pts),40.04999999999927,-39.75,-11.30000000000291,15,25918.2,25953.2,25909.65,25949.4,25978.0,25982.25,25927.45,25938.1,69.45383572202448,66.9350994634759,52.321302379132604,42.53461460869225
2026-02-13 12:15:00,2026-02-13 15:15:00,session_end_forced,5,5 (+18 to +25 pts),20.75,-141.0,-124.75,12,25573.5,25604.25,25557.7,25585.3,25475.55,25489.8,25444.3,25460.55,28.89512712152265,25.58130736925932,57.185020484534334,43.07125983141389
2026-02-18 12:45:00,2026-02-18 15:15:00,session_end_forced,9,9 (+65 to +101 pts),96.20000000000073,-36.099999999998545,73.85000000000218,10,25725.1,25733.9,25711.9,25731.85,25820.05,25827.45,25805.05,25805.7,56.9026585634584,55.478308004130035,53.010348466980126,23.626783460073547
2026-02-20 10:15:00,2026-02-20 15:15:00,session_end_forced,10,10 (+102 to +432 pts),112.75,-70.89999999999782,15.100000000002183,20,25479.9,25572.65,25479.9,25550.8,25570.85,25577.45,25538.9,25565.9,36.8738999160511,35.204323751980006,50.79724595517112,37.65849401624348
2026-04-13 13:45:00,2026-04-13 15:15:00,session_end_forced,3,3 (+10 to +14 pts),13.700000000000728,-79.04999999999927,-74.79999999999927,6,23835.85,23907.4,23831.9,23893.7,23843.65,23847.0,23814.65,23818.9,56.39365521283313,53.58783706399166,51.587235025275454,18.025769034834035
2026-04-17 11:30:00,2026-04-17 11:45:00,cross_down,6,6 (+25 to +34 pts),28.19999999999709,-25.25,-23.450000000000728,1,24275.8,24302.6,24273.5,24294.9,24295.6,24323.1,24269.65,24271.45,60.57976209749534,60.464581752627254,56.9583722694094,18.16228708154525
2026-04-17 14:00:00,2026-04-17 15:15:00,session_end_forced,8,8 (+47 to +65 pts),65.05000000000291,-6.0,60.05000000000291,5,24303.65,24317.75,24300.85,24306.85,24353.65,24371.9,24348.1,24366.9,62.67868901929642,62.29328476493991,56.9583722694094,15.159018930710264
2026-04-23 13:15:00,2026-04-23 15:15:00,session_end_forced,2,2 (+6 to +10 pts),9.649999999997817,-121.65000000000146,-115.40000000000146,8,24217.25,24281.1,24208.2,24271.45,24160.75,24175.1,24149.8,24156.05,41.16441781801219,34.48267804338274,62.050452479690236,42.00634176177767
2026-04-24 10:15:00,2026-04-24 10:30:00,cross_down,7,7 (+34 to +46 pts),34.54999999999927,-25.450000000000728,-24.049999999999272,1,23992.25,23992.25,23937.25,23957.7,23956.2,23971.2,23932.25,23933.65,26.436413919053727,25.44055097378483,60.46626865688236,41.64259364509976
2026-04-24 11:15:00,2026-04-24 15:15:00,session_end_forced,4,4 (+14 to +18 pts),18.0,-117.64999999999782,-27.349999999998545,16,23915.1,23942.75,23903.25,23931.3,23895.25,23924.2,23894.5,23903.95,23.564600485291585,22.233240533340478,60.46626865688236,52.04588729072499
2026-04-29 09:15:00,2026-04-29 14:00:00,cross_down,10,10 (+102 to +432 pts),223.15000000000146,-51.599999999998545,103.04999999999927,19,24096.9,24123.55,24059.95,24111.55,24256.2,24259.85,24197.45,24214.6,46.769249248198086,43.34573470102967,55.36891794845175,40.494319338577064
2026-04-30 13:00:00,2026-04-30 15:15:00,session_end_forced,10,10 (+102 to +432 pts),137.29999999999927,-42.10000000000218,93.54999999999927,9,23935.75,23956.3,23908.05,23950.15,23992.1,24051.8,23984.65,24043.7,44.29399062970537,42.54639661310611,55.26570916295909,37.804199478276836
2026-05-05 13:00:00,2026-05-05 15:15:00,session_end_forced,3,3 (+10 to +14 pts),12.900000000001455,-70.95000000000073,-16.649999999997817,9,24012.6,24080.75,24010.65,24068.8,24044.0,24059.7,24037.05,24052.15,47.96572560113488,44.259604702579324,54.0921214617226,39.95938883693632
2026-05-06 14:00:00,2026-05-06 15:15:00,session_end_forced,10,10 (+102 to +432 pts),223.15000000000146,-36.94999999999709,205.95000000000073,5,24106.8,24133.35,24096.4,24133.35,24321.75,24346.6,24317.05,24339.3,54.17363784154721,50.48368513045201,53.32972053486717,21.640720857535584
2026-05-11 12:15:00,2026-05-11 15:15:00,session_end_forced,9,9 (+65 to +101 pts),68.40000000000146,-129.95000000000073,-108.70000000000073,12,23935.2,23945.05,23926.65,23929.05,23806.2,23820.35,23799.1,23820.35,36.59474723358279,34.91433209448072,55.300504227902806,37.99609255287052
2026-05-12 13:15:00,2026-05-12 13:30:00,cross_down,6,6 (+25 to +34 pts),33.0,-34.5,-24.25,1,23538.05,23564.05,23524.25,23531.05,23532.45,23550.2,23496.55,23506.8,19.286961210912416,19.21495572020848,51.92366297688761,70.23078158506428
2026-05-12 14:30:00,2026-05-12 14:45:00,cross_down,3,3 (+10 to +14 pts),11.0,-50.099999999998545,-42.349999999998545,1,23469.35,23472.25,23434.45,23463.6,23464.9,23474.6,23413.5,23421.25,17.419650087762815,17.29195994548183,51.92366297688761,68.83572716503083
2026-06-24 10:00:00,2026-06-24 15:15:00,session_end_forced,10,10 (+102 to +432 pts),172.20000000000073,-76.09999999999854,95.30000000000291,21,23841.75,23919.2,23841.75,23917.85,24006.0,24031.45,24003.6,24013.15,36.87955080948812,33.06268063428338,58.91453172939154,46.44198754845724
2026-06-30 11:00:00,2026-06-30 15:15:00,session_end_forced,8,8 (+47 to +65 pts),60.5,-108.84999999999854,-20.299999999999272,17,23879.0,23944.95,23872.6,23938.05,23864.15,23922.1,23864.15,23917.75,38.710564195765485,38.5927018850155,58.330977611085466,26.48518688320718
2026-07-02 09:15:00,2026-07-02 11:15:00,cross_down,8,8 (+47 to +65 pts),47.79999999999927,-52.85000000000218,-24.350000000002183,8,24062.2,24127.6,24058.8,24111.65,24103.55,24106.05,24085.7,24087.3,56.44698094088326,53.24536131837935,56.80441066865217,21.433280899338612
2026-07-02 13:00:00,2026-07-02 13:15:00,cross_down,3,3 (+10 to +14 pts),12.099999999998545,-27.5,-1.5,1,24119.45,24145.8,24115.75,24143.25,24142.8,24155.35,24137.75,24141.75,61.59080779506107,61.46942015882628,56.80441066865217,19.18941966938646
2026-07-02 14:45:00,2026-07-02 15:15:00,cross_down,1,1 (+0 to +6 pts),5.0,-36.14999999999782,-22.349999999998545,2,24176.15,24194.55,24172.6,24189.55,24176.9,24179.5,24153.4,24167.2,68.16854105781951,65.62171088850512,56.80441066865217,31.113822807168987
2026-07-03 09:15:00,2026-07-03 12:15:00,cross_down,6,6 (+25 to +34 pts),30.400000000001455,-52.599999999998545,14.400000000001455,12,24375.65,24378.15,24295.15,24347.75,24369.65,24373.35,24352.95,24362.15,71.76691424428122,68.9378497287676,58.323698367914204,38.64959310031302
2026-07-06 12:00:00,2026-07-06 13:15:00,cross_down,3,3 (+10 to +14 pts),12.150000000001455,-23.150000000001455,-0.4000000000014552,5,24424.75,24443.75,24420.1,24443.25,24449.25,24451.15,24434.95,24442.85,72.94792256067214,71.69300212285901,60.34224274867416,53.21833268055536
2026-07-09 09:30:00,2026-07-09 15:15:00,session_end_forced,9,9 (+65 to +101 pts),87.5,-121.5,-65.29999999999927,23,24022.65,24061.75,24004.2,24047.2,23940.3,23983.4,23938.75,23981.9,29.870845555469266,28.785813433069162,59.38296035638384,50.81463877658208
2026-07-13 12:15:00,2026-07-13 15:15:00,session_end_forced,9,9 (+65 to +101 pts),78.04999999999927,-19.950000000000728,29.400000000001455,12,24181.7,24198.55,24168.9,24181.75,24204.8,24211.15,24191.9,24211.15,52.92236648032989,52.710806783181994,56.74329383890648,16.771661314188254
2026-07-15 09:15:00,2026-07-15 12:45:00,cross_down,5,5 (+18 to +25 pts),24.649999999997817,-185.15000000000146,-141.70000000000073,14,24085.85,24211.75,24069.05,24195.7,24160.15,24162.7,24010.55,24054.0,44.13696163673298,40.26513554414475,54.84701979004523,43.99386306512311
2026-07-16 09:30:00,2026-07-16 13:15:00,cross_down,7,7 (+34 to +46 pts),45.650000000001455,-43.79999999999927,-35.04999999999927,15,24129.25,24141.7,24097.05,24140.85,24120.95,24122.2,24102.7,24105.8,48.659575527455935,45.88982093162024,53.78995327014073,34.27674506065596
2026-07-17 09:15:00,2026-07-17 13:45:00,cross_down,9,9 (+65 to +101 pts),87.5,-110.95000000000073,40.099999999998545,18,24127.6,24211.7,24099.05,24210.0,24253.95,24255.25,24213.45,24250.1,49.21790085530834,46.50359114686487,53.05779231754003,27.676080981988996
2026-07-17 14:00:00,2026-07-17 14:15:00,cross_down,9,9 (+65 to +101 pts),85.70000000000073,-39.79999999999927,7.05000000000291,1,24247.45,24284.45,24241.8,24281.6,24280.55,24367.3,24280.55,24288.65,61.51352276189356,61.288001872622566,53.05779231754003,32.00033296526398
2026-07-17 14:30:00,2026-07-17 15:15:00,session_end_forced,7,7 (+34 to +46 pts),35.0,-30.80000000000291,29.049999999999272,3,24287.4,24321.05,24286.85,24317.65,24328.9,24352.65,24320.3,24346.7,65.27167017131981,63.5142322938764,53.05779231754003,34.83139556369053
2026-07-21 09:15:00,2026-07-21 09:30:00,cross_down,4,4 (+14 to +18 pts),14.450000000000728,-44.150000000001455,-10.799999999999272,1,24216.05,24262.2,24203.6,24247.75,24248.6,24255.8,24217.35,24236.95,55.42781132249726,55.01140036300415,55.404896291063395,15.726209314703986
2026-07-21 14:45:00,2026-07-21 15:15:00,session_end_forced,4,4 (+14 to +18 pts),14.850000000002183,-17.5,10.700000000000728,2,24173.4,24192.75,24164.85,24182.35,24183.4,24196.15,24182.1,24193.05,44.85067054089668,44.05703676769449,55.404896291063395,25.628219149167062
2026-07-22 12:45:00,2026-07-22 15:15:00,session_end_forced,5,5 (+18 to +25 pts),21.200000000000728,-39.0,-12.549999999999272,10,23985.1,24017.05,23978.0,24003.6,24021.6,24024.8,23990.8,23991.05,33.380973717576715,33.07422511474518,54.99406040027096,41.283964113409326
2026-07-31 13:00:00,2026-07-31 13:30:00,cross_down,4,4 (+14 to +18 pts),14.600000000002183,-23.349999999998545,-19.599999999998545,2,24412.95,24427.85,24407.55,24414.8,24417.9,24419.8,24391.45,24395.2,78.02127759777662,77.56919358427885,52.19273318345583,43.285935900004745
2026-08-03 11:00:00,2026-08-03 12:45:00,cross_down,5,5 (+18 to +25 pts),20.049999999999272,-19.299999999999272,-4.799999999999272,7,24586.9,24602.55,24584.9,24589.45,24594.65,24602.15,24570.15,24584.65,78.19830349938832,77.13494661578447,54.899201921189594,56.07531098199697
2026-08-05 09:45:00,2026-08-05 11:45:00,cross_down,9,9 (+65 to +101 pts),68.34999999999854,-32.75,-24.200000000000728,8,24629.85,24631.7,24581.55,24594.25,24595.75,24595.75,24561.5,24570.05,57.95415035227042,56.05818976837541,61.08525695969644,43.88772657159634
2026-08-06 09:15:00,2026-08-06 12:45:00,cross_down,7,7 (+34 to +46 pts),41.79999999999927,-31.099999999998545,-6.200000000000728,14,24641.0,24648.2,24604.15,24635.25,24646.2,24648.45,24622.05,24629.05,56.671430495798035,54.86038356182607,62.31567436567767,30.801690441925622
2026-08-10 10:15:00,2026-08-10 14:30:00,cross_down,5,5 (+18 to +25 pts),24.100000000002183,-49.20000000000073,-22.299999999999272,17,24545.9,24595.4,24545.6,24594.8,24586.75,24591.0,24565.55,24572.5,49.133996717819684,44.760968092423525,63.11405485651787,23.778204511247033
2026-08-11 14:00:00,2026-08-11 15:15:00,session_end_forced,4,4 (+14 to +18 pts),13.900000000001455,-27.5,9.150000000001455,5,24451.0,24466.15,24441.1,24462.55,24450.25,24471.7,24450.25,24471.7,39.159776133384156,37.221311788678776,63.0583520278681,39.3404102595783
2026-08-12 13:30:00,2026-08-12 15:15:00,session_end_forced,10,10 (+102 to +432 pts),146.25,-14.299999999999272,146.25,7,24294.3,24301.45,24285.55,24289.7,24361.7,24435.95,24361.7,24435.95,27.310958336099002,26.566163638193448,61.12652682927984,47.77293375196553
2026-08-14 12:00:00,2026-08-14 15:15:00,session_end_forced,8,8 (+47 to +65 pts),63.75,-22.200000000000728,24.549999999999272,13,24328.2,24345.55,24319.25,24341.45,24354.85,24366.0,24354.85,24366.0,45.91639197835948,44.23089220460047,56.793090387751164,20.02393487329103
2026-08-17 12:30:00,2026-08-17 15:15:00,session_end_forced,8,8 (+47 to +65 pts),56.89999999999782,-17.100000000002183,-15.549999999999272,11,24288.6,24306.75,24286.1,24303.2,24339.8,24339.8,24287.65,24287.65,42.889245016096226,41.35199796684647,54.532106906074844,36.05154370152575
2026-08-18 14:15:00,2026-08-18 15:15:00,session_end_forced,6,6 (+25 to +34 pts),31.650000000001455,-44.19999999999709,-44.19999999999709,4,24196.95,24203.5,24181.75,24199.1,24166.35,24166.35,24154.9,24154.9,36.758971345736185,36.434772604533066,51.51552753201719,47.517205257550074
