timestamp,close,fast_rsi,mid_rsi,slow_rsi,fast_adx,mfe,mae,final_ret,window_bars
2017-04-28 13:45:00,9312.6,47.678093861724825,47.29178617013696,54.2284972619262,40.593927359651154,0.0,-0.001385220024482936,-0.000955694435495924,6.0
2017-05-02 12:45:00,9308.9,46.74678058085318,46.73757264013664,56.129524482145136,27.301986413436435,0.001133324023246729,-0.001235376897377738,0.0009507030905908653,10.0
2017-05-03 14:00:00,9319.3,51.45067970375274,50.91173445504464,58.04440993674335,17.454834640150082,0.0,-0.0016578498385070306,-0.0016578498385070306,5.0
2017-05-04 09:15:00,9349.05,51.01173442110181,49.201617749082516,58.72385104530346,25.311734494460698,0.00014974783534160707,-0.00209112155780522,-0.0005722506564836971,16.0
2017-05-04 13:30:00,9346.8,56.96716937699513,55.77698745916378,58.72385104530346,17.91914751271874,0.0017225146574229022,0.0,0.0011287285488081888,7.0
2017-05-08 09:15:00,9305.9,43.05550974440988,39.91647374360322,58.83615985137619,35.69796043778523,0.0033527117205214285,0.0,0.000521174738606689,24.0
2017-05-09 12:45:00,9327.7,53.092855909624646,51.3427294729833,58.34596190984799,14.517456596663393,0.0007504529519601899,-0.0011095982932556314,-0.0011095982932556314,10.0
2017-05-10 09:15:00,9356.85,52.10468439341608,51.23713522624214,58.19364793249222,27.658455442552267,0.0034894221880226173,0.0,0.0023565623046217787,18.0
2017-05-10 14:00:00,9391.55,64.63226743981377,64.41208592407949,58.19364793249222,24.12053821805368,0.00031411215401089265,0.0,0.00031411215401089265,1.0
2017-05-10 14:30:00,9393.45,66.59200131994444,66.36533387365986,58.19364793249222,25.842958059361077,0.0017458974072359634,-3.193714769345046e-05,0.0017458974072359634,3.0
2017-05-15 09:15:00,9433.2,54.153841479362306,51.146740947732496,63.97131888593739,25.836579320280478,0.0013993130644955887,-0.0004823389729891048,0.001351609210024085,24.0
2017-05-16 09:15:00,9482.0,67.02438743458298,65.77776803068325,65.97222872341672,32.680683900996826,0.0017190466146381755,-0.0016135836321450325,0.0017190466146381755,18.0
2017-05-16 14:00:00,9511.9,76.33929351088241,73.17458386267084,65.97222872341672,53.159536613676224,0.00015769720034897183,-0.00038372985418266836,-0.00019449321376385775,5.0
2017-05-19 09:30:00,9491.4,42.20200233462733,38.76859584157211,67.90641432532269,48.13776383514613,0.0010272457171756066,-0.009798343763828266,-0.007722780622458125,19.0
2017-05-19 14:30:00,9430.0,43.24114834443122,41.14411094879909,67.90641432532269,30.293337255674857,0.0005249204665960239,-0.0009756097560976729,0.0005249204665960239,3.0
2017-05-22 13:15:00,9442.65,47.23883021450921,47.14109241796505,65.77298063064187,26.159579459363812,0.0,-3.177074232330046e-05,-3.177074232330046e-05,1.0
2017-05-22 13:45:00,9454.8,48.81647031997619,47.14109241796505,65.77298063064187,24.0188140713469,0.0,-0.0019672547277571617,-0.0016393789397978198,6.0
2017-05-23 12:45:00,9403.0,41.45295010728849,38.51955367942901,64.26414224504589,33.38595289633406,0.002531107093480811,-0.0025045198340953867,-0.0025045198340953867,10.0
2017-05-25 09:15:00,9385.05,42.32983589762728,39.00810405884209,57.0673744916579,25.365032102681187,0.013937059472245883,0.0,0.012338772835520428,24.0
2017-06-02 09:15:00,9657.6,56.590801408743836,51.75426867085075,69.63212810208952,25.663343652443608,0.00020709078860181585,-0.0019673624917163623,-0.0016670808482439625,24.0
2017-06-05 11:30:00,9677.65,66.27232215492721,65.26031190921381,70.92292675236745,30.010620533755173,0.0006509844848698876,-0.0008163138778525258,-2.0666174122774272e-05,15.0
2017-06-07 09:30:00,9662.2,46.25370080897737,45.36924464486627,71.48461528144415,28.703727664999345,0.0014127217403903103,-0.0026701993334852236,0.00024321583076303277,22.0
2017-06-08 13:00:00,9663.75,52.07865761781022,50.338723999388655,71.22451343180424,14.094214034246814,0.0,-0.0010037511318070624,-0.0010037511318070624,1.0
2017-06-08 13:30:00,9662.15,52.52837900362479,51.43157985921149,71.22451343180424,15.464902921612424,0.0005019586737942117,-0.002049233348685231,-0.002049233348685231,7.0
2017-06-09 12:30:00,9635.9,42.63408289638069,40.07887416936723,69.82136630953923,18.839848738952828,0.003222324847705016,-0.000560404321339969,0.0032067580610009028,11.0
2017-06-14 12:30:00,9603.15,38.93440978093226,35.877046588227294,63.00356342205458,37.95386223309877,0.001598433847227243,0.0,0.0012600032281073759,11.0
2017-06-15 14:45:00,9576.45,36.76884912080399,35.73249261182274,61.17537257532903,44.53344830521095,0.0002714993551888867,-0.000245393647959391,-0.000245393647959391,2.0
2017-06-21 14:30:00,9634.25,49.763978737100864,47.50996894833987,57.62017893749527,44.70375162661716,0.00024911124373971916,-0.0005034123050574602,0.00024911124373971916,3.0
2017-06-23 13:45:00,9596.05,39.951216141332736,37.83807307418928,56.49849997847094,34.69136189070448,0.0,-0.0023759776157897816,-0.0021415061405473113,6.0
2017-06-27 11:15:00,9535.15,28.332751275046483,28.244362361903132,53.35909886400597,40.39408602088217,6.292507197058761e-05,-0.006413113584998631,-0.006413113584998631,11.0
2017-06-27 14:15:00,9486.6,24.586721462798266,23.50450620118713,53.35909886400597,54.91186421787319,0.003357367233782327,0.0,0.0023981194527016303,4.0
2017-07-06 09:45:00,9664.45,66.6373441124799,64.1371143079217,51.08700668244516,26.076127171028688,0.003249020896171073,-0.00016555520490046938,0.0005070128150075348,22.0
2017-07-07 14:15:00,9674.25,59.89552815567689,59.65404338337202,54.60421670238568,34.00636438393716,0.0,-0.00048582577460787313,-0.00048582577460787313,1.0
2017-07-07 14:45:00,9676.4,60.86076161284478,59.65404338337202,54.60421670238568,31.352698593272194,0.0,-0.0012659666818237714,-0.0012659666818237714,2.0
2017-07-10 09:15:00,9684.2,57.81945848917053,57.3257471808488,56.996374685679534,33.1920687325333,0.009845934615146268,0.0,0.008147291464447148,24.0
2017-07-11 12:45:00,9825.25,82.09018280890028,81.75519554845755,61.43004993217198,61.56762389197055,0.0001832014452558539,-0.004279789318337834,-0.0040456985827332925,10.0
2017-07-13 09:30:00,9868.05,70.53972045165881,67.83047628259187,68.90671183138758,33.12704171872213,0.002401690303555526,-0.00017734000131741645,0.0018494028708813115,23.0
2017-07-19 09:30:00,9863.3,43.884628530963596,40.255579676553666,74.66355905854326,42.68027249779058,0.003933774700151105,0.0,0.003933774700151105,23.0
2017-07-21 09:30:00,9904.65,51.15619814155436,49.38133422830087,71.86104702424103,27.014624207985353,0.0013882368382527321,-0.005229866779744796,5.048133957274992e-05,20.0
2017-07-21 14:45:00,9901.0,49.91475443113174,48.896714330316925,71.86104702424103,30.659881074625524,0.0016563983436015395,0.0,0.0013281486718512703,2.0
2017-07-26 10:30:00,9992.5,62.131362367038165,61.99557134441848,72.21776689195677,31.29903491319452,0.0001501125844383111,-0.0002351763822867614,-0.00020515386539898817,3.0
2017-07-26 11:30:00,9994.15,63.97116633023931,63.54959656156794,72.21776689195677,38.18400748860721,0.002726585052255537,0.0,0.0025564955498968978,15.0
2017-07-27 09:15:00,10076.8999,72.94050995030831,70.67285536234462,73.53275238386027,45.05453185797441,0.0036816977808820095,-0.005884736435657123,-0.00563664426199173,24.0
2017-07-28 14:45:00,9992.85,43.74519575468887,42.80635072579658,74.56242041966512,39.082378658162476,0.0022065676959026614,0.0,0.0009156546931055054,2.0
2017-08-03 12:45:00,10049.2999,41.50367662304892,40.94491080131522,74.70306974151,33.28485557318205,0.0,-0.004448061103241585,-0.004448061103241585,10.0
2017-08-04 09:30:00,10021.2999,35.00481343415292,33.4114894152185,70.67993099505645,44.808125966789135,0.004919531447212799,-0.002828964334257611,0.0048696377203520935,23.0
2017-08-09 10:15:00,9965.3,35.8625123463393,31.154304206942786,63.24203571121663,41.4492437395,0.0,-0.006612946925832586,-0.006612946925832586,20.0
2017-09-05 09:15:00,9929.95,49.48457184006609,48.8929378199461,51.76699362405547,30.639698046954607,0.0014400878151450414,-0.0018429095816193675,-0.00035750431774594915,17.0
2017-09-05 13:45:00,9934.35,52.33432466714121,50.77656657747202,51.76699362405547,22.26849023786724,0.0022497697383321302,0.0,0.0011676657254877654,6.0
2017-09-06 12:45:00,9918.65,48.13567576731408,47.981935695913045,52.776814926632355,22.1307726231074,0.0010938988672855032,-0.0006906181788852717,-0.0003175835421150852,10.0
2017-09-07 13:45:00,9941.3,52.2271987497534,50.86936255931032,52.708410949304266,19.080739100724273,0.00021123997867489308,-0.0017502741090199558,-0.0017502741090199558,6.0
2017-09-08 09:15:00,9956.8,54.48834808720213,51.56340584007621,52.87763593115871,17.624987189704104,0.0003314317853126969,-0.004328699983930484,-0.003279165997107425,24.0
2017-09-11 09:15:00,9985.25,51.71051612774334,50.6639504390745,53.01665632224301,30.54053370898196,0.0041110538043613865,-0.0013069277183845873,0.002088079917878849,24.0
2017-09-12 11:00:00,10058.2999,69.21403775737359,68.25551286905312,55.309572474309945,56.88434196031017,0.0020778958877534226,-0.00039768152071106844,0.0020778958877534226,14.0
2017-09-12 14:45:00,10087.1,77.25155579687421,75.13535435301318,55.309572474309945,55.79134279732028,0.0005650682554945163,0.0,4.956826045154905e-05,2.0
2017-09-15 13:15:00,10061.0,46.85968748837053,46.65134632343511,63.20961777465191,26.349725509685328,0.0,-0.0006758771493886595,-0.0006758771493886595,1.0
2017-09-15 13:45:00,10068.1,47.99299427507868,46.65134632343511,63.20961777465191,25.40946836168835,0.004221253265263458,0.0,0.0017580178981138062,6.0
2017-09-21 12:45:00,10100.7,38.853131924524426,37.80892015083841,69.70725271732695,37.034963351143105,0.0035244983020978893,-0.0006732305681784734,0.0023067708178641233,10.0
2017-09-22 13:15:00,10008.0,32.31482712789476,28.146674155391977,69.22645038219548,46.06886481993557,8.991806554758952e-05,-0.004531374900079932,-0.004531374900079932,8.0
2017-09-25 10:30:00,9885.3,20.814355560596155,17.44931006449466,62.34936801691484,69.65419840732962,0.0,-0.006302287234580595,-0.0010925313344055665,19.0
2017-10-11 09:45:00,10062.7999,66.50295678028299,65.98652511466028,51.486677584383884,30.90200646162065,7.951067376388288e-05,-0.009107793150095356,-0.009107793150095356,22.0
2017-10-12 11:00:00,10022.1,52.19114550289217,51.96122770992353,52.11976045998109,25.342897215354842,0.0012073317967291608,-0.0013470230789953686,0.00029933846199892145,11.0
2017-10-12 14:00:00,10045.0,56.005573300710424,53.03331265655533,52.11976045998109,21.62085969196863,0.0053061124937781035,0.0,0.0053061124937781035,5.0
2017-10-18 13:30:00,10225.5,54.41289230258965,53.13317011350224,65.78337835932028,38.76365880201211,0.0007334604664808175,-0.002141704562124036,-0.0009975160138868677,7.0
2017-10-23 14:00:00,10164.6,42.276920477420994,40.52857581057371,67.10464826071147,45.546713806626705,0.0025874013733939716,-0.0006394742537827458,0.0025874013733939716,5.0
2017-10-25 09:15:00,10257.8999,57.60142405061467,53.63248487939539,67.40414712287321,30.035982654562485,0.0048060617163947494,-0.0007311438084904864,0.003382768435866712,24.0
2017-11-01 09:15:00,10406.7,51.65009409559228,49.941031626868345,73.17265644239438,31.631431352068212,0.004007024320870078,0.0,0.003238288794718658,24.0
2017-11-06 12:45:00,10476.7999,61.34228102693037,58.573505047535754,75.53390938127926,20.867595527363203,0.0006776878500849293,-0.0009544899296969334,-0.0008685762911248007,7.0
2017-11-06 14:45:00,10477.0,62.522209007031364,62.50175597835683,75.53390938127926,28.935598853084297,0.0,-0.003922888231363886,-0.003922888231363886,2.0
2017-11-08 09:30:00,10373.2999,35.65247004729433,33.702826410180094,70.90978645289289,37.82547251917667,0.0,-0.00807842256638125,-0.005571987752904017,23.0
2017-11-13 12:15:00,10281.7,43.600667069137,42.07076272026482,61.03355433149945,22.7948861140841,0.00024315045177347727,-0.0056800042794480365,-0.0056800042794480365,12.0
2017-11-14 13:15:00,10199.3999,30.29529741108169,26.701499092670545,55.72694929319642,40.308809148606045,0.0010392866348931662,-0.0019118771879902408,-0.0017844089042924338,8.0
2017-11-24 09:30:00,10378.2999,58.794039233920245,57.41513129883176,54.44329749227041,30.61179672883182,0.0020909108629632023,0.0,0.0014356975750913215,23.0
2017-11-27 14:15:00,10374.6,53.67749309476417,51.80329517327142,57.08373646751737,37.29785727162808,0.0028916777514313985,0.0,0.0028916777514313985,4.0
2017-11-28 13:00:00,10397.2999,57.50731221665976,56.90644965607677,59.442282157322,15.855227733300936,0.00031739971259270305,-0.003337395317413061,-0.003337395317413061,9.0
2017-11-29 11:15:00,10383.7999,51.84329700645775,50.34785622487216,59.07397021516959,14.959196888109338,0.00044299775075606895,-0.0031394961684497735,-0.0031394961684497735,16.0
2017-11-30 13:45:00,10283.7,32.14444802449695,27.94721176857049,58.22959739906364,44.13346109300702,0.002343504769684035,-0.005980337816155701,-0.005348269591683885,6.0
2017-12-19 14:45:00,10456.1,70.86641774482806,68.90217078437615,53.47793653667415,30.98700694995786,0.0013676131636077837,0.0,0.0013676131636077837,2.0
2017-12-22 09:45:00,10462.2999,52.04149174623087,51.39738207742489,60.06301942564384,15.273058944503653,0.003421819326743014,0.0,0.002227053346081309,22.0
2017-12-27 09:30:00,10535.7999,67.71113731313022,65.9112149575735,64.02727232376512,32.85629358333553,0.0009776286658595978,-0.0057518081754760475,-0.0057518081754760475,23.0
2017-12-28 14:00:00,10518.8999,53.46003434888074,51.196273867757256,63.75319919159372,32.80842839776911,0.0002566903407836829,-0.0048959492427530504,-0.0048959492427530504,5.0
2017-12-29 09:15:00,10512.0,49.625970976951635,46.62224616269966,63.24937526583203,29.61371689015456,0.0013222888127855104,-0.0006468797564687101,-0.00012366818873665864,14.0
2017-12-29 13:00:00,10514.8999,51.66046341274634,51.586528153016005,63.24937526583203,10.721218980017893,0.00011413327862497269,0.0,1.9030138365794258e-05,3.0
2017-12-29 14:00:00,10523.2,54.48316220622632,52.32999939254371,63.24937526583203,12.615023825088855,0.0010833206629161651,0.0,0.00044662270031925466,5.0
2018-01-02 11:45:00,10438.7999,36.38590300242889,36.23806803171353,61.70313140689693,32.31706989872676,0.0014561156594254943,-0.0018967601821737734,0.00012454496804759074,14.0
2018-01-04 09:45:00,10459.2999,45.98435820094826,44.8162148442359,58.711095614350484,29.89556903442417,0.004455365124390376,-0.000822225204575977,0.004455365124390376,22.0
2018-01-08 09:15:00,10606.2,73.65372480797834,71.33471362251579,61.28286910853507,28.472490432328165,0.0018385472648074774,-0.0001602836077012615,0.0011408327204842639,24.0
2018-01-11 11:45:00,10633.7999,59.120396140435254,57.74827114688789,67.42168520686758,16.811744394256667,0.0026049107807641914,-0.00020687806999264424,0.0014200003895126212,14.0
2018-01-12 09:45:00,10685.1,63.7035493003647,63.65137618257555,69.09155951335379,37.59604685880044,0.0001684495231677463,-0.007823979185969332,-0.0015816417253933235,22.0
2018-01-15 09:30:00,10741.0,63.0134573955012,59.62810420611662,70.78680942847913,34.729006425343584,0.0034075039568011167,-0.0006889488874406435,-0.0006889488874406435,23.0
2018-01-17 10:30:00,10736.8999,52.57167221626708,51.50482813581316,73.70142336877558,25.264477563248256,0.0053087949530012946,-0.0007171436887475346,0.0053087949530012946,19.0
2018-01-19 15:00:00,10890.0,61.270262568333436,60.01638827133246,77.13711260812693,34.15596569584707,0.0009274563820018678,0.0,0.0009274563820018678,1.0
2018-01-23 09:30:00,11022.1,80.42211761109168,77.58851294359573,81.40399810587019,55.06960568570614,0.005969815189482919,0.0,0.0055434082434382415,23.0
2018-01-29 09:30:00,11139.7,58.37771002529631,57.22214129373059,85.89118562002493,37.34073160278193,0.0020018492419004996,-0.001750495973859234,-0.0013914198766573627,23.0
2018-01-31 09:15:00,11047.0,41.473741316017076,40.9339762218191,83.483029920457,32.58957335790153,0.0,-0.004815796143749385,-0.003847198334389401,16.0
2018-01-31 13:30:00,10999.2999,32.611318059808525,32.34863593560215,83.483029920457,49.6749260440912,0.0,-0.0005182057087105285,-0.0005182057087105285,1.0
2018-01-31 14:00:00,11000.7999,33.6524069659598,32.34863593560215,83.483029920457,54.1276163013108,0.0026270907809167188,-0.0011090011736327732,0.0026270907809167188,5.0
2018-02-01 13:15:00,11060.3999,47.480592268862246,46.93097893353523,80.23513252236525,43.71125733010577,0.003191575378752809,-0.0036707533513322677,-0.003643620516831425,8.0
2018-02-02 12:45:00,10862.5,33.8009918563317,33.28651556655713,77.27453764273795,54.24721438562982,0.00047871116225550736,-0.011507479861910253,-0.011507479861910253,10.0
2018-02-05 10:15:00,10653.8999,23.09026809166185,21.701121959566358,67.70801033015465,65.43445568500566,0.003472906667726372,-0.0012389735330626817,0.003435371117012309,20.0
2018-04-11 13:30:00,10411.3999,58.85470447641934,56.75205834819459,54.74289435713755,28.91752211502188,0.0009893098045345994,-0.00043221853384001196,0.00023051655138139893,7.0
2018-04-12 09:45:00,10429.1,61.68452445444032,61.110164080928215,56.84307287715999,32.97623033599518,0.0,-0.00046026023338552324,-0.00020135965711332027,3.0
2018-04-12 10:45:00,10436.2,63.68824255670055,62.23149014527505,56.84307287715999,24.631626251385082,0.0017535118146450035,-0.0013223299668462252,0.0017535118146450035,10.0
2018-04-12 13:30:00,10460.5,68.08294803041869,66.23058099322202,56.84307287715999,30.317646413378217,0.0003441518091868989,-0.001711199273457309,-0.0006787534056689193,7.0
2018-04-13 10:00:00,10498.3999,71.4826031253439,70.00633952804324,59.11222759703634,47.349344024137324,0.001590728126102281,-0.0032481140292627275,-0.001362102809591037,21.0
2018-04-16 13:30:00,10511.7999,62.02897864904442,57.61970679800913,61.361091852172116,36.82086065686909,0.0018455545372397797,-0.0007515363758018312,0.0018455545372397797,7.0
2018-04-17 15:00:00,10547.7,64.29429190451451,63.93903087822634,63.82037366699724,34.18486663294738,9.471259136972776e-06,0.0,9.471259136972776e-06,1.0
2018-04-20 14:00:00,10554.7999,49.273269598645456,48.097160807580124,68.71234001837149,19.368772248662946,0.00215068975395738,-0.0007674138853166479,0.00215068975395738,5.0
2018-04-24 14:45:00,10634.2999,62.33800801559776,60.09505316528966,71.19568643189768,25.51346734383286,0.0,-0.002181610469721651,-0.0013446959493779165,2.0
2018-04-26 09:45:00,10587.7,48.88260883554905,46.13700615272837,70.8916963161574,23.83356048273863,1.8880398953369237e-05,-0.0021534516467222042,-0.0008783871851300029,12.0
2018-04-26 13:00:00,10576.7999,47.079861204860904,46.962086826761386,70.8916963161574,18.026786048060135,0.004349141558402714,-0.0006050979559516501,0.003517141323624795,9.0
2018-05-03 13:15:00,10706.6,48.17519997123675,42.9963702152858,73.68786918303637,36.9761846163598,0.0,-0.003577242074981779,-0.003577242074981779,8.0
2018-05-04 13:45:00,10628.8999,35.445647512806886,33.852150596217356,71.43850343898993,18.157304614491196,0.0,-0.00189107058953486,-0.0014300539230781562,6.0
2018-05-11 10:30:00,10757.7,55.4078650807576,52.47606253144303,65.3428368476659,20.38460365881931,0.00416445894568529,-0.0008738020208781672,0.003708971248501003,19.0
2018-05-15 09:45:00,10902.7,64.96704361646819,60.852038598233776,66.78086311644658,47.27343076074485,0.0020361836976161563,-0.01064873838590441,-0.009061984646005161,22.0
2018-05-16 12:30:00,10763.8999,45.084911842074966,44.07678139463029,67.4093854604562,34.142912813216185,0.0013935469615431462,-0.003065803315394966,-0.0019323758296935223,11.0
2018-05-17 10:15:00,10736.2999,43.007013765416254,41.152945977390374,65.09123268783172,21.28768740643697,0.0,-0.003166826589857119,-0.0024403099991645583,9.0
2018-05-17 12:45:00,10711.5,38.20435940493774,37.580923930918196,65.09123268783172,32.76608622849266,0.0010922839938385387,-0.0036969705456751933,-0.003146160668440423,10.0
2018-05-18 10:45:00,10664.0,33.43702340053032,30.838473019668886,60.981737373686784,52.65476580134885,0.0,-0.0047355588897224354,-0.004529257314328516,13.0
2018-05-18 14:15:00,10626.3999,30.64024574862408,26.566741275670815,60.981737373686784,52.27063488586461,0.0,-0.0025596533403565713,-0.00196679027673341,4.0
2018-06-05 11:45:00,10609.2999,34.69920720576134,33.34200138973854,50.909843891596104,53.787295299543835,0.0,-0.005146418756623028,-0.00039586966525473333,14.0
2018-06-08 14:45:00,10761.7999,57.92111642984548,57.130217476939904,53.573998539852305,42.57956371372687,0.0010221338532785396,-0.00021370960446864817,-0.00021370960446864817,2.0
2018-06-13 11:00:00,10874.7999,63.82646350913961,63.67251825245144,60.092601071382326,30.032117618864987,0.00016552948252401833,0.0,0.00016552948252401833,1.0
2018-06-13 11:30:00,10875.2,65.79812990602994,65.55119721718589,60.092601071382326,33.777811093604136,0.001370089745475811,-0.0018114609386494784,-0.0018114609386494784,15.0
2018-06-14 14:00:00,10805.6,44.25238719726499,43.512832861302996,62.319960166537754,40.91259653806629,0.000601539942252094,-0.00021286184941149422,0.00041645072925144966,5.0
2018-06-15 14:45:00,10797.8999,42.0466058205608,40.53090059688038,62.156986000140975,32.82095223845484,0.002500486228808274,0.0,0.0015373452387719144,2.0
2018-06-19 13:45:00,10730.6,33.86523960269822,32.6204932441497,61.31742947990167,47.91907569692642,0.0002888934449145619,-0.0018265521033307142,-0.0018265521033307142,6.0
2018-06-21 13:00:00,10779.2,51.002482935659344,50.30315007792202,56.66495173840012,22.207742425555512,0.0,-0.0011225322843996244,-0.0011225322843996244,1.0
2018-06-21 13:30:00,10774.2999,52.316933432398926,52.20309185192512,56.66495173840012,21.65972858869744,3.7134663385396394e-05,-0.0032391895829816386,-0.0030721160824564997,7.0
2018-06-22 11:45:00,10737.2999,43.29453467398207,42.93360868663006,54.93333849186525,22.130957017852293,0.008465824820633072,0.0,0.008065342386497143,14.0
2018-06-26 11:15:00,10789.2,50.86482473488834,50.56897599406951,54.62302826843474,23.99681941009957,0.0010287973158342734,-0.002808373188002866,-0.00030587068550036456,13.0
2018-06-26 14:45:00,10805.1,53.99589679773755,51.51962276658551,54.62302826843474,17.64118177825293,0.0,-0.003813023479653177,-0.003813023479653177,2.0
2018-06-28 10:00:00,10663.0,30.493881582615447,28.202951195296905,50.51823793099015,33.77068091373352,0.0,-0.008534183625621306,-0.006555378411328805,21.0
2018-07-09 11:30:00,10834.0,62.53207388599624,61.646281200548124,50.893893128093126,29.409815855744974,0.002215248292412708,-0.0002215248292412042,0.0015322134022521805,15.0
2018-07-10 09:15:00,10904.2,69.9569322637506,68.68553512639939,53.70296417169064,53.713490016168514,0.0014856569028447453,0.0,0.0014031290695328824,8.0
2018-07-10 11:30:00,10923.7999,75.04534390720707,74.7743391354919,53.70296417169064,66.64783394111045,0.0021329665696274702,-0.0005767132369387529,0.0021329665696274702,15.0
2018-07-12 11:45:00,11071.0,77.50334886978496,75.8825893296505,60.35863902638124,59.36479038133237,0.0,-0.0049408454520820655,-0.0049408454520820655,14.0
2018-07-17 09:30:00,10969.1,36.68270037732209,36.17221914102959,65.13855728843762,39.38904733630494,0.0041571323080289435,-0.0020512165993563647,0.0041571323080289435,23.0
2018-07-19 11:15:00,10988.1,48.54632446528987,48.34081910793043,64.94311911094229,23.93053787687603,0.0,-0.004441177273596053,-0.0018929660268837134,16.0
2018-07-20 09:15:00,10964.5,42.67830298501445,42.466534194844954,63.83806329903577,18.98307523651699,0.004569291805371911,0.0,0.0026813716995759407,19.0
2018-07-20 14:15:00,11014.3999,53.476113870812114,52.6792088261315,63.83806329903577,24.40434106084106,0.0005447414343471291,-0.0003903889489249579,-0.0002542035903381201,4.0
2018-07-23 14:00:00,11056.3999,65.1403377483131,62.601870561738316,64.01204408787251,22.557312819383096,0.0027495387535683147,0.0,0.0017908270485043065,5.0
2018-07-27 10:00:00,11248.3999,70.46683374355847,67.00657503710582,70.28828641833012,40.642069482371575,0.0028359589171433885,-0.0009956882845176818,0.0021780875695929236,21.0
2018-08-03 09:15:00,11310.2,39.778880368850785,34.818013886775404,74.09589381699473,41.9662617663814,0.004632986154091023,0.0,0.004632986154091023,24.0
2018-08-08 10:45:00,11428.8999,61.03272984052669,59.920245983257026,73.5126397905621,25.285721536824042,0.002283693113805274,-0.0008662163538591949,0.002283693113805274,18.0
2018-08-13 12:15:00,11379.2,38.749748588981554,38.52427546886343,73.77761975801258,34.60619201842227,0.0020739507170977056,-0.0020476044010123706,-0.001318194600674949,12.0
2018-08-17 09:30:00,11458.5,50.08354989875956,45.202391548190946,66.85636919237396,40.06196258875078,0.002277785050399217,-4.363572893484324e-05,0.0005847187677270327,23.0
2018-08-20 09:30:00,11535.7,65.4555069549471,61.22650089032575,66.59382545454753,29.087158910944677,0.002444576401952059,-0.00013003112078158185,0.0016557209358771807,23.0
2018-08-27 09:15:00,11645.7999,54.382615822917856,51.609973212756934,69.9303572283261,39.061773150406246,0.0043620962438140065,0.0,0.0043620962438140065,24.0
2018-08-30 14:45:00,11662.0,37.17164029333067,37.101571337592404,73.24415852823984,41.82746773836048,0.0015863488252443325,0.0,0.0015863488252443325,2.0
2018-08-31 14:00:00,11667.2,44.342754447761735,41.91377530183593,72.39357042935035,21.68918432186162,0.0016456304854635118,-0.00037713418815144006,0.0006942454059242209,5.0
2018-09-04 12:00:00,11572.7999,32.19362626192464,32.12892253100242,66.9256566676974,45.25804354138921,0.0012615788855037113,-0.005720301100168523,-0.0043636803916397016,13.0
2018-09-11 11:15:00,11421.3999,33.7311816322457,33.41633227144176,51.267424459640814,16.235640402011285,0.0,-0.0013045598727350338,-0.0013045598727350338,3.0
2018-09-11 12:15:00,11418.5,32.5004184411663,30.973054982833673,51.267424459640814,21.04601886114597,0.00022770066120769705,-0.011919262600166403,-0.011919262600166403,12.0
2018-11-09 10:00:00,10592.8999,57.757449060612366,57.34781250678717,51.35025591409169,35.275882789384895,0.0024356031156302915,-0.0024922259484393416,-0.0010667428283731573,21.0
2018-11-13 11:30:00,10494.3999,36.35592200855199,36.261665121704965,53.65930739554208,52.50177814846206,0.008985754392683232,-0.00029539564239400296,0.008194846853510906,15.0
2018-11-15 11:30:00,10619.8999,58.378720783564304,56.11996015842253,55.80520528914575,26.053143724821044,0.0017985197770085115,-0.0017231706675502334,-0.0017231706675502334,15.0
2018-11-16 09:45:00,10685.2,60.47810408712232,59.37423291651568,56.930527070721695,31.06975753764712,0.00020588290345524562,-0.003986822895219566,-0.0005240893946767411,22.0
2018-11-21 12:45:00,10584.2999,35.14384839223651,34.65271149684026,60.729734364576586,39.79256345846144,0.00342961748466708,-0.00015115784842789637,0.0020124240810674987,10.0
2018-11-26 12:00:00,10521.7,33.16310731752045,30.270091147557846,56.49452145778356,33.27481013355192,0.010834751038330204,-0.00018058868813985995,0.010464078998640769,13.0
2018-11-27 13:00:00,10645.8999,55.800803962517776,55.047086161643605,56.3061713815775,19.247641974503992,0.004010943217679586,0.0,0.003588245273656865,9.0
2018-12-04 13:45:00,10872.8999,53.09368266500287,52.02215927775613,64.92205956163683,19.034240258378794,0.0,-0.00036788713561131114,-0.00025751179774957667,6.0
2018-12-06 12:15:00,10659.7999,24.253827166910657,22.431736628806313,63.85496556632854,61.556260014287886,0.0022796018900881343,-0.006229009983573897,-0.006229009983573897,12.0
2018-12-10 11:45:00,10533.7,36.968689453799456,35.75654534479838,56.507221884805205,40.461148742361225,0.0006835110170215764,-0.005477657423317628,-0.005477657423317628,14.0
2018-12-11 10:45:00,10415.8999,30.949283440615226,28.88933012096997,51.88473461986092,35.70663985475171,0.013633003519935905,0.0,0.013633003519935905,18.0
2018-12-13 13:30:00,10835.2,73.86593734279073,73.12833597135636,50.78905972283918,44.08977035790727,0.0,-0.0069680301240401255,-0.004346943295924444,7.0
2018-12-17 09:45:00,10856.6,64.95728829918038,64.63919081352431,53.47671337088313,38.004036137836515,0.0033988541532339323,-0.0003592284877401708,0.002560645137519968,22.0
2018-12-18 14:15:00,10890.7,62.80366719168163,61.34656459455371,55.54440420223514,34.45104591918598,0.0020843380131672085,0.0,0.0020843380131672085,4.0
2018-12-21 09:15:00,10956.0,60.10943435478266,59.69458068300449,61.287015457161296,19.940994764207375,0.0,-0.01906717780211753,-0.01835524826579038,24.0
2018-12-24 10:45:00,10731.7,29.5247235677054,28.753731194172794,58.081167482849104,43.23066647224384,0.0019288556333105777,-0.006094104382343923,-0.0055443219620376905,18.0
2018-12-26 11:00:00,10573.8999,23.24169543131987,22.47604584608582,54.31931069744796,56.43790068059847,0.015670670383403307,-0.00034046094951212247,0.01554771669438626,17.0
2018-12-28 09:30:00,10874.8999,58.49113222718281,56.97921336419853,52.141203233690504,26.63387372140057,0.0007632346114745392,-0.0010206990502965585,0.0007632346114745392,15.0
2018-12-28 13:30:00,10886.6,65.92655135568995,65.5417385626636,52.141203233690504,36.17055334452529,0.0003031157569857168,-0.0031414858633549425,-0.002590349604100428,7.0
2019-01-01 14:30:00,10883.2,50.86520085042382,46.752004750087366,54.07693024540141,36.15040781413208,0.0029954333284327728,0.0,0.0029954333284327728,3.0
2019-01-03 10:00:00,10806.7,43.00991476311802,42.25600576792148,53.931294295943886,39.45970289966798,0.0,-0.01276985573764422,-0.01276985573764422,21.0
2019-01-04 09:15:00,10704.7,33.608447412383235,29.970348629398757,50.683771435581114,51.33045463562932,0.0024288396685567815,-0.006118807626556588,0.0024194979775238323,24.0
2019-01-11 09:45:00,10835.2,52.18411753330632,52.05764991134273,51.57794463147112,17.83954663351428,0.0,-0.007540239220318989,-0.0045869019492026375,20.0
2019-01-11 15:00:00,10805.5,45.99617190789765,39.68623873668936,51.57794463147112,38.41191998475251,0.0,-0.002008245800749653,-0.002008245800749653,1.0
2019-01-14 13:15:00,10706.1,35.229622701902066,34.478280414340105,51.01734784836938,37.831871777651365,0.0033532285332660283,0.0,0.0033532285332660283,8.0
2019-01-18 13:45:00,10903.7999,53.12011833497556,50.59121242810707,54.899937106429086,17.571395386356798,0.00037601570439682597,-0.0011096957125927842,0.00037601570439682597,6.0
2019-01-22 15:00:00,10925.6,49.61495693463358,47.62830375389249,58.54368916579057,29.95336702611955,0.0,-0.0006864611554514566,-0.0006864611554514566,1.0
2019-01-24 12:00:00,10835.7999,36.34238028854728,36.12764978163842,56.054396849127514,30.07239250798635,0.0021595175451698534,-0.0028424205212574938,0.0020949168690351794,13.0
2019-01-28 14:15:00,10648.2,23.331827416019507,22.633847514749686,51.88805207911896,70.75933714525756,0.002422944723051712,0.0,0.002422944723051712,4.0
2019-02-06 09:45:00,11011.0,66.81705738023173,64.24462677017333,53.27911189742377,41.446731996439865,0.001988911088911083,-0.0027063845245662854,0.0015893197711378537,12.0
2019-02-06 13:00:00,11038.1,71.46187356598831,71.45567879191185,53.27911189742377,55.19389167394808,0.0004348483887626209,-0.0001630806026400311,0.0004348483887626209,2.0
2019-02-06 13:45:00,11052.3999,74.31422907463815,73.9624066751964,53.27911189742377,58.930945653786594,0.0014838406272288385,-0.0006876334613987733,0.0014838406272288385,6.0
2019-02-11 12:15:00,10896.0,36.069592954273546,33.25154260409506,59.05262046446444,40.38412834264748,0.0006149045521293139,-0.0010737977239353436,0.0003579203377386264,12.0
2019-02-14 12:00:00,10753.7,26.253362897805854,25.12389520524898,50.94747054230607,60.004388744135724,0.0006323404967591983,-0.00253867041111433,0.0005207416982060398,13.0
2019-03-11 09:15:00,11108.7999,57.65329546904303,55.14344322595588,63.77921264501889,32.24460539200165,0.006058269174512798,0.0,0.006058269174512798,24.0
2019-03-12 09:15:00,11254.5,76.4355425840936,74.67261839457413,67.06597867134215,65.10426820914063,0.005579981340797069,0.0,0.003154293838020239,24.0
2019-03-19 14:00:00,11509.6,63.71818564266229,62.04643547532979,81.03328029593865,33.220992960699554,0.002641273371793984,-0.0006863835406963892,0.002641273371793984,5.0
2019-03-25 14:30:00,11328.7,30.808415329112727,29.235127967028863,81.68959375490547,49.51172908962578,0.0021891302620775654,0.0,0.0020125874990069015,3.0
2019-03-28 12:30:00,11521.1,58.091027196356976,57.671133368263966,71.691120335546,21.58636768233964,0.0,-0.001050246938226418,-0.001050246938226418,3.0
2019-03-28 13:30:00,11536.0,59.64490777408396,58.750499895224024,71.691120335546,16.7948123336871,0.003909500693481283,0.0,0.003909500693481283,7.0
2019-04-01 10:00:00,11705.0,72.11323469701566,71.83510079783304,71.4346326607943,42.4414098079394,0.0016574028193079293,-0.004331490815890682,-0.004331490815890682,21.0
2019-04-03 10:00:00,11750.7,65.36744993738797,63.58903445743048,73.13028027530765,32.69042997577468,0.0,-0.000757410196839392,-0.000757410196839392,1.0
2019-04-03 10:30:00,11749.6,65.88965480499317,65.34383641727219,73.13028027530765,32.28891297262077,0.0,-0.009608837747667964,-0.009608837747667964,19.0
2019-04-04 13:00:00,11648.3999,43.16542826221969,41.1798059175303,71.44067200406212,36.19203305327527,0.0,-0.005863457692588336,-0.003854598089476635,9.0
2019-04-05 09:15:00,11660.2,41.713295058396426,37.739700166264974,69.22192575333963,34.99888120097136,0.001955369547692154,-0.003499090924684034,0.001955369547692154,24.0
2019-04-09 09:45:00,11622.8999,45.393602128271304,42.10944686466102,66.17838796029021,30.979484530969884,0.0,-0.004069543780550022,-0.0035275189800094697,11.0
2019-04-09 12:45:00,11599.2999,42.35708195010728,40.39877065723657,66.17838796029021,24.812110801368636,0.006569370622101056,-0.0006552033368840693,0.006569370622101056,10.0
2019-04-10 12:30:00,11660.1,55.60309775354531,54.94397491933192,65.44396695576125,19.11479262034691,0.0004631178120255708,-0.006638021972367292,-0.006638021972367292,11.0
2019-04-11 12:45:00,11581.0,39.742333243833095,39.29772018502032,62.66748990328381,28.102809612657218,0.00039720231413520324,-0.0017356100509454686,-0.001321129436145374,3.0
2019-04-11 13:45:00,11572.7999,39.925760726149996,39.320284484221524,62.66748990328381,28.463842569824685,0.0,-0.0010109826577058278,-0.0010109826577058278,1.0
2019-04-11 14:15:00,11586.1,42.675042467141864,37.60182432254494,62.66748990328381,25.3138158661813,0.0014931599071301704,-0.00019852236731954243,0.0014931599071301704,4.0
2019-04-12 12:30:00,11594.2,46.30815095691999,45.89784226731604,60.91242892658667,27.329655083270975,0.0,-0.0006813837953459911,-0.0006813837953459911,1.0
2019-04-12 13:00:00,11603.7,47.74816604711676,45.89784226731604,60.91242892658667,22.379987042094356,0.004127993657195628,-0.0008187043787757364,0.002404405491351902,9.0
2019-04-16 09:45:00,11769.6,71.40511709448145,69.40375901503397,60.60541564352588,37.950565618391416,0.0032116554513321738,0.0,0.0022090810222947788,22.0
2019-04-23 09:30:00,11636.2999,33.77802766718347,29.2253915867593,59.316584098709214,45.710105510798655,0.00012032175279363955,-0.004889870533501761,-0.004889870533501761,23.0
2019-04-26 13:45:00,11722.3999,53.59433671986487,51.284002122606864,55.74397523966837,16.19045400716538,0.002772469825056856,0.0,0.002021778833871668,6.0
2019-04-30 12:30:00,11712.7999,53.01952109469584,52.24270711335051,56.453526479684385,15.69907001660031,0.0,-0.0017843726673756333,-0.0005720152360837449,2.0
2019-04-30 13:15:00,11703.7,52.07552482420751,52.031898094630264,56.453526479684385,11.711457768284745,0.0004272153250681754,-0.0017345027640831567,0.0001794218922219759,5.0
2019-04-30 14:45:00,11738.0,54.881583373361046,52.0247100627923,56.453526479684385,18.091347686172988,0.0010478701652751887,0.0,0.00011926222525127095,2.0
2019-05-03 10:45:00,11756.7,54.33567123766471,53.71808731700484,56.667196312450656,20.87548050929165,0.00015310418739944431,-0.004252894094431303,-0.0039892231663647415,18.0
2019-05-23 09:15:00,11947.0,60.63443888409811,59.76852814657384,51.70146811051881,25.06363908495888,0.007273784213610135,-0.025855863396668566,-0.02203064367623675,24.0
2019-05-24 12:00:00,11758.5,50.163786058184435,48.29864793069204,53.33073554331244,23.440537775781113,0.007398902921291084,0.0,0.007398902921291084,13.0
2019-05-30 10:00:00,11916.7,52.70878377732341,47.716508845719474,61.58195943286,27.107264834303685,0.0040027776146080996,-0.00046153717052543897,0.0025006923057557806,21.0
2019-06-03 09:45:00,11962.7999,53.05398602691476,51.607736512243825,63.001094900658956,32.490753884786145,0.010841951807619932,0.0,0.010841951807619932,22.0
2019-06-07 10:00:00,11860.1,31.890088563754908,30.770566252481046,62.332089003435655,63.48880522702068,0.0015851384052409934,-0.003777379617372567,0.0003962782775861484,21.0
2019-06-12 15:00:00,11903.8999,46.80025294240463,46.49934666147512,59.424745582466464,25.36594267484287,0.001125681508796994,0.0,0.001125681508796994,1.0
2019-06-13 13:00:00,11860.2999,39.93875765200055,37.30725885404398,58.41739911005779,38.446453934705424,0.004848106749813397,-0.0006998052384830089,0.0038110419113432936,9.0
2019-06-14 12:30:00,11856.0,44.04332866514736,43.87928315966556,57.379031398164145,21.253305961046046,0.0011808367071524106,-0.004107633265856947,-0.003812424089068789,11.0
2019-06-17 14:15:00,11711.2999,24.688611210540053,22.000217353556838,54.65064227684879,63.2385979884092,0.0,-0.0037655854069623684,-0.0030483294173005993,4.0
2019-07-02 13:15:00,11871.8999,53.33309343441801,53.16284129042373,51.085408645543765,28.707190537807854,0.003419848578743556,0.0,0.0031587193554420967,8.0
2019-07-03 12:30:00,11920.6,64.32314483689188,64.14575551885467,53.166739707897925,16.179207058147814,0.001300270120631497,-0.0010402160965051754,-0.0005956076036441882,11.0
2019-07-04 10:45:00,11955.2999,66.4657720293993,66.4550856734654,54.86922786730862,32.64495597610507,0.00012546736698748617,-0.001513964530492351,-0.0013968616546373713,18.0
2019-07-08 12:15:00,11609.3999,21.827442991625972,21.367720375634192,54.270572342885735,65.65818910078175,0.0002584112896308888,-0.00536633250095897,-0.003893388150062793,12.0
2019-09-26 09:30:00,11558.5,48.75746825289631,47.867256280097024,59.20505908712473,38.71905417895556,0.0022753731020461743,-0.004360427391097432,-0.0011333737076609784,16.0
2019-09-26 13:45:00,11557.1,53.97862763723021,53.94818897087528,59.20505908712473,21.285715539453165,0.0,-0.0009344991390574098,-0.0009344991390574098,1.0
2019-09-26 14:15:00,11569.7,55.45511434682228,54.84324658947525,59.20505908712473,18.062490781842655,0.0012878467030259522,-0.0011236246402240857,0.0009075429786424838,4.0
2019-09-27 13:30:00,11567.0,55.075215553944304,54.00270811384095,61.08549076870671,23.716692023876373,0.00020747817065802643,-0.0053427855105039335,-0.004720333707962321,7.0
2019-09-30 13:30:00,11425.1,39.056013140238086,38.27045684013599,61.64800164201208,35.16206954316579,0.0067132804089242715,0.0,0.00459514577552933,7.0
2019-10-03 11:00:00,11333.2999,41.14734612942184,39.338529887581224,60.0764227681598,33.51358596718023,0.0023470657473734224,-0.003582354685593314,-0.0018617613745489647,17.0
2019-10-07 09:45:00,11188.2999,31.70866630939615,31.477596040474864,54.90553020396361,46.32855236569206,0.003369600416234908,-0.0062207753297709445,-0.0062207753297709445,22.0
2019-10-09 09:15:00,11144.6,34.20374300651462,32.30996862715748,51.912666807441234,35.66282545835738,0.0,-0.0033289664949841535,-0.0033289664949841535,3.0
2019-10-09 10:15:00,11103.7,30.931727477982953,30.82250338525789,51.912666807441234,32.918700457022965,0.019398939092374556,0.0,0.019398939092374556,20.0
2019-10-11 09:15:00,11319.8999,51.67061812796287,50.95545383382833,51.48706397679656,25.744435866692935,0.0023321760998964436,-0.007182033473635219,-0.00475268336957646,17.0
2019-10-11 13:45:00,11288.3999,53.42066447692211,53.32136783049795,51.48706397679656,16.999998472864014,0.0021792371122499876,-0.0006112380905286541,0.0012047854541368253,6.0
2019-10-14 13:45:00,11402.3999,64.65680752061043,63.168667065626394,51.709846781479925,41.73634876066728,0.0010085596103326377,-0.006954667499427081,-0.006323230252606726,6.0
2019-10-15 11:30:00,11414.7999,61.67497464760268,61.14725072076645,52.25566498302162,26.00743529112129,0.001103830124959071,-0.0013140834820941638,0.0010512667856752422,9.0
2019-10-15 14:00:00,11435.6,63.766385580543385,62.307747056304464,52.25566498302162,23.739104738877963,0.0019063188638988038,-0.0008832068278009642,-0.000577145055790762,5.0
2019-10-16 09:30:00,11471.7999,64.96977856384044,63.78397768830248,53.936072286896504,35.4903786945973,0.0,-0.004105711432431769,-6.101047839923712e-05,23.0
2019-10-17 13:00:00,11519.0,67.9106496791847,65.97526947031143,55.74935208262204,29.619303090951753,0.0064849379286398,-0.0004687906936365893,0.005495260005208724,9.0
2019-10-24 12:45:00,11611.2999,48.53140084908647,48.289073885824855,62.58279402859597,19.410310461475024,0.0,-0.00510708538326532,-0.000714812301075729,7.0
2019-10-24 14:45:00,11587.6,45.46655018826001,44.32869963898308,62.58279402859597,24.09691094707238,0.0,-0.000604094031550928,-0.00032794538989955324,2.0
2019-10-25 14:15:00,11574.2,43.89374498289273,41.00385606273417,62.46817905068293,28.441328061422077,0.002661091047329256,0.0,6.911924798247426e-05,4.0
2019-11-04 09:30:00,11963.6,62.10536521294582,59.80134378946398,71.122573717757,31.204170814454486,0.0014962051556386413,-0.0042629308903674445,-0.0014962051556387523,23.0
2019-11-06 11:30:00,11944.8999,47.46794757538511,45.273484706972674,73.46757929605646,33.79874809860009,0.003951485604329008,-0.0008957714245892978,0.0013227486318241333,15.0
2019-11-08 13:00:00,12023.7,59.28043234646484,58.13989334967089,75.58916335654835,34.757717764852984,0.0,-0.009838909819772645,-0.009838909819772645,9.0
2019-11-11 13:45:00,11882.3999,38.2786305353643,37.118514894421764,72.80033115795577,35.89735018349928,0.0030801942627767254,0.0,0.0025836615715988387,6.0
2019-11-13 13:30:00,11894.5,43.41901894113125,43.262193952793844,70.76775270791794,19.91746703791071,0.0,-0.005607642187565709,-0.004993904745890898,7.0
2019-11-14 10:30:00,11849.8999,34.46723733817708,33.901919346044494,66.904295896988,51.03822354286591,0.0021519169119732506,-0.0025147807366709962,0.001535886391749175,19.0
2019-11-19 09:15:00,11914.1,53.1948062381829,49.05805600885893,62.56729389629674,22.597907313229133,0.0036343408230583574,-0.0022158618779428707,0.0036343408230583574,24.0
2019-11-20 09:30:00,11977.8999,62.84413185365671,61.35985125865279,63.33436915161012,31.561163586233864,0.004174354470936947,0.0,0.0011771763095131949,23.0
2019-11-22 14:15:00,11910.0,37.86111372023811,36.20020404695633,64.4413694557222,46.2013426463555,0.0005709403862299567,-0.0006129303106632289,0.0005709403862299567,4.0
2019-12-02 09:15:00,12086.5,48.30126858014658,42.56464694416623,65.28449358391094,36.23701773033269,0.0016795515657965776,-0.004699458073056606,-0.003317759483721483,17.0
2019-12-02 13:45:00,12047.6,44.00685845093969,43.09594049539922,65.28449358391094,17.380316905276782,0.0009130449218102132,-0.0012284687406620698,0.00015770775922163693,6.0
2019-12-03 14:30:00,11985.7999,36.58951131282604,33.77684614721122,63.58827297812178,42.835929677883456,0.0011597140045698229,-0.00021691501791210044,0.0011597140045698229,3.0
2019-12-04 14:15:00,11968.3999,39.96258506868363,37.45664826359095,60.77619162655851,25.009832399571074,0.00634169986248545,0.0,0.005756826357381284,4.0
2019-12-09 10:30:00,11913.2,36.69344716129744,35.64547756419356,53.82081406810128,48.84881813422297,0.005120370681261033,0.0,0.0020313517778598467,19.0
2019-12-10 09:45:00,11933.8999,42.074522180634816,41.70823620137811,51.555103684828744,24.70930560888896,0.0,-0.00397187008414579,-0.003125541550754951,13.0
2019-12-10 13:15:00,11899.1,36.31901026062136,35.884980793098535,51.555103684828744,30.973579729374148,0.0,-0.003874242589775756,-0.003210335235438011,8.0
2019-12-17 11:00:00,12139.7999,68.34429313815346,67.88383493194596,53.01606543340018,33.430886950573104,0.0007743208353871989,-0.0006919389173786206,0.0007743208353871989,6.0
2019-12-17 12:45:00,12154.2999,71.57773113798689,70.48385244759424,53.01606543340018,29.920299780999144,0.001546785923885352,-0.00109425471721325,0.001546785923885352,10.0
2019-12-27 09:15:00,12159.7999,22.735688197461904,16.46875038210908,62.593917698258835,48.28954365980337,0.007450780501741638,0.0,0.007450780501741638,24.0
2019-12-31 13:30:00,12229.2999,50.939527726722396,50.02916393860986,62.84309540196342,24.607965993906827,3.2716508980179526e-05,-0.005331449922165943,-0.004268429135505958,7.0
2020-01-01 10:15:00,12197.1,44.12061391872285,43.895207772398074,60.4961542825845,22.29022532507548,0.0,-0.0020578662141000903,-0.0018119061088291977,11.0
2020-01-01 13:15:00,12183.6,43.85993206715432,41.9142636232938,60.4961542825845,23.210500692846352,0.0005663350733773331,-0.001099839128008151,0.00031188647033708605,8.0
2020-01-08 12:15:00,11975.0,36.56176126705606,35.385349421842605,50.934312578861395,23.659799130284288,0.004317327766179657,0.0,0.0038413361169102878,12.0
2020-01-15 15:00:00,12348.6,56.50845688599925,50.99347313679263,56.879091270862396,27.76961595162618,0.0,-0.0006883371394328375,-0.0006883371394328375,1.0
2020-01-16 13:15:00,12355.0,55.711865506080116,55.68201130073268,58.195764063624225,21.536564909762912,0.0007284500202346944,-0.00027519222986638336,-0.0001133144475919945,8.0
2020-01-17 10:00:00,12377.7,60.082125933414716,57.160875421216154,59.447195982569625,20.52930576269142,2.4237136139859672e-05,-0.002609539736784683,-0.0024156426476648063,21.0
2020-01-21 11:30:00,12196.1,28.764771729965798,27.04566830021201,57.55264849283122,55.28904655564348,0.0002623707578652823,-0.002304015217979516,-0.002066242487352543,15.0
2020-02-14 09:15:00,12238.5,58.83007800929106,53.121335238577096,50.99424680251333,26.91600016628326,0.0,-0.011553703476733235,-0.010262703762715986,24.0
2020-02-17 11:45:00,12099.3999,41.4794569045502,41.09319966945708,50.90037711653507,10.878843648892293,0.0,-0.004454758123995872,-0.004454758123995872,11.0
2020-02-17 14:45:00,12064.7,34.099755681422536,33.475976703656954,50.90037711653507,31.232306785599466,0.0,-0.001815221265344391,-0.0012101419844671168,2.0
2020-04-21 14:45:00,8968.35,38.36522116651672,36.277665906734626,53.65304760672366,41.95974372708928,0.0019791823468084946,0.0,0.0013937903850764766,2.0
2020-04-27 09:30:00,9333.3,51.47370621433645,49.97645464100777,54.827586318909646,37.26340803932469,0.004382158507709066,-0.005175018482208804,-0.0046768024171514044,23.0
2020-04-28 13:15:00,9355.3,57.50387595976506,56.65954649991221,55.507031872588584,18.0532665850211,0.0051147477900228555,-0.0018492191591931162,0.0051147477900228555,8.0
2020-04-30 09:30:00,9811.5,79.62110150992814,78.98761426458553,58.57042080065482,55.65093148913908,0.006691127758242876,-0.004015695867094715,0.004194057993171185,23.0
2020-05-05 09:30:00,9430.0,39.970506729851806,37.66766048449674,59.28548298729846,52.48784023195816,0.0,-0.024554612937433662,-0.022126193001060446,23.0
2020-05-06 10:00:00,9280.6,35.948823935341075,34.60342226872941,56.95572528147021,36.612822902227116,0.005177466974118028,-0.00532293170700171,0.0007542615779152495,21.0
2020-05-11 09:30:00,9422.1,50.34716330015293,48.93450383867223,53.08522013732955,41.8052062320118,0.0,-0.01920484817609669,-0.018684794260303006,23.0
2020-05-12 13:15:00,9103.25,35.72310244866249,34.5443957407675,52.31168458393168,48.32912075718376,0.014758465383242214,-0.0012687776343612844,0.01165517809573502,8.0
2020-05-15 12:15:00,9083.0,32.236079066012074,31.41518424664169,50.796991962727354,57.79525282746061,0.007723219200704623,0.0,0.005036882087416039,12.0
2020-06-01 09:45:00,9840.35,78.16407877863551,76.50588212878904,56.19879625941956,63.9965861184065,0.007631842363330588,-0.0029368874074600093,-0.0029368874074600093,22.0
2020-06-05 09:30:00,10131.6,59.53996180022046,55.96291611711926,70.46620202478755,26.643176620751557,0.0,-0.008429073394133124,-0.004036874728571949,9.0
2020-06-05 12:00:00,10110.3999,59.4109897369915,58.92867244313455,70.46620202478755,15.609957101112064,0.0002670616421414085,-0.0009396265324776998,0.0002670616421414085,2.0
2020-06-05 12:45:00,10114.6,61.565373205389136,60.78569085777916,70.46620202478755,15.271478148498396,0.005210280189033689,0.0,0.005210280189033689,10.0
2020-06-08 09:15:00,10304.3999,69.84061249325627,66.47294824450319,72.78362796624893,30.170100710292772,0.0012324929276086305,-0.014721856825451796,-0.01257715163014983,24.0
2020-06-09 11:30:00,10263.0,62.418071139058874,61.94334401384945,74.62187590502094,32.38554777788477,0.0020461853259281515,-0.02297573808827824,-0.02297573808827824,15.0
2020-06-10 11:00:00,10124.1,45.93181718733446,43.52914757846565,73.17975585408814,27.2267486666311,0.0,-0.00521528827253781,-0.00521528827253781,3.0
2020-06-10 12:00:00,10088.5,44.74358582175598,44.531103837010846,73.17975585408814,19.963614100687572,0.003954988353075395,-0.0027357981860534064,-0.0027357981860534064,11.0
2020-06-10 15:00:00,10129.2,47.2156202065504,44.99061206428678,73.17975585408814,16.63168883486697,0.0010563420605773644,0.0,0.0010563420605773644,1.0
2020-06-12 11:15:00,9779.5,31.30770356737449,25.583518116138777,69.17420768248628,54.56982733357314,0.019955007924740586,-0.004509432997597096,0.018364947083184147,16.0
2020-06-15 13:15:00,9794.6,40.38633988030797,38.86297310435528,66.76102174722269,27.251383614835092,0.007698119371898793,-0.0013068425458927502,0.002399281236599826,8.0
2020-06-17 10:00:00,9937.55,53.003412761669566,51.286375948995534,61.0776635370417,16.980728188358373,0.0,-0.006747135863467313,-0.0015194892101170199,7.0
2020-06-17 12:00:00,9939.2,53.3408852567065,51.72637855201575,61.0776635370417,14.14166233590929,0.0035063184159689342,-0.006278171281390965,-0.006278171281390965,13.0
2020-06-18 11:45:00,9942.65,53.115673250260585,51.16695178664492,59.23596078194126,19.867890203503116,0.01522229988986834,0.0,0.015101597662595001,14.0
2020-06-19 11:45:00,10197.7,70.53891184104249,69.4662391178136,60.17715226081851,57.10950455587504,0.005756190121301907,-0.0027261147121410145,0.005756190121301907,14.0
2020-06-22 09:30:00,10367.3999,78.22123511476394,76.76348521048214,62.23860086075133,38.440895753224844,0.000868105801532737,-0.006829089326437554,-0.0040125779270847595,23.0
2020-06-24 09:30:00,10530.7,79.16361196528662,77.18801054285471,66.97722903985293,52.403308217696804,0.001319950240724621,-0.02162249423115281,-0.0200746484089378,23.0
2020-06-25 14:00:00,10343.7,48.183962817291686,43.71042626196694,66.33085741830648,29.15188236523615,0.0,-0.005732967893500418,-0.005732967893500418,5.0
2020-06-26 14:15:00,10372.7999,51.19701179276657,50.48770587806873,65.29321217455386,12.977266252624435,0.0026029616169498393,-0.0018606258855914382,0.0026029616169498393,4.0
2020-06-29 12:45:00,10304.0,46.93060099417136,44.96701255446126,65.54537754542469,25.927180231024835,0.0021739033385093087,-0.004706909937888248,0.0010869565217392907,10.0
2020-07-01 11:15:00,10361.3999,52.4446127322284,50.96051126638073,63.28841073184427,16.808033377809245,0.007296321030906272,0.0,0.005491535945832959,16.0
2020-07-06 09:45:00,10735.5,68.9757970972006,67.78460672264005,66.93878630752732,33.84709676648529,0.006017418844022293,-0.00029808579013557157,0.0034092496856223953,22.0
2020-07-09 12:45:00,10799.6,56.23068426865673,55.43251695049234,70.85490626721314,15.665121402822718,0.0,-0.0031482647505463035,-0.00037038408829959124,2.0
2020-07-09 13:30:00,10800.2999,55.40674144826884,54.48782735537228,70.85490626721314,16.081652868881992,0.002972139690306186,-0.0001851800430097139,0.002972139690306186,7.0
2020-07-14 14:15:00,10605.7999,36.600561741251475,36.06221204149998,70.72776294348346,49.16177618684858,0.001716051610590963,0.0,0.00040544796625852086,4.0
2020-07-16 13:30:00,10677.7,46.504385383616224,44.359723453149016,64.03508280978001,17.318987850896058,0.006396508611405061,-0.0016576603575677584,0.004851232006892747,7.0
2020-07-17 14:00:00,10834.7999,61.235934785870015,60.12130483521617,63.1640965464018,31.525066436682977,0.008971102456631463,0.0,0.008971102456631463,5.0
2020-07-24 14:15:00,11206.6,56.01926326720074,52.335295040777794,71.8181297336269,36.888382168554884,0.0,-0.002489604340299434,-0.0007495582960040936,4.0
2020-07-27 12:15:00,11174.2,51.59146451452655,49.86519466912036,72.22173469194242,25.157271974765763,0.0002237296629736818,-0.004429847326878011,-0.004429847326878011,12.0
2020-07-28 09:15:00,11201.1,51.4038014125618,47.40095630738531,70.85187529030277,22.23533336335514,0.008972333074430239,-0.002589031434412692,0.008142048548803293,24.0
2020-07-30 10:30:00,11295.0,56.81279706278042,54.72504761860959,69.85982659610502,28.737197769388978,0.0,-0.017556440903054416,-0.017556440903054416,19.0
2020-07-31 12:00:00,11094.3999,37.13012166812709,35.80833425396449,66.82469717164525,56.39282647224526,0.0,-0.005354043529655073,-0.0004867230358264196,13.0
2020-08-03 10:15:00,10968.2,32.01580902511153,30.119156128260464,64.32658091598172,49.95997316389833,0.0016046297478162774,-0.006929122371947982,-0.006236219252019559,20.0
2020-08-06 09:45:00,11167.7,58.1923583787331,57.374903864443326,58.074705099117956,34.39359786679163,0.0075306374633987705,-0.0011909435246291178,0.003438487781727728,22.0
2020-08-07 14:45:00,11219.6,61.11521058549903,59.976502840182484,58.73840725684284,19.908628757994737,0.0,-0.0005258654497486415,-0.0002584762380120065,2.0
2020-08-12 14:45:00,11312.5,54.82888021158442,54.38832384922574,62.288684896421465,17.42627861067863,0.0,-0.0003005524861877662,-0.0003005524861877662,2.0
2020-08-14 09:15:00,11357.7999,52.13704542904053,51.21985651879095,63.5286813852395,31.019712932574677,0.0,-0.003424959089127766,-0.002641356624005997,8.0
2020-08-14 11:30:00,11333.0,54.247979993318864,53.88295741363778,63.5286813852395,17.123722897080434,0.0019853525103679104,-0.016676961087090825,-0.013288634959851775,15.0
2020-08-17 10:30:00,11225.7,41.55539732144481,38.55282136217791,60.74955840939733,35.9688288552861,0.0030109480923237175,-0.003313824527646503,0.0030109480923237175,19.0
2020-08-21 09:15:00,11406.3999,48.023220650947394,42.63735070574721,61.24761059403524,27.99838017529866,0.0005873983078570344,-0.003313920284348404,-0.0024722875094007613,24.0
2020-08-24 09:30:00,11439.3999,56.47814545454288,55.33363038724968,61.132045727927675,24.854369702159428,0.004545692995661321,-0.0008304631434381538,0.002893517167801729,23.0
2020-08-26 13:45:00,11502.5,60.81048398369104,59.0694498156763,63.35100800881834,11.0143260350652,0.00433817865681374,0.0,0.00433817865681374,6.0
2020-08-31 09:45:00,11767.8999,70.14704628250452,69.68171926130276,68.89448054556618,36.870793024074686,0.0,-0.036973462019336156,-0.03614067961268097,22.0
2020-09-01 10:00:00,11443.7999,40.556725416450575,39.73521111711096,63.791088135627504,55.89622904638142,0.008179101418926527,-0.0027787885385867073,0.004412869889484972,21.0
2020-09-03 13:15:00,11564.1,56.269612534189875,56.26881438658617,61.22103648473334,28.10573214411336,0.0,-0.0033292690308800443,-0.002447237571449601,8.0
2020-09-04 13:00:00,11435.3999,43.16483245905649,40.79533422562736,60.48343998224295,32.80630563413603,7.870297566059392e-05,-0.00884096759921793,-0.006759702386971211,9.0
2020-09-07 10:30:00,11306.8999,33.760051410722454,32.9944803057767,56.981600159736985,48.17689436975366,0.006111321459562946,-0.0010524458609560972,0.006111321459562946,19.0
2020-09-09 13:00:00,11240.6,32.15589736068863,29.72973739500753,51.511735492009066,56.42196870957778,0.003994448694909503,-0.000836254292475469,0.003994448694909503,9.0
2020-09-11 10:45:00,11477.3999,64.80256748234297,64.78594401609405,50.15011087792219,49.033022821480095,0.0,-0.004225695751874925,-0.0020126509663569436,18.0
2020-09-14 11:45:00,11561.2999,70.52810469433008,69.81609260999187,51.09413527668498,51.764647816442434,0.0,-0.013147310537286572,-0.012074758133382546,14.0
2020-09-15 12:45:00,11501.3999,56.32882509717031,54.889813226742774,51.14373559336917,16.260735057090592,0.0,-0.0019910532803923964,-0.0007216425889164935,4.0
2020-09-15 14:00:00,11517.7999,57.233001897195685,54.45676753403308,51.14373559336917,15.66447368188669,0.0011807810621888848,-0.0003820174024727896,0.0011807810621888848,5.0
2020-09-16 12:45:00,11573.1,62.49124864250835,62.46654623549868,53.11720138329052,30.104963321517136,0.002047843706526331,-0.001278836266860206,0.002047843706526331,6.0
2020-09-16 14:30:00,11601.2999,67.40791805979825,66.7285059881853,53.11720138329052,39.293395252985896,0.0009912682284853869,-0.00012067613216337758,-0.00012067613216337758,3.0
2020-09-18 09:30:00,11568.3999,50.48569289538775,49.767622070902654,55.72028085495532,24.559590101950153,0.0,-0.0020832613160269853,-0.0011842519379019478,13.0
2020-09-18 13:00:00,11560.3999,53.21510309474078,53.02898029572666,55.72028085495532,14.896603857776409,0.00036331788141685806,-0.0010466765946393064,0.00036331788141685806,3.0
2020-09-18 14:00:00,11569.2,54.89391572307417,53.936792627374615,55.72028085495532,14.458473634283608,0.0,-0.007736057808664376,-0.004511980085053491,5.0
2020-09-21 12:00:00,11500.1,43.541493199619175,43.10124304123642,55.736549408270726,25.05662584354141,0.0008521578073235059,-0.02417370283736664,-0.02417370283736664,13.0
2020-09-22 10:45:00,11155.0,22.835646373840095,21.823481887355843,50.963117493243544,52.84103758757383,0.00639174361272965,-0.002465262214253694,0.0017660242043926466,18.0
2020-10-06 15:00:00,11662.6,72.1047287477584,71.83561526787763,50.35629450636869,35.75102493291068,0.0,-7.716975631499867e-05,-7.716975631499867e-05,1.0
2020-10-07 09:45:00,11728.8999,76.80243233788026,74.94909080121738,54.51257189882948,39.415605367606965,0.0023105406501082726,-0.0015431967323721318,0.001611404322753307,22.0
2020-10-14 13:45:00,11861.5,41.66765040015842,40.18541363821635,69.99271491162997,29.060095910940046,0.008902752602959252,0.0,0.008810015596678378,6.0
2020-10-16 10:00:00,11732.2999,35.384860791223524,32.76830705312196,67.09885219565903,49.98654898463707,0.0036395336263097544,-0.0021393844526595984,0.0030173197328513535,21.0
2020-10-21 09:45:00,12004.7,63.70521451652721,62.242399156605586,63.976503330866436,37.0451236015984,0.0006330770448239598,-0.017801361133556126,-0.006005980990778648,22.0
2020-10-23 09:15:00,11954.6,53.18985024262069,49.29068956614573,63.735023916525805,19.713706665724636,0.00016729961688377593,-0.0021916333461596826,-0.0020912452110484203,20.0
2020-10-23 14:30:00,11955.1,55.3441886035462,54.07534659784592,63.735023916525805,13.25744235947219,0.0,-0.0021162600061898074,-0.0021162600061898074,3.0
2020-10-29 11:00:00,11689.7999,35.61315791948151,34.2955650994962,56.53849650682388,41.89464218735799,0.0034560129639173987,-0.005628830310431598,-0.0016253486084051305,17.0
2020-10-30 13:30:00,11610.0,35.47838530840905,33.662800456391,53.25817536606327,43.39807813328954,0.003324720068906162,-0.0006115503875968598,0.003126606373815566,7.0
2020-11-05 10:00:00,12071.2,69.37377446851107,67.24934624443036,52.080661504209644,33.005270735692626,0.004655701173039928,-0.0006958794486050524,0.004655701173039928,21.0
2020-11-06 10:00:00,12196.0,78.61672600608082,77.35434001821004,56.454049919320596,54.70123321361103,0.005714988520826525,-0.0027468022302393758,0.005362405706789142,21.0
2020-11-13 14:45:00,12722.2,58.39125977063599,57.35840833909872,74.9847818290115,14.02826309690431,4.715379415509702e-05,-7.860275738513778e-06,4.715379415509702e-05,2.0
2020-11-18 14:30:00,12908.2,68.77009200018858,67.88500508692994,78.17313114017584,31.80944678988275,0.0027114547341999806,0.0,0.0023550921119908086,3.0
2020-11-20 13:15:00,12805.1,46.322294605754706,45.28157674124578,77.39370048307129,29.206548041292955,0.006122560542283884,0.0,0.003170611709397031,8.0
2020-11-25 09:15:00,13133.7,73.83425905274348,72.43371145365258,76.46151629063627,39.798516772388226,0.0,-0.020900431713835377,-0.020900431713835377,24.0
2020-11-26 12:45:00,12901.6,41.67470271952867,37.51945621333994,73.22210512086679,28.818035372228053,0.008805109443789982,-0.0012556659639114676,0.008805109443789982,10.0
2020-12-01 09:30:00,13022.0,53.033751440639726,52.89884489655471,69.8966050198919,24.703256067194136,0.007756105052987294,0.0,0.005805559821840056,23.0
2020-12-03 09:15:00,13161.8999,58.66214336172091,57.42564538827019,69.34237443433258,34.75818560448618,0.0012308329438062149,-0.003137837266183774,-0.0019753987036476017,24.0
2020-12-04 09:30:00,13209.6,61.39049496305775,60.405197387408336,69.45040722996144,22.29379460844511,0.004701126453488413,-0.0038078442950582048,0.004701126453488413,23.0
2020-12-07 09:30:00,13303.0,71.18887533685495,69.01382993762999,70.61464092218665,34.12185464178866,0.004187025482973894,-0.0015034202811395891,0.003901375629557169,23.0
2020-12-09 10:00:00,13480.5,68.36802897241007,67.53473565547519,73.47361419430264,25.989112924132677,0.0,-0.000281888653981599,-0.000281888653981599,1.0
2020-12-09 10:30:00,13476.6,70.5992939318488,69.6705095970958,73.47361419430264,30.190943640134513,0.004927058753691593,-0.0005416870724069822,0.004147930486918083,19.0
2020-12-10 15:00:00,13471.1,56.469093672289894,55.460128198803964,75.40615905681045,32.839326956383225,0.0007126366814884655,0.0,0.0007126366814884655,1.0
2020-12-14 14:45:00,13550.1,57.33310928934948,57.10008679520058,76.03131676496174,13.931998451667647,0.0008487022235998953,0.0,0.0003985210441250775,2.0
2020-12-15 12:45:00,13529.2,51.63365428598724,51.075817267175466,76.71715820544011,26.349988061538042,0.0031339620967980597,-0.000591313603169441,0.002734825414658637,10.0
2020-12-16 14:00:00,13685.6,68.39457211442073,66.80931143886362,77.33648582539237,32.6023366925728,5.8448296019086854e-05,-0.000957210498626293,-0.0008987622026070952,5.0
2020-12-17 14:00:00,13765.6,76.50458731381563,76.48237136869551,78.61405894241258,45.60681043510273,0.0,-0.0024263381182076937,-0.0021648239088742915,5.0
2020-12-18 14:30:00,13756.8999,63.50286745236916,63.30110256915895,80.00005032949986,27.273838216059293,0.0004070757249603485,-0.0009667803136373943,-0.0009667803136373943,3.0
2020-12-22 10:15:00,13331.0,30.805127957797936,28.26604012151977,72.5698089118979,61.37698082194267,0.010426824694321546,-0.008206436126322103,0.009939239366889119,20.0
2020-12-24 13:30:00,13729.7999,65.64170780559549,65.22694853954164,66.4115513718954,25.212354903956715,0.0025710571353629863,-0.0001165275540541133,0.0007647598709723535,7.0
2020-12-28 09:15:00,13860.7,71.2038956968369,68.69644176712563,66.10519501601723,39.01510911640752,0.0,-0.0027704300648596636,-0.00018758071381674846,13.0
2020-12-28 12:45:00,13865.6,73.58077330314994,73.21293675213278,66.10519501601723,44.31131679349628,0.0011467228248327466,-0.001089026078929134,0.0011467228248327466,10.0
2020-12-29 09:45:00,13959.1,77.62886306910822,76.70879260564652,66.92738264695913,36.54330961356407,0.0,-0.005566268598978463,-0.0022422720662507167,22.0
2020-12-31 10:15:00,13992.7999,69.32244145169092,69.17960232083121,68.98226711897806,25.220209777829716,0.001079126415578946,-0.002186831814839252,-0.0018366517197175858,20.0
2021-01-04 15:00:00,14127.7999,64.77217076262713,63.945709591824404,70.62377030999808,15.347640773512609,0.0012316213510357166,0.0,0.0012316213510357166,1.0
2021-01-05 12:30:00,14151.8999,63.58162335448663,63.48022845237665,72.34757356226646,17.579930681212453,0.001434443441760136,-0.0026851518360443416,0.0010458030444377986,9.0
2021-01-05 15:00:00,14207.1,66.85529153847564,64.1256636648468,72.34757356226646,15.407060440959473,0.0,-0.0005982924030942804,-0.0005982924030942804,1.0
2021-01-07 12:45:00,14206.7999,56.94176952719264,56.56537822847397,73.69830005252038,15.048388141148688,0.00021820536798022871,-0.004955373518001016,-0.004110707577432704,10.0
2021-01-08 09:45:00,14242.2,54.20171105482956,52.42741863532611,73.57876023120575,33.39335814715719,0.003953040962772603,0.0,0.0038266559941582123,18.0
2021-01-08 14:30:00,14316.2999,63.49973069083461,63.461343813360266,73.57876023120575,25.074022007194674,0.0028708535227039977,-0.00027940180269625525,0.0018929472132671599,3.0
2021-01-14 12:30:00,14583.0,59.33937753805819,58.73599335886132,79.98756294514034,22.6894707272388,0.0,-0.0007817321538777788,-0.0007817321538777788,1.0
2021-01-14 13:00:00,14583.5,58.82998337905745,58.73599335886132,79.98756294514034,18.96481473647009,1.3714128981323626e-05,-0.0005142798368018564,1.3714128981323626e-05,2.0
2021-01-14 13:45:00,14602.5,60.24164164473438,58.97197590963163,79.98756294514034,18.872128982303842,0.0,-0.0015476870398903886,-0.00023968498544768568,6.0
2021-01-18 12:15:00,14307.7,32.498409857452764,31.454140714470913,77.67476947606471,56.327900545806415,0.006499996505378247,-0.005633330304661177,-0.005633330304661177,12.0
2021-01-20 13:30:00,14626.1,66.91088041087826,65.48504035562327,69.84385548606646,32.04286150016857,0.002591258093408433,-0.0004033884630899598,-0.00015725996677173892,7.0
2021-01-21 09:15:00,14735.8999,69.12704974637998,68.82013319916803,69.35351169516481,38.75715677911636,0.0010586458991892478,-0.01017242930647222,-0.007077945745274761,24.0
2021-01-25 09:15:00,14449.2,39.051199171764914,33.119857880909656,64.96074079372733,43.80904782976022,0.0,-0.014443706225950259,-0.013668576807020494,24.0
2021-01-27 11:00:00,14146.2999,28.473743850552083,27.648182566425763,60.53294873342191,54.04370255970773,0.00012724882214598665,-0.014625732627087884,-0.014625732627087884,14.0
2021-01-27 14:45:00,13983.0,20.645637903303147,19.632562529444744,60.53294873342191,64.00762636421445,0.0,-0.0012300722305657041,-0.0011871629836229802,2.0
2021-02-08 10:30:00,15126.5,73.6372951743736,71.7254695014899,59.48754096503196,42.574718222907705,0.0011899646316066992,-0.0035632829802002552,0.00010577463392058561,19.0
2021-02-09 11:30:00,15225.2999,76.70137034671495,76.25929572718773,62.473505223441876,38.83156219198425,0.00017734297634430796,-0.00019704045369905998,-0.00015763236295918137,3.0
2021-02-09 12:30:00,15235.1,78.00364572623461,77.42122377876107,62.473505223441876,35.05039375915337,0.0009057964831211684,-0.0082966308064929,-0.0082966308064929,11.0
2021-02-11 09:15:00,15116.5,51.865125916979004,51.65228422997674,66.32789578450958,22.994469533131046,0.002824727946283856,-6.615287930411551e-05,0.002116892137730364,19.0
2021-02-11 14:15:00,15161.7,55.76496002656932,55.41740858352929,66.32789578450958,15.927536359428707,0.0009827394025736513,-0.0008310413739884837,0.0009827394025736513,4.0
2021-02-15 09:45:00,15289.2999,59.17756205001692,56.025537223420606,68.99077944923621,39.856440266570495,0.0029170727431411247,-2.6162087382375354e-05,0.0029170727431411247,22.0
2021-02-16 09:15:00,15422.5,66.27301267880745,66.09682457520124,70.84323258992325,31.96095138770071,0.0,-0.011385968552439563,-0.006814725239098651,24.0
2021-02-18 09:45:00,15233.3999,43.842705658911754,42.720562746135464,70.54427502568794,25.625505666482297,0.000630200747240961,-0.009682671036555623,-0.006695813191380906,17.0
2021-02-18 14:15:00,15131.7999,37.03530566244304,35.01439545208374,70.54427502568794,38.96261443573791,0.001308509240860456,-0.0012490252398856816,-0.0007599889025760032,4.0
2021-02-25 09:15:00,15147.7999,49.169699648567075,46.1843722752542,51.624319224991716,60.18332760128746,0.0012279010894513664,-0.004198622930053353,-0.002904712254615971,24.0
2021-03-08 09:15:00,15040.2,44.552673148239926,42.284716931253215,52.54383710800944,41.05981973801022,0.0033709591627770763,-0.0041488876477706604,-0.0041488876477706604,14.0
2021-03-08 13:00:00,15007.1,47.304715445517424,47.00258575896391,52.54383710800944,25.5199015383719,0.0,-0.0028186724950191033,-0.001452652411192079,4.0
2021-03-08 14:15:00,15028.1,47.545084779257905,46.5063353603295,52.54383710800944,26.0853979599477,1.3301748058580642e-05,-0.004331884935554031,-0.004331884935554031,4.0
2021-03-09 15:00:00,15114.0,52.08462635946601,48.29399232826978,52.160023591332575,31.896931462338195,0.0,-0.001045388381632928,-0.001045388381632928,1.0
2021-03-10 12:45:00,15156.0,58.22847435352142,58.19805200112929,52.962449534652265,22.204039654067348,0.00046846133544464763,-0.0002507257851674938,-0.0002507257851674938,4.0
2021-03-10 14:00:00,15180.6,60.777068771785,59.12467221732962,52.962449534652265,18.140442358475568,0.0003425358681474755,-0.0013965258290186133,-0.0007970699445345453,5.0
2021-03-12 09:15:00,15303.0,64.83022686819312,61.094629800761425,54.141668307659785,21.80670721239808,0.0,-0.020074501731686567,-0.018290531268378762,24.0
2021-03-15 13:45:00,14813.2,32.55253756298087,32.414242635620376,53.53377719269988,52.42478083703312,0.007398799719169347,-0.0004387978289633887,0.007311046904112439,6.0
2021-03-17 11:30:00,14917.0,44.293570863867906,42.439671506497604,50.967784238567624,26.05055478809107,0.0,-0.014627612790775624,-0.014030971374941248,15.0
2021-04-12 14:15:00,14337.6,27.104272738875995,23.408089004529735,50.76633221946888,61.167289237789404,0.0013042559424170097,-0.005412342372503098,0.0013042559424170097,4.0
2021-05-03 11:45:00,14558.5,30.24022609011721,29.523623304189364,52.16976569095796,53.12117466951867,0.007136717381598379,-0.0009478998523199111,0.005969014664972461,14.0
2021-05-05 09:30:00,14572.2999,38.70879450341343,37.41166309850355,50.276023345628175,34.745201917489666,0.004288959219127753,-0.0019420338720863572,0.004288959219127753,23.0
2021-05-12 13:00:00,14774.3999,45.25878634336043,42.21305301778178,56.41313643922862,37.814908823522366,0.0,-0.008169529782390716,-0.004555169783917901,8.0
2021-05-21 09:30:00,15040.6,42.3345541864695,37.25706687137483,57.99960848965377,46.318877091024916,0.009633924178556574,0.0,0.009633924178556574,23.0
2021-05-26 10:30:00,15280.3999,61.468622482311176,60.67902321839276,62.39735788506799,39.03395614775598,0.002473763792006478,0.0,0.001308866268611153,19.0
2021-05-27 12:00:00,15351.5,69.64572536920153,69.29694577823017,64.11157167833576,47.726907440377474,0.001296283750773508,-0.003843272644367013,0.001296283750773508,13.0
2021-06-02 14:45:00,15557.5,53.1308360477962,47.15663322639816,72.18645909866927,31.896199987739354,0.0021211634260003276,0.0,0.0021211634260003276,2.0
2021-06-03 15:00:00,15695.6,67.65080866861129,65.98037349168028,73.6459728238846,26.391815883941337,0.0,-0.0004842121358852314,-0.0004842121358852314,1.0
2021-06-07 10:00:00,15716.2999,60.80090340867341,60.53598192178833,76.30731458668899,25.789237261687862,0.0030223398829389847,-0.000496293660061764,0.001966117991932803,21.0
2021-06-09 09:30:00,15770.2,62.06969789367601,59.86701215301017,78.31236069407971,22.34481551329241,0.0012174798036803658,-0.012136821346590443,-0.008110239565763289,23.0
2021-06-10 10:00:00,15693.1,46.07571030269348,45.93834059715651,75.83622551511193,36.28074092801324,0.003319930415278005,-6.372227284612286e-06,0.003319930415278005,21.0
2021-06-14 13:15:00,15774.7999,51.870326005627085,48.72042375475108,75.20665798272549,25.440911423835054,0.002415244582595344,0.0,0.002206056509154175,8.0
2021-06-16 14:15:00,15824.5,50.553150452316615,49.11536923149951,75.91109533813285,37.98908963801232,0.0,-0.0042781825650100025,-0.0042781825650100025,4.0
2021-06-17 12:45:00,15724.1,37.18015212186952,36.26287748276921,73.15610805940284,34.42631270956913,0.00011446760068944961,-0.0047188773920288085,-0.0034914557907924637,8.0
2021-06-17 15:00:00,15704.6,36.89328152458256,32.80343618453366,73.15610805940284,34.248458651262524,0.0,-0.001502744418832691,-0.001502744418832691,1.0
2021-06-24 09:45:00,15740.5,46.20099054476603,44.86340698752409,61.944227412199325,23.204264514591674,0.00412311553000233,-0.0005908325656744928,0.003430640703916632,22.0
2021-06-25 12:00:00,15828.5,60.228801119201854,58.5389290603083,61.949649255298525,20.337347453026283,0.002438639163534262,0.0,0.0011814132735257221,13.0
2021-06-28 09:15:00,15897.5,68.6924526304933,67.77799796477767,62.86260932130696,32.43035936432457,0.0,-0.00532788803270956,-0.0045793363736436055,24.0
2021-06-29 13:15:00,15778.7,42.70120955351874,42.61246831668099,62.84090991151307,47.43898286866716,0.0010076875788245232,-0.002566751380024934,-0.001863277709824085,8.0
2021-06-30 09:15:00,15788.1,44.44773521329682,39.16602707043387,60.588034448226395,37.236348180842704,0.0028819173934799824,-0.004687074442143113,-0.003692660928167446,24.0
2021-07-01 13:00:00,15713.7999,38.95003599238692,37.5134457940265,58.30596567359111,36.21630090381291,0.0005854790094406148,-0.002297337386865883,-0.002297337386865883,8.0
2021-07-02 10:00:00,15684.2,36.0107085858202,35.292507236109344,55.536982055679744,26.84029940432753,0.0,-0.0020275245151171184,-0.0014281952538223175,4.0
2021-07-02 11:15:00,15667.7999,36.47409610694275,33.47849319475445,55.536982055679744,23.4662631135695,0.003938019402456083,0.0,0.003938019402456083,16.0
2021-07-06 09:30:00,15861.2999,69.70727521431763,69.57182944099534,56.3307638701246,23.132664677835507,0.0016266069088071156,-0.0004602334011728493,0.0016266069088071156,7.0
2021-07-06 11:30:00,15896.3999,74.52537387541969,74.26493118345883,56.3307638701246,19.72605030373464,0.0005724629511867363,-0.005623908593290983,-0.005089196328031509,15.0
2021-07-07 15:00:00,15880.3999,57.74297012736427,56.42644090075769,56.909713859848644,27.626127614186508,0.0,-4.4073197426164334e-05,-4.4073197426164334e-05,1.0
2021-07-09 10:15:00,15711.0,33.253448242108234,32.018437977143286,56.00005333277508,48.95567107283765,0.0009420087836546909,-0.003195219909617464,-0.0007892559353318562,20.0
2021-07-13 09:15:00,15763.7999,43.80350428017498,40.696108676042684,50.996093053988,46.06064727817068,0.003324077971834649,-0.00048211091540173445,0.002829267072845809,24.0
2021-07-14 11:30:00,15833.8999,64.13460074560267,62.848020934848236,52.16782555782752,29.81115507282228,0.00260833403399241,0.0,0.0007452428065433114,15.0
2021-07-15 10:30:00,15912.1,68.23524653435209,66.74672338261651,53.829645840865204,25.005174039036973,0.0022624292205302154,0.0,0.00045247955958038766,19.0
2021-07-20 10:15:00,15644.6,27.439274259390324,26.293480202367117,55.81106634696645,62.43344381618138,0.0,-0.003355790496401334,-0.003355790496401334,3.0
2021-07-20 11:15:00,15595.7,23.108501456894704,22.698051352074504,55.81106634696645,65.65189385350104,0.00517449681643023,-0.0007630372474464187,0.0017120039498066397,16.0
2021-07-23 12:45:00,15866.8999,60.88885573221987,60.400476004227514,51.89215068863523,17.54333154599844,0.0016197303923244366,-0.0010840113764125636,-0.0010840113764125636,10.0
2021-07-28 12:00:00,15631.7999,34.31856972613258,31.83880791944837,51.151704860796244,50.10855980219573,0.0052521143134642845,0.0,0.0052521143134642845,13.0
2021-08-03 09:30:00,15937.1,64.18452939293478,64.02640170032619,51.92614166129492,28.569209234428246,0.011871664230004075,0.0,0.011871664230004075,23.0
2021-08-09 10:00:00,16298.7999,56.03687415479401,55.85788766024059,67.27042880137753,28.438048662979053,0.0007853400298509783,-0.006282671155438901,-0.0028100167055857828,21.0
2021-08-10 09:15:00,16317.2999,52.67285847674303,50.62090890551981,68.94326501630518,36.38905423681208,0.002408492841392329,-0.00670454062071868,-0.0029232716376070833,24.0
2021-08-11 13:00:00,16232.3999,46.27374206904017,45.08205513414119,70.42805228364922,22.692167586704365,0.0030864259326188748,0.0,0.0026428624395828937,9.0
2021-08-13 14:00:00,16520.0999,76.85513434338796,76.70266167148185,73.56468843427004,56.60617926789654,0.0009261505737021558,-0.00023002282207740254,-3.0266160799707897e-05,5.0
2021-08-18 10:00:00,16698.0,70.62060205651557,69.11452678384924,80.61476845795801,43.77606388946849,0.0,-0.009348424961073132,-0.008743562103245894,21.0
2021-08-20 14:00:00,16466.7,41.944828369512734,40.796284655787915,80.15023621613418,18.893411048945044,0.001226718164538232,-0.003157888344355597,-0.003157888344355597,5.0
2021-08-27 11:15:00,16673.0999,57.929282625096064,57.86934613432523,73.04234852019542,20.103597105437704,0.0022911156431084656,0.0,0.0011275707644504696,16.0
2021-08-30 09:15:00,16815.9,68.28922785404583,66.91358543043748,73.6932869962011,37.816007244783876,0.007308553214517177,0.0,0.007308553214517177,24.0
2021-09-02 14:30:00,17235.7999,71.02438747477996,70.09204640098338,79.12280312437292,29.372240551087692,4.641502016977661e-05,-0.000232075100848661,-0.00022626742144993273,3.0
2021-09-06 10:00:00,17400.5,71.08603292877258,70.44619599972128,81.51712700660492,33.211896309022684,0.0,-0.0025976322519466466,-0.0013850176719059082,21.0
2021-09-07 13:00:00,17410.0,62.54686329260854,62.35320413069047,82.72142904828557,33.27906152772134,0.0007869040781161019,-0.003078690407811502,-0.0030384893739229257,9.0
2021-09-09 10:15:00,17336.4,50.73044557394753,50.18176674092601,83.48846483491721,17.87109088976707,0.0017477677026371818,-0.0015920317943748374,8.074917514599989e-05,12.0
2021-09-09 13:30:00,17349.5,49.71064396835579,49.2436305814786,83.48846483491721,17.954750106456906,0.0008588143750540844,-0.0013602697484076387,0.0004899276636214367,7.0
2021-09-13 11:45:00,17324.7,48.57499856087505,47.818692908032816,83.49776840984269,21.171783371983516,0.0022222607029269703,0.0,0.001506513821307287,14.0
2021-09-15 09:45:00,17437.2999,56.49536843244097,55.73180537487906,83.28919046493552,30.128332871718428,0.00499504513310578,0.0,0.004616540431239491,22.0
2021-09-17 10:00:00,17751.5999,80.29420134809507,79.85616264021112,85.53716749770557,67.01559748113297,0.0010984925364390108,0.0,0.0010984925364390108,1.0
2021-09-17 10:30:00,17776.4,82.92154175024992,82.4802884840874,85.53716749770557,71.94162347936513,0.0004612801242096509,-0.011374631533943913,-0.009816385769897185,19.0
2021-09-21 11:30:00,17380.9,36.314192361505874,35.238904538574694,79.30087609228806,41.933566331132745,0.010666875708392531,-0.0004717822437273478,0.010666875708392531,15.0
2021-09-23 09:30:00,17682.7999,57.78678101095343,55.39313153848279,74.33890801168702,29.92470127372443,0.00846585952714407,0.0,0.008256610990660995,23.0
2021-09-28 15:00:00,17770.7,41.22144024634845,38.695477211934964,75.71515490359253,47.04194120354295,0.0,-0.002239641657334812,-0.002239641657334812,1.0
2021-10-01 11:00:00,17528.25,35.737475137896766,35.232442213178366,66.96972146375585,51.99460075494046,0.0,-0.003060796143368516,-0.003060796143368516,4.0
2021-10-01 12:15:00,17484.1992,33.22183303879169,32.34551411504864,66.96972146375585,48.84467612254029,0.0026309469180607614,-0.0007120257472242875,0.002410770977718135,12.0
2021-10-05 12:45:00,17759.3496,61.61526957310123,57.6646249363076,61.75816182859464,23.899581518546007,0.003938837940326456,-0.00016045632662142761,0.003938837940326456,10.0
2021-10-07 10:45:00,17804.5,53.5907651751004,53.117360308769356,59.98696713232225,28.954962430139844,0.0024347552585022303,-0.0008003594596871499,-0.00041279451823983404,18.0
2021-10-08 09:45:00,17887.4004,57.56690092704145,55.81637868459138,59.89014748178577,27.935464821613337,0.0027533346880299625,-0.0016268210779246672,0.0011236736222441923,22.0
2021-10-11 10:00:00,17979.0,62.36992982714189,61.07579829756347,60.84724833688253,19.649571476475735,0.0030063296067635026,-0.001571277601646326,-0.0014072417820791827,21.0
2021-10-12 14:30:00,17974.0,56.15142836560001,54.78053004670542,62.006122268969094,21.208607632118905,0.0017441637921442599,-0.0002976299098699231,0.0017441637921442599,3.0
2021-10-21 09:45:00,18277.8008,40.706263917888464,40.23504610352212,71.11759458870277,34.66183203310734,0.0,-0.008135617716109489,-0.007448948672205802,11.0
2021-10-21 12:45:00,18171.1504,34.70171728136937,33.949365438143886,71.11759458870277,29.864077717673457,0.0,-0.005181312020839268,-0.005181312020839268,5.0
2021-10-21 14:15:00,18102.1992,32.84906840541332,30.48652749994027,71.11759458870277,35.221761452073736,0.0064854219480692255,0.0,0.0064854219480692255,4.0
2021-10-22 15:00:00,18124.5,40.420200961872624,40.32619806842284,68.75962178233766,36.730236586537806,0.0,-0.000717261165825267,-0.000717261165825267,1.0
2021-10-25 10:30:00,18088.8008,39.17098010815321,37.66282922822778,65.26094064050422,24.68280083211307,0.004425323761650279,0.0,0.0026369465022799687,19.0
2021-10-26 12:15:00,18170.5996,49.38852775460195,49.32037401200567,62.87057892028193,23.71389663098286,0.00012114074650559914,-0.002578318879471686,0.00012114074650559914,2.0
2021-10-26 13:00:00,18165.0,49.57594092755603,49.32037401200567,62.87057892028193,22.158206121199093,0.007924536195981213,0.0,0.007924536195981213,9.0
2021-10-29 10:00:00,17857.5508,28.634970628634406,24.752838422008498,56.094619232181806,59.96889587207005,0.002304257759692341,-0.012006148121947557,-0.008329809707163238,21.0
2021-11-17 13:15:00,17997.1992,43.80163050015142,42.71690967605632,50.534153232339705,40.775158497097344,0.0,-0.006112062147981323,-0.006112062147981323,8.0
2022-01-03 09:45:00,17497.5,69.26817640226454,67.55969763216068,51.97024722882393,41.77974231972295,0.00787824546363769,0.0,0.00787824546363769,22.0
2022-01-06 14:30:00,17780.9004,53.56290753254392,52.537600420977604,63.96628540323134,37.768411361893385,0.0,-0.0023424235591578135,-0.00196280273860594,3.0
2022-01-10 09:15:00,17890.0,55.66369071317139,53.56100156516563,65.32366884652681,31.069069131869668,0.004614354387926234,0.0,0.003557875908328567,16.0
2022-01-10 13:30:00,17973.5,63.85957582723225,63.43957144386704,65.32366884652681,26.507621101469823,0.00015854452388253115,-0.0005007371964280694,9.736556597217394e-05,4.0
2022-01-10 14:45:00,17994.75,65.6330602132939,64.66460427226164,65.32366884652681,31.519671913804714,0.0005945734172465578,0.0,0.0005945734172465578,2.0
2022-01-14 14:30:00,18237.4492,60.765222919745895,60.388697219704596,72.94782804075014,20.292770337538762,0.0011022155444853077,-0.00014521767660347074,-0.00014521767660347074,3.0
2022-01-18 13:15:00,18300.3008,58.216952444388575,57.92340286155052,75.20643845382516,26.64673300844028,0.0,-0.011076386241694935,-0.010191089318051016,8.0
2022-01-19 14:00:00,17927.1992,30.029070880863113,28.920683375740264,72.45776846510188,65.33501596074825,0.0014810344719102808,-0.0005242536714824553,0.0007948815562890399,5.0
2022-01-24 13:15:00,17183.0,22.203652197559364,22.081274871911553,57.13414554470314,52.72880537433861,0.0,-0.010507524879241115,-0.010507524879241115,3.0
2022-01-24 14:15:00,17081.1504,20.136490854242084,19.440674481181905,57.13414554470314,59.220618527104605,0.005643671400493266,-0.0015690278097426624,0.00183235901956591,4.0
2022-03-22 12:45:00,17162.8008,49.91578227331415,46.204498497235875,54.117407213364054,38.0119006652478,0.009669121137850567,0.0,0.009669121137850567,10.0
2022-03-24 14:30:00,17223.9492,49.235927185187776,48.766562638571514,57.14241246127662,23.004240926758705,0.00035130154703444383,-0.0015471713072631177,-0.0015471713072631177,3.0
2022-03-25 09:45:00,17231.25,49.89058446965083,48.12920132616999,57.57778390359847,25.792386278009868,0.0,-0.007483450126949509,-0.0056032383025027555,21.0
2022-03-28 12:15:00,17077.5996,41.59658289744288,37.11020477391503,57.73393508926342,23.124060103992125,0.00841745932490423,0.0,0.008028036914508707,12.0
2022-03-30 09:15:00,17414.5,66.15798070631676,63.673375978672695,59.32552603746803,32.27324969960688,0.005110683625714207,0.0,0.0032788538287060742,24.0
2022-04-01 11:00:00,17548.5508,62.40523286791982,61.31634498335206,62.56989124142177,35.890856704215174,0.0007492584515866874,-0.001350607253563063,0.0007492584515866874,9.0
2022-04-01 13:30:00,17582.9004,64.20368716890187,62.22063651340403,62.56989124142177,35.85644507983883,0.005997258563780639,-0.0002758134260942846,0.005997258563780639,7.0
2022-04-07 11:45:00,17752.5,40.2392939182143,36.52209671318434,68.89826350136079,40.89216674993669,0.001520912547528619,-0.005993544571187059,-0.005993544571187059,9.0
2022-04-07 14:15:00,17668.4492,36.88956324544093,35.675771591521894,68.89826350136079,36.12735849187641,0.0,-0.0021054026631832645,-0.0007526863195215228,4.0
2022-04-08 09:15:00,17652.3496,34.504326932312665,33.46135306557819,66.58408403847788,42.95702954355672,0.010216747576764273,-0.0013906817254514259,0.008381388503658327,24.0
2022-04-11 10:15:00,17719.4004,48.432286244369394,48.19957541456703,65.87056417472108,36.90538383848255,0.0,-0.0020571350710038017,-0.0003414788234029631,6.0
2022-04-11 12:00:00,17727.3496,47.905059727924126,46.9267487215584,65.87056417472108,24.275563361406125,0.0,-0.001988452915713923,-0.001988452915713923,2.0
2022-04-11 12:45:00,17739.75,49.012908322099904,47.281550800449935,65.87056417472108,20.834575063542975,0.0005862765822517435,-0.003387849321439207,-0.003387849321439207,10.0
2022-04-12 14:00:00,17549.0,37.18210500109579,33.50640095383383,63.89871960188234,47.35906237893847,0.0022679810815431356,-0.0016554105647046402,-0.0016554105647046402,5.0
2022-04-18 13:15:00,17112.6504,22.294216691254817,21.547767024729314,57.67802376569717,62.190106267790895,0.0042746388367755905,0.0,0.0042746388367755905,8.0
2022-06-02 10:30:00,16551.1992,50.85917494367205,48.625244944933186,52.36752606061634,26.57945073774424,0.00520815434328159,-0.0020753541531901565,0.00520815434328159,19.0
2022-06-06 12:45:00,16570.6504,48.0137144330376,45.62782413973159,55.066480277265434,29.106652534145894,0.002103091861741291,-0.0005522052411411904,-0.00042243363000404877,10.0
2022-06-07 12:45:00,16399.1504,36.186482580178236,35.62111522215485,55.448833200493794,45.230692039513464,0.0012135018897077021,-0.001308006785522231,0.00032311429987252893,10.0
2022-06-09 10:15:00,16365.4004,39.27011857789756,36.463795690077525,51.797333918535735,36.50583421869838,0.007112591024659665,-0.001157942948954771,0.007112591024659665,20.0
2022-07-08 09:45:00,16202.7002,67.38587664067902,66.92992950760602,54.944087886589884,41.93772676094147,0.0004598122478376432,-0.0003857381746777966,0.0004598122478376432,3.0
2022-07-08 10:45:00,16214.4502,68.78842355446393,68.67023935915252,54.944087886589884,44.739296374720716,0.0009620801080261199,-0.0029788120722094025,0.00018809148397780362,18.0
2022-07-11 14:15:00,16234.8496,62.203998311591604,61.3611056632741,58.43229147781683,29.732495999787766,0.00020331571165277396,-0.0022051205204881574,-0.0022051205204881574,4.0
2022-07-13 09:30:00,16123.9004,44.69088676064355,42.03601719413167,59.67147127773765,32.7981757127749,0.0003317807644109827,-0.010202246101693846,-0.009188248272731903,23.0
2022-07-14 09:30:00,16033.2998,39.55728678927644,36.65416903741613,57.85401505831428,37.93693545116897,0.0020582163629223604,-0.005494789038997583,-0.0031372082245977317,13.0
2022-07-14 13:00:00,15972.4502,39.32562043072092,39.096189167496576,57.85401505831428,27.051214157192863,0.0,-0.006292084103664997,-0.0018751161922545556,8.0
2022-07-20 09:45:00,16523.25,74.55275071193802,74.37432981324362,61.22184458217109,33.16971396754214,0.0034981495771111426,-0.0016612470306991423,-0.0016612470306991423,22.0
2022-07-25 14:30:00,16674.1504,58.27019045550864,58.17720662489906,70.60067747061788,33.96149027575373,0.0,-0.003844249839559888,-0.003844249839559888,3.0
2022-07-26 12:45:00,16552.0,44.59230112539919,44.33382537100069,70.80325498100555,23.866080667129346,0.0009093040115999429,-0.005162469792170055,-0.005162469792170055,10.0
2022-07-27 10:00:00,16523.1992,41.15900353412879,38.34007806575129,68.44811705395394,28.83998592730303,0.007289823147565766,0.0,0.007235330068525725,21.0
2022-08-03 14:45:00,17335.3496,60.444890721924885,58.17851146123671,75.81647002782564,28.309696515663976,0.0037957584656957977,0.0,0.00331985228610554,2.0
2022-08-05 09:15:00,17446.1992,58.26927386466689,55.898364732173704,77.72814882767733,28.389645645021552,0.0011893708057626462,-0.004622691686335778,-0.0032756934243877156,24.0
2022-08-08 10:30:00,17460.8008,59.59885395070122,57.08898074999915,78.27188712254035,25.06256059833945,0.004332470249588827,-0.0001890405851260324,0.0038399613378556907,19.0
2022-08-11 09:30:00,17691.75,68.97713919576759,64.84222349975137,80.12498119341087,32.66485864629861,1.7002275071842377e-05,-0.003001376347732787,-0.003001376347732787,23.0
2022-08-16 10:30:00,17820.3008,74.71137980569365,74.41402387860936,82.38766275614594,45.93198740564405,0.0005975432244105239,-0.0024242688428692816,0.00044892620443315323,19.0
2022-08-17 10:30:00,17911.5996,76.03731616686217,75.23925584675281,83.75728129611723,47.63414409559881,0.002138323815590315,0.0,0.0009742960087160135,19.0
2022-08-19 09:15:00,17963.0996,67.30065432412346,66.29688797220193,86.32311934801274,34.44550534085661,0.0,-0.013146417113892861,-0.013146417113892861,24.0
2022-08-22 12:30:00,17565.9004,25.805710013528934,25.154867754300163,81.84997707975259,67.14108243159941,0.0,-0.0013976397133617091,-0.0013976397133617091,1.0
2022-08-22 13:00:00,17546.25,25.29795890803981,25.154867754300163,81.84997707975259,63.952619876297724,0.0007180793616869963,-0.002957919783429408,-0.002957919783429408,9.0
2022-08-29 12:30:00,17344.0,36.89336825270697,36.753747609122186,61.64953906897006,43.174942237874156,0.00102633763837634,-0.002894326568265604,-0.0002825415129150688,11.0
2022-09-02 12:00:00,17555.25,49.013243410527515,47.94024189791387,56.2473877957266,20.001144606153613,0.003286720496717521,-0.0015608094444681253,-0.0015608094444681253,13.0
2022-09-05 09:15:00,17594.6992,50.838684873988136,49.03336279488244,54.818858978547496,22.253866817670726,0.004512745520537376,0.0,0.003364717937320627,24.0
2022-09-06 09:15:00,17722.5,59.99116897211442,58.46795115235993,54.93419421877716,32.70620842273385,0.0,-0.006878284666384515,-0.00400058682465787,24.0
2022-09-07 12:30:00,17616.0996,47.82102706571944,47.083574171708186,54.99575124758974,36.26134693290048,0.0018023285926471733,-0.0003604430120275337,0.0007606905219812443,11.0
2022-09-08 14:45:00,17796.0,62.83753210750956,60.666394389165106,54.74290039470351,20.721989978038334,0.00023036637446627317,0.0,0.00023036637446627317,2.0
2022-09-12 10:00:00,17967.0996,66.57783311072077,64.55374696288337,57.91770671754625,28.069729997671182,0.0,-0.0015834052592441639,-0.0006206010011767793,6.0
2022-09-12 11:45:00,17959.1992,68.94945569813437,68.40252506742965,57.91770671754625,33.07081184855598,0.0010190209371918613,-0.0015367945804619643,-0.0015367945804619643,14.0
2022-09-13 10:00:00,18058.8008,67.53262212626274,66.44717449783637,60.088351026049104,42.05181331132773,0.00035160695720160007,-0.0013816642797233047,0.00035160695720160007,7.0
2022-09-13 12:00:00,18070.9492,69.70224605715775,69.58300694060648,60.088351026049104,37.96812666513525,0.0006087117991566693,-0.0005035485352367086,-0.0002462073215279137,13.0
2022-09-14 13:00:00,18055.9004,59.697254336758476,58.216074943002745,62.86559969380309,32.50787503139837,0.0015977934836193253,-0.0041787558819276205,-0.0030599415579407596,9.0
2022-09-15 14:30:00,17946.25,46.98915850517227,44.38054621020326,63.76752387168902,25.22545532012926,0.0,-0.004120593438740605,-0.004120593438740605,3.0
2022-09-16 14:30:00,17598.4492,26.78449088744376,25.67138845548073,62.26749708576166,65.49204664198707,0.0,-0.0031877581576902347,-0.0027473784451415018,3.0
2022-09-22 13:15:00,17640.0508,39.29683039148062,38.47214454277037,53.08535055902892,43.791568220401174,0.0029506037476945135,-0.0009495437507470728,-0.0004818580227671232,8.0
2022-10-19 10:30:00,17602.1504,75.78801499781608,74.22303172174871,50.014713260342944,44.96118265228168,0.0,-0.005999244274153992,-0.004732421784101826,19.0
2022-10-20 15:00:00,17567.1992,60.89259159795295,56.99352794799261,52.70258557733109,22.825835918730988,0.0,-0.00011095678814865284,-0.00011095678814865284,1.0
2022-10-25 10:00:00,17757.1992,64.43271880085871,60.91729468291445,57.264058673649295,51.52905993531555,0.0,-0.006450837134270637,-0.006450837134270637,21.0
2022-10-28 09:30:00,17813.6504,60.95656830165403,60.28628667987982,62.10003961756967,31.912193896524663,0.0010974056165378165,-0.0047772128726629726,-0.0009936874027796083,23.0
2022-10-31 09:15:00,17951.9004,61.840166494786004,59.77238845028315,64.47306073758455,32.09958100976898,0.0037043431903176494,-0.0006350525429608123,0.0037043431903176494,24.0
2022-11-01 09:15:00,18119.9492,74.46538822996504,74.25137411229757,67.78640529431485,44.36986437921303,0.0026490140491122194,-0.002839367783658009,0.001258325823562556,24.0
2022-11-04 09:15:00,18084.3008,52.40912474106106,47.83429100621984,72.2519798769409,31.477956888455566,0.0,-0.0035003178005090785,-0.002554768387838302,7.0
2022-11-04 11:15:00,18044.25,47.637062484707634,46.18422451179118,72.2519798769409,28.74317131335185,0.004635847984814978,-0.0005541931640272724,0.004635847984814978,16.0
2022-11-09 09:30:00,18233.0,71.17619874864158,69.8771346932333,74.24530461824158,41.52626234955497,0.0,-0.006139922119234309,-0.006139922119234309,23.0
2022-11-10 14:45:00,18003.4004,36.08717679360847,35.78282483057736,73.23188780070525,39.038029035517496,0.0018552273047263146,0.0,0.0018552273047263146,2.0
2022-11-15 14:45:00,18358.0,59.48031286313265,57.7180338954327,71.47543096079183,29.731204192452978,0.003461749645931045,0.0,0.003461749645931045,2.0
2022-11-16 10:30:00,18415.5996,64.80453473660106,64.41457537634288,72.20143695759747,35.46814598454088,0.001102369753955612,-0.002902387169625653,-0.0005837442295389961,19.0
2022-11-17 13:45:00,18400.9492,55.575431925884416,54.7763978271366,72.408976984731,25.09325973060202,0.00021196732612049907,-0.004227977543680206,-0.003641116513706799,6.0
2022-11-18 13:15:00,18269.75,37.50966125817472,37.30402126663361,71.03512208812928,24.65420323256327,0.0,-0.002879054174249829,-0.0028626992706523025,3.0
2022-11-18 14:15:00,18257.6992,37.98598583347386,35.21814646232659,71.03512208812928,25.023024218740147,0.0035520138265834333,0.0,0.002555108367652492,4.0
2022-11-21 10:15:00,18167.1992,39.64506038199614,39.44455024507811,69.3318594540551,32.101455177014344,0.0005779647090564666,-0.0007595447073647232,0.0005779647090564666,3.0
2022-11-21 11:15:00,18183.3496,39.65746470832182,37.94931766852973,69.3318594540551,29.294619520914967,0.0,-0.0023399869075827473,-0.0013969043415412719,16.0
2022-11-23 13:45:00,18284.5508,60.17401407730243,59.58285590293798,63.43465085711487,32.32731826794192,0.0013890633834985344,-0.0016654059666589838,-0.0016654059666589838,6.0
2022-11-24 09:30:00,18342.8496,60.66215055406546,58.59695747803268,62.06285128804149,34.100001763962844,0.007626971983676789,0.0,0.007626971983676789,22.0
2022-11-30 14:30:00,18688.75,65.69406666347722,65.45292760173874,68.18851710593924,25.803627419450052,0.0,-0.0006849468262992708,-0.0006849468262992708,1.0
2022-11-30 15:00:00,18765.1992,68.90972108302755,65.45292760173874,68.18851710593924,29.42281376018678,0.000626159087082856,0.0,0.000626159087082856,1.0
2022-12-05 11:30:00,18650.6504,42.348054002037976,41.75604429369558,72.16791717245833,25.56972338595442,0.0035092181021205704,-0.0004772166015185597,0.0023270180432957144,15.0
2022-12-06 13:15:00,18613.1992,41.88178057815598,41.565645720282845,71.28408687882039,17.607391034717267,0.0020604518109923475,-0.00041899299073744345,0.0018589818777634548,8.0
2022-12-07 13:00:00,18597.0996,42.68091647373635,42.56883752064462,69.40449731653668,31.857218265483226,0.0008146646695379456,-0.0024492421388118135,-0.0024492421388118135,9.0
2022-12-12 09:45:00,18466.1504,38.72124060375051,36.650830840344945,60.21439328724908,37.40648667505853,0.0025127272872207396,-0.00149735594052125,0.0015460071201414127,22.0
2022-12-16 12:15:00,18375.5508,32.85582212750013,25.098343562687152,53.66864542924044,61.07988806684122,0.001428528607697599,-0.00626926513680337,-0.005738668796801405,12.0
2023-01-25 13:15:00,17906.0508,33.48834313714458,32.22454711305392,50.31807449043472,44.8919670167619,0.0016167272350193773,-0.0007009250750031892,0.00022338817445999304,8.0
2023-02-20 09:30:00,17982.3008,46.698476861539476,43.593262222302975,54.15869629395203,37.51747885945588,0.0006505952786641789,-0.008703002009620486,-0.007485226807016909,23.0
2023-02-21 09:15:00,17883.0996,36.73960979747905,32.820684352460376,52.58127788571954,46.55631084469939,0.0019515856188598857,-0.003883510216539987,-0.002292667429979578,24.0
2023-02-22 14:45:00,17580.5,24.998668001809733,22.506455332345332,51.255998298979826,63.42893570478967,0.0,-0.0015926737009754888,-0.0015926737009754888,2.0
2023-04-12 09:30:00,17763.75,66.43865811314461,65.06679428115434,64.1881465266801,40.313345454706656,0.0,-0.0012159369502499073,-9.565547815071351e-05,7.0
2023-04-12 11:30:00,17770.4492,67.04832725909958,66.86861197049866,64.1881465266801,41.577759937722846,0.0016825911187434706,-0.0004895318009180416,0.0016825911187434706,7.0
2023-04-12 13:30:00,17808.1992,71.5294982025369,69.55288860877846,64.1881465266801,49.08030268411452,0.0005447603034449688,-0.001676171726560538,0.0005447603034449688,7.0
2023-04-13 15:00:00,17836.5508,62.009203948272635,60.60341316893552,67.5950888464152,34.6028621819256,0.0,-0.0004709654963112042,-0.0004709654963112042,1.0
2023-04-17 13:30:00,17680.9004,47.87617722289468,46.74624753484322,70.31495278906333,19.854901206813796,0.0017193920734943635,0.0,0.0013121051233342396,7.0
2023-04-19 11:00:00,17649.5996,43.875722663138525,41.10258188863924,67.60054504773655,23.38355722731934,0.00032014323996332195,-0.0031445472564715082,-0.0022323679229528937,17.0
2023-04-20 09:15:00,17671.8008,45.72836162602872,39.490163110759276,65.14923021704652,32.3552693308281,3.956586020370523e-05,-0.004453490670854543,-0.004360098943623325,19.0
2023-04-20 14:15:00,17607.75,42.139641043952196,39.631761747123,65.14923021704652,28.337027794353336,0.001502134003492639,0.0,0.0009172324686572697,4.0
2023-04-21 13:30:00,17592.1992,41.05658878485934,39.93337247925652,63.47675306630782,29.391492057916203,0.0022908335417211045,0.0,0.0015177863606727904,7.0
2023-05-04 10:00:00,18126.25,58.73548469330909,57.402243814233046,74.70282781100164,32.80754494685621,0.007552604130749652,0.0,0.006198171677815223,21.0
2023-05-08 09:45:00,18211.69921875,51.35790566243198,47.149899211448016,73.56092345673437,44.66122300916871,0.00392057818259417,-0.000985587260936116,0.0031875543601243006,22.0
2023-05-09 09:30:00,18314.05078125,66.68872552715945,63.838621511358326,73.2577686773019,27.8919557237447,0.0013514213920025053,-0.0032271157924552707,-0.003044110812288281,23.0
2023-05-10 12:30:00,18286.30078125,55.14680412741871,54.75362479307879,72.7821469102587,21.733107564670924,0.0003335616890460802,-0.0017472736699027935,5.190873547111785e-05,9.0
2023-05-10 15:00:00,18319.400390625,60.15521723868042,56.52100754862849,72.7821469102587,18.224014453455354,0.0,-0.000458551614456737,-0.000458551614456737,1.0
2023-05-12 12:15:00,18291.650390625,50.622290798165665,50.11494830223876,72.79084148347907,17.748314914370813,0.002260572911244374,0.0,0.0011233993481272186,12.0
2023-05-17 14:30:00,18174.7,30.524048811703654,24.826360275731066,71.16737382744967,52.96177128745941,0.0012792508266985525,-0.0004319190963263386,0.0012792508266985525,3.0
2023-05-19 11:15:00,18135.05,34.67653470608401,31.4941465115795,63.32806388837612,36.41117417189986,0.003881985437040436,-0.001337189585912335,0.003881985437040436,16.0
2023-05-23 09:30:00,18404.65,67.70357521948512,65.28538341506137,61.59511085162056,34.31818689062625,0.000584091520349439,-0.0038522873295607774,-0.0038522873295607774,23.0
2023-05-25 14:00:00,18241.1,36.97926477952317,35.75517849956506,61.364215512373065,36.334272721677465,0.005197055002165607,0.0,0.005197055002165607,5.0
2023-05-31 14:45:00,18543.75,47.606413280993124,45.59722833605112,69.28902311940826,36.16207475413948,0.0,-0.001210650488709164,-0.001210650488709164,2.0
2023-06-02 09:30:00,18551.55,44.033724781721155,42.22355889184568,66.32587372372586,34.26022057391141,0.0,-0.0034714080494621102,-0.0034714080494621102,3.0
2023-06-02 10:30:00,18505.2,41.843549150458806,41.03959744978948,66.32587372372586,27.364672940746246,0.003007262823422563,0.0,0.0011159025571190195,19.0
2023-06-06 15:00:00,18608.6,51.33988895022582,48.1992631608814,66.06030517180122,33.42728878566475,0.00045677804885913,0.0,0.00045677804885913,1.0
2023-06-12 09:45:00,18578.9,38.86023849805139,37.76462254412112,64.90043539650102,37.474486547092006,0.00227408511806404,-2.9603474909878358e-05,0.001937681994090168,22.0
2023-06-14 13:00:00,18757.6,68.25668588620782,67.20575242995352,64.26348896252142,58.89917714747926,0.0004504840704568913,-0.00042382820829944823,-0.00042382820829944823,9.0
2023-06-16 09:45:00,18757.3,49.31282710906174,47.75113937108946,63.99017327004599,35.64562355852263,0.0013461425684933026,-0.00036519115224464826,0.000485144450427466,16.0
2023-06-16 14:00:00,18789.85,59.27322523500075,57.15684249313405,63.99017327004599,16.73466490305252,0.003302314813583118,0.0,0.001796182513431388,5.0
2023-06-20 11:45:00,18717.85,44.062931929698465,43.85890111573505,64.24230356175653,26.600895690400584,0.00618927921743162,-3.205496357749915e-05,0.00618927921743162,14.0
2023-06-21 12:30:00,18842.15,60.05250801105869,59.103191361626216,64.68086383277759,22.034381292439374,0.0012259747427973977,-2.1228999875333443e-05,0.0010587963687793689,11.0
2023-06-22 09:15:00,18874.5,63.48376732271974,62.724801587536206,65.39755834182313,20.155960346131874,0.0,-0.005727304034543912,-0.005041193144189382,24.0
2023-06-23 12:00:00,18717.0,41.488857212160205,41.305089230726594,63.800056470803185,40.27332542823994,0.0014745952877062152,-0.0026793823796549265,-0.002588555858310637,13.0
2023-07-10 09:30:00,19395.2,44.81932539992288,43.558047344943546,74.20653248020781,31.708145828324465,0.0018587073090248207,-0.0025882692624979997,-0.0009718899521532487,13.0
2023-07-10 13:00:00,19393.05,48.004966102213125,45.42827744443558,74.20653248020781,16.76363994406544,0.0002578243236623923,-0.0019207912112844117,-0.0012994345912582528,9.0
2023-07-11 09:15:00,19448.6,50.93665720445206,46.55060294053286,73.08241503302061,24.51524006106441,0.003213598922287453,-0.0010514895673723323,-2.3137912240289715e-05,24.0
2023-07-13 09:30:00,19524.0,50.488700271768735,47.15980065260143,71.41267611249522,24.938587669426276,0.0019386396230280933,-0.006945298094652608,-0.004138496209793008,23.0
2023-07-14 12:00:00,19485.3,51.31415227696754,50.83892836636487,70.86411821349316,16.054725508249184,0.0,-0.0007107922382513232,-0.0007107922382513232,1.0
2023-07-14 12:30:00,19492.1,52.640178584315684,51.646745476961534,70.86411821349316,15.760025640320952,0.004886595082110201,-0.0006695020033756771,0.004886595082110201,11.0
2023-07-20 12:00:00,19860.15,63.91492835502913,61.98154318960455,76.7712568213398,21.47286295231975,0.006389679836254825,0.0,0.005528659149099946,13.0
2023-07-24 10:30:00,19775.7,46.7190118281133,45.34714252016338,76.0439162777678,28.92338332922317,0.0,-0.005281734654146275,-0.0031301041176798883,7.0
2023-07-24 12:30:00,19733.2,43.30156300462328,42.803152952470334,76.0439162777678,30.629413880760453,0.0014087933026574184,-0.0034358340259055264,-0.0034358340259055264,11.0
2023-07-25 11:00:00,19673.15,38.93498333828952,38.81498672426371,71.92077597491961,22.49736680128852,0.0,-0.0006989221349911201,-0.0006989221349911201,2.0
2023-07-25 11:45:00,19665.3,38.305770726240425,38.059231659525786,71.92077597491961,27.447709486637798,0.0018509760847789103,-0.0014187426583880391,0.0006890309326579303,14.0
2023-07-28 11:15:00,19607.45,37.550866244293914,36.82866191835673,65.33335778720728,35.27290881424276,0.0,-0.0014025281206888618,-0.0014025281206888618,3.0
2023-07-28 12:15:00,19584.9,35.73073050872985,33.96361563246178,65.33335778720728,39.99811918246794,0.003415896941010521,-0.0009854530786475024,0.002711272459905212,12.0
2023-08-02 15:00:00,19542.6,33.92236638901353,29.00354468733442,60.93799442853765,60.755293496269815,0.0,-0.0014225333374269233,-0.0014225333374269233,1.0
2023-08-03 15:00:00,19390.1,31.649862971987005,28.576462916033307,56.697973035071016,52.25356294041975,0.0002243412875644335,0.0,0.0002243412875644335,1.0
2023-08-09 13:30:00,19511.05,44.06974779618902,42.45418987426921,50.10620484408925,35.918796295764835,0.006557822362199817,0.0,0.006145235648517211,7.0
2023-08-10 13:00:00,19585.0,53.26883852776703,52.22872427467624,50.809400713344985,22.999743526044995,0.0,-0.0036354352821036384,-0.0018279295379116656,9.0
2023-09-07 10:45:00,19619.5,63.0883342513739,62.699955779672024,55.27407003452136,34.01490272194147,0.0015800606539413398,-0.0010321363949131745,0.0015800606539413398,11.0
2023-09-07 13:45:00,19646.2,64.1951978604779,63.20100892634295,55.27407003452136,29.16106846988425,0.004273090979426186,0.0,0.003921878022212999,6.0
2023-09-08 12:00:00,19820.05,73.51450266115683,72.50042655317732,59.24126913257814,54.95871550477237,0.0020105902860991787,-0.0007896044661843682,2.270428177530981e-05,13.0
2023-09-13 13:00:00,20084.4,70.06487867564579,69.44622920000981,70.66445334052634,39.02369661731626,0.00017177510903976234,-0.0013318794686423274,-0.001048077114576662,9.0
2023-09-15 10:00:00,20160.85,69.11077311145543,67.3182517231043,75.95620675665835,25.757462389185733,0.0,-0.0005555321328216678,-0.00046377012873954904,2.0
2023-09-15 10:45:00,20167.65,70.10422491386716,69.46625489104676,75.95620675665835,27.953543612762502,0.0014577801578268268,-0.0010437507592606643,6.693888479802901e-05,18.0
2023-09-20 15:00:00,19902.55,24.623834092526238,24.21091628214248,78.48979589705742,75.45938698670554,0.00035171372512565746,0.0,0.00035171372512565746,1.0
2023-09-21 11:00:00,19785.25,19.324839318661024,16.605133645616284,73.33069758051344,77.10958610189384,0.0,-0.0030628877572939084,-0.0018397543624670831,17.0
2023-09-27 11:30:00,19650.3,42.56842220485939,40.643251934265685,52.394236539337456,32.2789123344148,0.003936326671857504,-0.0006844679216093663,0.003936326671857504,15.0
2023-10-16 10:00:00,19749.3,49.80184249415006,48.59289738123941,50.72923083979776,27.901604822343035,0.001212701209663214,-0.0009544642088579192,-0.0009291468558378924,21.0
2023-10-17 09:15:00,19817.85,49.794221612432366,47.69062199203736,51.32192538849582,23.555592592596113,0.0012791498573256899,-0.0017938373738826119,2.52297802234569e-05,24.0
2023-10-19 11:15:00,19640.85,34.88967801170356,31.469903231748148,51.85172138803307,50.85950464104283,0.0010411973005242103,-0.0014739687946294655,-0.0014739687946294655,16.0
2023-11-15 09:15:00,19628.65,62.409094110447256,56.50659763612073,52.889568982429,35.537441879582175,0.0024836145124600417,-0.0005731418105676678,0.0024530469492296536,24.0
2023-11-20 14:30:00,19710.0,48.15389082802014,47.68529526987313,62.57420126817241,17.56067474900067,0.0,-0.0009817351598172541,-0.0008295281582951786,3.0
2023-11-21 09:15:00,19777.35,52.74752444064259,45.47762327679083,63.48578266561781,21.735541846052882,0.0020022904989800416,-0.0005258540704390358,0.00017444197529004057,24.0
2023-11-22 15:00:00,19811.8,56.62012004167023,52.87704666565115,65.1881614470452,41.763409319620266,0.0,-6.056996335523923e-05,-6.056996335523923e-05,1.0
2023-11-28 09:30:00,19824.1,53.9030654918945,50.36665825658095,68.36382433473345,27.692480786147925,0.000564968901488605,-0.0006532452923460053,-5.044365191864131e-05,18.0
2023-11-28 14:15:00,19870.4,59.742438339379184,57.46109517252479,68.36382433473345,27.379770748806727,0.0019149086077783206,-0.0001459457283196075,0.0019149086077783206,4.0
2023-12-01 10:30:00,20261.15,76.9867204591872,76.82678312971818,75.31841973393634,53.668755933648356,0.0010068530167339773,-0.0005379753863922199,-0.0002665199161944187,19.0
2023-12-05 10:00:00,20806.95,92.55003975069589,91.76092032567544,81.13478667811263,81.22436820061489,0.0024414919053488138,-0.0031912413880939017,0.0023910279978565097,21.0
2023-12-08 10:00:00,20992.05,67.7978311325823,65.20782891555683,87.52218092681758,32.917145319662524,0.0003620418205940723,-0.005892707000983766,-0.0009503597790592178,21.0
2023-12-11 10:00:00,21011.2,64.18362101020804,61.36763008190003,88.65989903016407,21.570466804241576,0.0004473804447151508,-0.002098880597015018,-0.0005306693572951771,21.0
2023-12-12 09:45:00,21028.85,63.36414191753653,62.264149224514746,89.60471278568585,23.350746599282537,0.0,-0.00679542628341534,-0.0061082750602147184,22.0
2023-12-13 13:00:00,20819.65,33.509352039732654,29.749917905047102,87.65708789727694,37.791851268766706,0.005658116250753409,0.0,0.005658116250753409,9.0
2023-12-15 09:45:00,21287.7,71.8253191810964,71.00162073441078,86.54555640858567,45.80097830447762,0.007974088323304152,0.0,0.007563052842721296,22.0
2023-12-19 14:15:00,21486.9,66.71071807930863,66.36665584043797,87.23538765985747,41.69811013555932,0.0001023879666213201,-0.002566680163262336,-0.0019034853794638318,4.0
2023-12-20 09:45:00,21569.05,65.7272880025813,64.06605013090531,87.23519130519634,41.31192186158657,0.0,-0.0007696212860556217,-0.0007696212860556217,2.0
2023-12-20 10:30:00,21569.75,66.6999292747414,66.38200323023415,87.23519130519634,36.99417186495404,0.00040566070538594623,-0.021708642891085872,-0.021708642891085872,19.0
2023-12-21 11:45:00,21164.3,38.29532769008095,36.84657474106164,81.0994905217092,56.62148699452903,0.005608501107998043,0.0,0.005608501107998043,14.0
2023-12-22 14:45:00,21363.4,52.62829826395898,51.9080769008231,77.76345129577821,24.850374747338172,0.0,-0.0014534203357144948,-0.0014534203357144948,2.0
2023-12-26 09:30:00,21367.7,54.184842530107346,53.151903835835505,75.52583952120038,19.527609886238224,0.00452084220575899,0.0,0.004045826176893197,23.0
2023-12-27 09:30:00,21556.0,65.80001580731371,62.74188388069065,74.63184987737797,27.49787981607731,0.005218964557431871,-0.0011156986453887408,0.004312024494340427,23.0
2023-12-28 09:45:00,21739.8,74.1258843379829,72.02028612433675,75.05922841916849,47.7403484353072,0.0019089412046109366,-0.002148133837477806,0.001559351971959222,22.0
2024-01-01 14:00:00,21792.65,61.30516982428718,59.224378593363255,75.91106511754266,28.475194278929983,0.0013857883277159644,-0.00473554157020839,-0.00473554157020839,5.0
2024-01-02 13:30:00,21632.7,43.59951049137297,42.30819629926168,75.13225044514782,34.93928029604675,0.0017381094361774707,-0.00019415052212623518,0.0013313178660083747,7.0
2024-01-03 13:00:00,21571.7,39.255842635033865,37.81391261936834,73.98096396394004,44.06931712610165,2.0860664667221585e-05,-0.002623808044799558,-0.002225137564494273,9.0
2024-01-09 09:15:00,21664.55,39.5729607453452,36.68853187415544,65.31304925515042,42.38145537770148,0.002340228622334628,-0.005654398545088646,-0.00519743082593449,24.0
2024-01-10 14:00:00,21531.9,42.10483966702215,39.01950383393238,63.00616890563108,38.24396593085408,0.004342394307980335,-0.0006316209902518244,0.004342394307980335,5.0
2024-01-12 09:15:00,21733.45,57.29142511376263,56.123900287018216,61.95395936190212,37.21085109503998,0.00834428036045809,0.0,0.008042901610190611,24.0
2024-01-18 10:30:00,21452.7,24.9049787370342,22.90952334628032,63.01676192983187,67.72691370252886,0.0032210397758789533,-0.0010954332088735086,0.001144378096929577,19.0
2024-01-23 09:30:00,21722.3,51.31831720773813,48.29064556642326,54.410544549285945,41.563910437415025,0.0,-0.023123702370375088,-0.02206258085009416,23.0
2024-01-24 09:45:00,21372.95,29.82777351690924,28.729646367148938,50.12447886594349,65.50070268216304,0.004105656916803646,-0.006903586074921808,0.004105656916803646,22.0
2024-02-02 09:30:00,21937.3,57.29664841214587,54.46648588853732,51.26853324887901,35.31707350319472,0.006915162759318694,-0.00414818596636779,-0.0037310881466724455,23.0
2024-02-06 11:45:00,21898.25,53.50320212825794,50.62776506514915,53.56627323240669,17.252654988419906,0.0018517461440983318,-0.001011496352448349,0.0018517461440983318,14.0
2024-02-08 09:15:00,21998.5,56.75040709498743,55.820200736381196,56.71438814454863,22.711711699596247,0.0,-0.014889651567152273,-0.010855285587653696,24.0
2024-02-09 10:00:00,21749.65,40.389591510060434,40.14993847751117,55.62702346553197,45.337513662207044,0.0,-0.0035012057665296803,-0.0032253392583329044,4.0
2024-02-09 11:15:00,21673.6,39.12375186880378,37.860570414067055,55.62702346553197,54.86774819050243,0.005186032777203753,0.0,0.005186032777203753,16.0
2024-02-12 11:15:00,21720.2,43.57415877823766,42.240022975185276,55.04559963369761,25.07419578175326,0.0,-0.004866437693943904,-0.0039018977725803206,10.0
2024-02-12 14:00:00,21688.35,40.085276814088935,37.63395972320704,55.04559963369761,39.53042550932037,0.0,-0.004165830964550032,-0.0034926585009924516,5.0
2024-02-14 12:15:00,21656.8,45.98843180172233,44.46181174161319,52.26683598379985,24.2293466333036,0.008860958220974435,0.0,0.008860958220974435,12.0
2024-02-15 13:30:00,21943.95,65.4062057848346,62.827743171990846,53.13504894478996,24.767539963152537,0.0004033002262582297,-0.00234916685464559,-0.0007701439348887229,7.0
2024-02-16 09:30:00,21994.1,68.16945570199601,67.57774569051227,54.56361690678256,31.350749122134484,0.003021264793740208,0.0,0.0018914163343806134,23.0
2024-02-22 12:15:00,21958.15,38.96697875541838,36.8668751162208,60.609121195142926,44.04876659446166,0.011783779598918853,0.0,0.011783779598918853,12.0
2024-02-26 14:00:00,22153.95,50.250555939001806,48.85176552708957,62.047234701204445,38.65121384273256,0.0002685751299429384,-0.0016611033246892726,-0.0016611033246892726,5.0
2024-02-27 09:45:00,22140.45,48.11011600745802,46.81088383522583,61.17832727832391,33.77732038354088,0.0,-0.0014182186902254035,-0.0013843440399812224,2.0
2024-02-27 10:30:00,22135.05,46.50295834873205,45.474353968166625,61.17832727832391,34.81024817052106,0.003203064822532742,-0.00048565510355746966,0.002672232500039673,19.0
2024-02-29 09:45:00,22015.25,39.04011628024038,38.65722566723552,57.85877394777245,44.391126174357304,0.0,-0.006438718615505157,-0.006438718615505157,1.0
2024-02-29 10:15:00,21902.4,37.56925667642726,36.39709508747422,57.85877394777245,44.224658051351675,0.00637601358755191,-0.0009154247936300486,0.00637601358755191,20.0
2024-03-06 13:15:00,22287.4,45.414118444791086,45.37338319768783,61.55062871745703,24.201025206800583,0.008643897448782578,0.0,0.008643897448782578,8.0
2024-03-12 09:30:00,22428.55,41.21486106732861,39.833281963248446,62.17062457940487,34.346307110861716,0.00041019147470522377,-0.004634717803870592,-0.0030764360602891783,10.0
2024-03-12 12:15:00,22382.55,45.74021326862218,43.666741949892355,62.17062457940487,34.52359277044857,0.00027476762031142243,-0.0028124588127804717,-0.002227181442686299,12.0
2024-03-13 09:15:00,22345.7,42.76242887794404,42.609667620763275,60.775066787786706,33.03984578352122,0.0,-0.01842188877502171,-0.01631857583338192,24.0
2024-03-14 09:15:00,21992.95,25.24149930334117,23.505805340013364,55.38079491993782,48.88678098374102,0.00946894345688043,-2.2734558119408277e-06,0.007279605509947329,24.0
2024-03-15 13:00:00,21994.05,37.609289322346775,36.41786626058185,53.477280571298316,31.595926847376255,0.0024597561613255436,-0.0006024356587349677,0.00010457373698802286,9.0
2024-04-03 12:00:00,22479.0,59.14363590573147,58.52708038732299,57.4083662171537,17.755501469186118,0.0010565416611059142,-0.002148672093954307,-0.0014880555184839661,13.0
2024-04-04 12:45:00,22468.85,50.72760405290526,48.89552898153214,59.20689246509868,27.636237611808667,0.004232526364277733,0.0,0.0032200134853364037,10.0
2024-04-09 10:00:00,22749.05,69.74975761701998,68.83781321296446,65.33528210870294,49.78924375410372,0.0004879324631139603,-0.005782659056092432,-0.004703493112899193,21.0
2024-04-10 13:30:00,22743.0,61.63771994261363,60.76893285703852,66.74187262213594,23.651333343248048,0.00042430637998513987,-0.0009541397353032277,-0.0003495581057908481,7.0
2024-04-15 11:15:00,22378.75,34.26663173055276,29.818175133243116,65.79107013874449,55.7920968936809,0.0008981734904764949,-0.004859520750712165,-0.004526615651008203,16.0
2024-04-16 10:15:00,22190.8,22.123487490746477,21.19719664642173,60.43094433880418,66.17419297222564,0.0004619031310273414,-0.004087279413090172,-0.0006016006633379201,20.0
2024-04-19 11:15:00,21909.75,31.80292788663126,30.717816611455863,50.1299818210335,56.760574688796105,0.011526831661702985,0.0,0.010951745227581355,16.0
2024-04-25 13:45:00,22497.3,60.543097831427296,58.655535264806815,50.656470493758746,23.6944597386465,0.004616109488694287,0.0,0.002753663772986137,6.0
2024-04-29 10:30:00,22528.05,52.509517870108816,51.25091388624613,53.51121959821743,25.894790806786364,0.005548638253199956,0.0,0.004665295043290607,19.0
2024-05-03 09:45:00,22767.7,57.254993653799275,54.390566188721415,58.079205752530314,29.80490141516419,0.0,-0.01721956982918782,-0.013754134146180874,20.0
2024-05-03 15:00:00,22490.6,40.45767671583553,37.427034028903385,58.079205752530314,34.025334195335574,0.0,-0.001507296381599299,-0.001507296381599299,1.0
2024-05-07 13:15:00,22283.9,30.399537731477047,28.979536579212432,54.82247642821229,41.6660531621097,0.001819699424247867,-0.0010523292601385403,0.0009244342327867638,8.0
2024-05-21 12:45:00,22582.15,67.35943910545025,66.5073739781184,51.93393064081581,29.72235462220385,0.0,-0.003303494131426943,-0.003303494131426943,10.0
2024-05-23 12:45:00,22842.05,78.11688978527653,76.31278133131363,57.30403364422655,53.05968002816479,0.003773741848914547,-0.0005122132207924235,0.0034344553137743983,8.0
2024-05-23 15:00:00,22978.65,82.58390842596778,82.3632599818577,57.30403364422655,58.23821380344237,0.0,-0.0012032908808830012,-0.0012032908808830012,1.0
2024-05-29 13:00:00,22764.8,34.805060573869554,33.442737836287264,68.8301161574272,54.64815889487587,0.0007072322181613799,-0.0025917205510261887,-0.0025917205510261887,9.0
2024-05-30 12:00:00,22567.45,23.154900664895305,23.117421358572543,65.95818263861626,55.6800374691884,0.0012407250265316083,-0.0065093752284818285,-0.00045862514373584684,13.0
2024-06-04 14:15:00,21909.75,42.73452412547783,42.464657681927456,61.74079674638604,39.18886797720004,0.0036513424388684435,-0.004970389894909832,-0.004970389894909832,2.0
2024-06-04 15:00:00,21949.7,43.17641782151729,42.464657681927456,61.74079674638604,34.4759252869121,0.0021298696565328346,0.0,0.0021298696565328346,1.0
2024-06-07 09:30:00,22942.5,62.45022616907186,60.0858430583817,54.57389330303113,23.831051317949143,0.015979078130107904,0.0,0.014276996839925893,23.0
2024-06-12 10:45:00,23424.85,63.30445825443296,62.92445885637502,57.917532298892624,26.648218437448335,0.0004354350187942835,-0.00497121646456633,-0.00497121646456633,18.0
2024-06-18 09:30:00,23553.7,67.66322331087406,63.71866268367023,61.03046885422326,27.931686578137345,0.00037361433660110244,-0.001207878167761356,0.0003651231016781331,23.0
2024-06-20 12:00:00,23556.6,55.64759156360407,54.935554706454965,63.11688143907199,22.741738151447066,0.0,-0.0007789748945092878,-0.0001740488865116241,4.0
2024-06-20 13:15:00,23607.05,59.70995941722224,56.47673223313467,63.11688143907199,25.458480479615577,0.00022450920381822392,-0.0030033401039095686,-0.0011818503370814026,8.0
2024-06-24 10:30:00,23480.1,44.94650299006304,44.930454696788665,63.14851525031618,14.869110137385787,0.002919493528562578,-0.000440798804093645,0.002919493528562578,19.0
2024-06-26 10:45:00,23764.3,68.83274108575333,68.72934083961852,64.42400843515937,42.42206540112099,0.004666663861338183,0.0,0.0031959704262276567,18.0
2024-07-01 13:30:00,24138.15,64.31712541870279,62.33411258135302,69.70853527802754,26.13102137651858,0.0003832108094448117,-0.0006214229342348387,-0.0006214229342348387,7.0
2024-07-03 09:30:00,24283.35,60.34228475059602,57.076770521591804,72.56182576699656,29.991848077041503,0.0,-0.0012807129164632558,-0.0005991759786025952,11.0
2024-07-03 12:30:00,24275.05,65.48109405047062,65.39321043871115,72.56182576699656,32.168150618012305,0.0002966008308942225,0.0,0.00029454110290205726,3.0
2024-07-03 13:30:00,24286.3,67.09838505354209,67.06351693069969,72.56182576699656,30.22630175339933,0.00040351967981955283,-0.0015708444678685929,0.00018528964889674704,7.0
2024-07-04 09:45:00,24398.9,70.59194197012596,69.51469643322137,74.3834734699071,38.04748954716763,0.0,-0.004016574517703653,-0.003862879064220115,22.0
2024-07-08 10:15:00,24323.05,55.07760626400547,54.74516930246981,77.08500638041798,26.022677407264343,0.0,-0.0028943738552524856,-0.001058666573476641,10.0
2024-07-08 13:00:00,24298.05,51.866867370238154,51.03439017070611,77.08500638041798,15.775687432561302,0.0,-0.0005988134850327675,-0.0005988134850327675,2.0
2024-07-08 13:45:00,24296.2,51.978352097791515,51.709388470850215,77.08500638041798,14.312884537361393,0.0014343806850454222,-0.00030045850791482476,0.0014343806850454222,6.0
2024-07-10 14:45:00,24294.0,47.79162133936758,46.400344254413035,79.41569086729838,30.095766787373282,0.0015168354326169364,0.0,0.0007573886556351273,2.0
2024-07-11 12:15:00,24272.55,45.99379804992607,45.27251482416209,77.71277472328845,23.978289255126263,0.002717061042206037,0.0,0.002717061042206037,12.0
2024-07-18 13:30:00,24713.4,60.505229500747234,59.241264557214656,78.91685051761351,31.552498371320258,0.004349866873841757,0.0,0.0026685927472545057,7.0
2024-07-22 10:45:00,24568.7,43.00583508978379,42.10454046727956,76.40432281366111,35.0096209824791,0.0,-0.003292807515253182,-0.003292807515253182,9.0
2024-07-22 13:15:00,24513.2,38.65802935400502,37.26497466838393,76.40432281366111,31.623630146735497,0.0004181420622357823,-0.0006098754956513908,0.00011014473834514149,8.0
2024-07-23 12:30:00,24352.5,39.12932552676432,38.43732824676017,73.04572540307396,34.26242812208671,0.007288779386100064,-0.0029914793142387097,0.005087773329226941,11.0
2024-07-24 13:30:00,24374.4,41.88650279362777,40.364006949243034,69.7105276913881,31.35989894319733,0.0027692989365892817,-0.002049281213076015,0.0027692989365892817,7.0
2024-08-01 09:30:00,25045.55,67.41292190700354,64.35798180135092,70.4888194514311,25.939823317491392,0.0003194180203669461,-0.0028947258095749495,-0.00157912283818884,23.0
2024-08-02 14:15:00,24767.85,39.72599104521472,39.1711474750046,72.21834353060076,37.02742247323538,0.0,-0.002761644632053195,-0.002761644632053195,4.0
2024-08-05 13:00:00,24021.6,20.96564305641283,19.336295763311316,67.9364813440712,72.07742221223754,0.0037195690545177573,0.0,0.0012572018516667782,9.0
2024-08-08 12:00:00,24306.6,51.17490280012101,48.277551615550664,50.63954685444082,24.11085932928998,0.00045049492730364626,-0.00855323245538242,-0.00855323245538242,13.0
2024-08-22 09:30:00,24830.85,73.64685148802106,72.14162621719098,54.77709171902023,35.68651154076838,0.0005195150387522496,-0.0009947303455176693,-0.0008034360483026859,23.0
2024-08-26 09:45:00,24981.2,68.18813847958015,66.29757059626753,59.089262021581945,35.58576569981774,0.0010868172865994286,0.0,0.0010447856788304843,10.0
2024-08-26 12:30:00,25016.15,74.76498541556167,74.46358990183774,59.089262021581945,53.40036096622879,0.00047169528484602985,-0.000329786957625422,-0.00018787863040481412,11.0
2024-09-03 14:45:00,25299.8,59.5983502919996,59.33659957681314,72.42257403576244,17.60673223936081,0.0,-0.0012233298286943306,-0.0012233298286943306,2.0
2024-09-04 13:00:00,25153.2,42.51947597391292,40.61788784322442,73.8378613387921,26.605134299016257,0.0022621376206604094,0.0,0.0021130512221108066,9.0
2024-09-06 12:15:00,24948.6,29.562464317223565,26.52501867171375,71.25182194998696,64.44134684160407,0.0,-0.005222737949223566,-0.0032106009956469617,12.0
2024-09-12 12:00:00,25011.2,49.59580838867555,49.558692120702865,57.27276957423602,25.263828577766898,0.0,-0.000915589815762563,-0.0006457107215968039,6.0
2024-09-12 13:45:00,25011.4,50.18343357658459,49.750966408072074,57.27276957423602,24.314920061474183,0.016134642602972926,0.0,0.012136465771608096,6.0
2024-09-18 12:30:00,25476.3,67.8104638575492,67.01351027890273,64.01476140527788,34.59730854942963,0.0,-0.005687639099869246,-0.005214650479072658,11.0
2024-09-19 09:30:00,25604.95,53.336352384444595,51.180611378267834,63.90726955772349,40.51680305262622,0.0,-0.008283554547070082,-0.006246838990117132,23.0
2024-09-20 09:15:00,25488.3,53.722834749256165,53.222351677768366,64.89524482607547,31.3685139176049,0.013027545972073451,-0.001118160096985621,0.013027545972073451,24.0
2024-09-23 15:00:00,25938.75,73.99394557043908,73.07588713288922,68.18401115731228,31.29308436144779,0.0,-0.000331550286733151,-0.000331550286733151,1.0
2024-09-24 09:45:00,25963.65,75.50117825151878,74.29132688333789,71.22472284786603,29.10745337684866,0.0005950627126769525,-0.0020028000685573533,-0.00045255578472214175,22.0
2024-09-25 15:00:00,26017.55,60.36004322304575,58.510245309499275,73.68501389019976,39.86841449668352,0.0,-0.00015566415746293139,-0.00015566415746293139,1.0
2024-09-26 14:30:00,26189.9,73.60015319517413,73.2133019327521,75.87830944354243,40.66920497172708,0.0008858376702467474,-0.00020045895555154125,-0.00020045895555154125,3.0
2024-10-01 09:15:00,25850.0,30.943229749132996,28.836863042986167,74.89864081726965,59.336283949085484,0.0004371373307543447,-0.004032882011605454,-0.001448742746615106,24.0
2024-12-05 13:00:00,24631.1,62.80651175598608,60.21546816115131,55.882849811672244,45.21641641323036,0.007981779132884892,-0.004417179906703317,0.002860205187750431,9.0
2024-12-10 11:30:00,24654.65,52.9145080023589,52.75340263240666,62.19258510719378,17.353919758164952,0.0,-0.004988916898029383,-0.0017298967943167876,14.0
2024-12-13 11:30:00,24364.75,24.74971626325099,24.196907405398075,62.50259714038425,65.51638574222899,0.01709642003303946,0.0,0.01709642003303946,15.0
2024-12-16 14:45:00,24674.5,53.26446786820526,52.849499620479946,63.92578897037404,20.07793690943162,0.0,-0.0010638513445054842,-0.0010638513445054842,2.0
2025-02-07 10:00:00,23612.0,48.34794658911477,48.02669937898446,56.28015410664618,39.193052609227344,5.0821616127461056e-05,-0.003193291546671251,5.0821616127461056e-05,3.0
2025-02-07 11:00:00,23615.95,48.71720269605437,47.899957969620814,56.28015410664618,28.217696363654266,0.002864589398266837,-0.002889995956122826,-0.002889995956122826,8.0
2025-02-07 13:15:00,23567.7,44.384168932118236,43.30970599182492,56.28015410664618,19.571411383165227,0.0001973039371681029,-0.004652554131289954,-0.003284155857381177,6.0
2025-02-07 15:00:00,23573.7,39.46419662716531,38.805796597060294,56.28015410664618,25.429596385001915,0.0,-0.00044753263170393964,-0.00044753263170393964,1.0
2025-02-10 14:15:00,23338.75,33.28799351412846,32.24366305206139,56.282983491726704,43.09052310608208,0.0026415296449038284,0.0,0.0015982004177601539,4.0
2025-02-11 15:00:00,23073.4,27.92415842014088,24.837188617585163,54.18844005133221,59.14155350235866,0.0,-0.0001256858547071804,-0.0001256858547071804,1.0
2025-02-12 10:15:00,22857.85,22.051947100639566,21.342049699926797,50.07813701949039,62.05011611979797,0.011503706604077069,0.0,0.008747541872923259,20.0
2025-03-27 10:00:00,23600.35,46.8954974710126,45.71909350693877,69.4295950621302,34.56748959654419,0.0007393958140451407,-0.0010190526835406333,2.9660577067769367e-05,21.0
2025-03-28 10:45:00,23623.95,49.29903455349303,48.58091847609745,70.33065545057374,26.86853099454371,0.0,-0.0023239128088232697,-0.0023239128088232697,3.0
2025-03-28 11:45:00,23589.5,49.455605824082454,48.92446200084804,70.33065545057374,18.99131459831958,0.0002946226075160041,-0.004928040017804558,-0.0007503338349690303,10.0
2025-03-28 14:30:00,23594.5,47.45639149762986,45.403661841823634,70.33065545057374,30.981377967610786,0.0,-0.0042107270762253846,-0.0042107270762253846,3.0
2025-04-01 14:30:00,23161.65,27.58460849529139,26.781630119451098,69.55099331126422,53.261533266432835,0.0007793054467191141,-1.5111185947547234e-05,0.0007793054467191141,3.0
2025-04-04 14:15:00,22895.4,25.603410391497214,25.468649881959575,61.07035799909528,52.072125602998135,0.0,-0.0013299614769779478,-0.0013299614769779478,2.0
2025-04-04 15:00:00,22911.0,28.05896768444383,25.468649881959575,61.07035799909528,50.07930949026672,4.582951420717407e-05,0.0,4.582951420717407e-05,1.0
2025-04-07 11:45:00,21965.2,17.008651175691828,16.908705888821796,56.47408600900918,61.177334878310596,0.0,-0.003380347094494973,-0.003380347094494973,1.0
2025-04-07 12:15:00,21846.15,15.722565495194925,15.131758400511103,56.47408600900918,60.63067937419553,0.01793679893253497,0.0,0.01793679893253497,12.0
2025-04-17 12:45:00,23738.35,76.51644736850878,75.65480998592236,51.37712719970331,40.055161617860506,0.005111981245537356,0.0,0.00418731714714804,10.0
2025-04-21 09:30:00,24030.0,83.51663636960093,82.35287004774484,55.153509352910376,57.40337301477864,0.0061423220973781945,0.0,0.003795255930087338,23.0
2025-04-25 13:00:00,24047.15,40.343198002210464,38.27486810188279,66.57296176139917,35.742731353080345,0.004183447934578366,-0.002307965808838075,-0.002307965808838075,9.0
2025-04-29 09:15:00,24417.1,60.51729760831867,59.577915234487094,66.24417352579772,31.096006659148554,0.0,-0.0043965090039357335,-0.0037535170024285414,24.0
2025-05-02 09:30:00,24529.85,56.148630230627774,52.86893659936499,66.4469339991488,20.458234974070834,0.0021239428696058216,-0.011704107444603151,-0.008813751408997539,23.0
2025-05-05 09:30:00,24449.15,53.60077491430124,51.22062243158625,66.54336124810811,20.591533003808927,0.003006239480718209,-0.00015337956534278163,0.0002842634611017747,12.0
2025-05-05 12:45:00,24474.3,55.53597593486488,55.427484398943356,66.54336124810811,19.284012996090325,0.0,-0.0009499760973755711,-2.6558471539428474e-05,3.0
2025-05-05 13:45:00,24482.6,56.038980236745445,55.77328058653147,66.54336124810811,18.95810092042006,0.0,-0.0014009949923619036,-0.000943527239753883,6.0
2025-05-07 09:30:00,24402.85,47.38168497289671,45.97464461460004,66.60718554031305,33.9377159009346,0.0,-0.0040466584845622044,-0.0040466584845622044,2.0
2025-05-07 10:15:00,24329.25,43.01293893450348,42.793114180655046,66.60718554031305,47.9362614059075,0.0035122332172179416,0.0,0.0032902781631163336,20.0
2025-05-09 11:15:00,24093.9,28.455607961335346,26.662329791049594,63.54594188320064,71.99468797689893,0.0,-0.005331224915850141,-0.0022931115344547726,16.0
2025-05-14 10:00:00,24758.15,55.15089716298888,55.012770066055445,62.049800198753815,36.11179259118224,0.0,-0.007126946076342566,-0.002924289577371564,21.0
2025-05-15 10:45:00,24780.3,52.445098669730235,50.755791620655245,62.020823374057144,34.487196403560034,0.0,-0.006579823488819692,-0.006109691973059106,4.0
2025-05-15 12:00:00,24661.05,50.760516562879424,50.14697025854076,62.020823374057144,23.80011104164482,0.0,-0.0010340192327576991,-0.000709621042088604,2.0
2025-05-15 12:45:00,24683.95,51.90208341013113,50.74297421152475,62.020823374057144,26.576554529410487,0.017075873188853397,0.0,0.014233945539510406,10.0
2025-05-21 09:30:00,24796.65,31.171880324292616,30.845137184828435,62.507743660580374,47.53648073798319,0.004817182966247335,-0.002548731381053493,0.00017341052117925138,23.0
2025-05-22 14:15:00,24492.35,30.98105657126556,30.63741256801032,61.58560243789771,61.812592451971554,0.005905925727829331,0.0,0.005905925727829331,4.0
2025-05-26 09:15:00,25040.5,60.85543040904446,57.35882965967357,59.26001324721268,25.74904192926267,0.0008566122880933058,-0.002921267546574624,-0.0017631437071944367,24.0
2025-05-28 12:15:00,24776.45,44.737228005857425,44.2247341787796,59.128570717368774,16.014209694230612,0.0011623941282952188,-0.0011280873571476446,-0.000778965509586671,12.0
2025-06-02 11:15:00,24630.9,36.06629731105715,35.786933848027935,56.36714152615577,37.62512939383776,0.003932052827951837,-0.00021923681229685243,0.0024278446991381486,16.0
2025-06-06 10:45:00,24942.4,62.619775318832325,58.505340731418116,51.726054651611875,31.072133408336853,0.003343703893771144,0.0,0.0023213483866828533,18.0
2025-06-09 09:30:00,25108.4,71.88925821284336,70.3190096447178,54.353560117900045,53.89740054394036,0.0010375013939558642,-0.0007168915582036473,-0.00021108473658226767,23.0
2025-06-11 11:45:00,25210.55,70.63550794380053,67.69400629880283,59.12227930784665,35.90567687669455,0.00016659692073361931,-0.0033220219312946053,-0.0033220219312946053,14.0
2025-06-13 11:30:00,24679.3,26.086826021750127,25.44833479422806,58.59763766773762,62.702168641640384,0.0022792380659095723,-0.0006219787433192625,0.0022792380659095723,15.0
2025-06-18 09:15:00,24897.2,49.225092948517535,47.727816720245556,54.048557511143365,27.564584317060124,0.0016307054608550864,-0.00526163584660122,-0.0032553861478399337,22.0
2025-06-18 15:00:00,24813.05,45.08877154648248,43.16067884628402,54.048557511143365,31.716989930460066,0.0,-0.0005763096435141835,-0.0005763096435141835,1.0
2025-06-19 13:45:00,24811.3,44.18892663292561,44.00649383817182,52.599838759055466,21.716113152382967,0.000850418962327737,-0.002684260800522309,-0.002684260800522309,6.0
2025-06-20 09:15:00,24830.2,47.023605066818355,42.607092172370876,50.8552867082129,21.25366952647469,0.009544828475002154,0.0,0.00869304314906838,22.0
2025-06-20 15:00:00,25116.6,66.37128918986757,63.70409584351142,50.8552867082129,44.37107344358513,0.0,-0.0014671571789174331,-0.0014671571789174331,1.0
2025-06-23 13:30:00,25021.45,57.72599272383872,55.89487970700321,53.09546857197138,22.95967666391072,0.0,-0.002499855124303285,-0.002499855124303285,7.0
2025-06-24 09:15:00,25199.5,58.2825280626481,54.464553874901725,53.378689381139935,29.862357929118787,0.004335403480227873,-0.006639020615488378,-0.005077481696065478,24.0
2025-06-25 10:30:00,25201.4,56.78292742184816,56.635550762302984,54.64310697111519,34.03494269792487,0.0022736832080756386,-0.0002797463632974173,0.001386827715920358,19.0
2025-06-26 09:15:00,25348.7,63.8744859273244,62.211479241583525,56.96250188396646,19.31748286725013,0.005986500293900576,-0.0016529447269485464,0.005986500293900576,18.0
2025-06-26 14:00:00,25515.95,70.54482524603034,67.90886387337329,56.96250188396646,38.645395282547,0.0011071506253932384,-0.00040562863620607903,0.000566312443785133,5.0
2025-07-02 09:15:00,25568.9,54.845759269973534,53.11014770018133,65.45207699243676,15.908872904298692,0.0,-0.006730833160597527,-0.004929817082471422,24.0
2025-07-03 09:15:00,25435.45,40.31224301012012,40.12866757442775,64.73858075688786,36.65704240205829,0.00530951880151509,-0.0014959436534442982,-0.0014959436534442982,24.0
2025-07-04 13:30:00,25372.7,37.90914465187929,37.355289734689556,63.51618265175633,29.440970005769483,0.0037481229825757634,0.0,0.0037481229825757634,7.0
2025-07-08 12:15:00,25466.15,51.49571729166684,50.34022828645326,62.86919748692169,21.52277302910816,0.00035341031133495626,-0.0005202985139096672,-0.0005202985139096672,9.0
2025-07-08 14:45:00,25482.3,54.97533720437877,52.74974771617772,62.86919748692169,24.173516654197964,0.002107345098362412,0.0,0.0016011113596496873,2.0
2025-07-09 09:45:00,25517.4,59.60237518539067,58.922765215308395,63.31513969432477,21.718465474944054,0.0010737771089530668,-0.002178905374372042,-0.002067216879462652,22.0
2025-07-10 14:00:00,25393.95,39.07699762777652,36.64652603175719,62.50315623943203,29.979932124282932,0.0006852025777792647,-0.0018035791989824412,-0.0018035791989824412,5.0
2025-07-11 13:00:00,25155.7,22.480970918896524,21.45133196943055,59.81978893158066,62.472010646999465,0.0005048557583371416,-0.0006022491920321116,-0.0006022491920321116,9.0
2025-08-25 09:15:00,24947.3,35.17233717814851,33.86686507663347,54.96294938585703,38.22406991433714,0.0022988459672992345,-0.0016454686479098202,0.0012526405663138007,24.0
2025-08-26 13:15:00,24807.6,38.884586581723816,35.56731393208965,55.62670141374932,30.368251353166865,0.00013503926216174023,-0.004538931617730002,-0.004538931617730002,7.0
2025-08-28 10:15:00,24591.2,27.356609753955883,25.548543583271453,53.06434907390196,57.367021313865436,0.002877045447151838,-0.003617147597514636,-0.002362633787696522,20.0
2025-09-10 09:15:00,24990.65,65.38916407396275,64.15088400172668,51.96916036674543,20.137370197550993,0.0015385754272096985,-0.0028910812643928585,-0.0005241960493225228,24.0
2025-09-12 10:00:00,25074.7,69.26191811301682,69.00740159026704,57.37958798430543,35.13472835893788,0.0,-0.00013758888441339767,-0.00013758888441339767,1.0
2025-09-12 10:30:00,25088.5,72.4387934209455,71.54018356633023,57.37958798430543,43.516929104874016,0.0017677421926380887,-0.0002451322318991478,0.0007652908703190686,19.0
2025-09-16 10:00:00,25165.05,61.076166939292555,58.988903176116985,61.851502416942395,31.797145109489538,0.0035525460907090967,-0.0004470485852402506,0.0035525460907090967,21.0
2025-09-17 09:30:00,25333.15,79.14027326983151,76.119791198687,64.74064653298186,45.04474927069231,8.881643222413693e-05,-0.001146718824938997,-0.0001184219096322936,23.0
2025-09-23 12:15:00,25155.6,33.77270437867665,31.16624106812808,68.0900989242982,38.232896132532964,0.0025799424382642044,0.0,0.0011647505923135792,12.0
2025-09-24 11:45:00,25077.5,34.497338545600606,34.4470428706524,65.67014406472582,37.85444842581844,0.0022131392682682716,-0.0014515003489183886,-0.0006619479613197976,14.0
2025-09-25 11:15:00,25031.25,33.99821238927012,33.68838069105762,61.652566490433344,55.783563744148694,0.0,-0.0027525593008739246,-0.0018956304619226483,6.0
2025-09-25 13:00:00,24989.7,32.03559022734229,31.65559624326372,61.652566490433344,49.69456004286676,0.00012805275773630775,-0.0042577541947282915,-0.0042577541947282915,8.0
2025-09-26 10:15:00,24794.95,24.67295555238993,23.632057463593604,56.46657197096374,56.53385796480836,0.00021778628309387926,-0.00606776783175611,-0.00491430714722163,20.0
2025-10-09 10:45:00,25102.55,51.104864437187345,49.805865251622905,50.90196252321419,19.97050878740639,0.0029937197615381717,0.0,0.0026989289932695115,18.0
2025-10-13 14:45:00,25249.2,55.51260856792373,53.294208082519766,56.28391739312955,34.05899302940295,0.0,-0.0011386499374237413,-0.0004772428433376108,2.0
2025-10-14 14:15:00,25145.3,43.09618611179216,39.77312890302972,57.81346418072951,30.081017722366383,0.0013262915932601427,-0.0008729265508863326,-0.0008729265508863326,4.0
2025-10-16 09:30:00,25431.4,67.98321263145381,65.10413894990623,58.68642003495006,38.961244928407744,0.007455350472250766,-0.0003126056764473084,0.005304466132418861,23.0
2025-10-27 09:15:00,25889.05,47.582923045155006,44.34664013126311,72.32128600662563,34.845045773334,0.004140746763593217,0.0,0.003281310051933106,24.0
2025-10-28 09:30:00,26019.5,60.87206164466423,57.658206994096275,73.49033470554612,19.14973947873936,0.0,-0.006758392743903552,-0.0035800073022157486,14.0
2025-10-28 13:15:00,25943.05,50.6675112691086,50.169248701032046,73.49033470554612,26.008922575540623,0.000861502406232173,-0.004482896189923702,0.000861502406232173,8.0
2025-10-29 09:15:00,26010.0,55.1131259527226,52.286657155976435,74.21344657727585,29.862900633214977,0.0027008842752787032,-0.0014494425221068807,0.0022414455978470027,24.0
2025-10-31 09:15:00,25914.9,42.19129233304338,41.94293923195032,72.81693461173955,38.59179876551602,0.0004534071132822337,-0.00531354548927454,-0.004632470123365429,14.0
2025-10-31 13:00:00,25800.65,35.64074128778551,35.10275444332254,72.81693461173955,44.36698721059589,0.0,-0.001368182584547406,-0.0009805954501147518,3.0
2025-10-31 14:00:00,25777.4,34.50032049375168,33.95430520356507,72.81693461173955,43.259295333979296,0.00018233025828817695,-0.0023916298773344336,-0.0023916298773344336,4.0
2025-11-03 09:30:00,25723.25,31.032670683450398,29.033749160455134,68.35346418239706,57.86056136506306,0.0023480703254838975,-0.0007988881653756552,0.0019845859290719137,23.0
2025-11-04 10:45:00,25710.65,38.457110841344075,38.192548002710694,65.39660899330106,34.40965403070577,0.0,-0.0018747095075387632,-0.0015538308055222938,6.0
2025-11-04 12:30:00,25679.35,35.53923655110967,35.512454084175175,65.39660899330106,44.76035474679135,0.0,-0.0007398941172576112,-0.0007398941172576112,2.0
2025-11-04 13:15:00,25671.55,36.42343381147005,33.89180149097882,65.39660899330106,40.92150091014221,0.00013633769678889074,-0.0033227444388826965,-0.0033227444388826965,8.0
2025-11-06 09:15:00,25626.6,28.415679953755497,27.06777778577181,60.63269481209487,41.966068049329664,9.170159131532962e-05,-0.00491676617264869,-0.0041616913675632805,24.0
2025-11-07 10:15:00,25356.85,25.584534677565816,24.586134156111253,56.1940732595659,44.26358032606451,0.0071065609490137405,-1.5774830075421242e-05,0.0060713377253089895,20.0
2025-11-11 12:30:00,25572.9,50.299627642308934,47.48057590755643,50.99689129765854,25.76367532064654,0.005187131690187474,-0.0002170266180215874,0.005187131690187474,11.0
2025-11-18 14:00:00,25988.7,57.90196890447969,56.723839834563634,61.111813171301705,19.7100962826067,0.0,-0.003616956600368648,-0.003616956600368648,5.0
2025-11-19 11:30:00,25968.9,52.83093765375808,51.12918980521728,60.62585919510754,17.335688770982404,0.003565803711362392,0.0,0.0032269368359845174,15.0
2025-11-25 11:45:00,25987.45,39.60245183206982,39.31697934358567,61.41325262502139,28.904759202915734,0.0012621476905199103,-0.00489274630639025,-0.00489274630639025,14.0
2025-11-26 09:15:00,25979.9,40.02880983844879,37.996309433268706,58.44241203095009,28.546683340329803,0.008956924391548826,0.0,0.008575860569132177,24.0
2025-11-28 11:00:00,26266.5,60.15749130525043,60.098098012845476,60.89816880796574,15.639219466034755,0.0,-0.0026250166561970767,-0.0023585175032836414,17.0
2025-12-01 09:45:00,26264.3,55.77699184475814,54.23985111898199,61.54051527804249,36.12364143738507,0.0007862383539634088,-0.0046584146541122085,-0.003363881771073274,22.0
2025-12-02 14:15:00,26041.4,36.018243926648516,35.258819965814666,61.52565308169117,37.80687211560028,0.0,-0.0012403327010069853,-0.00017856182847320046,3.0
2025-12-03 11:30:00,25930.55,30.833356255034403,29.23938629679832,59.50419324101135,50.95885169593876,0.0023871456640911504,-0.0005167649741327773,0.0021036962193243802,15.0
2025-12-04 14:45:00,26043.25,49.078017643618765,45.38153705209373,56.85702822502246,20.356153734258644,0.0,-0.0010040989507837939,-0.0010040989507837939,2.0
2025-12-09 11:15:00,25863.45,38.737994589294196,35.95029418287242,53.71539703639101,36.536656657894255,0.0015871819111525909,-0.0016490452743157524,-0.0008390218628991919,16.0
2025-12-10 13:15:00,25836.3,41.386228608127205,38.407182520576875,50.64468695709381,27.24668631539302,0.0,-0.003764083866497958,-0.002993849738546106,6.0
2025-12-10 15:00:00,25760.1,36.621751654215714,36.601057183842066,50.64468695709381,26.080619608394294,0.0,-0.0006774042026232996,-0.0006774042026232996,1.0
2026-01-02 09:45:00,26254.6,63.696557710261935,63.63530362958908,54.63460976684101,33.11373343637098,0.0030889825021140904,-0.00028566422645937006,0.0030889825021140904,22.0
2026-01-06 15:00:00,26175.95,41.16327058934483,39.39057155671013,58.759078132461006,32.24691768356453,0.0,-4.966390904626028e-05,-4.966390904626028e-05,1.0
2026-01-07 10:00:00,26167.25,42.40873566219305,39.62963260924962,58.05660790030881,30.97005520155478,0.0,-0.003601830532440342,-0.0009305525036065188,21.0
2026-01-08 14:00:00,25926.95,27.7464636534593,26.21074753173378,56.93067852624644,61.446479589674475,4.821238132524108e-05,-0.0022389829887433654,-0.0022389829887433654,5.0
2026-02-10 09:30:00,25949.4,69.45383572202448,66.9350994634759,52.321302379132604,42.53461460869225,0.0010925108094983482,-0.0014855834816991376,-0.00125629108958214,23.0
2026-02-13 12:15:00,25585.3,28.89512712152265,25.58130736925932,57.185020484534334,43.07125983141389,0.0,-0.004875846677584339,-0.004875846677584339,12.0
2026-02-18 12:45:00,25731.85,56.9026585634584,55.478308004130035,53.010348466980126,23.626783460073547,0.0035014971717930443,-0.00029341069530564035,0.0028699840858703585,10.0
2026-02-20 10:15:00,25550.8,36.8738999160511,35.204323751980006,50.79724595517112,37.65849401624348,0.004017486732313724,0.0,0.0005909795388012729,20.0
2026-04-13 13:45:00,23893.7,56.39365521283313,53.58783706399166,51.587235025275454,18.025769034834035,0.0,-0.003130532316049761,-0.003130532316049761,6.0
2026-04-17 11:30:00,24294.9,60.57976209749534,60.464581752627254,56.9583722694094,18.16228708154525,0.0003457515774913933,-0.0011854339799711733,0.0003457515774913933,9.0
2026-04-17 14:00:00,24306.85,62.67868901929642,62.29328476493991,56.9583722694094,15.159018930710264,0.002470496999817051,0.0,0.002470496999817051,5.0
2026-04-23 13:15:00,24271.45,41.16441781801219,34.48267804338274,62.050452479690236,42.00634176177767,0.0,-0.004754557309101903,-0.004754557309101903,8.0
2026-04-24 10:15:00,23957.7,26.436413919053727,25.44055097378483,60.46626865688236,41.64259364509976,0.0,-0.0017322197038948106,-0.0017322197038948106,3.0
2026-04-24 11:15:00,23931.3,23.564600485291585,22.233240533340478,60.46626865688236,52.04588729072499,0.0,-0.0042162356411894475,-0.0011428547550697,16.0
2026-04-29 09:15:00,24111.55,46.769249248198086,43.34573470102967,55.36891794845175,40.494319338577064,0.008711592577001381,0.0,0.0021587164657601576,24.0
2026-04-30 13:00:00,23950.15,44.29399062970537,42.54639661310611,55.26570916295909,37.804199478276836,0.005217086323050069,0.0,0.003906029816097112,9.0
2026-05-05 13:00:00,24068.8,47.96572560113488,44.259604702579324,54.0921214617226,39.95938883693632,0.0,-0.0024097586917503078,-0.0006917669347868971,9.0
2026-05-06 14:00:00,24133.35,54.17363784154721,50.48368513045201,53.32972053486717,21.640720857535584,0.008904689982949021,0.0,0.008533833885473907,5.0
2026-05-11 12:15:00,23929.05,36.59474723358279,34.91433209448072,55.300504227902806,37.99609255287052,0.001562953815550605,-0.005152732766240176,-0.004542595715249953,12.0
2026-05-12 13:15:00,23531.05,19.286961210912416,19.21495572020848,51.92366297688761,70.23078158506428,0.0,-0.003125657376105151,-0.002653940219412232,4.0
2026-05-12 14:30:00,23463.6,17.419650087762815,17.29195994548183,51.92366297688761,68.83572716503083,0.0,-0.004636969603982299,-0.004636969603982299,2.0
2026-06-24 10:00:00,23917.85,36.87955080948812,33.06268063428338,58.91453172939154,46.44198754845724,0.006424072397811731,0.0,0.003984471848431204,21.0
2026-06-30 11:00:00,23938.05,38.710564195765485,38.5927018850155,58.330977611085466,26.48518688320718,0.0016083181378601097,-0.003059981911642806,-0.0008480222908716639,17.0
2026-07-02 09:15:00,24111.65,56.44698094088326,53.24536131837935,56.80441066865217,21.433280899338612,0.001509643678470729,-0.0014868331283840464,0.0003214213875863958,14.0
2026-07-02 13:00:00,24143.25,61.59080779506107,61.46942015882628,56.80441066865217,19.18941966938646,0.0013896223582159362,-0.0004991043045157184,0.0013896223582159362,6.0
2026-07-02 14:45:00,24189.55,68.16854105781951,65.62171088850512,56.80441066865217,31.113822807168987,0.0,-0.0009239526985825863,-0.0009239526985825863,2.0
2026-07-03 09:15:00,24347.75,71.76691424428122,68.9378497287676,58.323698367914204,38.64959310031302,0.0008994670965489782,-0.003737511679724026,-0.0031440276822293223,24.0
2026-07-06 12:00:00,24443.25,72.94792256067214,71.69300212285901,60.34224274867416,53.21833268055536,0.000245466539842365,-0.0018880468022869357,-0.0007895840364926521,13.0
2026-07-09 09:30:00,24047.2,29.870845555469266,28.785813433069162,59.38296035638384,50.81463877658208,0.0013556671878638404,-0.004437107022855047,-0.0027154928640340525,23.0
2026-07-13 12:15:00,24181.75,52.92236648032989,52.710806783181994,56.74329383890648,16.771661314188254,0.0020407952278060915,-0.00042800872558845793,0.0012157929016718416,12.0
2026-07-15 09:15:00,24195.7,44.13696163673298,40.26513554414475,54.84701979004523,43.99386306512311,0.0004980223758765945,-0.005856412503048136,-0.0050525506598280145,24.0
2026-07-16 09:30:00,24140.85,48.659575527455935,45.88982093162024,53.78995327014073,34.27674506065596,0.0011495038492845833,-0.003618348152612638,-0.0024750578376486754,23.0
2026-07-17 09:15:00,24210.0,49.21790085530834,46.50359114686487,53.05779231754003,27.676080981988996,0.0030297397769516454,0.0,0.0016563403552249945,18.0
2026-07-17 14:00:00,24281.6,61.51352276189356,61.288001872622566,53.05779231754003,32.00033296526398,0.0002903433052188209,0.0,0.0002903433052188209,1.0
2026-07-17 14:30:00,24317.65,65.27167017131981,63.5142322938764,53.05779231754003,34.83139556369053,0.0011946055642710895,-0.00024262212837189434,0.0011946055642710895,3.0
2026-07-21 09:15:00,24247.75,55.42781132249726,55.01140036300415,55.404896291063395,15.726209314703986,0.0,-0.003987998886494704,-0.0030827602561062095,21.0
2026-07-21 14:45:00,24182.35,44.85067054089668,44.05703676769449,55.404896291063395,25.628219149167062,0.00044247147196196934,0.0,0.00044247147196196934,2.0
2026-07-22 12:45:00,24003.6,33.380973717576715,33.07422511474518,54.99406040027096,41.283964113409326,0.000731140328950719,-0.0013018880501257657,-0.0005228382409304677,10.0
2026-07-31 13:00:00,24414.8,78.02127759777662,77.56919358427885,52.19273318345583,43.285935900004745,0.00012492422628884725,-0.0022220128774349535,-0.001970116486721074,9.0
2026-08-03 11:00:00,24589.45,78.19830349938832,77.13494661578447,54.899201921189594,56.07531098199697,0.007517451590011159,-0.0006466187734984752,0.007517451590011159,17.0
2026-08-05 09:45:00,24594.25,57.95415035227042,56.05818976837541,61.08525695969644,43.88772657159634,0.0020025005844861443,-0.003704117832420084,0.0012360612744850563,22.0
2026-08-06 09:15:00,24635.25,56.671430495798035,54.86038356182607,62.31567436567767,30.801690441925622,0.001514090581585359,-0.00052972874235091,3.0444180594946246e-05,24.0
2026-08-10 10:15:00,24594.8,49.133996717819684,44.760968092423525,63.11405485651787,23.778204511247033,0.0006424122172166147,-0.0014129002878657815,-0.00044724901198622824,20.0
2026-08-11 14:00:00,24462.55,39.159776133384156,37.221311788678776,63.0583520278681,39.3404102595783,0.00037404113634931235,-0.0005927427843785971,0.00037404113634931235,5.0
2026-08-12 13:30:00,24289.7,27.310958336099002,26.566163638193448,61.12652682927984,47.77293375196553,0.006021070659580019,-0.00047345170998402963,0.006021070659580019,7.0
2026-08-14 12:00:00,24341.45,45.91639197835948,44.23089220460047,56.793090387751164,20.02393487329103,0.002199951112197507,-0.00023006024702731942,0.001008567690092388,13.0
2026-08-17 12:30:00,24303.2,42.889245016096226,41.35199796684647,54.532106906074844,36.05154370152575,0.00207585832318391,-0.0006398334375720127,-0.0006398334375720127,11.0
2026-08-18 14:15:00,24199.1,36.758971345736185,36.434772604533066,51.51552753201719,47.517205257550074,0.0006281225334827667,-0.0018265142092059872,-0.0018265142092059872,4.0
