t,close,fast_rsi,slow_rsi,fast_adx,f15,f30,f60,f120,eod
2017-04-03 12:00:00,9213.3,54.239093315536365,53.720756157842715,15.875536992508675,-1.6280811435565035e-05,0.0004450088459075907,0.0007217826403136396,0.0018071700693564896,0.0032018929156762965
2017-04-05 11:25:00,9247.85,66.74772633763519,65.65778072778701,32.277203109452024,0.0004217196429439074,0.00020545315938291786,0.0009948258243805963,0.0006650194369501872,0.0009786058381135998
2017-04-06 11:15:00,9230.95,38.51385576407997,37.86197587854177,30.59135304092367,-0.000763735043522229,-0.00028166115080252574,0.0007366522405602982,-0.000400825483834355,0.0027516127809164015
2017-04-06 13:15:00,9227.25,40.380376562859766,39.425061292092415,34.80983872435742,-8.669972093522382e-05,0.0006231542442223237,0.0005960605814299136,0.004264542523503723,0.0031537023490206817
2017-04-07 10:25:00,9248.85,53.806763628783116,51.594994589004926,19.513311509634526,-0.0003892375808884907,-0.0004757348210858714,-0.0014758591608685645,-0.0013893619206712948,-0.005568259837709588
2017-04-07 12:15:00,9243.1,50.241927652042115,49.67200809708479,19.334746810136064,-0.0005138968527874654,-0.0003353853144507646,-0.00018392097889241565,-0.00048684965000922453,-0.004949638108426857
2017-04-07 12:35:00,9239.9,49.33324631127805,48.90262712385636,18.889645247828987,-0.00016233941925780648,-3.246788385147248e-05,3.7879197826828914e-05,-0.0009145120618186953,-0.004605028192945726
2017-04-07 12:55:00,9239.7,49.405877817004935,49.107089689182715,16.507402699309914,0.00022728010649686325,0.00011905148435542579,0.0006114917150989996,-0.0042642077123717925,-0.004583482147688778
2017-04-07 13:45:00,9242.15,51.382726337462486,50.022602319088634,11.628469919640859,0.0005464096557621367,-0.0003841097580107311,-0.003548957764156535,,-0.0048473569461650046
2017-04-10 09:15:00,9220.5,33.70043183720086,33.30643984054636,59.64552846038794,-0.0014044791497208609,-0.0024835963342551004,-0.0007429098205087303,-0.00040670245648288805,-0.004723171194620623
2017-04-10 13:35:00,9185.1,33.89953638228311,32.3893217534532,46.40305580354008,0.00010342837856947007,0.00010342837856947007,0.0016875156503468602,,-0.0008873066161499965
2017-04-11 13:40:00,9231.8,60.355079584689946,60.060977479461684,19.869057366656346,-0.0009153144565522409,-0.0003195476505122308,0.0005361901254361534,,0.0004116207023550089
2017-04-11 14:30:00,9237.7,62.12714592147899,59.73365601842712,20.02954927905663,-0.0004925468460764693,-0.00012448986219526503,,,-0.00022732931357372088
2017-04-12 09:20:00,9240.45,62.70577258126188,62.282200854629686,24.503160680401724,-0.003095087360464044,-0.005502978751034893,-0.005768117353592173,-0.005784350329258947,-0.004274683592249251
2017-04-12 10:50:00,9190.05,37.422617504610656,35.70542804625209,44.84431357808078,5.440666808187444e-06,-0.0003318806752954373,-0.0006365580165503815,0.0031936714163687263,0.001186065364171096
2017-04-12 15:20:00,9204.3,48.728040200961196,47.74695234688819,25.35208378851884,,,,,-0.0003639603228924315
2017-04-13 10:00:00,9186.3,41.908519242853345,41.89916759520991,33.45028390762853,-0.0001306293066848374,-1.0885775556968014e-05,3.265732667134813e-05,2.721443889264208e-05,-0.004283552681710656
2017-04-13 13:00:00,9176.35,38.03377479284248,37.808484959338465,38.038880962925596,-0.0003705176894952533,-0.0005939180611027606,0.00039231284770102626,-0.0023320819279996075,-0.0032038882562238635
2017-04-13 15:20:00,9152.65,32.21473411447482,31.814902626308392,58.659894402823305,,,,,-0.0006227704544584656
2017-04-19 09:20:00,9097.45,24.795969750295015,23.706511345056338,59.347244079888625,0.0007474622009462362,-0.001720262271295958,0.0008518870672551415,0.000676013608208903,0.0017477424992717872
2017-04-19 14:45:00,9086.25,41.60985284790938,39.621211732936345,25.37011167352261,0.0003686889530885029,0.0019204842481772566,,,0.00298252854587977
2017-04-20 10:35:00,9121.3,58.16920894518964,55.98202652864994,26.543342443109573,0.0006578009713527067,0.0010250731803580493,0.0010141098308356078,0.0007455077675333488,0.0016773924769497572
2017-04-20 15:00:00,9129.05,50.48793908350942,48.28526431048584,23.925253559031432,0.0010515880622847806,,,,0.0008270301948176684
2017-04-21 14:05:00,9104.3,32.43426578049807,32.070298011919576,63.92751279625381,0.00029107125204586026,0.0012466636644223872,0.0017464275122744954,,0.0016420812143713714
2017-04-24 11:50:00,9175.15,66.0574749888123,65.2217696702915,33.3740620369212,0.0004795561925416969,0.001051753922279186,0.0022233968926939074,0.004239712702244658,0.004359601750380193
2017-04-24 14:20:00,9220.7,77.44097239295733,77.23445802481622,52.05839972281228,-0.0011875454141226927,-0.001295997050115627,-0.00040127105317389056,,-0.0006019065797608913
2017-04-25 09:25:00,9256.85,70.32691142882746,70.18926365847065,49.50079276729577,0.0004159082193186947,8.642248713108813e-05,0.0001134295143596642,0.0019066961223310752,0.0050341098753896585
2017-04-26 09:20:00,9329.15,77.07128001501975,76.57561127335383,52.32435835347077,0.0009004035737445459,0.001291650364717123,0.002427873922061563,0.0030120643359792254,0.0016078635245440065
2017-04-26 15:05:00,9351.55,48.896996040201195,48.18797972421427,40.21214227221221,0.00019248146029271496,,,,-0.0007913126700921369
2017-04-27 10:35:00,9348.3,50.16494752054203,49.47524040226433,14.319111773461437,8.022849074174054e-05,1.6045698148392518e-05,0.00018185124568104172,-0.0010108789833443987,-0.0020912893253317577
2017-04-27 13:15:00,9352.8,51.71920829569263,49.54691747745903,33.13909406476687,0.00016572577196138916,0.0008874347788898618,0.00031541356599107395,-0.001464801984432329,-0.0025714224617225945
2017-04-27 14:40:00,9359.7,57.07751947857251,56.821394822085075,22.780882805477376,3.205230936886849e-05,-0.00232379242924452,,,-0.0033067299165572273
2017-04-28 10:30:00,9309.0,33.49647020467343,31.214279704389984,56.612007840659196,-0.0007358470297561537,-0.0014448383284993982,-0.0011333118487484306,-0.0015576323987538387,-0.0005693414974754507
2017-04-28 15:20:00,9306.9,50.23242110609549,49.18420136290395,19.618765931674574,,,,,-0.0003438309211444279
2017-05-02 12:15:00,9300.25,45.624750847731825,41.97128253871469,34.40028195004704,0.0006290153490497996,0.0007526679390339464,0.001956936641488216,0.00043547216472661354,0.0018816698475847549
2017-05-02 14:50:00,9308.95,49.91203776421582,48.78856849808599,25.781996607886523,0.00021484700207863305,0.0005048904548847766,,,0.000945326809145941
2017-05-03 13:10:00,9313.1,44.97867758865897,44.923465135914356,28.087855808117475,3.221268965214463e-05,0.0007569982068269532,0.000665728919478914,-0.00023622639078291208,-0.0009932245976098653
2017-05-03 15:00:00,9317.8,50.837030428924606,48.377366210057545,19.23355731661981,-0.0006546609714738194,,,,-0.00149713451673128
2017-05-04 09:15:00,9347.35,51.9410806358857,44.548499355588206,25.387854318176554,0.00016582239886164807,-0.00012837863137693528,-5.3491096407842775e-06,-0.00044397610017810063,0.0010698219281399801
2017-05-04 13:15:00,9342.25,53.973550410716605,52.34490617737396,29.77664120144762,0.00044421846985476243,0.0009901255050979163,0.001327303379806688,0.0021140517541278214,0.0016163129867001746
2017-05-05 10:45:00,9321.9,41.69830327264694,41.184056770785105,37.82139288630102,-0.00011263798152727489,-4.82734206544988e-05,-0.0007562835902551468,-0.0020703933747411307,-0.004789796071616226
2017-05-05 11:00:00,9320.85,41.29324897926218,39.54392260372383,35.35113451723165,6.437181158380767e-05,8.046476447964857e-05,-0.0030469324149621224,-0.0022744706759577626,-0.0046776849750828076
2017-05-05 12:35:00,9301.15,34.46284920906412,32.14635372173535,46.155966110527885,0.00038704891330643143,-0.0009084898103997041,-0.0019191175284777318,-0.0010052520387264785,-0.0025695747300065186
2017-05-08 13:45:00,9322.15,53.2666341388447,52.132120209253344,21.11170825898322,6.97264043165724e-05,-0.0002896327563919332,-0.0004076312867739018,,-0.0012228938603219275
2017-05-08 14:40:00,9322.5,53.52722517228242,52.98359508122178,19.207535153768177,-0.0004666130329847862,-0.0003378921962992054,,,-0.0012603915258782017
2017-05-09 09:20:00,9334.6,50.451601309072856,49.86441170410045,25.526470566630294,-0.002324684507102659,-0.0012373320763612305,-0.0015640734471750184,-0.0009105907055471096,-0.001847963490669069
2017-05-09 10:25:00,9322.25,51.62087509091425,51.07012887385267,12.063136668736677,-0.00011263375258108166,0.0001072702405535697,0.00020917696907951644,-0.0006650754914319101,-0.0005256241787121585
2017-05-09 11:00:00,9326.35,54.216864062985394,52.29583032180908,10.236692525795409,-0.00021980732011994686,0.0001393900078807686,-0.0003002246323590141,-0.00015547347032873748,-0.0009650077468676965
2017-05-09 12:45:00,9326.2,52.074770082928254,51.285283746655644,19.62055179320165,-0.00013939224979098164,0.0008149085372390896,0.0005575689991634825,-0.0015065085458172423,-0.0009489395466535377
2017-05-10 09:15:00,9352.1,51.18082780366546,44.726623884697645,35.984957879039776,0.0007057238481196215,0.0012724414837308462,0.003646239881951674,0.0035606975973310195,0.006175083671047243
2017-05-11 09:20:00,9434.05,73.27906362592518,72.01916780537188,53.6207213501297,-2.1199802841764814e-05,-7.949926065686785e-05,0.0003550966976006986,0.0012719881705101077,-0.002294878657628452
2017-05-12 10:10:00,9407.95,36.80028799208198,34.67410311014792,33.567367997421655,-0.0001541249687765367,-0.0005633533341483643,-5.3146540957338395e-05,-0.001514676417285421,6.909050324455102e-05
2017-05-12 13:00:00,9387.5,35.50798985073893,33.09587450408488,38.86056495475223,-3.7283621837636005e-05,0.0011877496671104382,0.0002396804260984542,0.0009214380825566248,0.002247669773635108
2017-05-15 14:10:00,9441.1,56.55424140918022,56.419090566407405,25.897362701075185,-0.0001906557498597694,0.00038660749277097395,0.0005613752634756608,,0.0005137113260107462
2017-05-15 15:00:00,9446.4,59.90157390827513,59.47325847409978,28.672752237493903,1.5879065040635965e-05,,,,-4.763719512179687e-05
2017-05-16 09:15:00,9460.25,63.93557451516753,61.57219912485821,32.14879081383194,0.002864617742660114,0.0021246795803493423,0.0012631801485163408,0.0013107476018074937,0.00526413149758187
2017-05-16 12:50:00,9477.55,63.27196492258036,61.68040670398786,29.408312742002266,0.000569767503205032,0.0005644918781753105,0.0015141043835169565,0.002838286265965495,0.0034291562692889688
2017-05-17 13:00:00,9508.5,50.62306057253304,49.07731298798003,22.625750952672192,0.0006099805437238537,0.0007992848503970418,0.0015459851711627781,0.001840458537098355,0.0009465215333648302
2017-05-18 11:00:00,9461.25,28.638719002350747,28.27266288721516,49.52050849988772,-5.284713964770482e-06,0.0014480116263708709,0.0011996300700225504,0.0009776720834984154,-0.00410093803672873
2017-05-18 13:35:00,9465.95,41.239267084548054,38.964038804946966,23.179280734782235,-0.001267701604170779,-0.0008398523127631785,-0.002144528547055602,,-0.004595418315118893
2017-05-18 15:00:00,9430.45,29.83273215052528,29.002612218659422,47.85231938137969,-7.422763494857598e-05,,,,-0.0008483158279827263
2017-05-19 12:45:00,9412.2,35.611936038351914,34.319200336323,56.83094169289236,0.0006905930600709098,-0.00017530439217205984,-0.0005630989566733913,0.0021886487749940287,0.0024170757102484064
2017-05-22 13:50:00,9454.3,46.86842231822264,46.66709706394167,33.642586700723754,0.0002961615349630353,-0.0005394370815394733,-0.0013168611108171913,,-0.00158657965158715
2017-05-22 15:20:00,9439.65,45.38338829220815,45.082296620934315,21.905502481667725,,,,,-3.707764588734008e-05
2017-05-23 10:25:00,9387.9,32.477353400181144,32.151881242102,45.70347608350366,0.0013900872399579267,0.001416717263711842,-0.0006923806176034608,0.0002023881805301997,-0.0009000948028844435
2017-05-24 09:25:00,9411.3,47.5034760386382,44.52597079948257,34.14977747996109,-0.0014025692518566668,-0.0009616099794926836,0.0011369311359750167,0.00042502098541108424,-0.004388341674370078
2017-05-24 09:55:00,9402.25,48.06987441620468,46.649810533561485,19.989959192279454,0.0006594166289983772,0.002100561035922155,0.0024515408545826567,0.00023930442181385736,-0.0034300300459996214
2017-05-24 13:35:00,9382.9,36.71034868149601,35.488798752191364,37.85590727973939,-0.0008153129629432376,-0.0021635102153917396,-0.002643106075946644,,-0.001374841466923793
2017-05-25 13:20:00,9440.0,61.262691311403586,60.234836451622954,39.129339187861135,-0.0015889830508474256,-0.000985169491525384,0.0026694915254237284,0.006260593220339006,0.006445974576271274
2017-05-25 14:00:00,9456.1,64.9089325512206,63.76201017877331,42.31711979952874,0.000671524201309337,0.001406499508253889,0.005842789310603669,,0.004732394961982189
2017-05-29 11:40:00,9601.55,56.521053965564256,56.04317060199452,16.189620608598524,-0.00115606334393914,7.290489556388557e-05,0.00044784435846301207,0.0008436137915233122,-0.00032807203003681895
2017-05-29 12:15:00,9606.15,57.57425674431648,56.32980700190987,19.234415801174606,0.00035393992390297946,-0.00085882481535271,-0.0012283797358982884,0.0019570795792280826,-0.0008067748265434549
2017-05-29 13:45:00,9612.2,57.813651633728995,57.137091024307,24.711926479560645,0.0013472462079440195,0.001326439316701622,0.00033291025987791656,,-0.00143567549572432
2017-05-30 09:50:00,9620.7,55.9689128107817,53.364813387914936,25.174724685065772,-0.00048333281362078484,-0.0026557319113994504,-0.0015123639652001586,-0.0006964150217760867,0.0005249098298458765
2017-05-30 11:10:00,9611.35,50.32499094779817,49.019993148869744,18.477422602084367,0.00031733315299087295,9.363929104644342e-05,0.0005202182835917224,0.000426578992545279,0.001498228656744427
2017-05-30 13:10:00,9615.45,51.351973038246015,49.997957445932755,21.795407693945833,0.00038479738337771074,0.0008163944485175545,0.0008111944838773422,0.0005563962165056058,0.001071192715889513
2017-05-30 14:20:00,9624.05,59.46815996389736,58.94215090589863,24.582696726416863,0.0004000394844165811,0.00016625017534210862,0.00016105485736273017,,0.0001766408113008655
2017-05-31 11:40:00,9628.0,47.57968152912908,46.902722233458086,22.085285460750796,-0.00017137515579557228,-7.789779808886621e-05,9.867054424606003e-05,0.0007114665558787259,-0.0002492729538844385
2017-05-31 13:00:00,9631.75,56.60064392129861,56.359194220844806,24.61894954778383,0.00020245542087371504,0.0004568224881251748,0.000285514055078151,-0.0011991590313286116,-0.0006385132504477253
2017-05-31 14:15:00,9643.4,60.78392248610944,59.79489231351696,28.91242846801732,0.00015554679884677292,-0.000528859116079472,-0.0021206213576123734,,-0.0018458220129828895
2017-06-01 10:15:00,9620.7,45.774408483685335,45.454797652706866,24.6561371359164,0.00049372706767703,0.0009043001029029885,-0.0004001787811698243,-0.0006704293866351962,-0.00043655867036707097
2017-06-01 11:10:00,9622.35,47.830900603331386,47.512420245732564,23.331620929280422,-0.00015069083955587814,-0.00015069083955587814,-0.0006755106600778715,-0.00215124164055569,-0.0006079595940701177
2017-06-01 11:40:00,9620.9,47.83172447881569,47.24178996986004,16.193138676864653,-0.0005093078610108881,-0.0005248989179805763,-0.0028843455393986472,-0.001153738215759481,-0.00045733767111177936
2017-06-01 13:10:00,9601.65,36.45136105779954,36.09527376997228,36.902962340000514,0.0001562231491463173,0.0008488124436945022,0.0012758223846942585,0.0016507579426452423,0.0015466091765479195
2017-06-05 09:50:00,9658.25,53.31689101373159,52.96848951528185,16.589382772427783,0.0008800766184349218,0.0008334843268706926,0.0011544534465353085,0.002754122123573177,0.001987937773406223
2017-06-05 14:05:00,9683.35,61.37937012725182,60.18659322641687,28.94162522830669,-0.000712563317446957,-0.00048536921623210105,-0.000939757418661924,,-0.0006092932714401034
2017-06-06 09:20:00,9682.2,53.97061982155122,53.79669806679742,27.320653260368307,-0.0011361054305839557,-0.0014769370597592646,-0.0007746173390345001,-0.0020346615438641136,-0.004580570531490857
2017-06-06 10:20:00,9674.7,48.38802761648641,48.10938075464192,18.856656290193715,-0.0002790784210363606,-0.0006253423878778142,-0.001261021013571506,-0.0026409087620289373,-0.003808903635254879
2017-06-06 11:55:00,9667.25,45.635697692686655,45.446371816729894,12.653673227191499,-0.0007034058289585587,-0.001432672166334803,-0.002575706638392461,-0.001448188471385392,-0.0030411957899092457
2017-06-06 13:20:00,9643.6,34.22218219023215,32.33237418960209,42.190588239844516,0.0006532830063461503,-1.0369571529333932e-05,0.0002696088597620161,-0.00070513086399282,-0.0005962503629349802
2017-06-07 13:45:00,9642.9,40.08304222422204,38.435776118296296,36.28683383523061,4.6666459260213955e-05,-0.00041999813334159253,0.00104740275228421,,0.0019392506403677068
2017-06-08 11:20:00,9660.05,51.95113253855815,51.36038709929947,16.370643531610078,-0.00042442844498724597,-0.0003778448351716701,-0.0004140765316950068,-0.0003881967484640203,-0.0018322886527500915
2017-06-08 13:05:00,9661.1,52.31932187534973,49.25108442638653,23.77865839666895,-0.0004968378342011803,-5.175394106382569e-06,-7.245551748769063e-05,-0.0016509507198974038,-0.0019407727898479443
2017-06-08 13:30:00,9656.0,51.32530749159328,51.186135841586534,19.029973688452987,0.0005385252692626796,0.0003883595691798192,8.285004142494223e-05,,-0.0014136288318143952
2017-06-09 10:10:00,9624.95,35.55382535020413,33.7103801202706,48.408629533752816,0.0007272765053325525,0.0008623421420370647,0.0002649364412281585,0.0004883142250089456,0.004348074535452051
2017-06-09 13:50:00,9635.0,49.21903666849644,48.40702588002537,15.823943347093767,0.0006331084587440916,0.0013596263622210891,0.00149455111572383,,0.003300467047223643
2017-06-12 10:50:00,9625.25,43.232290498247416,42.67413203950939,39.51685912163378,0.00039479494039107443,0.0008051738915872964,-0.00014545076751248942,-0.00012467208643940353,-0.0007480325186359771
2017-06-12 12:25:00,9622.8,39.83097794677266,39.483085352293,35.731337894800426,0.0001402918069584036,2.597996425146576e-05,-0.00045205137797710293,-0.0022446689113354568,-0.0004936193207798478
2017-06-12 13:20:00,9622.75,41.860299382138564,38.35276685802622,25.498060982402208,-7.274427788317439e-05,-0.0015536099347900345,-0.0010132238705151675,-2.0784079395208543e-05,-0.0004884258657869012
2017-06-12 14:10:00,9610.7,34.71942408985686,34.361498379103175,20.097277531295017,-0.0009884815882298392,-0.0003693799619175486,0.000598291487612812,,0.0007647725972093067
2017-06-13 10:25:00,9637.15,56.55680024283991,55.730208914797046,19.73306642653377,-7.263558209624765e-05,5.1882558640192755e-05,-0.0002646010490652273,0.0005292020981306766,-0.004186922482269151
2017-06-13 12:10:00,9647.65,61.57406541348305,60.722308263595316,26.382426726901272,-0.0005597217975361612,-0.00080330443164911,-0.0005960000621912931,-0.001492591460096504,-0.005270713593465759
2017-06-14 09:25:00,9606.1,35.3061218736968,34.119202170320996,37.13897153047769,1.5615077919139964e-05,-0.0011555157660236848,-0.0010618252985082899,-0.001998729973662683,0.000952519753073533
2017-06-15 12:30:00,9597.2,41.06815646617613,38.8344090882509,32.753527931783566,-0.001140957779352414,-0.0012659942483226327,-0.0019901637977743913,-0.003214479223106803,-0.0024069520276748246
2017-06-15 13:10:00,9585.05,36.96888377254384,35.61800278008589,40.51726192648588,-0.0008242001867491133,-0.0005477279722067019,-0.000610325454744487,-0.000625974825379072,-0.0011424040563167148
2017-06-15 13:30:00,9578.1,35.1785976692815,34.84795883557001,49.40188731006796,0.0010753698541463574,0.0005637861371252662,-0.0012267568724485534,,-0.00041761936083362095
2017-06-15 14:45:00,9574.65,37.60312533845758,35.05273205904735,31.436747843745387,0.0004386583321585036,0.0004961016851789957,,,-5.744335302071413e-05
2017-06-16 12:25:00,9590.05,48.801006341567515,46.26057282383562,22.76105240680328,0.0,-2.0854948618476143e-05,9.906100593859435e-05,-0.0016475409408709396,-0.0013503579230556007
2017-06-16 15:00:00,9594.15,47.16515674355078,43.01700320259597,34.90764373698494,-0.0007191882553431173,,,,-0.0017771246019708808
2017-06-19 13:40:00,9641.05,61.27939980657415,60.19345615362679,21.972581733368287,0.0004148925687554872,0.0014106347337685676,0.0026190093402689296,,0.0014313793622064974
2017-06-20 14:35:00,9658.9,47.852518806879225,45.94296654615511,25.72893421502552,-0.000522833863069172,-0.0002381223534769772,,,-0.000812721945563144
2017-06-21 10:10:00,9624.4,31.91177134534089,28.719694685910294,43.78724621742842,-0.0005974398404056114,-0.0005506836789824776,-0.0012728066165164087,-0.0001142928390341913,0.0012728066165164087
2017-06-21 13:45:00,9612.05,36.76925357958474,36.28114393090451,32.05729046707376,0.00039533710290751145,0.0027985705442648,0.002548883952954828,,0.00255928756092616
2017-06-21 14:00:00,9615.85,38.494462931241834,34.52957215962421,31.370525068585675,0.0024022837294674915,0.002839062589370611,0.00214749606119069,,0.0021630953061870795
2017-06-23 10:10:00,9598.75,23.90779981102607,23.700122738738433,53.594221031963,-9.897122021107485e-05,-0.0011564005729912674,-0.00025524156791256747,-0.002094022659200445,-0.002422190389373635
2017-06-27 09:15:00,9612.05,43.34130959121294,38.155931329889434,37.875063759752194,-0.002444847873242395,-0.007152480480230539,-0.007168085892187426,-0.008478940496564169,-0.010684505386467924
2017-06-27 11:15:00,9530.55,31.310305086030027,26.902924269240415,41.628468446136075,0.00032002350336557406,-0.0003252697903057822,-0.0003567475119483632,-0.002192947941094703,-0.0022244256627370618
2017-06-27 12:45:00,9513.55,31.233671991422288,30.205404484613563,40.379149537536854,5.255661661518474e-05,-0.00040994160959895165,-0.0018079476115644422,-0.0023019798077478226,-0.0004414755795679737
2017-06-27 14:00:00,9488.4,25.878458007858498,24.87934125315614,65.81829892731906,-0.0010802664305888943,0.00048480249567894873,0.0018022005817630582,,0.002207959192277009
2017-06-28 14:00:00,9490.4,39.778424009064,38.88499660407793,41.92883594959249,0.0007639298659698479,0.00012644356402269352,-0.0007533929023012531,,0.0002370816825423283
2017-06-29 14:15:00,9530.25,46.2495724208959,42.87175539855646,34.34637186360622,-0.00015739356260324744,0.0007502426484089497,-0.0029694918811152826,,-0.003803677762912794
2017-06-30 10:10:00,9470.25,34.48467424375752,33.27549255510526,47.217064614489104,0.0015839074998020841,0.0016631028747922105,0.0020485203664104557,0.002470895699691056,0.005702066999287325
2017-06-30 14:20:00,9500.55,51.21944916405391,48.79628594810096,24.691011155870918,0.0013525532732316936,0.00023156554094239112,0.003310334664835324,,0.0024945924183337187
2017-07-03 10:10:00,9568.5,72.127440058813,72.09989519486318,52.81984244183295,0.0009040079427287129,0.0018916235564614414,0.0041647071118775525,0.004504363275330547,0.004948529027538395
2017-07-03 10:25:00,9577.15,75.05513425694312,74.8783108829473,56.40659118602699,0.00098672360775387,0.0028766386659915266,0.002881859425820865,0.003043702980531693,0.004040868107944462
2017-07-03 10:50:00,9594.65,80.30116098130128,79.88076443512004,64.30066537241737,0.0009484452272880972,0.0007556294393229468,0.0006618271640967954,0.00150604764113349,0.0022095647053306244
2017-07-04 09:20:00,9634.75,67.85804169109713,66.61479112321473,33.45431869121164,-0.00012454915799586797,0.0005864189522302166,-0.00043592205298537134,-0.002776408313656331,-0.0024754145151665297
2017-07-04 12:45:00,9614.0,49.7338752990163,48.985470578536784,19.19751408481738,0.0005824838776784524,0.0013313917204076375,0.0012481797378822712,0.0021739130434781373,-0.0003224464322862941
2017-07-05 10:00:00,9625.1,50.167766993007376,48.70088768266572,24.015727209986306,0.0003740220880823486,0.00047272236132611667,0.0007792126835046709,0.0002961008197317483,0.0016779046451464996
2017-07-05 13:05:00,9628.55,51.0229525908134,49.60475021757297,24.212908657602053,-0.00016617247664485468,-0.0005452534389913666,5.192889895155872e-05,0.0003167662836045526,0.0013189940333695471
2017-07-05 14:05:00,9629.05,49.36525496235856,49.29637497252991,33.29409811821774,-0.00010385240496202375,-0.00021289743017216534,0.00026482363265345477,,0.0012669993405372004
2017-07-05 15:05:00,9631.6,52.03758822056031,50.57549255897804,23.532923585503397,0.0009188504506001394,,,,0.0010019103783378558
2017-07-06 14:20:00,9697.8,73.89121355141802,71.89028086394248,41.59663686250166,-0.0002629462352284895,-0.000427932108313156,-0.002717111097362168,,-0.002933655055785689
2017-07-07 10:30:00,9654.1,37.33800897363255,34.176009978155975,68.78544861099788,-0.00023306160077063431,-0.00030039050765995334,-6.21497602055765e-05,0.000507556375011653,0.0010410084834422406
2017-07-10 09:25:00,9684.2,56.91188909405855,55.09768571421199,46.68793107935825,0.0,0.0014384254765493765,0.0014384254765493765,0.0039910369467792695,0.008147291464447148
2017-07-10 14:05:00,9764.6,90.30419328928598,90.06986701296604,73.45598146890015,0.0013415808123220518,0.0013671834995800936,0.0007578395428384788,,-0.0001536161235483613
2017-07-11 12:50:00,9828.8,81.01937526982933,81.00339089485485,58.08119375625402,-0.0004476640078137084,-0.001653304574312231,-0.0011954663845027413,-0.0032760866026370072,-0.0044054208041672815
2017-07-12 09:25:00,9819.7,49.01637521363438,46.381250783792375,42.969329583446694,-0.00010692791022137715,-0.00129841033840139,-0.0019348859944804397,-0.0015173579640926915,0.0003207837306637984
2017-07-12 10:40:00,9811.0,50.3577501723076,48.49930201830201,25.77988022251697,6.115584547949915e-05,-0.0008256039139741267,-0.0012129242686780284,-0.0005504026093160475,0.001207827948221496
2017-07-12 12:30:00,9805.65,47.489192235500326,45.800761113571895,28.402699649299905,-0.00012237842468365567,-0.00011727932365523941,-0.0003416397689087747,0.0004793154966780122,0.001754090753800286
2017-07-12 15:00:00,9810.55,54.917016829451796,54.58014219606779,12.468633285298145,0.001004021181279402,,,,0.0012537523380442561
2017-07-13 13:50:00,9885.85,66.53597877007117,66.11397513287524,26.93683327593591,0.0005057734033997452,0.0007586601050997288,-0.00033381044624403167,,4.551960630583274e-05
2017-07-13 14:05:00,9890.85,66.61579747446339,65.804000874629,26.260830138169208,0.00025275886298947725,-6.57173043772108e-05,-8.08828361568148e-05,,-0.0004600211306410307
2017-07-14 11:25:00,9863.8,43.16919768130122,41.39113182585264,23.005875896725726,2.5345201646320703e-05,0.0009681867028934477,0.001328088566272756,0.0007502179687342014,0.0021847563819219484
2017-07-14 14:10:00,9877.4,52.08120592878346,49.69612949093505,27.869993507910007,-0.00045052341709350685,-0.001235142851357507,0.0009820398080466752,,0.0008048676777290265
2017-07-14 14:55:00,9881.05,51.755862564270785,49.01118763179514,24.266855305849113,0.0006122831075645596,0.00043517642355839214,,,0.00043517642355839214
2017-07-17 13:45:00,9913.05,57.6637995617035,56.65499816718272,23.072145684127968,-0.00019671039690094538,0.0006557013230035214,0.0011802623814063384,,-3.0263137984709587e-05
2017-07-17 14:05:00,9915.3,58.586523703525856,56.872579181413904,25.42188081224773,0.0003328189767330958,0.00015632406482923855,0.0009278589654373448,,-0.0002571783002026651
2017-07-18 10:25:00,9873.4,36.518829006259296,36.412001938971,56.78797355921442,-7.089756314937468e-05,-0.001585066947556002,-0.0014432718212571416,-0.001980067656531581,-0.004557700488180383
2017-07-18 11:00:00,9854.55,28.010915446627656,27.78841803976343,61.81311332691462,5.073798397692286e-05,0.0005936344125303528,0.00028413271027094567,-0.0007509221628587692,-0.0026535965619941537
2017-07-18 11:15:00,9855.05,28.807387955387348,24.830037361605118,67.16870999984134,0.0005428688844806295,0.0005885307532687012,0.00027904475370488235,-0.0011618408836078231,-0.0027041973404497988
2017-07-19 09:15:00,9856.25,42.70919652544012,35.0679809109693,51.25113701247436,0.0017552314521243062,0.00020798985415337867,0.0011261889663918279,0.0020545339251742956,0.004651870640456579
2017-07-19 12:20:00,9885.3,64.87592572370531,62.33026195954778,27.003180343036533,0.0003540610805943256,-0.0006626000222551554,-0.001122879427027823,-0.000778934377307583,0.0016994931868532515
2017-07-19 14:30:00,9877.55,53.67662184061087,53.572425621277326,21.164631747567594,0.0010377067187714584,0.0017666324139082867,,,0.0024854341410573966
2017-07-20 13:20:00,9881.7,41.287249042778086,40.94171392961218,43.33671986240664,0.00038454921723984903,-0.00046044708906378684,-0.0007437991438720148,-0.0010372709149235604,-0.0010575103474099734
2017-07-21 13:50:00,9859.05,37.142491064380856,36.03115049143017,32.79941098762488,0.0008570805503573808,0.0022314523204567394,0.00393547045607856,,0.005588773766235011
2017-07-24 14:15:00,9974.55,69.32765648957766,69.03070149658002,28.22421789653155,2.0051029871126502e-05,-0.0014938017253910418,-0.0005564160789207628,,-0.000937385646470168
2017-07-25 12:35:00,9957.8,44.467414358083914,44.02625806034419,24.21705404302439,-0.0004167587218060209,-0.0003263773122577085,-0.0002410170921287591,0.0011197252405150682,0.0007130088975477733
2017-07-25 13:30:00,9954.9,43.45745261998867,41.03234971675316,21.57221641917014,0.0009492812584757093,0.0012657083446343531,0.001958834342886462,,0.001004530432249462
2017-07-26 09:25:00,9987.7,58.51788704441674,53.81152978694776,38.27310647228869,-0.00043052955134825766,-7.509236360725424e-05,-0.00014517856964069153,0.0002753386665599322,0.0032039408472421815
2017-07-26 11:45:00,9996.45,66.14274756049241,63.97116633023931,33.136821284369326,0.00038512671998547354,0.00090532138909305,0.0003051083134510968,0.0002951047621904124,0.002325825668112236
2017-07-26 14:50:00,10012.0,61.44762832107528,60.22071780649772,23.33088974464093,0.0011685976827806588,0.0012385037954454337,,,0.0007690771074710945
2017-07-27 14:20:00,10079.3999,51.13950369617645,51.01722816292547,24.590294018866214,-0.0007341607708213349,-0.0014286465605953813,-0.006538077728218794,,-0.005883276840717433
2017-07-28 10:00:00,9986.05,29.9775920973185,27.355051876034924,57.31070810845145,0.00042058671847233775,-3.0041908462230538e-05,0.0001401955728241866,-0.0007460407268138347,0.0015972281332459204
2017-07-31 15:05:00,10076.7,64.6500517536748,63.50943259912285,21.15316085262265,0.0008236823563267937,,,,0.0001984776762233853
2017-08-01 12:30:00,10090.7999,60.011951578635625,59.11901532123463,25.178276583407587,9.910017143566208e-06,-0.0009711717700398026,-0.0005946010286063119,-0.0004955008571718711,0.0030324652458919577
2017-08-01 13:55:00,10093.0,58.180369664717574,57.48197331978896,27.13287921745563,0.0004557614188052117,-0.0007728128405825041,-0.0014267313979985374,,0.0028138214604180867
2017-08-01 15:10:00,10118.7,57.81919817842514,52.35770947544918,33.38511366782635,0.0002668228132072237,,,,0.0002668228132072237
2017-08-02 13:35:00,10098.1,46.84600695310869,44.81169812960278,28.544499510437724,-0.00018815420722706477,-0.00015844564819122997,0.0003366970024063498,,-0.003951238351769137
2017-08-02 15:00:00,10081.8999,39.87856337758272,38.84351345529554,42.36316751982245,0.0002777353502587676,,,,-0.002350737483517329
2017-08-03 10:15:00,10033.8999,31.323114715208302,29.364502148011464,56.28276076863543,-0.0003288751166433679,0.0006179152734022697,0.0002491553658015011,0.0009966214632060044,-0.0029200909209787795
2017-08-03 13:40:00,10037.3999,42.88040806703077,42.45561516691968,29.37825367994963,0.0005180724143509785,0.0002690039279993339,-0.0027098551687673167,,-0.003267768578195218
2017-08-03 15:05:00,10017.0,34.657893249765934,34.191913634167676,36.14281262369031,-0.0009783368273933446,,,,-0.0012378955775181888
2017-08-07 14:25:00,10074.2,53.60451295215672,52.69394428241098,27.64039030320454,0.0002580750828848899,-0.00019852693017807788,-0.0023724067419745865,,-0.0023724067419745865
2017-08-08 09:25:00,10074.8999,47.335740949619954,45.779270889202806,36.46240852799755,-0.0014888485393289574,-0.006818916384469409,-0.008689902715559472,-0.005429324414429115,-0.00953854638297702
2017-08-08 10:45:00,9996.4,31.77732541371644,31.397228543608392,56.07477348846255,0.0001750630226882155,0.0009303349205715961,0.0009203313192749363,0.0006102196790844783,-0.0017606338281781486
2017-08-08 13:50:00,9992.8,37.31654517179445,35.23720314933806,31.81809963929158,-0.0012358898406851226,-9.506844928341973e-05,-0.001020734929148892,,-0.001401008726282904
2017-08-09 09:30:00,9946.8,33.557622126538696,30.76570105961398,41.37133867900188,0.0008495194434392506,-4.524068041977802e-05,0.00029155105159461847,-0.00019101620621708726,-0.004765351670889095
2017-08-09 14:10:00,9930.45,36.117265843241505,31.765105407762103,47.94392746109125,0.001319174861159178,0.001601135900185735,-0.001883096939212292,,-0.003126746522061019
2017-08-10 10:10:00,9853.6,30.022957315374253,29.957718613353837,54.36358825109227,0.0008880003247544455,0.0003399772671917045,0.0037296013639684933,0.001847040675489131,-0.00034505155476172167
2017-08-10 13:50:00,9858.25,34.317654118573344,33.50212287057177,38.547598008987734,-0.0006897775974437081,-0.0010042350315725423,-0.006015266401237507,,-0.0008165749499149388
2017-08-10 15:00:00,9814.6,29.428309576004427,28.85122335941579,45.75961845918291,0.0010545513826341057,,,,0.003627249200171212
2017-08-11 10:10:00,9731.25,32.78445030005229,30.969935469722152,54.90710358384691,0.001973025048169541,0.0019833012202954414,0.0019473346178549011,0.002579319203596775,-0.0019062299293511886
2017-08-11 14:25:00,9713.05,32.441656852733004,30.260525376776567,50.04283686324176,-0.0012611898425314294,-0.0021311534481959216,-3.603399550078379e-05,,-3.603399550078379e-05
2017-08-14 11:50:00,9800.1,67.1770175094883,65.95602081810854,36.195188701290185,-0.00029591534780248896,-0.0006122386506259847,-0.0003418332465995322,0.00020918153896376523,-0.0008826440546524372
2017-08-16 10:35:00,9801.65,53.3959528931087,51.48726627124304,16.566416452189017,0.00034688037218222334,0.0007039631082521591,-0.0014283309442797432,0.002535287426096655,0.010217667433544353
2017-08-16 11:50:00,9804.25,50.432346934865045,50.18035854844074,24.945936207890554,0.0009944666853660689,0.0013820537012010359,0.0028712038146720964,0.006084096182777943,0.009949766682816108
2017-08-17 09:20:00,9914.0,83.20618352967601,82.79288971071449,64.73407151245875,0.00158361912447047,0.001739963687714452,0.0015382287673997297,-0.0009431107524713322,-0.0011398022997780588
2017-08-17 12:45:00,9928.5,61.84570421000022,61.38960690769254,36.393407013256756,0.0006597169763811195,0.0005237447751422764,0.0002870524248377304,0.00019640429067835363,-0.0025985798458980636
2017-08-18 10:15:00,9845.8,36.36591991395049,34.949577197106606,49.18655903286883,-0.0009140953503016247,-1.5234922504991921e-05,-6.0939690019967685e-05,-0.0020567145381786833,-0.0011527758028803126
2017-08-18 13:30:00,9792.4,24.15503365464274,22.66450393966349,58.06636925034197,0.0015318001715616258,0.0019964462236021774,0.0033393243740043044,,0.004294146480944505
2017-08-21 14:30:00,9787.95,33.4196632177521,30.464727915079354,52.63053535666741,-0.0007253817193590972,-0.0019564873134825245,,,-0.003739291680076029
2017-08-22 09:15:00,9805.0,32.45840151826132,23.54688011228067,59.38086347264148,-0.00220805711371741,-0.0025803161652216966,-0.004880163182049979,-0.0024120346761855593,-0.0030698623151453885
2017-08-22 13:20:00,9793.75,50.70840965878233,50.61147329153728,20.458660640437557,0.00019910657306954072,-0.0007606892150606726,-0.002573069559668184,-0.002486279514996803,-0.0019246968730057823
2017-08-22 14:40:00,9781.6,45.297126354681296,44.69434766182151,23.152457926199435,-0.0009252065101824636,-0.0016561707696083339,,,-0.0006849595158257005
2017-08-23 09:15:00,9798.1,50.63381219374741,44.626606246178476,29.67910694818161,-0.0001632969657382466,0.0002500484787866242,0.00044906665578015037,0.0007858666476152631,0.005051999877527358
2017-08-23 11:05:00,9807.3,57.34613092719722,57.33681975803623,21.649424858196827,-0.00032118931816094154,-0.0008870943073016058,0.0005811997185769524,-0.0010502380879547912,0.004109183975202324
2017-08-23 12:05:00,9813.0,61.34768966997927,59.87743875872394,24.532485050878556,0.0004993376133699545,-4.585753592178943e-05,-0.0016304901661061688,-0.0013655355141138914,0.003525934984204726
2017-08-23 14:30:00,9824.4,55.01757872692601,53.69450521156878,36.2537610168119,0.0024683441227963954,0.0030129066406090477,,,0.002361467366963854
2017-08-24 12:50:00,9875.75,65.73105052657618,63.23790605332082,32.73657521148267,-0.0002531453307343945,-0.0007695618054325282,-0.0020352884591043896,-0.0007138698326708548,-0.0011847201478369929
2017-08-24 14:55:00,9870.25,58.20968507784499,56.490535445387586,23.14450100018162,-0.0007092018945822343,-0.0006281502494871471,,,-0.0006281502494871471
2017-08-28 09:20:00,9891.45,58.74655261736791,56.1034426410379,27.228818336724956,5.560357682643513e-05,0.0017641498465845729,0.0022241430730580714,0.0013597601969377315,0.0019511800595461981
2017-08-28 15:00:00,9915.25,52.40466630494379,51.19262248497294,24.27935628773085,0.00014623937873481374,,,,-0.0004538463477975485
2017-08-29 10:45:00,9839.1,31.284868897409964,28.47371364922831,66.9711780340909,-0.0008283277942088274,-0.0009350448719903648,0.000721610716427401,-0.000919799575164526,-0.00474128731286394
2017-08-29 14:15:00,9796.95,24.783085773724256,22.413867837712573,53.08294928492208,-0.0006073318736954381,0.00022455968439150098,-0.00035725404335018585,,-0.00045932662716452466
2017-08-31 10:20:00,9875.3,44.34845192051015,44.12558139168972,11.397099099951351,-0.0008354176581977235,-0.0004556823590169401,-0.0014784360981436873,0.0011746478587992826,0.004106204368474975
2017-08-31 10:50:00,9870.8,42.116600738823564,41.55080715211949,16.96527751721902,-0.0002836649511690492,-0.0010232200024312688,-0.0008560602990638211,0.0017881022814767444,0.00456396644648871
2017-08-31 12:05:00,9872.4,43.83687902301466,37.857073925153784,39.23051422702842,0.0014687411369069814,0.0023246626960009564,0.0015396458814473934,0.0012205745310158722,0.004401158786110804
2017-08-31 14:05:00,9884.45,53.19828050923097,52.23643258569595,19.527356412499184,0.00012140280946315585,0.0009661640253124659,0.0037331363909980375,,0.0031767068476242777
2017-09-04 12:30:00,9889.9,25.643273012713514,23.05181945243394,64.84920334642744,-0.00025278314239784994,0.0005814012275149327,0.0007027371358658829,0.0008291287070647524,0.0014206412602757457
2017-09-05 13:10:00,9924.5,48.453593012155174,47.293305997271574,23.46494346583634,0.00022671167313204066,0.00019144541286708616,0.0020202529094663912,0.0030732026802358092,0.0021613179505266533
2017-09-06 10:45:00,9898.15,37.89933459227045,34.67839089451272,51.9336987965156,0.0009799811075807963,0.0005405050438718195,0.0009951354546051672,0.0012426564560044095,0.0017528528058274873
2017-09-06 14:05:00,9927.2,56.56224150334682,56.154502840172825,25.13235970456628,-0.0007403900394875595,-7.555000402936773e-05,-0.000977113385446149,,-0.0011785800628576482
2017-09-07 09:15:00,9956.25,50.514996368380125,49.51307314784426,35.38821197157,-0.0014613935969867153,-0.0005875706214689691,-0.0010445699937224884,-0.0022749529190206896,-0.003249215317011944
2017-09-07 12:55:00,9930.35,47.38702394826792,46.3848745641129,26.949892210196897,-0.0005085419949952819,-0.00045819130242152895,0.0011026801673656994,0.0013141530761755504,-0.0006495239342018122
2017-09-07 13:35:00,9929.9,48.77694887050114,45.96058123059726,17.62759252999805,0.0011329419228793824,0.0009969888921337322,-0.00031722373840614715,,-0.0006042356922023595
2017-09-07 14:55:00,9943.4,55.26483586046235,52.88905412101517,22.894420005109865,-0.0008598668463503101,-0.0019610998250095824,,,-0.0019610998250095824
2017-09-08 09:20:00,9958.75,54.440610068085554,51.13780051707149,28.669042641099942,5.522781473565885e-05,-0.0009689971130915076,-0.00011045562947165077,-0.001064390611271504,-0.003474331617923987
2017-09-08 13:55:00,9934.15,44.02108885664211,40.54294487810034,27.69102683497488,-0.0004127177463598697,-0.0020585555885505036,0.0002365577326697288,,-0.001006628649657948
2017-09-08 14:30:00,9922.0,42.16150074517265,40.04611426585318,25.34367953082934,0.00142612376536988,0.0016226567224351118,,,0.0002166901834306234
2017-09-11 11:25:00,10002.5,64.97475179399123,63.596898001852836,29.320899984462628,0.0009097725568607551,0.00023993001749555987,0.00041989502624351083,0.0008897675581105435,0.00035991002249446957
2017-09-11 14:05:00,10023.6,71.839241055801,70.87154326224697,53.727917494374736,-0.00011972744323396345,-9.97645556486404e-05,-0.0015463506125543702,,-0.001745879723851762
2017-09-12 10:20:00,10045.6,64.37941983072531,64.10892159561658,47.62495438720784,-3.981842796840773e-05,0.0007963685593692649,0.0009755415306202941,0.0013438719439355928,0.004180934936688807
2017-09-12 14:55:00,10087.1,75.03791102122966,74.59296434339075,48.54243703574066,0.0005650682554945163,4.956826045154905e-05,,,4.956826045154905e-05
2017-09-13 13:05:00,10123.2,67.75437205631565,67.28563570998838,24.686826055844165,0.0002272008850956464,0.00047415836889519447,0.0005630531847635734,-0.0037932768294610675,-0.003694493835941226
2017-09-14 09:20:00,10111.1,45.910303862229455,42.56385687880696,43.49023571687611,0.0009791219550789876,0.0005835171247441373,0.00024725301895944796,-0.0017604513851114945,-0.002383519102768239
2017-09-14 12:25:00,10080.8999,39.689685382981395,39.24282482780557,43.27055145899915,0.0002876727304870208,-0.0002479937331785198,4.959874663579278e-05,0.0005852652103013334,0.0006051146287049392
2017-09-15 10:15:00,10065.1,39.999257116725424,38.19966924233683,41.48415819103408,-0.00016891039333932767,-0.000526581951495797,-0.001718820478683769,-0.0006557311899534346,0.002056601524078161
2017-09-15 11:20:00,10052.2999,35.75517870463931,34.88366180541232,40.63419785848357,-0.00034817902716965943,0.0006267321968775885,0.0007958377763879199,0.0011340787793250318,0.003332570688624248
2017-09-15 13:50:00,10064.2999,46.8102060375319,45.02614768442236,29.475709287459193,0.00029808332718705977,-3.974444362486729e-05,0.004759407060197063,,0.002136263844840336
2017-09-18 09:20:00,10155.5,64.89681584108267,61.6733139710185,35.37572524178154,0.00012799960612475125,0.0008074442420364925,-8.862192900394028e-05,0.00032493722613358145,-0.00010832553788586718
2017-09-19 10:45:00,10139.8999,36.19750623204111,35.27365471374169,27.541385207222,0.0006114557403076315,0.0008580064976775326,0.0013511080124173347,0.0002662846799896812,0.000887582726531555
2017-09-19 12:50:00,10153.7,46.87237043728883,44.40198000882511,25.633431388344313,-0.0006992524892404095,-0.0007189595910850333,0.0008666791415936625,-0.0004431881974058527,-0.0004727439258596089
2017-09-20 09:20:00,10156.6,50.99622190014542,50.13580965686842,34.49100192459026,0.00043321583994648805,0.0003150562196010398,-0.0014177972943700823,-0.0015851761416222354,-0.00167378847252031
2017-09-20 11:30:00,10144.8999,43.908012440839,43.5711846350957,28.91765468415576,-3.941882166824673e-05,0.0002070104210687429,-6.899033079665884e-05,-0.0006111346648181026,-0.0005224201374327553
2017-09-20 13:40:00,10148.1,45.07195198736848,41.58273908758161,28.035836827979264,-0.00011825859027803087,-9.854061351388665e-05,0.0003645904159399471,,-0.0008375952148678145
2017-09-21 09:20:00,10147.0,47.683992400430114,46.675069494751064,32.41428856763942,-1.972011431949916e-05,-0.0014191386616733137,-0.007903823790282871,-0.005075391741401369,-0.002266679806839478
2017-09-21 10:50:00,10089.5,34.7713886802149,32.93915736245418,43.1881527725412,0.00038653055156356864,0.0005946776351652971,0.0,0.001585807027107311,0.0034193964022002366
2017-09-22 10:45:00,10017.2999,29.632057983683932,28.58424409436317,53.53516240977961,0.00016971639233842595,-0.0008684875252661373,3.9940902637924935e-05,-0.0015173649737689754,-0.005455551949682613
2017-09-22 14:45:00,9977.4,29.811048920648293,28.36014422474915,46.9537946398453,-0.00013530579108789187,-0.001789043237717225,,,-0.001478341050774712
2017-09-25 10:30:00,9869.95,23.288819414329105,17.30782832465124,66.77512209202783,0.0008308046140050873,0.0003394140801116219,-0.0006534987512601953,-0.0009827810677865978,0.0004609952431369191
2017-09-25 14:05:00,9829.95,29.94655641237118,27.787236549319573,48.51864688445673,0.0011190290896698762,0.0023245286089959016,0.0037080554834967305,,0.004532067813162843
2017-09-26 11:45:00,9821.45,39.0982348142102,38.784750937905585,37.60694148857676,0.0017767233962397988,0.0026014488695660365,0.0024487219300610708,0.004566535491195234,0.0034109016489418664
2017-09-27 11:20:00,9834.9,41.78818568377655,40.56173731529333,36.31485619020238,-0.001169305229336337,-0.001499761055018367,-0.002521632146742614,-0.0033706494219564176,-0.009827247862205013
2017-09-27 12:50:00,9804.3,35.815487957538984,34.8568242037002,42.00399460382993,-0.0013871464561466817,-0.00026008996052739874,2.0399212590449523e-05,-0.007624205705659803,-0.006736839957977581
2017-09-27 15:00:00,9742.05,28.9286128492493,26.88850397533865,59.4670981681824,-0.001031610390010207,,,,-0.00039006164000388033
2017-09-28 13:20:00,9724.6,36.12865487869408,33.67396817160747,44.82523302426684,0.0001336815910164546,-0.00041132797235876595,0.001712152684943291,0.004195545318059324,0.0033317565761059598
2017-09-29 12:20:00,9837.15,71.12928768705119,70.05764256404974,40.82149132528174,-0.0005692705712528889,-0.0010267201374382084,0.0004574495661853195,-0.0006404293926594029,-0.005524974204927258
2017-09-29 13:35:00,9852.4,73.69821463609931,71.82757625225281,57.10065320544828,-0.0009439324428565099,-0.0006495879176646735,-0.004004100523730125,,-0.007064268604603963
2017-10-03 09:20:00,9847.85,44.20061714828967,43.96116017531375,58.392071492157704,-0.0003655620262290604,0.0006651197977223244,-0.0013708575983590876,0.002122290652274428,0.0007057378006365411
2017-10-03 10:40:00,9850.4,56.80452830811416,55.792165043853174,22.831713620686255,0.00021318931210911884,0.0014821733127590164,0.0014415658247382002,0.0017816535369123976,0.00044668236822875684
2017-10-03 14:25:00,9860.9,51.837151368618876,50.53692896265113,31.07563841864138,-0.0006033931994036124,-0.00016225699479766043,-0.0006186047926660665,,-0.0006186047926660665
2017-10-04 09:20:00,9865.45,54.93256664161457,53.007507619455474,26.671104123951572,0.0011656842820144675,0.0018498902736316936,0.0039025082484833717,0.004667805320588414,0.005899376105499288
2017-10-05 10:00:00,9944.9,61.830064949678146,60.20281518316696,20.39475592625424,-0.0014379229554846162,-0.0034389486068234776,-0.004082494544942694,-0.005027702641554943,-0.0057667749298635496
2017-10-05 12:30:00,9904.35,43.74187286984528,41.15679328851069,43.580336733285314,-0.0003584283673336852,-0.0003028972118311879,-0.00026251091692042205,0.0003887180885167041,-0.0016962243862546078
2017-10-06 09:20:00,9937.7,49.31460378436369,42.21903458015066,44.78069660141644,-0.0007748271732896939,0.001192428831620962,0.0015395916560168033,0.002802459321573192,0.004915624339635771
2017-10-06 15:05:00,9976.25,59.798494087976394,56.86892685416572,21.239464333933974,0.0008670592657560316,,,,0.001032452073674861
2017-10-09 13:20:00,9989.4,51.4532938829418,49.104118011979715,23.36085517896227,-0.0003103289486856564,0.0004855146455242654,0.00036538731054913676,-0.00010010611247923684,-0.0001801910024625819
2017-10-10 09:20:00,10022.5,60.27489912301613,54.146927658545394,32.613468506614495,-0.0014966325767024058,-0.0007483162883512584,-0.0013270142180094036,0.00037913694188085323,-0.0008880019955100904
2017-10-10 10:55:00,10022.2,62.37012697092659,61.564978158778096,22.713356896891007,0.00046894893336779653,-1.9955698349782836e-05,-0.0005887030791643655,-0.0006785037217378331,-0.0008580950290355549
2017-10-10 13:20:00,10021.0,58.93142984265516,58.141532975676384,26.900284401445237,0.00022950803313048773,-0.0004889731563715305,-0.0007783654325914657,-0.0006985330805309165,-0.0007384492565611911
2017-10-10 14:40:00,10022.8999,53.6359540829058,52.30156303081404,25.00690231077192,-0.00028932744304877023,-0.0004988576210364082,,,-0.000927865197975275
2017-10-11 09:15:00,10040.6,54.39745633329498,52.64944529988333,31.596053005937993,0.001195147700336685,0.0015238033583651056,0.002579527119893177,0.0016632372567375597,-0.006916917315698323
2017-10-11 14:35:00,9995.05,33.15456444108281,30.140492926616638,55.165137051873245,-0.0015707775348796638,-0.0007853887674397209,,,-0.0023911836358997407
2017-10-12 13:55:00,10025.1,51.54034580536967,51.16296630284878,20.671362737457635,0.0019850176058093805,0.003401462329552851,0.0060747523715474205,,0.007301662826305844
2017-10-16 09:35:00,10240.7999,70.47551968279359,69.7149198387347,49.73581256725348,-0.0017576751987898875,-0.001171783465859888,-0.0023923912427973315,-0.003261463979976731,-0.0008104737990242139
2017-10-16 13:40:00,10203.3999,50.96249408388857,49.35915874211332,20.194137910573257,0.000676245179805246,0.0024893663140654887,0.002450163694946328,,0.0028520003415724027
2017-10-17 10:45:00,10240.1,59.487688349938146,59.33864515286805,24.041887418398428,0.00046873565687843843,0.0006933526039785143,0.00035155906680595095,-0.0019335846329625594,-0.00016602376929908402
2017-10-17 13:50:00,10224.3999,47.37603975438669,46.86668267678602,39.54194556262456,0.0010465259677490124,0.001995227123305243,0.001594235374146491,,0.0013692735159938074
2017-10-18 10:45:00,10199.7999,39.079173976682604,38.17744417129509,44.497044782803265,-0.0007745249982795688,-0.0002451028475568551,-0.0020392458875589936,0.00014706170853417966,0.0015196376548525237
2017-10-18 12:00:00,10184.0,36.23975743182739,33.842693715703874,35.008610406733695,-0.0002258444619009925,0.0007462686567165644,0.0029948939512960404,0.0047623723487824066,0.0030734387274156116
2017-10-23 10:45:00,10178.8999,40.248461495339384,38.002849805525635,23.990258536154144,8.841819929861217e-05,-0.0004224326835162717,-0.0010315456584851779,-0.0042735462994385465,0.0011789093239831239
2017-10-23 12:50:00,10134.2999,32.15986439808868,31.052439700861388,43.46576853860504,0.0004637814201648993,0.0006216610976748083,0.002003108275886012,0.003779254647871655,0.005584993591910559
2017-10-24 14:20:00,10206.7999,47.57137135413105,46.86190390122209,29.124055142066297,0.0007152192725949913,-9.797390071297762e-05,0.00027433671938648096,,5.878434042783098e-05
2017-10-25 09:15:00,10283.1,59.15222936173736,51.35000802496995,23.107168047630203,-0.0006612889109315345,-0.0026062276939833318,-0.003821814433390691,-0.002061644834728815,0.0009238459219496065
2017-10-25 14:05:00,10308.7,72.29707900987732,70.94507202633548,64.20797547871544,9.690843656207093e-06,-0.0016975952350927193,-0.0012998826234152938,,-0.0015617876162853372
2017-10-25 14:20:00,10308.7999,72.76533354496271,72.56526331824637,60.949705787273686,-0.0017072695338667954,-0.001474458729187278,-0.0016102650319169687,,-0.0015714632311371046
2017-10-26 11:00:00,10288.0,52.21962314536204,51.02619029179455,24.62831819747742,0.0006706745723172869,0.0004179529548988814,0.001671850699844546,0.0031590202177294024,0.004510099144634516
2017-10-26 13:55:00,10337.1,67.90660781888374,66.93992438984137,39.20991448980991,-0.0011028238093855336,-0.0030376024223427445,-0.00227336487022467,,-0.0002612047866422662
2017-10-27 09:15:00,10358.7,61.035619640502716,60.87252434793613,28.648462546380827,-0.0016507862955776886,-0.0006757604718738985,-0.0011101779180785476,-0.002374815372585437,-0.003764951200440181
2017-10-27 12:30:00,10353.2,54.99462333925644,54.79038737760302,19.327942441014567,0.0003573677703512246,-0.0006374840628984302,-0.0008403199010934559,-7.728045435229092e-05,-0.0032357145616813687
2017-10-27 13:55:00,10351.6,54.82922256844633,53.97741416924641,18.324685070147158,3.864136945019858e-05,-0.00044437574867661755,-0.002038332238494589,,-0.0030816492136480633
2017-10-27 14:35:00,10355.3999,56.239465192083735,55.757080499425456,17.658677649579815,-0.0011491492472444076,-0.003312271890146934,,,-0.0034474670553282794
2017-10-30 09:20:00,10359.7,45.7472316071644,43.91861310933857,45.53919310027302,0.0008301302161257684,0.0021525719856752,0.0011776306263695524,0.0005212506153653429,0.0005019353842292684
2017-10-30 14:25:00,10378.2999,57.94268981791756,56.482681290682756,13.520750379814938,-0.0003757840915735722,-0.0006552036523823634,-0.0012911555966887978,,-0.0012911555966887978
2017-10-31 11:05:00,10338.0,32.21959020312772,28.700055773852355,48.60517567000209,-0.00032888372992834203,0.00040626813697053343,0.0009866511897853592,0.001605726446121114,0.00015476881408393872
2017-10-31 14:45:00,10347.5,46.72189890839935,45.95859130555307,26.117444440018083,-0.0007731336071514772,-0.0014302971732301772,,,-0.0007634694370620698
2017-11-01 09:15:00,10392.8999,50.973480823305614,43.759844590840736,31.109051521447796,0.0015106563279803087,0.0027422567593478053,0.003819925177957373,0.004012364248788813,0.004570427932246268
2017-11-02 12:50:00,10432.0,45.3228859091408,42.4958402107383,42.54944028086588,-0.00023006134969316694,0.00011503067484675,-0.0004409605061349575,0.00018212231595104988,-0.0007476993865029868
2017-11-02 14:50:00,10433.8999,48.890562550372316,47.55700559370759,22.76106013036276,-0.0010638399933279308,-0.00097757311242741,,,-0.000929652392007263
2017-11-03 09:15:00,10448.2,49.14284009593871,44.562172723534935,26.91751709002849,-0.000334985930590892,-0.0025841771788441825,-0.0017036523037461393,-0.00039241209012086387,0.0005838230508603548
2017-11-03 10:10:00,10427.1,46.70856680576556,46.45747015371468,27.474479872748987,0.00020139827948328914,0.0013138744233776034,0.0014097783659885454,0.0012371608596828398,0.0026085776486270973
2017-11-03 12:20:00,10443.2999,54.56162548930153,54.45804190652419,16.08838088674797,-0.00014363276113515955,-0.00011489663339070422,0.0003351431093154833,0.0010916185601450579,0.001053306914991392
2017-11-03 13:05:00,10444.0,56.47532422233037,56.0766281831106,13.972380986499669,0.0002680869398696828,0.00016277288395261102,0.0006415166602835587,0.00034469551895832673,0.0009862026043661043
2017-11-06 10:20:00,10439.1,44.59547312132701,44.1665567891737,21.976416644271993,0.00011494285905877533,0.0006609765209644181,0.0004981176538207954,0.0008525639183454281,-0.0003065494151794912
2017-11-07 11:10:00,10424.2999,40.57277478955177,40.19512407675101,35.79665937356592,-0.0014101570504508887,0.0,0.001016854858521432,-0.0018993985389849088,-0.006916522039048356
2017-11-07 11:30:00,10423.2999,39.47444347011558,37.8487943499761,34.196693465723556,-0.00023984726756254293,0.0003933495188026548,0.0012088302285153674,-0.0036072933102500038,-0.006821246695588146
2017-11-07 14:40:00,10355.5,30.02129292259952,28.418486528107934,68.68143052723252,0.0012360484766549273,-0.0007145961083482311,,,-0.0003186712375066181
2017-11-08 13:35:00,10343.2999,39.10405265743386,38.39425501531273,32.71771288102213,0.0006187677106801459,-0.002368683131773075,-0.004157280598622082,,-0.002687720579386821
2017-11-08 14:50:00,10297.5,31.04581100410085,30.748961632265157,48.73783070899688,8.73901432387747e-05,0.0014760864287448605,,,0.0017479970866716155
2017-11-09 13:10:00,10298.6,38.32467067587875,33.09787824941904,46.944939705794546,-0.0002718913250344679,-0.0004466626531761664,-0.001446798593983667,0.0005340531722759501,0.002524614996213037
2017-11-10 10:15:00,10290.0,46.73022737274262,46.28351750525714,27.23768933296838,0.001273080660835868,0.0021088435374150283,0.0017103984450923537,6.802721088439156e-05,0.004334305150631712
2017-11-10 13:10:00,10297.2,49.09987285231104,46.8456782313386,26.993572783799763,0.0003010430019809718,0.0012236238977585412,0.0011847783863574435,0.003933108029367194,0.003632055316008298
2017-11-10 15:10:00,10337.7,49.31571312110655,44.386171807245745,35.72968998446767,-0.0002998732793562109,,,,-0.0002998732793562109
2017-11-13 11:55:00,10274.3999,41.63534277751955,40.096912398263456,38.51959776006991,-4.8664642691154114e-05,0.0007105135162202014,0.0007689013545209011,-0.000992748977971858,-0.004973526483040613
2017-11-13 14:45:00,10266.6,40.690060968032846,37.48176784145857,29.65940885373595,-0.002931837219722233,-0.004422106637056,,,-0.0042175695946078395
2017-11-14 09:25:00,10241.7,32.47545693037712,27.42200168003545,43.084623055838875,-0.0013572063231690468,-0.002323842721423275,-0.002177382661081695,-0.004110645693586101,-0.005907222433775616
2017-11-15 10:00:00,10165.2,31.79544735951488,30.651487679386666,42.28203882411807,0.0003246369968126217,-0.0010526108684532076,-8.854720025186502e-05,-0.0006689588006139058,-0.003502144571675969
2017-11-15 13:00:00,10141.6,33.04856168254088,32.26269599547739,38.03667376677691,0.0006409245089531446,6.901277904858283e-05,-0.0009367358207778009,-0.0029186716100023657,-0.0011832452472982924
2017-11-15 15:00:00,10112.0,31.249752908122204,30.928469945032315,38.421221022631876,0.0009691356803798179,,,,0.0017405063291140443
2017-11-16 14:35:00,10210.7,64.15641275732254,63.71008431820302,27.09949292970477,-0.0006855553488007704,-0.0007051426444808495,,,0.0020076978072023355
2017-11-16 15:25:00,10231.2,67.68374680478233,66.97070837300383,42.21593294768904,,,,,0.0
2017-11-20 09:35:00,10290.2,42.82941465566434,40.84694968094824,43.519361083475495,-0.0018075450428562956,-0.0012633379331791206,-0.0020602126294921863,-0.0003595654117510838,0.0006413772327067413
2017-11-20 13:10:00,10280.2,45.595682195829056,43.753019483660104,15.259870664134803,0.00048637186046973646,0.0005058170074512258,0.00046691698605072496,0.002081671562810028,0.001614744849322003
2017-11-21 09:15:00,10335.2,62.3687591135773,61.80090145438843,41.01634927464744,-0.00027092847743637183,-0.00027092847743637183,5.8044353278052796e-05,0.0014319993807569986,-0.001470702066723506
2017-11-21 10:40:00,10348.8999,75.35189756173,73.51979887307348,52.7271137707039,-0.00038651451252325053,-9.662862813120121e-06,-0.00019325725626162527,0.0003961870381989918,-0.0027925576901174365
2017-11-22 09:15:00,10361.3999,44.116896594071825,43.84967218151802,35.00562137679434,-0.0007720964422963661,-0.0014573320348344465,-0.00407279908190783,-0.003049780947070757,-0.0014187175615140157
2017-11-22 11:30:00,10331.2999,47.97295083316426,45.7195282731183,22.59247646324364,0.0008130729028590356,0.001180887218267701,0.0014809462650484662,0.0013454357277926654,0.0014906255891382614
2017-11-22 13:40:00,10356.2999,59.256098476332824,58.634676760815864,29.891154452184015,-0.0005793574981349803,-0.0008497146746396789,-0.0014290721727747702,,-0.0009269623410577132
2017-11-23 09:35:00,10353.2999,54.449589852825575,51.75367328537369,39.022075363600194,0.0004636299582125858,0.0009948615513397652,-0.00013522258734144366,0.0011300841386812088,-0.00017384795353991844
2017-11-23 11:35:00,10365.0,60.48132885480189,59.298461420144406,18.710022462207863,0.0006849975880367509,7.717317896771547e-05,-0.0012156391702845548,-0.004254712976362707,-0.0013024602026049381
2017-11-23 13:55:00,10327.8999,40.22498394665827,38.97015139072973,41.33708333451653,0.000338887870127369,0.00028079280667703266,0.001200631311308431,,0.0022850821782267605
2017-11-24 13:35:00,10401.1,66.03016975525813,65.72366854597513,34.79939662160845,-0.00032688850217765797,-0.0007883877666785555,-0.0005768620626664944,,-0.0007595350491774733
2017-11-27 10:15:00,10366.3999,40.310005573177875,38.479838222328816,39.07001709563173,-3.857655539607485e-05,-0.000501610978754452,-0.0008585333467601153,-0.0017267228905571974,0.003684991932445092
2017-11-28 13:00:00,10396.2999,58.36888391396805,55.63161188880469,25.01856951676609,0.0005386531798683425,0.00019237613566724932,-0.0018468012835989311,-0.002135365487099805,-0.0032415282671865997
2017-11-28 15:10:00,10371.3999,42.130584350277445,40.893089618413526,42.086128279153655,-0.0008484775521961918,,,,-0.0008484775521961918
2017-11-29 09:15:00,10382.6,45.157890155078306,38.62285168605138,38.31463133951145,-0.0006260474255003201,-0.0010305800088610262,-0.0007512665420993381,0.00041414481921675517,-0.0030242906401093395
2017-11-29 13:05:00,10384.7999,55.00662953305209,52.87823080241268,19.686655626504944,-0.00021183845824512826,0.00012519259037446773,-0.0011747843114434664,-0.0013095967308911494,-0.0032354884372879367
2017-11-29 13:35:00,10386.1,54.36736034577788,54.31514717766715,21.40692090027049,-0.000539182176177766,-0.0012998141747142533,-0.0022048699704412256,,-0.003360260347964994
2017-11-29 15:05:00,10371.2,41.07587500873154,40.4992904934806,34.30399501175463,-0.0022369639000309194,,,,-0.0019284171551989804
2017-11-30 10:15:00,10288.2999,23.20802241008622,22.952281864715466,65.38677523088548,-0.0005637374548150831,0.0003013131450415596,-0.00012634740556116686,-0.002245259199724514,-0.0057929784881173285
2017-12-01 09:20:00,10257.2999,38.57544574299247,37.66152734946281,44.284968971122495,0.0004094742321028022,-0.0013941193237413385,-0.0001169801031165596,-0.003987404131568728,-0.0130541176825687
2017-12-01 11:55:00,10220.3999,36.43829441994877,36.0907951970602,39.53885417205604,-0.0005087765694959945,-0.0005968455304767861,-6.848068635745275e-05,-0.001614418238174764,-0.009490822369876195
2017-12-01 15:05:00,10133.8999,24.608757830827816,23.948298119500716,80.102678109898,-0.0013124167528041353,,,,-0.0010361262794790216
2017-12-04 15:15:00,10125.7,40.2807461068051,39.25330334373948,37.30373829940175,,,,,0.0010665929269086938
2017-12-05 10:05:00,10089.7,34.03365913994924,32.055210800414194,46.41913504092623,0.0013875536438150426,0.0007235101142748501,0.0006243991397165694,0.00038653280077705077,0.0031517289909510637
2017-12-05 13:25:00,10089.3999,40.243042272808765,39.44528657949387,44.91454399642166,0.0011794556780329035,0.002537326328000855,0.0038258073208099486,0.003181566824405513,0.003181566824405513
2017-12-06 11:00:00,10089.1,42.511259095650956,42.18840886833452,34.38875030835178,-0.00013876361617981559,-0.0010605604067756014,-0.0022400412326174513,-0.0022499628311742903,-0.004906285000644273
2017-12-06 12:10:00,10072.3999,35.49924033349929,35.30519546629145,43.9353577747115,-0.000158849928108995,-0.0005063341458474424,-0.0008736646764789802,-0.0003077717357111709,-0.0032564135981137943
2017-12-07 13:40:00,10123.5,61.37455543239706,59.878231509199836,21.47877885872994,0.0003852323801056823,0.0004939003309132328,0.0020052254655009705,,0.005018017484071713
2017-12-07 15:10:00,10173.7,72.74087859311415,70.74492491032251,62.646805731083035,5.896576466768444e-05,,,,5.896576466768444e-05
2017-12-07 15:25:00,10174.2999,74.7842908579731,74.27431949805988,67.2574295138518,,,,,0.0
2017-12-11 09:25:00,10319.5,70.77958382788009,70.715780453336,38.83927046575627,-0.0009302873201220141,0.0,-0.0007558505741556143,-0.0021028247492611563,0.0006977082222976438
2017-12-11 13:35:00,10300.5,53.01585576376577,52.016781845973526,22.393890173778324,2.9115091500386825e-05,-0.00015534197369060365,0.001281491189748074,,0.0025435658463182076
2017-12-12 11:30:00,10275.6,39.149115527472915,38.13848959447676,31.578206285052282,-0.000145976877262588,0.00041845731636103167,-0.0007298843863131621,-0.0004865895908754414,-0.0033282825333800226
2017-12-12 13:00:00,10261.2999,36.45434140989266,36.29547791770179,35.9889190035643,1.95004533489751e-05,0.0009063276671215093,9.745353997492323e-05,-0.0018808435761632492,-0.001939325445502238
2017-12-12 14:55:00,10244.5,33.453376297792644,32.97711006529841,41.97145045144013,-0.0001952267070135516,-0.0003026111572063117,,,-0.0003026111572063117
2017-12-13 09:20:00,10237.5,34.46358415735946,31.652452854332637,43.56466496006819,0.0005079365079365683,-0.0002832722832722956,-0.0008302808302808051,0.0040537240537239505,-0.003506715506715441
2017-12-13 15:20:00,10202.8999,34.7876911199263,33.96407490659154,51.70504743431554,,,,,-0.00012740495474228286
2017-12-14 11:50:00,10167.7999,32.623222313762255,32.420614042221814,44.61526555148473,0.00022621412917467332,-0.0005900981587964038,0.0001475245396991287,0.0021243533716670537,0.008871152155541573
2017-12-18 09:50:00,10333.2,47.521492022685536,44.6398159781722,28.936680290523345,0.006542010219486638,0.005167808616885372,0.008051707118801543,0.008138805016838946,0.00545813494367664
2017-12-18 12:10:00,10430.3999,65.4732434275526,63.43590363880598,26.5700069247782,-0.00012462609415386794,0.0007669888093169153,-0.0011408862664987751,-0.002368068361405795,-0.003911633340155984
2017-12-18 12:40:00,10438.3999,67.22637781202953,65.9699656734353,32.751238248927876,-0.00033530043239671237,-0.0019064128784719303,-0.0016573325572629694,-0.002893154150953703,-0.004675036448833492
2017-12-19 09:20:00,10423.0,48.92197633034812,47.93891647845228,40.584626545499646,-0.0007867312673894844,-0.0002302600019188361,-0.0007963158399691972,-0.00011513959512621241,0.004547625443730219
2017-12-19 10:35:00,10419.3999,54.89643643843765,54.575168173511464,17.61592202291964,0.00045109123798958706,-2.878284765706063e-05,0.0003743017868043097,0.0008061884638863592,0.004894715673596561
2017-12-19 13:45:00,10433.7999,55.55901022720684,55.26158539401936,28.5256734225934,-0.0004025283252748757,-0.0004504495049785229,0.0017922617051531198,,0.00350783035430835
2017-12-21 10:15:00,10454.1,44.3713972972341,43.76564270728187,16.662521305536114,-0.00044959393922006097,-5.7393749820722206e-05,-6.696894041569035e-05,-0.0013009249959345937,-0.0023435781176762704
2017-12-21 12:05:00,10444.5,41.85629206779028,40.70824605886197,30.959547013406947,-0.00016277466609215807,-0.0007851117813203468,0.0001627650916751211,-0.00017233950883233096,-0.0014265881564459182
2017-12-21 12:45:00,10448.8999,44.56862111238573,39.46600880340816,34.44866704848462,0.00014355578236524558,7.65726543137113e-05,-0.001081443990098907,-4.785192745504485e-05,-0.0018470748293798467
2017-12-22 09:15:00,10460.2,45.28101553779409,42.59281829278541,24.776594999552337,0.00020075141966691135,-0.0003441616795090141,0.001338406531423919,0.0019024492839525564,0.0024282518498690564
2017-12-22 15:05:00,10489.1,55.72400503355627,53.27179658554509,24.164535586518994,0.0006006139706933311,,,,-0.00033367972466658014
2017-12-26 11:35:00,10493.8999,55.28677542218161,52.8095355713168,18.072559759013764,-3.810785349689372e-05,-0.00039070317413647526,-0.00039070317413647526,-0.0009815130788506377,0.003039861281695533
2017-12-26 12:55:00,10490.6,51.634855062352955,51.355103003838465,21.327726806619108,-0.0007435323051112608,-0.0006767963700837765,0.0,-0.00054335309705833,0.0033553752883532795
2017-12-26 13:50:00,10490.8999,50.37228114916084,46.7287594733928,25.572463143068486,-0.00030501673169136545,-0.0003908149004453465,0.00024784337137750967,,0.0033266926891561965
2017-12-27 14:00:00,10550.0,66.12893977642976,65.18400537577851,43.08173294706779,-0.0004834218009478475,-0.001981042654028431,-0.004938398104265329,,-0.007090047393364829
2017-12-28 09:20:00,10510.0,41.02481615109714,38.28072507163787,39.83421599421601,-0.0002854424357754404,-0.0004947764034253233,-0.0010941960038058918,-0.0010561465271170523,-0.004053292102759287
2017-12-28 12:45:00,10495.1,43.7815457887202,42.415449432149885,14.990051852960056,0.00044781850577879645,0.0004192432659049228,0.000457346761822075,0.0034206439195434424,-0.002639336452249119
2017-12-29 09:35:00,10504.7,50.04403551401536,49.625970976951635,33.723401399099934,0.0003522137709786044,0.0004474092549049402,0.001323217226574691,0.0021038106752215846,0.0022085257075403764
2017-12-29 14:00:00,10518.7999,52.222732575164656,52.21242483752883,18.8837326894703,6.655702234614758e-05,0.000503869267443724,0.001036249391910271,,0.0008651177022580558
2017-12-29 15:00:00,10529.7,59.26308447977286,59.129977187794346,22.58899474349306,0.0002943958517336309,,,,-0.00017095453811599715
2018-01-01 10:10:00,10532.2,57.504909462431925,57.0679650039032,18.085199784762082,-0.00011393630960299106,-9.494692466915922e-06,-0.0004557547331042189,-0.0008355424317806337,-0.009228841077837502
2018-01-01 14:00:00,10517.0,41.60779034001255,38.234685591019726,36.942245622616454,0.0005324712370449181,0.0009413235713606749,-0.007426081582200261,,-0.0077969002567271906
2018-01-02 09:20:00,10466.8999,32.766557784737486,30.132429238865832,52.54148722033215,-0.0028375068342824106,-0.002761075416418235,-0.0026941979257869564,-0.0035636053039926896,-0.0025604429445246213
2018-01-02 14:30:00,10414.2999,37.16761787122281,36.75578048199742,33.47750114505115,0.001622778310810924,0.003331966654810836,,,0.00247737248281088
2018-01-03 14:00:00,10474.6,50.23794365825098,50.228734775885165,19.42650071428918,-0.0008687682584538337,-0.0030645561644359054,-0.002797252401046335,,-0.0026540488419606323
2018-01-03 15:25:00,10446.7999,39.90592920811447,39.71591996777888,34.46113848236173,,,,,0.0
2018-01-04 13:20:00,10474.7,57.70582650494654,57.626235420025196,22.08061532042753,0.000381872511861836,0.0016229581754132472,0.0007923854621134652,0.0031409014100642896,0.002978596045710047
2018-01-04 13:35:00,10478.7,58.165667413986085,57.74746800658822,19.791489045455144,0.0012406119079657607,0.00027675188716158594,0.0010974643801235917,,0.0025957322950365125
2018-01-05 09:15:00,10536.7,68.75738290593065,67.30056691180724,31.8455378584339,0.0009490637486120335,0.0013856235823359597,0.00167983334440569,0.0008351760987785894,0.002325206184099482
2018-01-05 13:50:00,10546.3999,61.69875299142811,60.97492430080665,20.576157860738423,2.8455207734090493e-05,0.0003318668012959325,0.00032238489268743287,,0.0014033319559596524
2018-01-05 14:10:00,10550.1,64.58836752411145,62.95892691261351,18.370807792110188,-0.0005592364053420562,-0.00027487891110034024,0.0005023554279106612,,0.0010521227286945933
2018-01-05 15:05:00,10559.8999,67.88366434469818,64.61575618956002,22.543131244977033,0.0002935728585835573,,,,0.0001231166973467701
2018-01-08 14:55:00,10621.1,58.959892478433694,56.36667290671295,22.72955331043663,0.0004331001497019926,-0.00026363559330011554,,,-0.00026363559330011554
2018-01-09 13:50:00,10619.7999,46.26141952168717,45.2389519570063,22.926666974154607,0.0005743987699806663,0.0005743987699806663,0.0013371344219019754,,0.0007721520251997571
2018-01-10 09:20:00,10638.3999,57.74597145514425,57.54963719778821,30.56593350069231,-0.00032899684472287305,0.00027259738562745994,-5.639945909541311e-05,-0.0014381768070215184,-0.001221988280399211
2018-01-10 12:15:00,10606.7999,37.70652914299481,37.519603503747035,50.63326767648026,0.0004431213980005122,4.713957128577029e-05,0.0006693819122580713,0.001612173337973477,0.001753592051830788
2018-01-11 10:50:00,10629.2,54.14949785090708,52.56263723254053,14.566453993134656,-0.0002446091897790881,-1.8816091521545175e-05,0.0003763218304293492,0.0031422872840853877,0.0018533756068188634
2018-01-12 09:20:00,10682.5,59.24485531269086,57.144615870351515,28.67478867588687,-0.0002621109290895651,-0.0002902036040252076,-0.0002527591855838729,-0.0006833606365550526,-0.001338637959279132
2018-01-12 13:30:00,10644.3999,44.54678251001057,42.24246381136493,28.833411712002732,0.0005730806863053495,0.0011461519779991658,0.00216076060802628,,0.002235926893351614
2018-01-15 14:40:00,10757.7999,56.200908793645176,54.82587212855501,20.199053815035022,-0.0005205432385854136,-0.0015802487644337448,,,-0.002249521298495205
2018-01-16 09:35:00,10756.2,50.55249300467709,50.147772395815736,24.82876929517725,-4.64848180584676e-05,0.00010225730276491873,-0.002314953236273065,-0.0017850170134434684,-0.0041836336252579764
2018-01-16 11:25:00,10728.7999,42.97348811292723,42.27009617896505,37.773072481753566,0.0008575143618811953,0.0012210126129763577,0.0013421911242841311,-0.002609797951399928,-0.0016404351058871836
2018-01-16 13:50:00,10726.7,40.586444395575924,38.7131354220834,41.58385609779363,-0.002479793412699216,-0.0011653164533360627,-0.0029272842533119015,,-0.0014449924021366911
2018-01-17 11:40:00,10734.7,55.468719745662256,55.0703929149624,11.798686699547563,-0.00048441037010826804,-0.00021426774851651675,0.001257603845473021,0.00190969472831104,0.005514816436416492
2018-01-17 12:20:00,10737.6,56.84557127021546,55.76617867359965,16.957927021831413,0.001117568171658423,0.0009592367009387814,0.0011268812397555728,0.0006053494263149606,0.005243248025629477
2018-01-17 13:25:00,10758.3999,63.46874750963211,61.549326557448026,20.090584748114416,-0.0002974327065123905,-0.00116188281865226,-0.0002974327065123905,0.003299747204972281,0.003299747204972281
2018-01-17 14:50:00,10772.7999,64.88171992180762,63.04609051875128,26.271909802488032,0.0013923956760768519,0.0023299420979685515,,,0.001958636584348028
2018-01-19 09:20:00,10824.0,41.63243619449135,40.04185318422016,32.077905144484525,-0.00048042313377683055,0.00014781966001486957,0.0029471452328160286,0.0017553584626754937,0.007030672579453112
2018-01-19 13:20:00,10834.8999,46.41138391334919,44.4972900201854,27.289939080596344,-0.0009229434597729513,0.00036917738390918053,2.7697533227843962e-05,0.006405227610824404,0.0060176005871543925
2018-01-19 13:45:00,10830.1,46.45883090919584,45.32939614910202,25.190703956771713,0.0005078438795578233,0.0006278704721101036,0.0034256378057451187,,0.006463467558009528
2018-01-22 12:40:00,10920.6,64.71432448195972,64.54871935078484,22.191306574836545,-0.0004120652711389061,-0.00034797538596786914,7.324689119636574e-05,0.0016299379154991467,0.0034247202534658516
2018-01-22 13:55:00,10941.2,68.96417218986696,64.81172621360749,25.394626840034903,-0.0008043084853581739,-0.000658063100939632,0.0012612876101341097,,0.0015354805688589934
2018-01-22 15:05:00,10966.2999,71.9485247807053,70.07582258616421,29.767843222294175,1.8246810850053308e-05,,,,-0.0007568550993211076
2018-01-23 09:25:00,11022.2,74.96780246548602,73.44045685463277,41.64645520761611,-9.07259893667689e-06,0.001769156792654769,0.002386093520349686,0.0016330678086045047,0.005534285351381785
2018-01-23 15:10:00,11087.8999,60.871120897552395,60.82102143722486,28.50580787215346,-0.00042387648178532356,,,,-0.00042387648178532356
2018-01-24 09:20:00,11100.2999,62.11294348257675,61.882773061637636,29.48536455951205,-0.0005855697646511837,-0.0034323306886510085,-0.0018918407781036706,-0.0016125690441930463,-0.0014414024976028283
2018-01-24 10:55:00,11099.8999,58.59147443333351,57.49135208429964,18.249705821221237,-0.0008918909259713059,-0.0006846908592391676,-0.001117118182299981,-0.0028738907816637793,-0.0014054180794910165
2018-01-24 13:10:00,11090.7,49.06036192844358,47.86080563261544,32.59667807555752,-0.0006221518930276115,5.409036399850464e-05,-0.0005409938056208929,7.213250741600064e-05,-0.0005770690758925001
2018-01-24 15:05:00,11088.7999,52.31272429540732,50.817722369973005,15.604394634705638,-0.00036973342805102227,,,,-0.0004058148799311878
2018-01-25 10:20:00,11081.1,50.153257677292515,49.66530086617223,16.741954721893748,-0.0007400077609623912,-0.0007851296351445436,-0.0018590212163053232,-0.0026802483507955,-0.0014890218480114736
2018-01-25 11:50:00,11066.5,42.48463972201542,39.18127356582485,37.53077603791761,-0.0002801337369537915,-0.0013644874169791432,-0.00129218813536347,-0.0012560430126959954,-0.00017168933267064368
2018-01-25 12:45:00,11058.0,37.67661835958528,35.093330895619744,32.32881660761037,-0.0006420781334779413,-0.002550198950985738,-0.0024145505516368626,-0.001483089166214424,0.0005968529571351855
2018-01-25 13:20:00,11036.1,30.672420312858637,30.488117712626433,36.701604951052914,-0.0015857050950970342,0.0014950933753772322,0.0008698725093103654,0.0035519703518451795,0.002582434012015078
2018-01-25 13:45:00,11031.2999,31.07216900462521,24.652429103962383,47.181570153235555,0.0016679901885361392,0.0018130229602406622,0.0009337158896387532,,0.0030186922939154925
2018-01-30 10:30:00,11050.3999,27.39747722511759,26.610044340226157,61.6257060292031,0.000497719544068298,0.0002805418833755624,0.0011583381701869566,2.7157388213572276e-05,-0.00012668319813480267
2018-02-01 13:10:00,11053.7999,46.05087887069715,42.188458452755114,36.189790355425174,0.0005970797426866348,0.0037905607464452373,0.0007237330214382443,-0.0030758653411122605,-0.0030487163061455602
2018-02-02 10:55:00,10867.7999,28.644799152272636,28.621480183018004,62.119111826655384,-0.0007821270246243239,-0.0014538269148661742,0.000533695877120488,-0.00048767000209493094,-0.011989538011276779
2018-02-05 09:45:00,10644.3999,19.314973232383586,18.306632834364017,62.07320018502439,0.0024801773935607674,0.00038518845952029146,0.0006670267996977675,0.0020762185005844813,0.004330925222003401
2018-02-05 14:15:00,10647.8999,36.86594640644691,36.72749187992313,40.30594318380693,0.00018783046598702668,-1.877365507541029e-05,0.002216408890169941,,0.004000798317046472
2018-02-06 10:35:00,10350.6,27.000449477759844,23.679283306202525,55.078746804373274,-0.0002608641044963278,0.0006956021873127938,0.0015071590052750938,0.004096380886132067,0.016424168647228177
2018-02-07 12:40:00,10517.8999,51.550229559042094,48.908534856898314,27.05123377101189,0.0008081461205007301,-0.0002852280425296172,-0.0027952253091894086,-0.002034617195776911,-0.00548587651038579
2018-02-07 14:45:00,10504.7,48.028303161409454,46.419409029181246,27.950662511881852,-1.903909678535598e-05,-0.00395061258293905,,,-0.004236199034717836
2018-02-08 09:15:00,10499.2,41.274440902026875,40.98969660982312,32.79487634513229,0.004943233770192013,0.005362313319109857,0.006543346159707308,0.009457863456263205,0.0078005943309966685
2018-02-09 10:20:00,10444.8999,34.15340124238626,33.203315167635346,37.435956817005696,-0.0013499411325138544,-0.0027094467415623713,-0.0037530182553496827,-0.002125429655864819,0.0020967170781598377
2018-02-09 15:15:00,10460.2,48.85854843108868,48.61039502832569,36.00732610035211,,,,,0.000630953519053179
2018-02-12 11:05:00,10525.6,62.269228105468464,60.73576834855482,22.895259034346587,-4.7503230219625436e-05,-0.0013680930303260341,-0.0010735825036103375,-0.0005700387626358383,0.0008075549137340765
2018-02-12 14:15:00,10535.3999,60.50126753934145,58.10482510757193,28.56479610936551,0.001233935125708907,0.001158010148243127,-0.0003132201939481938,,-0.00012338402076217392
2018-02-14 09:25:00,10568.3999,64.00412769045145,63.873962507590996,39.92009403143074,-0.0023182317315604273,-0.0025926252090442414,-0.0012300821432769116,-0.002024894989070214,-0.010247521008360017
2018-02-14 13:10:00,10555.0,53.061440877123545,49.54254369001826,33.52166665679653,-0.000236854571293188,0.000236854571293188,0.000416854571293257,-0.004954997631454239,-0.008990999526290788
2018-02-15 09:25:00,10538.2999,40.5772582558524,38.38817632653752,41.75493198791023,0.00018030422535231239,0.003235816054162566,0.00330224991983763,0.002182515227147741,0.0009014736807784196
2018-02-15 12:35:00,10584.5,58.75301170543109,56.375614712263605,22.990705842914405,0.00227691435589783,0.0001700505456090351,-0.003958618734942521,-0.0026453776749020275,-0.003467343757381114
2018-02-15 15:25:00,10547.7999,44.567396538852236,43.96614976035077,30.188903052366115,,,,,0.0
2018-02-16 12:15:00,10514.7999,36.595796074773176,35.40336287687781,33.58808828430953,0.00026630083564405105,-0.000161667365633833,0.0002567904311712166,-0.003195486392470359,-0.006001055711958858
2018-02-16 14:10:00,10484.6,32.273174235684095,31.03731059024639,42.18520507717527,-0.001964786448696243,-0.004282471434294055,-0.0027659615054460573,,-0.0031379356389370505
2018-02-16 14:45:00,10447.1,29.918183885736905,29.85435801890353,41.57303968252282,0.0002297288242669726,0.0013017966708464002,,,0.00044031357984519737
2018-02-19 10:10:00,10396.7,27.861321137339647,26.615133298728193,71.92503150254036,0.001048409591504873,0.0015197129858512959,-0.001183077322612025,-0.0008271855492608671,-0.0008945242240326889
2018-02-19 12:55:00,10337.5,28.578144212060753,28.380460956083677,46.06019137969586,-0.0006191051995162455,-0.00023216444981855044,-0.0004933591293833084,0.0020217557436517097,0.004827076178960166
2018-02-20 12:35:00,10414.2999,56.301169805278754,52.686956405324445,21.62606564863283,-0.00036487330271717244,-0.001277080564964339,-0.0017091787418183069,-0.0004993038466272193,-0.005463641391775131
2018-02-20 14:40:00,10414.0,55.92212506291329,55.57291116505081,18.749675980134924,-0.005108517380449373,-0.00585749951987713,,,-0.005435000960245739
2018-02-21 09:20:00,10394.7,44.91679164022901,42.69048419359647,47.913162362428125,-0.0018567250618103381,-0.0023954611484700017,-0.0031554638421503745,-0.0022030554032343996,0.00041367235225631127
2018-02-21 09:50:00,10369.7999,43.80563985779016,43.14370723207565,28.151141623225914,-0.00043395244299748725,-0.0007618276221510456,-0.0008582614983727588,0.001494725081435666,0.0028158788290602033
2018-02-21 13:50:00,10379.1,47.15141779338817,43.353851240112704,28.198038326930895,0.0006455183975488943,0.0002794076557697256,-8.671272075611025e-05,,0.0019173146033855115
2018-02-22 10:35:00,10358.1,44.892565304712946,44.48812812648624,20.549560264846402,0.00021238451067273623,-6.75896158561784e-05,0.00011584170842149355,-0.00030894662148461816,0.0017474247207500682
2018-02-22 12:25:00,10356.7999,43.03850947236625,42.33335219527834,15.515196888547143,0.00019310984274212295,-0.00041517650640332526,0.000946247884928253,-0.0005310520675406716,0.001873175130090221
2018-02-22 15:00:00,10392.7,52.18692274410803,51.761190385216246,27.13045929800248,-0.0011931548105882372,,,,-0.001587652871727241
2018-02-23 10:25:00,10432.7,65.8586335133497,65.17381205348117,42.85117606635719,0.0004888379805803034,-3.8350570801481965e-05,0.00024920682086126966,0.0033452509896767513,0.005722382508842383
2018-02-23 11:45:00,10465.1,72.39056186904949,71.05291452946503,44.97872380239053,-5.7333422518679455e-05,0.000630667647705252,0.0003344449646922598,0.0011848907320521906,0.002608661169028581
2018-02-26 09:25:00,10542.5,73.08848745703483,72.96176859975414,37.58731107056599,0.0003035333175243071,0.00092008536874566,0.0026084894474744935,0.0019065686506996027,0.003310400758833376
2018-02-27 13:15:00,10551.6,41.791506724030675,40.35889474970104,34.39681168152234,0.0012130766897910927,0.0002937943060767889,-6.63501269949629e-05,0.0003885666628757889,-3.790894271959999e-05
2018-02-28 10:05:00,10491.2,33.79352184026651,32.56566519530808,42.45305279034659,0.0004289309135274699,0.000972233872197581,0.0003717401250571406,0.0010294341924659278,-0.000257358548116593
2018-02-28 13:10:00,10493.5,37.38978723127755,35.11866847387582,27.60984981847424,-0.0018773621765855175,-0.0015342926573592708,0.00011435650640878592,-0.00010483632725022396,-0.0004764854433697563
2018-03-01 09:20:00,10521.0,51.88698539099805,49.10560084435527,34.527248647707566,-0.0011310711909513493,-0.0029940119760478723,-0.0030890599752875225,-0.004039539967683692,-0.0067293983461647056
2018-03-01 11:55:00,10481.8999,43.58581068204476,43.499781310905405,24.390078200115042,0.00016219387861160506,0.0006487468936811069,0.001116219398355378,0.0017935775173736346,-0.0030242513573326413
2018-03-05 10:30:00,10358.3999,21.613017833477933,20.136449950907615,66.93262134843053,-0.0001737623587982906,-0.0005599223872405634,-0.00034754402559800113,-0.002036994150032778,-0.00010619400782163613
2018-03-06 12:20:00,10402.0,53.88936827406645,53.09875753951974,28.716743894569102,0.00011536243030185744,-0.0008267736973658346,-0.0004614497212074298,-0.00533551240146124,-0.017352432224572167
2018-03-07 09:50:00,10230.7,21.4568806897874,17.62539906533634,65.374176985059,-0.0008503816943122855,-0.0001466175335020914,-0.0020233219623291276,-0.0056692112954147555,-0.006509818487493546
2018-03-07 15:15:00,10155.7,36.01220961899386,33.72847156795467,22.348932306372017,,,,,0.0008271217148989596
2018-03-08 10:50:00,10178.6,44.570782507687596,43.72029986697181,21.36776780816678,3.929813530345605e-05,2.946377694379443e-05,0.0018666614269153836,0.002868754052620215,0.005550861611616442
2018-03-08 14:15:00,10222.3999,56.64534735298775,55.44490350871795,20.27215211615921,0.0016238946003275245,0.0016825892322995806,0.0013304214404681325,,0.0012423794925102705
2018-03-12 09:15:00,10303.6,43.116440282070315,39.48545096446759,46.75068915330522,5.823207422661625e-05,0.0019701754726504372,0.0028339512403432465,0.0016402034240459162,0.01163670949959239
2018-03-12 13:10:00,10344.5,65.18924585555833,61.739638610966686,30.304527359275678,-0.0001256706462370305,0.001092358258011572,0.0025810817342550862,0.00800424380105369,0.007636908502102635
2018-03-12 15:05:00,10416.7,80.03677014962736,77.98134748774551,72.8818519629495,0.0006527979110466653,,,,0.0006527979110466653
2018-03-13 15:00:00,10435.0,47.171685438029556,45.99464960455509,37.06224252058432,-0.0013608145663631666,,,,-0.0009583133684715195
2018-03-14 10:20:00,10389.7,42.74573256000663,41.20512378603513,22.138669871685778,-0.0001347584627083842,-0.0003368720944781911,-0.001886483729077848,-0.004610344860775606,0.0025987275859746806
2018-03-14 12:35:00,10345.2,31.275502899645506,31.191814755961726,48.02998362317676,0.0013242759927309944,0.0009472992305610273,0.003296205003286534,0.004301511812241365,0.006911417855623769
2018-03-15 12:20:00,10393.6,50.57977181020314,48.19622024519722,29.971127541511855,0.00045219173337440743,-0.00028863916256161026,0.0006350061576354538,-0.001933882389162589,-0.0040217152863301076
2018-03-15 14:40:00,10385.2,43.212862679838274,42.61489653833063,38.05554620261683,-0.0008569984208297576,-0.002002859839001725,,,-0.003216124870007442
2018-03-16 10:35:00,10303.1,27.466753372217763,27.430710994531463,50.14841421060605,0.00024264541739871248,-3.8823266783727384e-05,-0.001184119342722112,-0.0034843881938445564,-0.008055827857635034
2018-03-19 13:15:00,10120.5,29.479544314463396,27.536975014532246,41.93263251940334,0.0010572600167977342,-0.0011560792450966417,-0.0016896497208636063,-0.002845709204090663,-0.0026480905093621
2018-03-20 14:30:00,10126.2,49.454134947431534,47.307842568068494,29.85112671618961,-0.002735478264304536,-0.0008196658173846849,,,0.001155408741679853
2018-03-20 15:00:00,10117.8999,44.221031803028495,43.696416933806155,30.344383535012497,0.0012354342426337261,,,,0.0019766947882138286
2018-03-21 10:55:00,10224.5,73.27406876098111,72.41469177709324,54.3106288077645,-9.790209790194737e-06,-0.001173651523301844,-0.0031786395422759295,-0.005359675289745125,-0.006797398405789967
2018-03-21 15:05:00,10159.7,39.20267289116189,38.60634247967518,43.89782014266714,-0.0005413545675561071,,,,-0.0004626120850025339
2018-03-22 12:40:00,10153.7999,40.78677253623605,40.22446778241007,49.17560487128431,-0.000334850010191734,-0.0026098603735533743,-0.0024030412496113263,-0.0031022868591294994,-0.004530323667300107
2018-03-22 13:45:00,10132.5,36.50065729743923,33.41078502723842,55.80205371869546,0.00110535405872203,0.002230446582778267,-0.0013027485812977524,,-0.002437710338021204
2018-03-23 10:00:00,9992.55,24.627232781918938,23.288512714839435,64.91931375094023,-0.0008206113554597438,-0.0006604920665894687,0.0008556374499002484,-0.002827106194114637,-0.0004553392277245605
2018-03-26 10:55:00,9978.5,41.58463292779358,41.53451777455216,38.703884866832034,0.00013529087538199924,0.00025053865811486276,0.0020744600891917653,0.003687919025905595,0.015974334819862657
2018-03-26 14:40:00,10099.1,77.34333506136794,76.6175354371942,56.92201747434065,0.0010594904496439295,0.003534958560663881,,,0.0038419166064302956
2018-03-27 14:25:00,10204.2,67.40843212616338,65.2411360015416,24.3559914441768,-0.0015581917249760657,-0.002371572489759166,-0.002018776582191628,,-0.002018776582191628
2018-03-28 10:55:00,10120.2,39.01484572508409,38.558516496586236,41.58163269397022,2.964368293101316e-05,0.0013240845042588045,0.0017489674117112664,0.002341841070334638,4.940613821857731e-05
2018-03-28 13:50:00,10144.0,47.30337210883087,44.33624658858111,28.315107694963285,-0.0009660883280756538,-0.00011830638801257898,-0.0005027701104101112,,-0.00229692429022077
2018-03-28 14:50:00,10138.8999,47.460088462942494,46.19738891131124,24.298913207361306,-0.002909585881205934,-0.0027320419644344396,,,-0.0017950566806561596
2018-04-02 09:15:00,10164.2,48.1703037760856,46.10356096509646,29.686317456382373,-0.0022234902894473496,-0.002567836130733414,-0.0017610928553157823,-3.936364888534882e-05,0.005302925955805726
2018-04-02 13:15:00,10179.7,61.20738354462099,60.52235443971364,25.815033961994803,0.0006581628142283691,0.001080581942493497,0.00019646944408968636,0.003732919437704485,0.0037722133265223334
2018-04-02 15:10:00,10212.0,67.19874289012516,66.22715647141261,28.724132788793845,0.0005973364669016323,,,,0.0005973364669016323
2018-04-03 09:20:00,10219.6,71.51877209008384,71.16912693465078,33.52491017489892,-0.0005968922462719073,-0.001409057105953182,-0.0012329249677091036,-0.003679204665544722,0.002348428509922007
2018-04-03 11:50:00,10199.1,50.09521239416703,49.87298696123903,31.251400300297092,-0.0020001764861604654,-0.0010687217499583124,0.00020590052063429454,-0.0006863350687805747,0.0043631300801050266
2018-04-03 12:30:00,10193.7,50.46955349531279,48.800591648588835,17.269376710847062,0.0004414491303452728,0.0005199289757398251,0.00014714971011509093,0.0013831974651008494,0.004895180356494722
2018-04-03 14:10:00,10208.2999,55.97997152940445,54.97805974984751,19.902093893222133,-0.00048000157205407845,0.00048001136800457367,0.0035167560075308746,,0.0034579803048302438
2018-04-03 14:30:00,10207.7999,57.816184522470785,57.24640096314591,20.703660059092034,0.0010874037607262466,0.003095671967472624,,,0.003507131835529087
2018-04-04 14:20:00,10150.6,28.620700526396575,26.014460594677807,72.77749365234111,-0.0017732941895060028,-0.002728912576596465,-0.001832403995822962,,-0.002975203436250129
2018-04-05 12:10:00,10277.1,64.15536266788827,62.889820769469594,41.37709094958298,-0.0001459555711241789,-0.00046706755796877,0.0005838222844964935,0.0007589592394741107,0.00491383756117969
2018-04-05 14:40:00,10297.2999,67.88907999153406,66.38622042601453,33.36139034911472,0.0015635166651795096,0.002437532192298253,,,0.002942528652583931
2018-04-06 12:30:00,10323.3999,60.328881414824714,58.2702193032049,23.067488386482864,-0.0015498769935280432,-0.0012011449832530774,9.696417940796564e-06,-0.000494023291687129,-0.0001453009681432471
2018-04-06 13:25:00,10319.5,54.439373405816816,54.24413968150674,17.84383676832993,-0.0017539706381122233,-0.0008430737923349474,4.8451959881790074e-05,0.0002325597170405036,0.0002325597170405036
2018-04-06 14:15:00,10318.8999,52.33948963298807,52.25624605703173,15.706684909537131,-5.814573315132687e-05,0.00045548460064037677,0.0006008489335185274,,0.0002907286657563013
2018-04-09 09:15:00,10362.5,58.783188360401994,57.904754038227,29.58276804199815,0.0005597008443907203,0.0017756236429433692,0.0012834644149577468,0.001563329312424644,0.0009264173703258383
2018-04-09 12:15:00,10393.7999,65.65485532392566,63.70507596491649,33.994091344761046,-0.0005964998421799095,-0.002020435278920485,-0.0014335469359959552,9.621120375946646e-06,-0.0020877735004307674
2018-04-09 14:05:00,10392.8999,59.657085247311116,58.21137665173448,12.649360359988831,-0.00037524656616771956,-0.000606173451165426,-0.00022129530950254495,,-0.0020013567146932587
2018-04-10 09:25:00,10416.2,56.06454120747937,53.7053339835646,32.805681477057774,-8.641347132354316e-05,0.0005184232253605536,-0.0007104414277759874,-0.002179297632533994,-0.0013824715347248162
2018-04-10 12:05:00,10402.6,53.03571607940461,52.89715578280942,15.637078165383837,-3.8451925480131877e-05,-0.0001634302962720824,-0.0001249783707919505,0.0011054928575549017,-7.691346394178566e-05
2018-04-10 12:20:00,10402.2,53.36736898878188,52.99469678226346,12.637207428022784,-0.0001249831766357845,-0.0005768010613139696,0.0007594547307299138,0.0011536021226279392,-3.846301743870573e-05
2018-04-10 12:40:00,10403.7999,54.29428796770301,53.44117999739868,10.859331648994067,-0.0003460178045138207,-0.000547867130739399,-0.000384474907096255,0.0003268132829046255,-0.0001922374535481275
2018-04-10 13:20:00,10410.1,53.81931424475179,51.846355929937715,14.235933632143855,-0.0009414030604893986,-0.000624393617736585,0.00039384828195698773,-0.0006051911124773657,-0.000797312225627067
2018-04-10 13:45:00,10406.2,51.28767194429213,50.86451471180218,13.111945998971922,0.0002978897195902164,0.0008264207876074181,3.843862312846724e-05,,-0.0004228344640695436
2018-04-11 10:35:00,10374.6,38.2313171218549,36.41268191595884,21.859858019157386,9.63892583809578e-05,0.0009349661673703213,0.0009638925838104662,0.0015518670599348194,0.00377844928961113
2018-04-12 09:55:00,10429.1,60.7756325142259,60.33014116170804,18.626224313205093,-0.0004410735346290773,-0.00046026023338552324,0.0006807874121448343,9.58855510058143e-06,0.002330009300898439
2018-04-12 13:05:00,10438.7,61.98467359521972,58.56836778276992,23.682766425541796,0.002155440811595355,0.002758964238841921,0.0027206452910801815,0.0020021650205483965,0.001408211750505206
2018-04-13 09:20:00,10489.5,64.3030079899411,62.922715143679554,27.462470157316364,-0.000476667143333831,0.00011440011440022602,0.0011154011154010934,0.001925735259068695,-0.000514800514800462
2018-04-13 14:35:00,10479.1,42.98068686108079,42.74101623522262,34.40319470341995,-0.0001145231937856872,0.00017176093366799705,,,0.0004771402124228441
2018-04-17 13:15:00,10523.7,47.02375918914282,43.51072925752978,37.210554707407354,0.0007411841842697164,0.000541625093835707,0.0017484344859697298,0.002138031300778165,0.002290059579805437
2018-04-18 11:15:00,10571.7999,64.80087448653893,64.57859871234311,28.546305579900825,-3.7836508804844904e-05,-0.0001986322120984818,-0.00028377381603672536,0.0006621389040857295,-0.003225552916490515
2018-04-18 13:10:00,10584.2,64.44341320917246,62.15086037698575,30.822999348932633,-0.00018896090398901055,0.0006141229379641455,-0.0029383420570284757,-0.004998025358553426,-0.004393341017743468
2018-04-18 13:40:00,10590.7,66.92953016422626,65.81849777788018,47.90751759664984,-0.002086736476342499,-0.0035502846837319746,-0.0046172679803979655,,-0.005004390644622214
2018-04-19 09:15:00,10557.6,42.92889090164569,39.688465507605514,39.32630149755746,0.00019890884291884348,0.00024626809123295956,0.00048306433280287386,0.00019890884291884348,0.000975591043419044
2018-04-19 11:20:00,10562.5,52.13558220208569,51.51386252904382,20.81951134311135,-4.733727810646293e-05,-0.0004449798816568151,-0.0003124260355028552,-0.0005491124260353919,0.0005112331360948019
2018-04-19 11:35:00,10562.0,52.728667554149226,52.50699175086149,16.530635083693742,-0.0003976614277598767,-0.001249772770308688,-0.0006532853626206592,-0.0005396799848513822,0.0005585968566559352
2018-04-19 12:50:00,10560.5,51.135509267752596,49.67316311369675,16.440012560016292,0.0001799062544387553,-0.0003598314473746145,0.0003977084418351762,-0.00017044647507213906,0.0007007149282705072
2018-04-19 13:50:00,10564.7,51.67079091963972,50.167853842212836,17.349388711331315,-0.00044487775327273216,-0.00045435270286897644,-0.000567929046731086,,0.0003028860261058419
2018-04-19 14:20:00,10559.8999,50.80701918979018,50.45510807531072,12.748312508151486,-0.0003787914694153294,-0.00011362797103786626,0.0009375088868028847,,0.0007575829388306587
2018-04-19 14:50:00,10558.7,48.97760056504406,48.522410779873795,18.32149967403389,0.0005966643620900491,0.0010512563099622785,,,0.0008713099150463588
2018-04-20 10:40:00,10551.3999,45.26712466655115,43.75018787197736,22.359071180555446,-0.00017058399994862583,-0.0007581932327291874,-0.0016111606195496897,-0.000616032001592548,0.0024736148991946205
2018-04-20 11:50:00,10538.8999,38.64356832859822,38.5124014691218,27.233796164137914,0.00032261431764801785,0.0007496038557117668,0.0005029082779313132,0.000664205948099017,0.0036626308596023893
2018-04-20 13:15:00,10537.2,41.80418604851795,40.561957309035975,26.653004528188987,0.000645332725961234,0.0004650191701780493,0.0014045476976805027,0.0030273696997304977,0.00382454542003563
2018-04-20 15:00:00,10554.7,52.983543808177416,51.49129594400944,19.22734800657099,0.001364321108131783,,,,0.002160175087875471
2018-04-23 09:40:00,10566.7,57.913616701350364,57.42810607904905,33.73847802853702,0.0006340579367256627,0.0020346938968647255,0.003946350326970549,0.0038706502503145224,0.0015236450358200315
2018-04-24 09:50:00,10600.5,46.69889410086761,46.238448659178445,20.048152782904413,-0.000886750624970456,-0.0007169567473231941,0.00026412905051653723,0.00021696146408189954,0.001839535870949538
2018-04-24 13:10:00,10590.7,40.6666805621748,40.39807148789362,36.751868085410266,0.0006137460224535651,0.0017373733558687654,0.0016712681881272395,0.0019262182858545973,0.0027665782242911607
2018-04-25 11:55:00,10588.6,42.74481188156052,41.10205266735846,21.008534516502703,-0.00021722418450031977,5.6664714882082023e-05,-5.6664714882082023e-05,-0.00136939727631602,-0.0022854862776948703
2018-04-25 14:55:00,10566.0,38.785233570737105,36.80873662543061,50.00450257298923,0.0004732159757714349,-0.00015143857656629844,,,-0.00015143857656629844
2018-04-26 11:25:00,10585.1,51.31082504127676,50.829681570264604,19.284077938268982,-0.0012564926169804647,-0.0016532673286033805,-0.0016154783610925483,-0.0011431162672058681,0.0027302529026649314
2018-04-26 12:45:00,10577.0,45.13281648114332,43.7013436107101,30.500339478816258,0.0005483501938168267,-0.0005672686016828798,-0.00010400869811855173,0.0005767230783777499,0.0034981563770444257
2018-04-26 14:50:00,10582.6,52.402712692786125,50.42212829507126,20.423662150871845,0.004025475780998988,0.003978228412677476,,,0.002967134730595511
2018-04-30 09:20:00,10748.5,62.004182581025304,59.72103382662804,33.28156795380333,-0.000902460808484884,-0.0011815695213285293,-0.0006977717821091689,7.441968646793029e-05,-0.0007070847094943211
2018-04-30 15:05:00,10741.3999,49.532536484277585,48.334126597738035,31.01584726939367,9.319083260184158e-06,,,,-4.65488674339376e-05
2018-05-02 10:45:00,10737.7999,47.739169897092296,46.0637120388914,15.278154629038223,-5.586805542900919e-05,-0.00025143884456257926,-9.312894720636677e-05,0.0006239732591775127,-0.002020888841484103
2018-05-02 15:20:00,10720.3999,43.45857622281066,43.22606458570316,41.81541108308312,,,,,-0.00040109511213293203
2018-05-03 10:00:00,10689.6,36.26832916681116,33.617103881002436,53.409819783907906,-0.0019177518335578014,-0.0027690465499177197,-0.001992600284388635,-0.0025164646011075487,-0.001992600284388635
2018-05-03 10:30:00,10660.0,29.74299460663435,29.085560904932134,63.09971098693167,0.0005628517823639267,0.0007786022514071345,-1.8771106941817273e-05,0.0008817917448404877,0.0007786022514071345
2018-05-04 10:30:00,10637.7,33.613075779844635,33.321517420942385,13.318399881931722,-0.00037602113238766055,-7.521362700591006e-05,-0.0003102268347481285,-0.0007990449063237648,-0.0022561267943258523
2018-05-04 10:45:00,10633.7,31.789320834444496,31.224780900910382,15.066406470440807,0.00030092065790832123,0.0008087401374874403,-0.0009121942503550473,-0.0006770926394388255,-0.0018808128873298857
2018-05-07 12:15:00,10664.7,61.43790492616394,61.12262979556177,28.543183024945144,0.0003375528613087653,0.001068947087119243,0.0015752904441754811,0.0028130186503136922,0.005485386368111689
2018-05-07 14:05:00,10693.1,73.53869309616077,72.5477405951554,42.80249881760511,0.0002712029252507353,0.0008323124257698655,0.0017394394516090372,,0.0028148993276038148
2018-05-07 14:25:00,10699.2,74.85409196336039,74.37336373092651,43.55757802151886,0.0014206576192612452,0.001056153731120002,0.0022431583669806354,,0.0022431583669806354
2018-05-08 14:05:00,10718.5,46.781313278572966,44.0869460308288,42.06029397265686,-7.463730932488755e-05,-0.0006064281382656134,9.329663665624821e-05,,-0.00041050520128749213
2018-05-09 09:30:00,10719.5,48.385903506749415,46.03940474413518,27.9863768247836,-0.00019591398852558672,0.00030784085078594536,-0.0005224217547460386,0.00014926069312948265,0.002742655907458369
2018-05-09 10:35:00,10715.0,46.03106282903686,45.48808734410662,30.359465456212277,0.0008399440037329953,0.0016518898740085497,0.0011012505832943553,0.0022025198320112516,0.0031637797480168484
2018-05-09 12:05:00,10726.7,54.25515830815594,53.902073036964524,17.905726562792495,0.000270353417173963,0.0011093812635758482,0.0025636961973394268,0.0023306329066721254,0.0020695926985931923
2018-05-10 09:20:00,10783.1,58.87843753189958,58.760674273731496,31.755509221704436,-0.0015301722139273721,-0.0012148640001483635,-0.0026522985041407265,-0.003700234626406118,-0.0067327577412803485
2018-05-10 11:50:00,10753.0,50.18527782503611,48.256325419911654,26.190252230967722,-0.0009020831395889495,-0.0011345763972844258,-0.002185436622337944,-0.001460066958058226,-0.003952385380823986
2018-05-10 13:20:00,10720.2999,34.97883246915938,34.26379511308307,43.7430741245927,0.0013432553318775131,0.0015857765322404571,0.00152048917959835,-0.0003731238899389311,-0.0009141442022531088
2018-05-11 09:15:00,10750.2999,41.34817386582529,39.58247853218926,40.7543091506129,-0.0011999665237245605,-0.0011441448252061948,0.0,0.000688362191644698,0.004399886555723098
2018-05-11 14:05:00,10768.0,62.414065071190976,59.30645781931287,30.03978624205135,-0.00013930163447251065,0.0007615156017830582,0.0035011144130758787,,0.00274888558692421
2018-05-14 14:05:00,10789.6,41.31550016570992,39.84033754494309,29.12364013182859,-0.0007229276340179336,0.00043559538815141075,0.002224364202565443,,0.0007229090976494934
2018-05-15 14:35:00,10807.7999,32.83160025269977,32.424130084290745,55.415135067632534,-0.0007309535773325493,0.00035160717585092094,,,-0.0003608505002021811
2018-05-16 10:15:00,10718.7,24.885510501752062,23.011239348388322,59.24943957311069,-0.0003638594232510117,-7.464524615863333e-05,0.00169795777473003,0.0029014619310177014,0.002276395458404412
2018-05-17 09:15:00,10746.2999,44.53548419356099,44.37347782324541,41.33962202234894,0.001200422482160679,-0.0004094432540450166,-0.001535412202668951,-0.002763732659275542,-0.006374287023201308
2018-05-17 11:20:00,10716.1,39.63686876762262,38.637617371914104,32.86691286702794,0.00010264928472114576,-0.00023329382891168482,-0.0012597866761228094,-0.00025196666697768766,-0.0035740707906795066
2018-05-18 10:00:00,10643.7999,31.19540650938197,30.976670863693048,51.954915852907604,0.0004040004547625209,0.0010334655013573002,0.001071055460184045,-0.0006576598645000598,-0.0035983295777666235
2018-05-18 12:15:00,10637.7999,35.37547892864342,33.77070660986526,30.893068576914764,0.0004512305218300483,-0.0003196149609845378,-0.0018518772852645915,-0.0020398860858437118,-0.003036332728913238
2018-05-18 13:30:00,10623.1,33.40716648267212,30.93261915468652,31.654770722044947,-0.0015249879978537217,-0.0007719121537027585,0.00069659515583953,,-0.0016567668571321192
2018-05-21 12:15:00,10541.5,29.062986770842414,28.62998782292507,45.84729906115333,0.00014229473983773389,-0.0012616800265615735,-0.0009960631788644703,-0.002485424275482595,-0.0019636768960774598
2018-05-21 12:30:00,10543.0,30.765516606628445,27.237591056467778,47.823490767913164,-0.0014037750165986074,-0.0007967371715830174,-0.001043346296120684,-0.003035189225078283,-0.0021056720098643344
2018-05-22 12:25:00,10539.8999,50.31840476535773,46.379625256329376,37.712927997074566,7.591153688291108e-05,0.0004174612701965952,-0.0013093008596789524,-0.0015654797632376205,0.0003131054404037492
2018-05-22 13:40:00,10537.5,50.606353799206275,49.854459929838804,23.08945108989117,-0.000569395017793628,-0.0004460355871885868,-0.0008351126927638175,,0.0005409252669039688
2018-05-22 14:05:00,10534.5,50.193164055076785,50.05859388211585,20.108030123740075,-0.0006075276472542468,-0.0010821586216716028,0.00047463097441746704,,0.0008258578954862816
2018-05-22 14:55:00,10533.6,49.04474831386531,48.08464766184413,17.941610375544776,0.0003322700691121838,0.0009113693324220851,,,0.0009113693324220851
2018-05-23 10:45:00,10502.7999,39.573343632304066,38.57941053500928,36.68599928294912,-0.00040940511491605047,6.665841553354923e-05,-8.569143548087244e-05,0.0008950089585160192,-0.007007645646947891
2018-05-23 11:00:00,10498.5,39.424807538362025,37.563055266365325,34.45792318565357,0.0004762585131208308,7.61918369289738e-05,0.0015811782635615224,0.0008382054579225695,-0.006600942991855874
2018-05-23 15:25:00,10429.2,26.418515434052566,25.969063998703437,57.79207165421304,,,,,0.0
2018-05-24 14:55:00,10485.7,52.8094115789973,52.27896548864635,26.064518294229877,0.0026321466378018687,0.0045681261146131025,,,0.0045681261146131025
2018-05-25 13:20:00,10582.8999,67.47127705605621,66.81807960851418,33.9127921228866,0.001294550655250859,0.0018520538023798494,0.0038836330673410746,0.0034678680084652136,0.002787515735644508
2018-05-29 10:35:00,10701.1,56.88085992360986,54.2249563227577,19.677584731322124,-0.0005139658539776715,-0.0005326648662287159,0.0007008625281512693,-0.0028595191148573784,-0.006550728429787656
2018-05-29 11:20:00,10705.8999,58.3539294992793,57.67098248062092,24.392956802045504,0.0002522067294874475,-0.0002054848280432786,-0.00283020580082205,-0.00455822494660163,-0.00699613303875557
2018-05-29 14:50:00,10631.7999,33.67266683966865,32.350923068403354,49.395221775440916,-7.523655519514616e-05,-1.8802084489899507e-05,,,-7.523655519514616e-05
2018-05-30 09:45:00,10590.6,30.745430024562964,27.10152561771167,44.4911534800727,0.00027382773402817584,-0.0006515211602741156,-0.0013219269918607335,0.0002549336203803154,0.002303929900099977
2018-05-30 15:10:00,10611.7999,50.683617573671285,50.44686568960051,15.765835597053279,0.00030156052980223613,,,,0.00030156052980223613
2018-05-31 10:40:00,10643.2,59.136379562922386,56.90791106430049,35.49640889063672,0.0007516536380036687,0.0006952796151533658,0.0007422579675284702,0.0009959316746841473,0.008249398677089514
2018-05-31 12:05:00,10660.2999,64.31472940306105,64.06311363005597,27.32147455168838,-0.00020636380032790225,-0.0006284907613152146,0.0011350524950992646,0.0003846045644551044,0.006632092967665981
2018-05-31 13:20:00,10674.2999,68.67681733890475,67.2549643041637,37.64303922392574,-0.0005246152021641803,-0.0004122050196472271,-0.0007119811201856674,0.006145602111104376,0.005311833144204581
2018-05-31 15:00:00,10721.0,69.23778966857068,65.67157654202823,35.07033791280313,0.001744240276093656,,,,0.000932748810745343
2018-06-01 13:45:00,10711.0,46.477620196741995,45.48179721895922,22.830415969203514,0.00028942208944071623,0.00038278405377645264,0.00023340491083922998,,-0.002399411819624664
2018-06-04 09:20:00,10727.5,47.04913681716665,44.96756734773007,31.75745057708125,-0.00135166627825678,-0.005788869727336277,-0.003570263341878266,-0.003271973898858027,-0.009610822652062478
2018-06-04 10:20:00,10689.2,43.13397255224068,42.72551490641784,21.28584054535314,-0.0014874920480485443,-0.00020581521535767422,0.0002993582307375675,0.0008700370467387142,-0.006062202971223285
2018-06-04 14:45:00,10642.7,36.13579804824562,35.290981722140934,37.91571083906145,-0.0016537156924465446,-0.0007986695105565156,,,-0.0017194978717807174
2018-06-05 14:40:00,10573.2,35.69795916129706,33.85977621962162,53.69406305272028,0.002061816668558203,0.001409223319335684,,,0.0030170620058260766
2018-06-06 11:30:00,10655.8999,65.67247466633117,62.90639680185957,39.58320818295943,0.0001501609451117769,0.0003096969782909742,0.0003003125057510214,0.0006475286052565199,0.00300303121278378
2018-06-07 09:15:00,10753.7,66.56028135283609,65.30252472996841,28.636203685393745,0.0009299124952342197,0.0004742460734443732,0.0009020058212521054,0.0021852943638003275,0.0007904256209489979
2018-06-08 10:15:00,10748.1,40.97517151959394,37.36411610308522,33.21797663602761,-0.0010885737944380525,-0.0010792605204641426,-0.0018887152147821773,-0.003275006745378284,0.0010606525804559563
2018-06-12 09:50:00,10803.0,42.51307241737445,42.208023453682856,28.064048298233526,0.0011293159307599332,0.0026196334351569206,0.002027205405905841,0.002823289826899833,0.004637600666481667
2018-06-12 11:50:00,10833.5,56.74301948849046,56.61702294230005,21.062104492215852,0.0010061291364749092,0.0011538284026400003,-0.00017538191720123386,-9.230627221123999e-05,0.0018092029353395933
2018-06-12 14:40:00,10844.7999,55.24920545821866,54.83715089400404,17.863436702294372,-0.00019363197286836886,-0.0006823546831877803,,,0.0007653529872875264
2018-06-12 15:20:00,10852.2,55.861829371661955,55.56969880979534,17.966331630436258,,,,,8.293249295077132e-05
2018-06-13 10:50:00,10871.7,62.17605156258119,61.24238162727842,29.2435314667945,0.00034953135204229824,0.00011036912350403938,-0.00011958571336589952,0.0005978825758621298,-0.001490107342917879
2018-06-14 10:45:00,10795.7,21.808071769155713,21.634466655617196,76.54778379745575,-0.0003056865233380668,-0.0007502987300499475,-0.0007688338875664336,-0.000759561677334597,0.0013338644089775364
2018-06-15 10:05:00,10828.6,56.841873820235676,56.081633587425095,23.75747331867034,-0.0011543505162255885,-0.00027704412389417676,0.00013852206194697736,-0.002105544576399554,-0.0013021073823024087
2018-06-15 11:10:00,10829.2,60.62029374331049,60.37222625851492,14.400268676634823,-0.0007387433974809232,-0.0013759188121006405,-0.002539430428840528,-0.005697558453071405,-0.0013574409928711617
2018-06-15 13:55:00,10774.2,37.00099597179525,34.63191794565756,48.16305962757305,-0.00047335300996831364,0.000714660949304724,0.0021996900001854947,,0.0037404169219059646
2018-06-18 10:20:00,10820.6,55.024943676125055,53.76539346162072,22.431272951280647,-0.0005544979021495644,-0.00010165794872740719,-0.0005544979021495644,-0.00039739940483896063,-0.0022457257453376567
2018-06-18 13:45:00,10821.2999,55.72269290498452,52.1939900395837,27.208248463894748,-0.0005452210043638273,-0.0005914261742251403,-0.0004528106646410901,,-0.0023102584930669856
2018-06-18 14:00:00,10815.3999,52.852156469071716,51.13695870891872,21.383200861222907,-4.623037563322718e-05,0.000637979183737869,-0.0012389648208940285,,-0.00176600034918728
2018-06-19 10:30:00,10749.6,31.619647584526703,31.615345599784625,56.555174262787354,-0.0005674629753665839,-0.0005767749497656016,-0.0016465821984074092,-0.0025489320532856574,-0.0035908312867455328
2018-06-19 10:45:00,10743.5,31.93717811979287,29.56339143459493,58.12758502448749,-9.317261600028104e-06,-0.0006794806161865008,-0.0006701819704938439,-0.0020756736631450945,-0.003025084935077027
2018-06-20 12:15:00,10764.7,62.59778795612245,62.15443239219702,30.58267331949353,-0.0001021858481889959,-0.00024153018662853576,0.00041803301531850856,-0.0007431698050107682,0.0007152916477002336
2018-06-21 09:20:00,10799.1,66.86101571123014,63.76294065461035,38.45509269213424,-0.0023150077321257845,-0.002398348010482332,-0.0024446481651247964,-0.0032225000231501655,-0.005361557907603398
2018-06-21 12:35:00,10756.6,43.021499542040424,42.97865544378517,16.68933998987757,0.0009947288176561653,0.0014967554803562155,0.0016083055984232875,-0.001961586374876867,-0.0014316791551233221
2018-06-22 09:30:00,10732.6,38.870857808903224,38.85207105010234,39.40813884547716,-0.0009783277118312617,-0.0011833199783836124,-0.000614948847436847,0.00027952220338045564,0.00850678307213526
2018-06-22 10:00:00,10719.8999,33.58808355034952,32.87779453109272,45.29253512930253,-0.0005690351642183566,0.0005690444926635951,0.0006436627267387696,0.0026959206960504023,0.0097015831276559
2018-06-22 14:40:00,10788.2,66.71100961034769,64.34958677696144,34.45001022163832,0.0010845090005746627,0.0037077547690995694,,,0.0033091618620344487
2018-06-25 13:40:00,10811.3999,53.87655919688952,50.76768327218336,24.470594101785284,-0.0017296465002649697,-0.0017111567577848819,-0.0036720406577505083,,-0.005031716567990507
2018-06-26 09:35:00,10767.7,36.22208152712159,34.999043805437495,37.1317936555249,0.0010865737344094573,-0.00026933328380251975,0.0003900461565606861,0.0019131197934563193,-0.00035291659314429236
2018-06-26 14:00:00,10786.3999,49.31603155888578,48.12604530230889,29.570408520189112,-0.0002503059431349097,-0.000565526965118357,0.0,,-0.0020859601172398268
2018-06-27 09:50:00,10774.2,47.881609404599565,45.91229812231531,26.397432105116614,0.000259880083903985,-0.0006682630728964689,-0.002348211468136907,-0.003898201258562106,-0.009949694640901452
2018-06-27 12:45:00,10726.0,33.04550456645076,31.422791659974596,37.697787431273625,-0.0011653925041954505,-0.0028435577102368104,-0.0022375536080552205,-0.004605631176580194,-0.005500652619802371
2018-06-27 13:45:00,10702.0,28.532844169109914,21.683090656319376,57.27402112461224,-0.0023640441039057825,-0.0029620725098112866,-0.0023733881517472577,,-0.003270416744533766
2018-06-29 12:30:00,10683.6,69.8303402840905,69.74807146809826,41.69130649027828,-0.0005896982290614083,0.0,7.48717660714604e-05,0.0007207214796509653,0.0024991482271892185
2018-07-02 11:35:00,10640.7999,35.50108908421033,32.18814988177529,50.15368886538191,-0.0006672336729121042,-0.000657845280973679,-0.0022084805861258827,-0.0006390403037275227,0.0010525618473475884
2018-07-03 09:45:00,10673.5,57.92991341380601,56.892421225246586,27.267669397617613,0.0001311566028012745,0.0001405349697849445,0.0004497025343139782,0.0023609874923877783,0.0032135569400852937
2018-07-03 11:05:00,10691.2999,62.21894516524734,59.805847051993574,21.86479407086469,0.0007669881190031091,0.00010288739538588665,0.00034608513787937056,0.0011037105039024553,0.0015433109307878556
2018-07-04 10:35:00,10699.2999,50.63146396137547,49.760747562679356,21.767082898549443,0.0003832026430066193,-0.0005607843556193481,0.0011309151171656762,0.0021309898977595054,0.006748114425692453
2018-07-04 11:20:00,10704.5,53.55988608206568,51.50669594570431,19.100633901330845,0.0006445793825027302,0.0008874772292026822,0.0011397075996077977,0.002587696763043601,0.006259049932271443
2018-07-04 13:25:00,10737.0,64.93825074937612,62.320869291077,37.127663956032364,0.0006798826487846021,0.0008102822017324041,0.002468100959299724,0.0032131880413523994,0.0032131880413523994
2018-07-05 12:35:00,10769.1,52.811475750197644,49.22764175875185,36.453833532255956,-0.0006407220659108148,0.0008728677419653774,-0.0006592937199951798,0.0004178622168984347,-0.001504313266661117
2018-07-05 14:30:00,10775.5,57.8913889474613,56.95111950640555,27.210634073354047,-0.0013642151176279649,-0.0026912904273583838,,,-0.002097359751287664
2018-07-06 09:30:00,10767.8999,50.64907371524354,50.24248175815839,25.141487737529115,0.0009008348972485702,0.0011887276180939654,0.0021545612622198007,0.0030553775857444787,-7.42856088400412e-05
2018-07-06 13:25:00,10800.7999,58.71260097029567,56.20853621438383,22.324745006639937,-0.000398109402989677,-0.0003888508294649373,0.0006388508317796138,-0.0031201300192590375,-0.0031201300192590375
2018-07-09 09:20:00,10832.7,47.06258135233519,45.19292285902216,43.30386744734413,-0.0008400491105634567,-0.0007292826349848403,-0.0014031589539081901,-0.0004246402097354274,0.00165240429440483
2018-07-09 11:25:00,10829.5,60.308117810374384,59.426485941965,18.46710510212206,0.0004155316496605721,0.00019391476984176315,0.0012004247656862699,0.0017913938778337801,0.0019483817350756105
2018-07-09 12:15:00,10837.8999,65.01620387144271,64.02802273418698,34.77422271728495,0.00011995866468561545,-8.303269160114812e-05,0.0007197058537142809,0.0013194530427431683,0.001171822965443603
2018-07-09 13:10:00,10848.3999,68.66500500010433,67.18278638454969,59.026513852467986,4.6089746378097374e-05,0.0003226282246471257,-9.217949275630577e-05,0.00026732052899336445,0.00020280410201323207
2018-07-10 09:25:00,10904.2,68.62678393107768,65.81558705504125,36.492167014638895,0.0009629317143853289,0.0003301388455823062,0.00022009867757377677,0.0014031290695328824,0.003934263861631315
2018-07-11 13:05:00,10954.6,53.7224738700617,52.96523741922209,16.29986429511239,0.000292105599474235,0.0002282146312964084,0.0005203202307706434,-0.00010041443777042414,-0.0009585014514450485
2018-07-11 13:20:00,10957.7999,54.36978068067306,53.75320038037859,16.836022008661406,-6.387231071813826e-05,-0.0001916351839933439,0.0008669623543682281,-0.0013049973653926905,-0.0012502418482746025
2018-07-11 14:05:00,10960.2999,54.66874299558431,54.520676376461594,20.060465549410495,0.000638668655407848,0.00021898123426344895,-0.000620411855701164,,-0.0014780526215345535
2018-07-12 09:20:00,11018.6,57.00403725262965,51.336517945704074,41.29782059396805,0.000671591672263272,0.0003539469624089797,0.001288720890131101,0.0025774599313888036,-0.00020874702775308673
2018-07-12 11:35:00,11058.6,73.77608756079573,73.7289630040635,55.77762835918206,0.0004792559636843663,0.0013564103955292506,0.0006962816269691086,-0.001618649738664879,-0.0038250863581285044
2018-07-12 12:05:00,11073.6,77.63095703846551,77.50334886978496,60.307343404097,-0.0006772865192891109,-0.0006592345759283136,-0.0009843230747001996,-0.003296127727206999,-0.0051744780378558675
2018-07-13 09:25:00,11051.6,49.15323789741227,45.49809822589443,39.33533505043145,0.0010767671649354327,0.0006695863042454064,-0.003148874371131871,-0.0019273317890622366,-0.0026964511925875456
2018-07-13 11:20:00,11026.8999,44.86504910993281,43.91121960997,29.063158691172966,0.0007164298281150394,0.0,0.0007436450928515193,0.001378456332953526,-0.00046250533207436995
2018-07-13 15:10:00,11025.7999,42.849200008399585,42.64723282571001,40.96449230088436,-0.0003627854701044875,,,,-0.0003627854701044875
2018-07-16 09:55:00,11007.3999,41.6201845361645,39.75583646631859,30.57555602055174,-0.00041790068879032916,-0.001435388933221149,-0.0014081436252715296,-0.002761769380251189,-0.0060504751898766695
2018-07-16 11:30:00,10980.1,35.95012683007767,33.05273191589976,44.802087422566416,-0.00035518802196699006,0.00025499767761671954,0.00108377883625832,0.0002732215553591377,-0.003579211482591216
2018-07-16 15:20:00,10939.2,28.244600223170586,27.90146185418685,55.088163769000616,,,,,0.0001462538394032542
2018-07-17 14:35:00,11016.2,68.80602358287445,66.36714851169398,50.75843997509788,-0.000789746010421033,-0.0011074599226593707,,,-0.00013616310524500186
2018-07-18 09:20:00,11062.1,72.9217549085059,72.49787132278871,51.19925441108918,-0.0019164625161587345,-0.0012836712739895395,-0.001030545737246924,-0.0005243217833865721,-0.007231899910505213
2018-07-18 14:30:00,10977.0,36.771389754541346,33.987761054958895,28.574798411398067,0.0007379065318393607,-0.0005557164981324636,,,0.0004646078163432765
2018-07-19 12:45:00,10987.7999,49.81329468204464,46.86112304582867,24.6820942244778,-0.0015562624142799741,-0.002211534631241352,-0.003840614170631196,-0.0035493911752069174,-0.0018657056177370235
2018-07-19 14:00:00,10951.6,37.70110519939486,37.25450319127819,44.100736447313196,0.001040943789035298,0.00029218561671351395,-0.0002191460608494955,,0.001433571350304863
2018-07-20 14:20:00,11006.7,50.52126522526024,49.62653533629373,34.279620648290496,0.0012083549110994962,0.0007813331879673591,0.0001544422942389989,,0.0004451833882999079
2018-07-23 09:20:00,11051.7,63.065867681245386,58.27926765232261,29.61972249686318,-0.0008053150194088365,-0.00014477410715096894,-0.0019816046400101817,-0.0015472732701756753,0.00221685351574874
2018-07-23 13:45:00,11053.0,60.151650435122775,59.85917075614807,24.453698866898282,-7.237853976294062e-05,0.0010766217316566795,0.0014566181127295685,,0.002098977653125944
2018-07-24 09:15:00,11116.7,78.30866284427056,76.48539069425154,54.98872382835427,0.0005037376199770183,0.0015831946530895369,0.0015112398463572596,0.0013493212913904262,0.0015652126980127967
2018-07-24 13:50:00,11127.3999,55.728246305639026,55.4133562052277,27.703378049502444,0.0010065334310489504,0.0009975466056539872,0.0007548933331675833,,0.0006021262882804912
2018-07-25 11:45:00,11130.7999,48.3916532583133,47.63033082435515,15.50503780146564,0.000925369254010322,0.000898408029058162,0.0016351115969661656,0.0011140349401124183,-0.0007546627444088294
2018-07-26 09:20:00,11167.5,51.08295526327014,49.63409485825927,29.394830281330712,-0.000555191403626587,-0.0005104186254757392,7.162749048572614e-05,-8.95455563018066e-05,0.0012178195657039925
2018-07-26 10:50:00,11171.7,60.63805016217791,60.29656558732385,26.262086865276935,0.00019691721045145272,-0.00046546183660500784,-0.00021483749116080197,-0.0006176410036073943,0.000841411781555168
2018-07-26 15:00:00,11158.3999,45.97300677083369,43.5376699960157,34.15997584515462,0.0010485463959757357,,,,0.0020343508212141703
2018-07-27 14:55:00,11280.2999,72.28873116327726,71.74155904964788,62.34605511700686,-0.00015069634806430532,-0.0006560109275108861,,,-0.0006560109275108861
2018-07-30 12:20:00,11291.5,60.796718777972586,59.46054386968051,29.798119752375573,0.00010627463136003712,0.00038080857282030145,0.0013815702076784842,0.0012664305008192045,0.0018155249523978956
2018-07-30 12:45:00,11295.1,61.715357114154514,61.21762364217097,30.41614302240726,-1.7715646607796565e-05,0.0006640047454204989,0.0016909987516711134,0.001761825924516014,0.0014962240263476367
2018-07-30 13:05:00,11297.7999,63.09047283332448,62.11673094598011,27.04702940425741,0.000823177971137623,0.0015135690268333057,0.0011329728011910678,0.0022393829085254335,0.0012568907332126678
2018-07-31 11:05:00,11288.7999,44.67974392190402,43.11816054194429,25.718336830285974,-0.0001683084133681234,-0.0003277496308531358,0.0002746084639164703,0.0011161505307575315,0.00605025340204679
2018-07-31 14:10:00,11313.7999,57.259246294235744,54.16384705453505,25.083117309117885,0.0008662076478831437,0.0013346532671132394,0.003862548426369017,,0.003827193372935689
2018-08-01 14:45:00,11338.2,41.53339208590005,38.383593796815425,17.93091313490239,0.0025489054700040814,2.6459226332153918e-05,,,-0.0013582491047962053
2018-08-02 10:15:00,11287.8999,31.820281895785794,30.17258726545679,39.26147223389227,0.00023034399870969224,-0.0003986569724985234,-0.0007795869982865078,0.0004163839192088403,-0.004270050268606607
2018-08-02 13:35:00,11275.6,39.134233366922416,38.0420667023068,25.78378119036903,0.0002483149455461131,-0.0012682340629324163,-0.0018712973145553757,,-0.003183866047039574
2018-08-02 14:35:00,11254.5,33.12980106145776,32.99172308028575,31.950882319119046,0.001004033941978788,-0.00026656004264957733,,,-0.0013150295437379667
2018-08-03 13:30:00,11335.2999,60.9388358752788,60.3945599578919,24.64762456689988,-0.00014996515442877723,6.176281229230973e-05,0.001605612569633097,,0.002408414443450191
2018-08-03 15:00:00,11357.8999,71.87415895149852,71.80897955675266,39.73407902904229,3.521777824433414e-05,,,,0.00041381769881598807
2018-08-06 09:15:00,11418.2999,75.99798635562107,75.00161289169979,50.54815946304796,0.0004729338033939712,-0.0012173440986603667,-0.002338342856102349,-0.0008582626210404953,-0.0024784687955166085
2018-08-07 09:15:00,11400.8999,49.18389098610453,47.79540002099743,34.36588985995653,-0.001034997246138425,-0.00022805217332011463,0.0002719171317344671,-0.0029822207280322255,-0.0009999122963969542
2018-08-07 11:55:00,11378.2999,44.426209657422554,43.26805864354304,27.08482651731584,0.000861297389428195,0.000650369568831799,0.0013182988787279193,0.001212843757088855,0.000984338618109426
2018-08-08 10:05:00,11395.1,50.42318126947937,49.48746884835961,23.019897506813102,0.00064940193591978,0.001386552114505335,0.002729243271230697,0.00427375801879748,0.005256645400215865
2018-08-08 12:10:00,11445.7,71.89036969835499,70.31799674912367,52.71985770471848,-0.00024464209266361614,-0.0003494762225114689,-0.00032326550582317815,-0.0008387429340276364,0.0008125322173391236
2018-08-08 15:10:00,11449.5,54.526498821597485,52.27778631510639,35.808187549377344,0.00048037032184811146,,,,0.00048037032184811146
2018-08-10 10:25:00,11449.6,39.454528054971725,38.44898488709873,38.02286598049726,-0.0007511179429849912,-0.0005851820150922782,-0.001301355505869184,-0.0009607322526551387,-0.002428041154276195
2018-08-10 11:15:00,11437.6,36.07257044701921,35.94299581261367,40.42549749263411,8.743092956509102e-06,-0.0007344198083513165,0.00030600825347981697,0.0008393369238302029,-0.0013814174302301252
2018-08-13 10:30:00,11359.2,28.181874321922496,25.801018625718168,60.620394811698304,0.0004489664765123802,0.0008363265018662691,0.0004313684062258183,0.002676244805972283,0.00044017184308753343
2018-08-14 09:15:00,11401.7999,42.92934202566473,42.505932681446055,42.72362342202966,-0.00026311635235765074,0.00041222438923882443,0.0010963181348235818,0.00030696907775062954,0.0028065744251484226
2018-08-14 11:35:00,11415.2,60.76146939032724,59.930787615478955,26.443555701521113,9.63539841614125e-05,0.0005080944705304624,0.002163772864251179,0.0029259233302965093,0.0016293976452448344
2018-08-14 13:30:00,11448.1,72.01166077314743,71.67576340444127,52.59679264717549,-0.0003756169145971988,-3.4940295769558816e-05,-0.0013364750482612875,,-0.0012491243088372794
2018-08-16 10:05:00,11428.0,48.79718587283136,47.8915045196649,29.776174302881714,-8.750437521876098e-05,0.00038501050052497376,0.001627581379068932,0.00047251487574384576,-0.00319390969548472
2018-08-16 14:05:00,11401.2999,38.40617083900465,36.76066621299771,50.80309699864216,0.0001841895238630098,-0.0009998859866846566,-0.0013419434743576764,,-0.0008595423404308411
2018-08-16 14:55:00,11387.2999,36.45341841252427,36.42354747766625,42.04625477468568,-0.0004478585832273785,0.0003688407293109819,,,0.0003688407293109819
2018-08-17 14:30:00,11481.2999,62.78140053660976,61.578845337495295,23.12350808694556,-0.0005051605698410677,-0.00020903556399565204,,,-0.00140227153198913
2018-08-20 09:20:00,11519.1,57.93935055827132,56.724425902140105,33.328167739136155,0.0010156956706686149,0.0013976786380880402,0.0021963434643330615,0.0019706313861325153,0.003099191777135246
2018-08-21 10:25:00,11566.2,59.70896892651621,59.465496531197985,22.214441587708947,0.00027665957704336996,-0.00031125175079116385,-0.0007348999671455969,-0.0011585568293822623,0.00036311839670766233
2018-08-21 12:40:00,11561.2,53.486675886322544,49.71453026739483,18.40240518793916,0.00028543749783760397,4.324810573286264e-05,0.00032002733280278584,0.0009600992976506184,0.0007957564958653851
2018-08-21 14:25:00,11567.2,54.66133346345858,54.58089584202235,18.73269881022622,0.000440893215298388,0.0004841188878899061,0.0002766356594507968,,0.0002766356594507968
2018-08-23 09:15:00,11596.7,61.73928069848363,59.9375538116438,20.652381514551728,-0.0006726137608112914,-0.001146886614295517,-0.0030267231195081346,-0.003233678546483043,-0.0014573197547579353
2018-08-23 11:40:00,11568.7999,49.76820743024156,48.30677672402743,23.032354574077523,0.0007347348103063922,0.0005618560314109011,0.0008816904163067019,-6.914286761927624e-05,0.0009508332839260891
2018-08-23 13:05:00,11576.6,54.55788832241757,54.36784812599019,17.03107770205825,0.00023322046196638802,-0.00020731475562774104,-0.0002332377381960571,0.00048373442979809944,0.00027641103605535733
2018-08-23 13:20:00,11579.2999,55.25007733432763,53.81970410016249,17.013902972619366,-0.00044043249972303133,-0.0004749855386334545,0.00021590251756076206,0.00018135811475095132,4.318050351215241e-05
2018-08-23 14:10:00,11582.8999,54.046775085327134,53.72061395710581,17.71294538288055,-8.633416576531161e-06,0.0006561482932265772,0.00035397871305087314,,-0.0002676359138699125
2018-08-24 09:35:00,11600.5,58.197551837722436,57.59507802197545,19.365754364718164,-0.0003534416619972447,-0.0008792810654713046,-0.003336071721046552,-0.002999870695228557,-0.0038188009137536394
2018-08-24 12:00:00,11570.3999,44.8000691128128,43.14688249899237,16.257432021062808,-0.0010803429534013143,-0.0016939777509332732,-0.0028607481406066615,-0.0009074880808570551,-0.001227260952320175
2018-08-24 12:15:00,11557.8999,40.191662739273696,40.17016834073216,20.95633451771495,-0.0006142984505342897,-0.000994990448048405,-0.0006748544344115093,0.0008565569944067875,-0.00014707689240323063
2018-08-24 13:10:00,11546.7999,33.18266194088624,31.32334781535382,28.92277646964487,0.0006928326522745998,0.0006928326522745998,0.0015155714268504372,0.0012297866181953943,0.0008140870268307232
2018-08-28 15:15:00,11744.5,55.95513744622677,53.1431991657377,25.740963847920476,,,,,-7.663161479842806e-05
2018-08-29 10:50:00,11741.7999,51.75879073214719,50.740990909808815,23.072658319739343,-0.0004428537399959742,-0.0003406632742907201,-0.001200829525292768,-0.0019502972453141476,-0.004505271802494271
2018-08-29 11:10:00,11739.2,51.533385826722395,51.404897004586736,18.130100944582527,-0.0008688837399483118,-0.000817772931716032,-0.0011159193130707568,-0.0016951836581710067,-0.0042847979419381454
2018-08-29 12:30:00,11731.7999,46.5243008324947,44.52978296840633,32.67251723103349,-0.001457568331011072,-0.0010825193157274482,-0.002105380266501089,-0.0016706643624222473,-0.0036567278990157215
2018-08-29 13:45:00,11718.7999,39.79232076703373,33.671169100457746,52.15790748784677,-0.00016213264295084073,-0.00040958972257898463,0.0004693313348578254,,-0.002551455802227598
2018-08-30 09:45:00,11671.7,27.8561437574929,25.897194043478105,42.63799480475194,-0.000968162307118936,-0.0005654703256595672,0.00011138051869052923,-2.571176435317568e-05,0.0007539604342126083
2018-08-31 12:05:00,11664.2999,44.03711115482152,43.311905303030514,32.0181369253879,-0.0005486827374868719,-0.0006086863387316788,-0.0009773411261484455,0.0005744108139744686,0.0009430484550556617
2018-08-31 12:45:00,11653.1,41.027560730440925,40.27919077420562,16.80485566073439,-0.0006092799340948751,0.0005921171190499397,0.0004891316473727425,0.0012185512867819437,0.0019050638885789173
2018-08-31 13:05:00,11652.8999,39.84755087889819,38.07910275892592,20.948931238190735,0.00038616996958840133,0.00010298724011170712,0.0015532700147882217,0.0027718508077119175,0.0019222682930624124
2018-09-04 09:20:00,11595.6,20.301444064016543,17.775901166491142,71.95800887007599,-0.005157137189968686,-0.003035642830038987,-0.0017420487081306613,-0.002199110007244154,-0.006321371899686068
2018-09-04 13:35:00,11554.7999,41.18493092167823,41.17731980359041,33.47732692349804,-0.0018001090611703408,-0.0021809031933127665,-0.002587669216149724,,-0.002812683930597526
2018-09-04 14:00:00,11546.6,38.93683125672082,37.36857403600294,43.48797656822388,-0.0021651395215908087,-0.0038885905807769516,-0.0016801482687544,,-0.002104524275544306
2018-09-04 14:35:00,11524.8999,33.73886259356441,31.633598067095846,45.539467067051355,-0.0010846081188089496,-0.0004251577057081679,,,-0.00022559848871228638
2018-09-05 12:00:00,11473.5,33.012617554801956,30.664082640941373,34.73096701639141,-0.0014729594282476555,-0.0019784808471695614,-0.0039743844511265225,-0.006597821065934539,-0.0002614720878546528
2018-09-05 12:35:00,11445.2,25.682163810307927,25.08161396993364,47.04592966053847,-0.0023241184077168464,-0.00022716946842349373,-0.0017824153356866823,-0.0005242372348233104,0.0022105336735049885
2018-09-05 13:00:00,11427.8999,24.402137430907604,21.783640377015846,49.562674875243715,0.0005600329068335963,-0.0006475292980121505,-0.0026339047649516223,0.0034564530968634877,0.0037277277866250014
2018-09-06 10:55:00,11515.3999,60.58309244372495,60.12993572863418,27.000943657397677,-7.814752486368093e-05,-0.0007989214512645892,-0.0029872953000963376,-0.006843001605180921,0.00032131754278030833
2018-09-06 13:35:00,11480.8999,47.6441874621179,44.36056293788258,26.401618724912296,0.001611371944807205,0.0024214216866398353,0.004537980511440498,,0.0033272740231800046
2018-09-07 10:20:00,11532.1,58.009481823730525,56.90798567204335,46.44134765512569,0.001977081364192168,0.002323939265181485,0.0010058879128693743,0.0017689752950460491,0.004673910215832189
2018-09-07 14:50:00,11597.7999,66.45238818761268,63.44733276480096,20.603198047086934,-0.0008967217997958299,-0.0012588508273883026,,,-0.001017425727443344
2018-09-10 11:35:00,11501.3999,37.00326305819336,34.99725233793641,38.830383211385175,-0.0014780809421295338,-0.0027040186647192543,-0.002677926188793811,-0.002547507282135264,-0.005581920510389304
2018-09-10 12:35:00,11470.6,32.455122745510394,31.277713746708493,56.10158742988838,-0.0012641012675884689,0.00046204209021327713,0.00013076909664699876,-0.0019179467508237957,-0.0029117918853416302
2018-09-12 09:15:00,11308.0,18.337000154830683,12.884342775898414,70.17122504436718,0.001105412097629932,-0.0012026972055181329,-0.0012026972055181329,-0.00015917934205866846,0.005553581535196361
2018-09-12 13:00:00,11264.3999,34.326950298161705,33.37304009811957,33.55845185528382,0.0028053070097413535,0.002627756495044098,0.008628963891809338,0.007856610275350784,0.009445687381890666
2018-09-14 09:20:00,11440.0,71.45416827519958,68.18845925827766,47.92115609229853,-0.0005681818181818565,0.00013986013986011514,0.0011800699300699158,0.0017307604895104856,0.006180069930070031
2018-09-14 10:05:00,11458.2999,77.61811911025882,77.04489855263108,60.67386878389878,-0.00041890158591506577,8.727298191946176e-05,0.0006283741971180312,-0.0008989029864718834,0.004573112979875837
2018-09-17 11:25:00,11393.2,33.58483814809394,32.081206891643035,60.3831000021358,0.00020187480251365741,0.001606221254783602,0.0016237755854369151,-0.0007636133834217906,-0.001983639363831058
2018-09-17 13:40:00,11393.7,40.25487249732633,39.50669201485837,26.888380549156647,0.0006758032948033232,0.0009742138199180239,0.0002984105251147007,,-0.002027436214750322
2018-09-18 09:15:00,11395.5,37.644324621683936,36.51114883274615,30.480640043801685,0.00014918169452871055,-0.0026501777017243766,-0.0012197797376156672,-0.0034926067307269326,-0.009898644201658535
2018-09-18 11:15:00,11355.7,37.256222233708485,33.61005837611873,39.83563774295361,0.0020606391503825705,0.0027299065667463207,0.0029412541719135987,0.0019725776482295565,-0.006428489657176573
2018-09-18 12:55:00,11378.2999,47.97491980235059,46.67590341367094,26.805709312498852,-0.0010722076327061014,-0.0008524911529181889,-0.0019686596589003624,-0.006301459851660196,-0.008401949398433306
2018-09-19 09:20:00,11308.8999,31.812817925267076,30.69971963320727,59.916276549202294,-0.0006543430453390675,-0.0007692967553810659,-0.00010610227436880226,0.0,-0.006313602616643599
2018-09-19 13:40:00,11287.5,40.31518191338248,36.784853353432794,36.808046424619725,-0.0007441860465116079,-0.0028615725359910638,-0.005864903654484999,,-0.0044296788482834915
2018-09-19 14:55:00,11251.2,33.91041238111483,32.04798670368349,43.271627474598375,-0.002070899104095636,-0.0012176478953356273,,,-0.0012176478953356273
2018-09-21 11:00:00,11332.1,56.99894188871198,56.67112595474799,23.28482827257156,-0.0008736244826642592,-0.003035624465015263,-0.00397984486547065,-0.023411380061947984,-0.015072237272879763
2018-09-21 13:25:00,11161.7,34.50549672124877,32.000938474536824,59.07706762929277,-0.0011646971339491774,-0.0016664128224195274,-0.009147352105862039,-3.5845794099542694e-05,-3.5845794099542694e-05
2018-09-24 10:15:00,11076.5,38.485780963367546,35.67561254258176,31.947885509783738,0.0012368527964610188,0.0003340405362706189,-0.001516724597119934,-0.0075384823725905825,-0.009172581591658013
2018-09-24 12:45:00,10991.1,33.253197032220655,31.581323051178707,53.76303526289073,0.0006914685518282226,-0.0006186914867484239,-0.0006004858476403863,-0.00017286713795705566,-0.001473928906114974
2018-09-25 09:50:00,10935.6,37.12576755952216,34.04309265300211,30.06265178759512,0.0005760909323677676,0.005998756355389823,0.007169245400343804,0.005504947145104078,0.01302169062511438
2018-09-25 11:45:00,11002.8999,51.32485520058019,50.83497077034712,27.038440481813403,-0.000927019248807226,-0.000927019248807226,0.0027629079857391936,-0.0073798635576062255,0.006825482434862362
2018-09-25 12:25:00,11010.0,51.37958015989465,50.76154187142885,16.351587113484598,0.0010808265213442247,0.0006539509536784838,-0.004059954586739356,-0.003614895549500341,0.006176203451407902
2018-09-25 14:25:00,10970.2,45.92973254312525,45.41289150175975,32.838563545481286,0.0024338571767150707,0.005751937065869184,0.009826621210187625,,0.009826621210187625
2018-09-26 12:25:00,11052.2999,49.13777977782251,49.02168615491673,27.639390199492325,-0.0018095781132395627,-0.0033477195094931966,-0.002461017186115244,-0.0010224025860897656,-0.0004342896992869383
2018-09-26 13:35:00,11027.3999,47.101736665729305,45.67728750768231,27.37879661399482,-0.001505341254559922,0.0006982697707371699,-0.0008161488729542254,,0.0018227415512517275
2018-09-26 13:55:00,11025.5,45.537403026388766,44.94991396961163,26.844607955645294,0.0018865266881320508,0.0014058319350596093,0.001315133100539656,,0.001995374359439417
2018-09-27 12:05:00,11031.7,45.352778653082204,42.54135419001678,23.876444231987414,7.251828820575845e-05,-0.0017948366978798314,-0.003734691842599114,-0.002955120244386711,-0.004070097990336974
2018-09-27 13:45:00,10980.8999,34.920264634990296,34.43252785934891,46.62542162253267,0.0012749410455876742,-0.00036426887016793863,0.0001821344350838583,,0.0005372965834975485
2018-09-28 14:35:00,10915.8999,37.90704149895333,36.96687543511928,51.09081559816683,-0.003481160540872996,0.0008977821425424359,,,0.0016581408922593521
2018-10-01 11:15:00,10864.5,38.39187622899752,38.05089848946648,22.472469781643724,-0.0017672327304524282,-0.0030742325923880376,-0.0007363431359013184,0.0016659763449768938,0.013843241750655766
2018-10-01 12:00:00,10853.1,37.25437621133926,32.64575480267037,34.3718013406638,0.00031327454828566914,0.0002211349752605507,0.002828675677916781,0.006615612129253323,0.014908173701523086
2018-10-03 11:45:00,10943.3999,53.39357077118641,50.32058643077628,22.52593044984312,0.002247939417803657,0.002741378390092475,0.0005300089600126512,0.0013067328372053932,-0.00839774666372195
2018-10-04 10:15:00,10669.7999,18.060909342702786,17.764756910676745,83.74262202755527,-0.0014245721702803582,0.0005717070664090773,0.0005717070664090773,-0.004264372380591741,-0.011406015214961984
2018-10-04 10:30:00,10654.6,17.33912846085152,15.425564732132777,83.43901832985631,0.0019991271375743302,0.0008916336605784281,-0.0017175773844161357,0.0001783267321155968,-0.00999568261595929
2018-10-05 10:50:00,10478.3999,28.68574437522483,24.920334687285262,54.61516357093198,-0.00043899832454386,-0.002214068962952953,-0.0035119770529086214,-0.004027322912155684,-0.02054702073357595
2018-10-08 09:20:00,10280.7999,25.918254436461424,25.8316052935451,44.01756959946288,-0.004805073581871766,0.002655445127377698,0.004882898265532898,0.007586958287165935,0.006964438632834469
2018-10-08 12:50:00,10360.0,46.04493265666302,45.91166716981963,25.360020175271313,-0.001052123552123474,-0.0066505791505790945,-0.008455608108108081,-0.00942085907335899,-0.0007336003861003748
2018-10-08 14:45:00,10254.7,31.025340102126684,28.784558944131227,57.54633986328135,0.009029996001833185,0.011214369996196849,,,0.0095273289320994
2018-10-09 11:35:00,10342.8999,53.26572318396965,51.59837017095228,22.52895320067049,-0.0015469549308892994,-0.0029005404954175473,-0.0026491506506797213,-0.002185073839881202,-0.004892244968937587
2018-10-09 13:05:00,10335.8999,49.86478369846047,46.148593051159246,23.929482879742434,0.00028057547267845706,-0.001509302542684332,-0.0011610019559109563,-0.003512021241614427,-0.0042183071064765265
2018-10-09 14:05:00,10323.8999,49.539298431319686,48.63166816574725,15.703284857654307,0.0016854095999128127,0.0033320741515519003,-0.0023537519963748865,,-0.003060858813634937
2018-10-10 09:25:00,10346.6,49.6470318082266,49.19017655325692,30.974170494575393,0.0031797885295652417,0.0050837956430132,0.0055380414822261415,0.008186254421742367,0.011143747704559948
2018-10-11 10:30:00,10198.0,30.340996686294133,27.74142600832878,48.67128360247281,0.0007550500098059132,-0.0006667974112570807,0.0006471857226908462,0.005314767601490633,0.004932329868601704
2018-10-11 15:15:00,10236.5,44.16127403432936,43.4860089990528,29.961140560237656,,,,,0.0011527279831973214
2018-10-12 11:20:00,10450.8999,70.39716496444512,69.13539095262914,49.23229810969565,-0.0006315245637363853,2.871523054204239e-05,-0.00045928102325432096,0.00218163987964326,0.0012821862354646107
2018-10-15 11:45:00,10431.2999,42.86672266156977,39.75872595562776,23.870034843608853,0.0004409805148062329,0.00203235456781381,0.0039304785015337185,0.005243843099554724,0.008215668308031221
2018-10-15 15:05:00,10514.1,60.18050875471784,58.35248119193795,34.02712819901981,0.0008750059443984881,,,,0.00027582008921345214
2018-10-17 09:15:00,10677.7999,57.972617943349164,55.35299786078788,26.253439659944704,-0.0013485924193054055,-0.0018355747610515616,-0.0034183071739338766,-0.00689279633344686,-0.02039745097676915
2018-10-17 12:20:00,10607.2,49.97025769241247,49.79961394269354,23.48664169899982,-0.0009427558639414357,-0.0009333377328607506,-0.004600658043593109,-0.007579766573648117,-0.013877366317218587
2018-10-17 15:00:00,10457.6,30.13724538450416,29.846131164878972,49.43793066532454,-0.0003633816554468039,,,,0.00022949816401474088
2018-10-17 15:15:00,10453.7999,28.701025945408244,26.718183039684263,53.29667574098079,,,,,0.0005930953394277516
2018-10-19 14:05:00,10280.0,31.136338139901778,26.86094849198136,49.92679547107816,-0.0002334630350193656,0.003151741245136286,0.0013618677042801508,,0.0038326750972763612
2018-10-22 11:15:00,10328.0,50.326132079509165,50.20048665921992,11.996898983906348,-0.0012587141750580733,0.0009682416731215948,0.003214562354763917,0.0003388845855925027,-0.007261812548412072
2018-10-22 11:40:00,10333.2,51.84200300377306,50.30663155008629,11.521310140363957,0.0008806468470559103,0.00218711531761695,0.0008709789803740264,-0.0024581059110441172,-0.0077613904695544855
2018-10-23 10:00:00,10187.7999,30.27943217536429,29.43182819471582,40.782107186214766,0.002895620280096045,0.002237980744007384,0.00038282063235262065,-0.0005496672544579306,-0.0003631696770958204
2018-10-23 14:30:00,10126.5,32.80238417870743,29.22626493653738,49.00573621148556,0.0009776230681874942,-0.0007900064188021139,,,0.005688046215375442
2018-10-24 11:50:00,10190.7999,49.884293980494924,49.780248627374256,19.734433003416505,0.0014130490384764993,0.0002845802123934149,0.00032383130199620247,-0.00024531931001803287,0.004818071248754441
2018-10-24 13:20:00,10221.2999,55.68094834717726,51.07098696080485,22.29468162781427,-0.0010859577655087937,-0.0032285521727035693,-0.008599688969110453,0.0020349760014379825,0.001819729406433046
2018-10-24 14:50:00,10207.1,49.25619298223344,45.91625137370009,33.82155298190335,0.0007641641602413873,0.0034289857060281204,,,0.003213439664547124
2018-10-25 11:25:00,10109.3999,38.384732114405494,36.936361991172774,36.65744152275623,0.000731992014679328,0.0014244168934300916,0.0008902605583938072,0.0047381645274513495,0.0029774368704120757
2018-10-26 10:15:00,10074.2999,41.77295058893982,36.94996436202379,34.9097525042987,0.0001786823916172242,0.0034741868266201514,-0.0002679987718053889,0.004456895312398013,-0.006124485136679292
2018-10-26 14:00:00,10090.2,48.23888718005909,47.43753853630322,29.506925991936974,-0.0035579175833978516,-0.0035678182791223367,-0.006154486531485981,,-0.007690630512774854
2018-10-26 14:50:00,10064.1,43.422885720194024,42.03226274645488,25.34341529164567,-0.0033584821295495892,-0.004113631621307401,,,-0.005117198755974162
2018-10-29 09:20:00,10057.0,39.95076151819975,36.766125906567765,30.114662312754465,0.001690364919956222,0.002277011037088661,0.0017400815352490717,0.0030426568559211997,0.019290046733618338
2018-10-29 11:40:00,10092.7999,56.912245786614136,56.49933630464663,21.644470153537267,0.0015951965915821376,0.0026454601562049262,0.003864140811906891,0.00921448962839344,0.01567455032968601
2018-10-29 12:40:00,10131.7999,66.2791021517258,64.29663470669877,39.24216757369417,0.0014508873196361627,0.004026935036488544,0.005329753896935907,0.0037012179839832626,0.011764948101669503
2018-10-29 15:20:00,10264.1,76.26392043081786,74.6641097848129,55.99578798861323,,,,,-0.0012762930992489263
2018-10-30 15:15:00,10207.5,42.73970831638921,42.62791502546809,30.358666614109957,,,,,-0.0017242321822189544
2018-10-31 09:15:00,10219.5,45.51147354501725,41.22615493650355,31.87882140719976,0.0008317432359703503,-0.0035911835216987376,-0.009931992758941188,-0.0034835461617496177,0.014090708938793384
2018-10-31 10:30:00,10143.1,37.28253170331071,36.44231251295699,40.37720010788607,0.0007591268941447016,0.0005028048624187154,0.0028294998570457253,0.008892734962683946,0.02172905719158824
2018-10-31 15:05:00,10388.7,80.83216275949835,80.39361768057462,74.93246614335288,-0.000712322042219049,,,,-0.0024257125530625645
2018-11-01 12:55:00,10382.2999,56.807934050078366,56.125226479672214,18.51347697402742,0.0006934975939194565,7.706384979311309e-05,0.00209973707270783,0.000683856184890308,-0.00012520347249844743
2018-11-01 13:45:00,10400.0,60.24198061447158,60.16935935684278,20.518764185342395,-0.0012499999999999734,-0.002038471153846144,-0.00019230769230771383,,-0.0018269230769231148
2018-11-02 09:15:00,10477.3999,55.366182690638055,55.235059822667935,24.16176011023496,0.0033596216939280055,0.0031591902872771804,0.00644243807091871,0.008064978029520553,0.007597314291687862
2018-11-05 11:45:00,10493.7,34.04446777846381,33.46487745243984,48.81688240765218,-0.00047647636200764953,0.001019649885169116,0.0022584884263892047,-0.00034306298064556984,0.0033162754795734717
2018-11-06 12:50:00,10571.7999,60.57988182253669,59.04810982104796,25.41537645645444,-0.00023647818003058596,-0.0001797234168232631,-0.006053841408784177,-0.005902495373564465,-0.004824154872624886
2018-11-06 13:10:00,10572.1,60.436534387750505,59.7717660529982,26.78156662681021,0.0005296960868701461,-0.001239110488928441,-0.005486138042583799,-0.003670046632173407,-0.004852403968937158
2018-11-06 13:25:00,10577.7,62.422593642675295,61.49985960763289,32.505221004444785,-0.0017678701419023835,-0.0051050795541564,-0.007080943872486478,-0.005379250687767678,-0.005379250687767678
2018-11-06 14:55:00,10515.6,40.51092517330071,39.6225622729618,37.57599960551998,0.001683204001673655,0.0004944938947848421,,,0.0004944938947848421
2018-11-09 14:30:00,10585.6,46.42895453948573,45.13263487368327,24.632403247298107,-0.000614041717049596,0.00012279889661437338,,,-0.00037787182587667445
2018-11-12 11:25:00,10600.3999,52.17813317474305,50.04237194016197,27.067852615565,-0.0004905380975296358,-0.0013489962770177888,-0.0016791724998979074,-0.005528093331648831,-0.01133918542073109
2018-11-12 14:30:00,10520.7999,28.686483967475844,25.923207188123484,51.28289614365902,-0.0005037544721290255,-0.002224165483843077,,,-0.0038590126592940033
2018-11-14 09:20:00,10648.7999,76.02461880921317,73.75656005938524,49.379877320771186,-0.003005033459216322,-0.006047629836672952,-0.00813236240827464,-0.005070993962427606,-0.0075971002140813315
2018-11-14 14:50:00,10572.2999,44.329609984760175,41.64623348092018,39.4894881352451,0.0008229146053642111,-0.00044454849412656205,,,-0.00041618191326564524
2018-11-15 13:05:00,10640.3999,64.13384912879965,61.80688053735633,27.06429539486006,-0.0011371753048492472,-0.00022554603422375585,-0.0009962031596200127,-0.0011747678769102876,-0.0036464700917866466
2018-11-16 09:25:00,10643.8999,52.98994912625561,52.54058760151572,26.9954810030886,0.0019259857939850633,0.003880166140983743,0.004086847904309909,0.0015595881355479069,0.0033540431923828606
2018-11-16 12:25:00,10677.5,57.44277648834498,57.27723624040685,23.49719458237123,-0.0003184265979864209,-0.0005993912432685766,0.0005525544369000546,-0.0018356450479980468,0.0001966752516975312
2018-11-16 13:10:00,10683.5,58.768173495121665,57.950205752067745,19.574864951082034,-9.369588617968994e-06,-0.001609968643234927,-0.0017316422520708974,-0.00010297187251362416,-0.0003650489071933549
2018-11-16 15:05:00,10683.3999,47.93396904700867,46.53874364154935,39.74081930089613,0.0005335473775534005,,,,-0.0003556826511754707
2018-11-19 12:10:00,10711.2,59.19824832050507,58.876329447575756,19.40963571318899,0.00020538315034723809,-0.0004294570169542933,-0.0002427365748002286,0.002287325416386654,0.005573595862274905
2018-11-19 13:40:00,10720.6,60.47125766063475,60.04942949346471,20.41078885401264,0.0003451206089211123,0.0014085032554147503,0.0017536238643358626,,0.004691892244837126
2018-11-19 15:10:00,10760.3999,67.22669392739587,67.07064805515995,34.265084397439956,0.0009758001651964943,,,,0.0009758001651964943
2018-11-20 11:55:00,10717.7999,45.93329922993697,43.848353576507776,33.56061113588216,2.800014954562613e-05,4.66513654542311e-05,-0.0013715408140806407,-0.0031256414854321513,-0.006512521287134643
2018-11-20 13:20:00,10704.2999,41.0793365022646,40.40409647216916,32.980161427166244,-0.002036555421994435,-0.0012144652262592315,-0.003503265075747719,-0.004839167482592721,-0.005259559291682425
2018-11-20 15:00:00,10664.2999,31.41751361566363,23.663436647942778,56.06380775882486,-0.0011815027820062385,,,,-0.001528454765230336
2018-11-21 10:45:00,10579.1,22.15995286481962,20.646887345922007,57.477367517677735,7.561134690092786e-05,-0.0009925229934493185,0.0003308409978164395,0.0009358073938237066,0.0025049389834674862
2018-11-22 09:25:00,10625.7,54.91876745825848,52.35559222188965,29.07670354208421,0.0004046792211336303,0.0009881701911402807,0.0007811250082345733,-0.0006587801274269278,-0.009759357030595717
2018-11-22 10:20:00,10639.3999,60.023231628460785,59.83578283766105,35.46973906535293,-0.000404148733990195,-0.0017670075546272201,-0.0023121604819084096,-0.0016260221593888957,-0.01103444753495919
2018-11-22 12:30:00,10628.3999,53.74345943433865,51.35014048866694,23.57439436350671,-0.0016465319488025987,-0.0032648282268716855,-0.0049960483703667125,-0.006153315702771112,-0.010010904839965695
2018-11-22 14:00:00,10574.2999,34.827696994928395,33.58257702930553,60.05177816174533,0.000709266813966547,-0.0010686192094854219,-0.0029221792735422136,,-0.004945944459169294
2018-11-22 15:00:00,10543.3999,31.492532902993034,28.83563837246667,52.582252297244075,-0.0016028890263377615,,,,-0.002029696322151331
2018-11-27 13:05:00,10648.2999,56.48589841679044,52.03095826339105,21.12445223121191,0.0015777260368108337,0.0011738963137204461,-0.0008076312726691404,0.003362048433666054,0.003362048433666054
2018-11-27 14:50:00,10685.6,65.83110800155684,64.97186065159781,29.197571941982527,-0.00014037583289661093,0.0002246013326345775,,,-0.00014037583289661093
2018-11-28 12:25:00,10753.7,74.00154147942493,73.50279451511165,52.600495584253274,2.789737485686672e-05,-0.0013669713679943518,-0.0018970307894027316,-0.0018319276156114617,-0.0028827287352259923
2018-11-29 09:20:00,10796.8999,55.523971207577,51.19737802088015,31.939896998715692,0.0007039150191621157,0.0008706202786967765,0.0018523835716954817,0.0033157758552526673,0.0072984005343978975
2018-11-30 14:00:00,10851.2,39.481325421130634,37.61309787675367,30.029192229706027,-0.001124299616632296,0.00011980241816567094,0.0015205691536419597,,0.0028936891772337603
2018-11-30 14:30:00,10852.5,40.230293964000595,34.945319923849496,27.744601700808584,0.0012715871918913546,0.001400598940336506,,,0.0027735544805345125
2018-12-03 13:10:00,10858.5,38.279249724805496,38.0810212512035,41.68812307101178,0.0010222406409725604,0.0021181562830960843,0.001961587696274858,0.0025325781645715306,0.00291937192061531
2018-12-04 10:15:00,10865.5,46.36071030112564,45.57557284543019,17.798065669487293,-0.0011688463485343137,-0.0010123786296074577,-0.002172021536054447,-0.0003589342414062058,0.0004233583360178095
2018-12-04 10:40:00,10861.0,45.425518209392905,44.94419862057083,17.370554592048734,-0.0009299419942914167,-0.0016941349783629045,-0.0013903047601510066,-0.0006353006168861031,0.0008378602338643404
2018-12-04 11:45:00,10852.2999,42.21085614395618,38.59111602240267,25.609975307298377,0.000552878196814266,0.0008569704196987882,0.0007556094169494099,0.0019903615085314907,0.0016402145318523687
2018-12-04 13:30:00,10855.2999,47.32226271021761,45.59737775532618,21.66292347676383,0.0017134487458978498,0.0014923677972269456,0.0014555194370999835,,0.0013633985367829116
2018-12-05 10:20:00,10803.8999,35.15488283344151,33.70525958916975,35.87298731778023,-0.0007404733544411624,-0.000435018839817225,-0.0014716815360349411,-4.6279584652531014e-05,-0.0013235868651467753
2018-12-05 14:00:00,10789.8999,38.40506019902837,34.326390907371334,24.674635402717755,0.0,0.000203903652526094,-0.0007784965641803865,,-2.779451179157899e-05
2018-12-06 10:20:00,10665.7999,24.867817098189665,24.201532847295187,59.63222159051686,-0.00035626957524304004,-0.0016032459037600422,-0.0010782126148831672,-0.0011250914242258991,-0.0067880515928299134
2018-12-06 15:00:00,10612.7999,28.041025899041657,26.60032305980208,64.63884525735175,-0.0008951454931322989,,,,-0.0018279813228174735
2018-12-07 12:15:00,10637.0,46.97550021256902,44.57181559918118,24.88318817910688,0.0015323775500610815,0.0009589169878725379,-0.002134069756510315,-4.7005734699623325e-05,0.0060825420701327015
2018-12-07 13:40:00,10634.7999,45.67511750303556,44.94741633864568,31.420987275059254,0.00020687742324132508,0.0013258359473222736,0.003591990480234619,,0.006290677834004166
2018-12-10 11:00:00,10513.6,36.43108734787451,33.4050891990754,43.682956166396615,0.0006658042915841378,0.0013411200730482076,0.002073495282300941,0.0012935626236494357,-0.0035763201947953682
2018-12-10 14:50:00,10501.0,36.899934494842086,34.38833444776819,30.19617614656135,-0.0009999047709742248,-0.0023807256451766623,,,-0.0023807256451766623
2018-12-11 09:50:00,10385.7,25.56559204447148,22.28924327813187,54.35178783370857,-0.0006836323021077728,0.0033989042625917065,0.001425036348055464,0.009811567828841516,0.016580480853481294
2018-12-11 14:35:00,10565.5,63.60095784653316,60.241242787154874,27.794791639218978,-0.00209172306090577,-0.002517637594056099,,,-0.0007193317874213401
2018-12-12 09:20:00,10623.1,66.03640196207806,64.44889996405085,33.93552603727867,0.0006589413636319819,0.0025133812164057634,0.0039630616298445,0.004038369214259374,0.010891349982585119
2018-12-12 10:25:00,10663.3999,74.86303032715759,74.57327539879222,58.10632425218973,0.0001406680809186156,-0.001219123367960706,0.0006752161662810785,-0.0006470637943533086,0.007070915534172162
2018-12-12 14:00:00,10678.2,63.466280727584945,62.96556446085754,39.751274793662176,0.0010488565488564472,0.0010863160457754706,0.0052630499522390295,,0.005675104418347621
2018-12-13 13:30:00,10830.2,72.88853190105473,71.0982102673816,47.7172087881634,9.23343982566216e-05,-0.0010987885726949642,-0.003924211925910859,,-0.0038872781666082767
2018-12-14 09:40:00,10795.2999,50.909006961552244,49.696866095680356,32.44894140747682,0.001380239561478147,0.001380239561478147,0.00015748520335234772,-0.0012875973922688022,0.0006484303414302506
2018-12-14 11:55:00,10795.0,50.10999798568145,47.27716626327707,36.50161976071579,-0.0004909680407595429,-0.0004631773969430153,7.409911996303364e-05,-1.8536359425613824e-05,0.0006762297359887981
2018-12-14 14:40:00,10795.1,49.06692925334576,48.5525023154043,19.230635908936247,-0.0008522477790849914,0.001584052023603233,,,0.0006669600096340655
2018-12-17 14:25:00,10882.1,59.992532851986056,56.75612619021435,25.230843960978696,0.0006156807969048828,0.0010475919170012116,0.00021134707455372492,,0.00021134707455372492
2018-12-18 11:00:00,10832.6,38.18849120440724,37.1967084982298,53.75602700308789,-0.0003323301885050922,-0.00010154533537654054,0.0009139080183888648,0.0020032032937613575,0.007458957221719631
2018-12-18 14:05:00,10873.5,59.156477273706564,57.6643777694678,29.164541284154772,0.0007725111509633287,0.0025750678254472525,0.0029521313284590622,,0.0036694624545914323
2018-12-20 10:55:00,10899.8999,34.419606137648515,33.620745234977626,49.12186466646967,0.00021102028652575378,0.0008073560381962608,0.0003761594177575933,0.0037982000183323095,0.0054771236935855505
2018-12-20 14:10:00,10932.2,49.41184822835908,48.541143693477935,25.97710121775578,0.0005213863632205218,-0.00047565906221991305,0.002460620918022016,,0.0025063573663122174
2018-12-20 15:00:00,10934.8999,53.09009741813503,52.047538212759925,16.173049196443255,0.0016918307592372894,,,,0.0022588318343910174
2018-12-21 11:20:00,10837.1,31.63927330937465,30.430579974279578,54.651459442928974,-0.00019377877845550007,-0.0013841341318249212,-0.0013841341318249212,-0.001291858523036593,-0.007585064269961528
2018-12-21 14:45:00,10770.3999,23.5567863455548,21.86037433273309,66.51201969686468,-0.001355567122442669,-0.0016062449083250607,,,-0.0014391294793055787
2018-12-24 15:25:00,10672.2,32.923811166886935,32.207330023715286,53.62581295432624,,,,,0.0
2018-12-26 10:15:00,10537.3999,20.35943510311891,18.501457861084624,74.55395803652422,0.0020308615221102944,0.0016987112731670084,0.002856501630919439,0.006690455014429109,0.01906542428934488
2018-12-28 09:15:00,10838.1,50.37512287539924,49.77159918658906,24.01771175044754,0.0018822487336340732,0.0030540408374162276,0.004161245974848127,0.003423109216560194,0.0018730127974460054
2018-12-28 13:40:00,10886.6,66.30729854484821,64.97688168819023,31.905271285246528,-0.00014696966913452236,-0.0007991567615233119,0.0003031157569857168,,-0.002590349604100428
2018-12-31 09:40:00,10897.1,52.68179006903083,52.11488359865481,28.064382775811072,-0.00033036312413392555,-0.0003946095750245737,-0.0006240284112286609,-0.00249608611465435,-0.0032577474740985712
2018-12-31 13:00:00,10862.8999,42.523087310141776,41.17294059564328,19.269905683541484,0.0008837511243198204,0.0004510766043237524,0.0018411289972395384,0.0006443951490338051,-0.00011966417917552707
2019-01-01 10:15:00,10830.0,33.07368966092507,31.74920188926029,25.966363472941694,0.00036010156971388874,-0.00023084025854114287,0.00070175438596487,0.0006463527239151112,0.007922428439519846
2019-01-01 13:05:00,10825.0,35.93197346566959,35.420580376782276,33.89885223935144,-4.618937644340626e-05,-0.0011547344110854896,0.00018475750577362504,0.007464193995381008,0.008387981524249355
2019-01-01 13:50:00,10816.7,35.91131172698384,35.00176252259667,36.83670069340367,0.0009522312720144921,0.0012110810136176653,0.0066009041574601746,,0.009161749886749115
2019-01-02 14:10:00,10760.6,26.36130219856302,25.624267669455435,73.01952398925086,0.00024162221437462605,0.0031782521420737897,0.002667128227050508,,0.0018121666078099175
2019-01-03 13:00:00,10712.1,30.787292500992145,28.135007279617206,35.02498791441362,0.0011855658554345005,-0.000158708376508776,-0.0014096208959961665,-0.0025391939955751175,-0.0040514931712736235
2019-01-04 14:50:00,10722.7,53.34093185103719,53.15135966934108,26.881092283763174,-9.326009307353278e-05,0.0005688772417393739,,,0.0007367547352812309
2019-01-08 09:50:00,10777.0,43.003132780626565,39.08214079588419,49.512383733599236,0.0018001206272617587,0.001651656305094118,-0.0012062726176115257,-0.002115616590887881,0.0010856453558505397
2019-01-08 12:05:00,10758.7999,41.95754300568732,41.313752211432075,16.298109382131905,0.0012362066516360404,0.0008551232558939859,0.0013477339605507677,0.004916914571484909,0.002779129668542435
2019-01-09 09:20:00,10856.8999,60.86789664413989,60.74587866475547,32.42937361002865,0.0005065902836591807,0.00041448295935753166,-0.0003868415513345047,-0.00212767919136847,-0.0006815849890998704
2019-01-09 12:55:00,10846.5,55.05687774823744,54.81972469800892,23.793699468840245,0.00024892822569499984,0.000811312404923159,-0.005476420965288331,-0.0012630894758678402,0.0002765869174388147
2019-01-09 14:45:00,10819.5,45.13302229051607,45.08051740652338,36.20928327171019,0.002966865381949235,0.003530662230232462,,,0.0027727713849992064
2019-01-10 09:50:00,10846.6,53.610042286314176,52.75266167360621,20.704114133005618,-0.0007191285748530118,0.0003042335847178723,-0.00016595983994993624,-0.001972968487821025,-0.002858038463666057
2019-01-10 10:20:00,10849.8999,53.60147020252785,53.26971675855936,15.654496122892834,0.000525359685576543,-0.0004700504195435107,-0.0015668347318116282,-0.003115226897162482,-0.003161310271627471
2019-01-10 12:50:00,10824.1,44.220536147655025,42.70568295983143,26.10412128207303,-0.00022172744154247415,-9.238643397602164e-05,-0.00046193216988021923,-0.00019401151134967876,-0.0007852846887963505
2019-01-10 14:30:00,10814.7,45.54335902911335,44.44117848693549,27.280087214271184,-0.00013870010263805632,0.0010263715128482342,,,8.322006158278938e-05
2019-01-10 14:45:00,10813.2,43.052055970474335,42.820182785898226,27.079144244571687,0.0011652332334552984,0.00040691007287385617,,,0.00022195094884036592
2019-01-11 12:35:00,10771.6,31.986638755832075,31.967057550490985,42.898976238208874,-0.0001671153774741585,0.00026922648445903974,-0.0004548999220170824,0.00043632329458942465,0.0011325986854320291
2019-01-14 10:40:00,10728.6,36.8080535264871,35.067889442287424,46.34594029863292,-6.525548533831138e-05,-0.0007270380105512952,-0.0014167831776745743,-0.0019853568965195745,0.0012489980053314031
2019-01-14 11:45:00,10715.5,34.8502507497967,34.34630128131813,33.57123976634188,-0.0015118379916942981,-0.0012971863188838695,-0.0010825533106247898,0.00021463300825907972,0.002473053053987151
2019-01-14 12:20:00,10704.6,32.7360874671207,31.21169554558278,40.26757605062926,0.00035497823365648884,0.00030826934215189006,3.7367113203679025e-05,0.002185976122414557,0.0034938250845431007
2019-01-16 09:25:00,10920.8999,74.91847988684904,74.31823569762693,53.11850527303346,-0.0002747026369136485,-8.240163431960656e-05,-0.0017489401216835843,-0.0026371361576164043,-0.002939318214976061
2019-01-16 12:45:00,10920.7999,62.99973265596291,62.64732848062188,26.806053926060244,-0.00033879386435786696,-0.0012178503517860095,-0.0024265621788381875,-0.0017581038180178865,-0.002930188291427216
2019-01-17 09:15:00,10918.8999,50.27576104960988,45.59019179917068,28.28111555452507,-0.00087920945222697,-0.001410389337848983,0.00023812838507653034,-0.000146534908704532,-0.0026467776300431733
2019-01-17 14:10:00,10873.3999,34.79169472393775,31.21385593367348,47.99945326107309,0.003117700104086074,0.002878593658640405,0.0030901190344336804,,0.0015266706046559442
2019-01-18 09:45:00,10903.5,48.26662191997673,48.085908357072,23.256808695456712,-0.0021552712431788246,-0.0036410418672903067,-0.0010180309075067395,-0.0019626725363415254,0.000403530976291977
2019-01-18 10:45:00,10892.3999,44.72964204962126,42.041577282664036,25.84650001967524,-0.00046821637534633087,-0.0007528093051375473,-0.0009456042832213241,-0.002240084850355206,0.0014230105525230297
2019-01-18 12:15:00,10880.7999,46.607092837165155,46.399561024153456,18.34750596915338,-0.0008179545696819224,-0.0011763749097160048,9.190500782940703e-05,0.002453872899546683,0.0024906257121777298
2019-01-18 13:15:00,10881.7999,46.53864042889792,43.22578431967729,32.25924974426983,0.00016542300139166244,0.00046867246658344186,0.002361750834988241,0.002426078428440892,0.002398500270162085
2019-01-18 15:05:00,10910.0,57.76635957275424,56.484639996718755,17.181039671738173,0.0003849679193401734,,,,-0.0001924931255727902
2019-01-21 09:40:00,10953.2,64.5568371178402,61.37826399124321,23.625228015541047,0.00208158346419296,0.0016524759887521778,0.0024285049118064617,0.0011320892524557813,-0.0003104206989739122
2019-01-22 10:30:00,10914.2,32.600942412498675,30.136703302183847,43.757211143732505,-0.0007329900496600983,-0.0005864012021037368,-0.001676723900973065,-0.0024280295394990548,0.0003573326492092299
2019-01-23 11:30:00,10926.7,54.18797687062974,54.11917286603479,21.65341117298972,-0.0003569330172880081,2.7455681953281186e-05,0.0008877245645986243,-0.0010524678082128869,-0.009563729213760808
2019-01-23 12:00:00,10927.0,55.60683886393795,54.859507289475744,14.369587731536937,0.0006406149903908087,0.0008602452640249503,0.0005033403495926514,-4.575821359931176e-05,-0.009590921570421851
2019-01-24 09:45:00,10835.3999,30.08917243660031,22.656300628418983,50.45580456070218,-0.0009874947024336445,9.238237713704578e-06,0.0017812079090870903,-0.0009044336240879858,0.0021319102398795753
2019-01-24 13:00:00,10819.7999,37.8484545478948,35.527395374793855,28.617879190123546,0.0004066711067365336,-0.0005452965909286123,0.0002218248047267668,0.001358629562086433,0.0035767851862029687
2019-01-25 15:10:00,10779.5,26.667022226828593,26.249972754702856,56.85093854949356,-0.00031541351639685633,,,,-0.00031541351639685633
2019-01-29 10:55:00,10637.7,39.491247332669346,39.40800745268053,22.524487575009463,4.700264154844369e-05,-0.00030081690591021726,0.0011092623405435376,-0.0013536854771238893,0.003873008263064248
2019-01-29 13:45:00,10594.2,33.83067473037662,32.516785089345035,45.65525914310382,0.001576324781484173,0.0012459553340506968,0.0010383039776480363,,0.00799493118876371
2019-01-30 12:35:00,10643.2999,49.14157968219927,48.67597658891178,17.4474208230607,0.0012214256971185833,0.0027059370938142813,0.00043219678513439774,0.0024804431189617837,-0.0005073614434184526
2019-01-30 14:15:00,10677.7999,57.48287758565603,56.10286791667218,31.25649711610827,0.000730496925682278,-0.005656595980975454,-0.0015546180070296067,,-0.0037367248284920773
2019-01-31 09:15:00,10702.2999,52.86325798399801,49.90695023207694,26.012109199661218,-0.00041112658410924485,-0.0016912159226634138,-0.0013174644825640902,0.0027751137865235087,0.010792072832868316
2019-01-31 13:10:00,10768.6,67.2502083676929,66.95340492956477,31.663038654394512,0.0014393700202439685,0.003435915532195466,0.0016622402169268469,0.005627472466244399,0.004568829745742242
2019-02-01 12:35:00,10953.2999,70.5832487921915,69.86946322076686,36.0013537304282,-0.0006847251575755608,0.001835063422302552,-0.0016615905860478675,-0.008965325600187368,-0.005523449604442954
2019-02-01 15:15:00,10898.0,51.58261417379332,51.32949752990704,25.360757905676557,,,,,-0.00047716094696270694
2019-02-04 10:25:00,10859.1,44.979431751343505,44.75953041977127,27.702815115139003,-0.0009116777633505491,-0.0011695352285180372,-0.0014181654096563356,-0.0006722564485086568,0.004724139201222943
2019-02-04 10:45:00,10852.2999,45.589364862892154,43.82298165579243,24.015308015265,-0.0012163228183548203,-0.0012439759428322095,-0.0013269076723543272,-0.001290049125900028,0.005353703872485127
2019-02-04 11:20:00,10842.1,41.476884655745856,41.15347123065434,29.90478533124447,-0.0001383495817230962,0.00011067044207302423,0.0010791175141346976,-0.00021214524861423723,0.006299508397819675
2019-02-04 13:25:00,10836.3999,43.25376767824983,42.49227553077035,24.937474222059482,-0.0002030102266712408,0.0012088978000894812,0.0043464711928913324,0.006828836207862787,0.006828836207862787
2019-02-05 12:05:00,10946.5,64.6406606586191,64.61927146908943,29.286577978369657,-9.14447540301122e-06,-0.00038369341798749623,-0.0011145206230301907,-0.0018910245283880744,-0.0009318138217695449
2019-02-06 09:20:00,11010.6,60.12598863968624,55.82772339217945,38.65899805260419,-0.0009445443481735927,0.00019072530107355767,-0.002070740922383907,-0.0004359526274680947,0.005285806404737192
2019-02-06 12:05:00,11017.2,67.28974145007444,65.30778193588527,26.519727931104093,0.0011981174890172142,0.0013887376102821314,0.0023145626838034783,0.003530842682351265,0.004683576589332938
2019-02-06 13:05:00,11042.7,71.5721577956862,70.34316561541041,45.46622215674948,-0.001050467729812543,-0.0010142447046466163,0.0012134713430591582,0.0012859083376348668,0.002363543336321605
2019-02-07 13:35:00,11084.3999,53.11294166113727,51.779769767831986,19.61404863589358,0.0017863032891840547,0.0016870647187674503,0.002237387700167792,,-0.0027425841970930565
2019-02-08 10:55:00,11000.6,29.96441705690966,29.83677342652964,61.876731620852716,3.636165300080485e-05,0.0008090467792665201,0.00022726033125475276,-0.003445266621820542,-0.006154218860789373
2019-02-11 10:15:00,10881.3999,25.80069821869479,24.85043845408953,64.54699472892577,-0.0013601099248268245,-0.0008730494318106574,-0.0005146396650673735,0.0015347381911769986,0.0017001488935259879
2019-02-11 15:15:00,10895.7,45.819714383998054,45.641596286557615,20.1319970881378,,,,,0.00038546399038152934
2019-02-12 10:15:00,10878.1,42.53053345189681,41.19960707564688,28.313046827827133,-0.0002941782112685365,0.001323760583189948,0.0007078350079516849,-0.000330940145797598,-0.004633162041165262
2019-02-12 12:25:00,10883.2,45.988536375060896,45.241903006946195,19.621939013391568,0.0005145453543073941,-0.0014058457071449704,-0.0011209938253455842,0.0002572772713906879,-0.005099603057924118
2019-02-12 13:30:00,10875.1,43.924056068037984,43.63338453156635,23.81381751386717,0.00011033461761278396,-0.000800001839063591,0.0014896322792434802,,-0.0043585806107530045
2019-02-13 09:15:00,10883.5,41.01794966535011,33.178307397501804,45.05282477878082,-0.0018743970230165052,-0.001580383148803266,-0.00260026645840028,-0.001828455919511196,-0.010033546193779608
2019-02-13 11:55:00,10860.3999,48.4386373359362,47.723600911540935,18.68221944687827,-0.0004327557035905816,-0.00028544068621272345,-0.0004419634676620099,-0.0020901532364383524,-0.007927884865455148
2019-02-13 12:30:00,10861.5,50.26200382458976,48.006774453547656,14.47636128115983,0.0001657137596096092,-0.00035906642728900096,-0.0015283432306770761,-0.0014454817474566228,-0.008028366247755825
2019-02-13 13:15:00,10860.0,49.914756732783175,48.88826269130186,13.960680206107472,-0.0013904327808471617,-0.001860046040515706,-0.0019060865561694174,-0.00700737569060772,-0.007891353591160222
2019-02-13 14:05:00,10858.2999,42.923634861765535,42.595801417896624,34.425448089597175,-0.0012709079807236012,-0.0029931020785307627,-0.0055072986149516945,,-0.0077360176798948466
2019-02-13 14:20:00,10844.5,44.538594632489755,44.37214563222241,29.134721401351126,-0.0017243856332703755,-0.0011157821937387569,-0.006261238415786741,,-0.006473336714463596
2019-02-14 10:00:00,10752.1,25.346961014541087,24.32579114125107,50.229472616454075,-0.0003534286325462821,-0.0007440406990262272,-0.0011997656271798274,-0.0003534286325462821,0.0006696273286148635
2019-02-14 10:15:00,10748.2999,23.589833806029795,22.3111506200479,53.78215624406501,-0.0003907501687777648,-0.00019537043249040487,-0.0010513197533685847,0.000697784772454968,0.0010234176662673455
2019-02-15 11:30:00,10662.3999,31.90797967137007,28.58247181083547,72.73336051494056,0.00010317564622575048,-0.0019132559453148845,-0.0018007109262521137,-0.0003657619332023687,0.006114955414493473
2019-02-18 11:45:00,10659.5,39.5661626896258,38.431542918678566,34.41206596265709,-0.00107884985224449,-0.0010600872461183908,0.0017073971574652624,0.0010882311553075397,-0.0026173835545757473
2019-02-18 14:20:00,10668.2,49.316676067408366,48.55053489755126,24.103350485069967,-0.001218574829868202,-0.0022778069402523693,-0.0032245458465346433,,-0.003430756828705861
2019-02-19 09:15:00,10665.7,40.75006596525655,40.64072862001476,30.193138705333652,0.001003206540592716,0.0012282269330656792,0.001565757521775346,0.0012469880082881524,-0.0057848992564951685
2019-02-19 11:25:00,10680.7999,55.276036429081216,54.5227957023847,23.80783060322099,-0.0006366470735960084,-0.0005992060575912284,-0.00044939518059883277,0.0029211388933518823,-0.007190463328500374
2019-02-19 12:40:00,10696.7999,57.45377610522644,54.657759192781285,22.473167974789625,0.0010190056934691327,0.0017388377995180004,0.000822685296749448,-0.003945095766445084,-0.008675482468359585
2019-02-20 09:20:00,10675.8999,38.6705076057132,33.63997650079155,49.72734322845014,0.0014050337808055868,0.0007774613922710838,-0.0003465656323734523,-0.0005151790529620559,0.0062289830949051606
2019-02-20 12:40:00,10678.1,49.60348733681681,45.68237930487273,22.9651374028709,-5.6189771588610604e-05,-7.492906041339786e-05,-0.0006461823732686334,-0.000468248096571533,0.0060216611569474665
2019-02-20 13:45:00,10674.8999,52.514883342895054,51.38045956483738,16.255518196453405,0.0012833937674674445,-0.0011241323209035814,-6.556501761667555e-05,,0.006323244305082465
2019-02-20 14:35:00,10674.2999,48.84037502159617,47.90758270994557,20.513896946600692,0.0003372586524386101,0.006023823632686165,,,0.006379809508631151
2019-02-21 11:25:00,10768.1,71.61202564981471,69.63992510729584,33.68053340674038,0.0003157474391952686,4.6433446940552514e-05,-0.000185733787761988,0.0015787371959770091,0.002145225248651128
2019-02-22 10:15:00,10796.3999,57.294465360762885,56.24026336464051,28.04367381335349,-0.0006761420536117724,-0.0007039383563404167,-0.0008613889894908411,-0.0008521266426968488,-0.00045384573055695654
2019-02-22 13:45:00,10782.2,47.914059662228915,47.53041186491766,17.366285792114194,-3.71074548793926e-05,0.0013169761273208458,0.00048226706980014633,,0.0008625326927713672
2019-02-22 15:20:00,10795.8999,54.720122227688705,53.721741740657244,11.453893251835119,,,,,-0.0004075528710673071
2019-02-25 11:30:00,10813.2999,61.97781347379029,61.27358656098823,24.70914642522413,-0.0005548722457979771,6.474434321379618e-05,0.0008693090996210184,0.0022657283370084436,0.006140595434701801
2019-02-25 12:05:00,10822.6,63.631084866476506,63.598715351501205,26.993820011621715,-0.0002587271080887188,-0.0002771977158908534,0.0003511078668712031,0.0020327832498661103,0.005275996525788695
2019-02-25 13:25:00,10838.5,71.84516077023055,71.29874325946753,40.970231116468405,-0.00045209207916219185,-0.00046131844812469236,0.0016330673063615908,0.003801264012547989,0.003801264012547989
2019-02-26 10:45:00,10792.1,46.455339357160106,42.2158618006701,38.62638000938114,0.0006856867523465926,0.002131188554590935,0.003345039426988272,0.005392824380797023,0.0033821035757637397
2019-02-26 14:25:00,10865.7999,61.80741398426391,61.42157258051762,16.797647803538386,0.001343665458076515,-0.0023283973782730616,-0.0034235767584860355,,-0.0034235767584860355
2019-02-27 09:25:00,10905.5,57.326346308628665,54.683398218768644,43.92579025500492,0.0004768236211087906,0.0010728531474943903,0.000834441336940106,-0.0042272339645132995,-0.0102975562789418
2019-02-27 13:10:00,10784.2999,38.49427005471557,37.951082775878106,35.94490531155454,-0.0004821731636005522,0.0028931038907773488,0.0036256410117081472,0.002262557627871642,0.0008252830580128823
2019-02-28 13:20:00,10809.8999,40.44735465392131,40.43845481067274,41.88000366303377,0.0005087928705056477,0.001332112242778516,0.0013043691551666292,-0.0015171185812739019,-0.0007863162544178293
2019-03-01 09:20:00,10870.1,51.758331792118746,48.08923359733409,38.19619579817094,-0.0006715761584530355,-0.0007635716322756947,-0.0015179253180743757,-0.0019411044976587188,-0.0008095693691870798
2019-03-01 14:05:00,10835.7,47.69029599519899,46.90949197127297,26.35123968143958,0.000821359026181856,0.0021872052566977995,0.002934743486807445,,0.002362551565657789
2019-03-05 10:25:00,10872.3999,58.94651500619101,56.34043174310917,36.74015458847707,0.0010209429474719034,0.001867122271689059,0.001581996629833382,0.0033111364860669568,0.010347301518959018
2019-03-05 12:35:00,10909.7,75.46320993735165,74.74129356125944,50.82913087665229,0.0007424493799095266,0.00040331081514621836,0.0012190986003279836,0.004949723640430115,0.006892939310888524
2019-03-06 14:50:00,11046.6,59.11242653235305,58.691326138590625,16.90664054817363,0.000588416345300713,0.0009233519816052027,,,0.00017199862401096055
2019-03-07 13:30:00,11049.7,49.85630422061971,45.34831533463003,22.337904631198473,0.0012489026851407736,0.0020815044752346967,0.003321348090898457,,0.0003800917671972215
2019-03-08 10:20:00,11032.2,40.32088705487606,39.77142290393866,43.69844375514783,-0.0003444553216946922,-0.0008157937673356486,0.0004985406355939581,0.0002809865665958089,0.0004894762604013003
2019-03-08 13:35:00,11025.1,41.73205765851708,39.26703184044757,35.74268037285524,-0.00034467714578556574,5.442127509058814e-05,0.0010158547314762512,,0.0011337765643848474
2019-03-12 09:20:00,11254.3999,75.22058193960396,72.31612786335148,41.251474610330774,0.0010573642402735839,0.00046205040217195403,0.002727830917044205,0.002941080847855826,0.0031632161924510793
2019-03-12 14:40:00,11307.8999,67.67745405941818,65.16752139219369,38.58657284355786,0.0008312772560004067,-0.000495229003574793,,,-0.0015829552930514135
2019-03-13 09:50:00,11335.7999,67.17165668258818,64.35324357052744,46.0533758679418,-0.0017025618103932993,-0.002849371044384763,-0.0023994689602804264,-0.0017731346863311126,0.0006175126644569762
2019-03-13 11:35:00,11318.7,59.066132417984626,58.514016310208945,19.90564643489353,-0.0002650481062312915,-0.00045941671746763113,-0.0009100073329976199,0.0010513574880506305,0.002129210951787641
2019-03-13 13:25:00,11321.5,56.29928208470482,55.72752542737019,20.134818973677586,0.00168705560217286,0.002084529435145477,9.716027028217056e-05,0.0018813673099853379,0.0018813673099853379
2019-03-14 09:20:00,11377.3999,63.295825901473115,61.75771659575101,35.82626398391784,-0.00026368063233850325,-0.0003603635308626618,-0.0030762740439491676,-0.0029620036472480793,-0.0026192188252079918
2019-03-14 09:40:00,11374.7999,65.28410180872585,65.2768328715199,39.25770933645319,-0.0007384745291211248,-0.002619817514328271,-0.00284840175518164,-0.003156099475648766,-0.002391242064838428
2019-03-14 13:30:00,11339.3999,47.02659722661325,46.185891627255415,37.21814056180324,-0.00041447519634607577,-0.0007936927949776518,0.0008995273197833775,,0.0007231511431218252
2019-03-14 15:25:00,11347.6,52.72145556106659,52.28176559102376,13.592902288506684,,,,,0.0
2019-03-18 12:50:00,11437.6,44.762620309946755,44.188184323843394,22.33219319772883,-0.00029726516052319685,0.0009967125970482549,-1.7494929006045545e-05,-0.0014863258026159842,0.003742035042316516
2019-03-18 14:30:00,11437.7,46.20891155675087,43.73522914191801,16.949223309631886,-0.001285223427787141,0.0008131005359468535,,,0.003733259309126824
2019-03-19 10:50:00,11481.6,60.06002082283985,58.29067560042058,27.23387505790967,-0.00012193422519501951,-0.0008100003483835216,-0.00035709308807141404,-0.0013238660117056433,0.00508639910813824
2019-03-19 12:05:00,11483.8999,59.71786793709983,58.656951875576965,19.169869223548922,-0.000757573653180299,-0.000757573653180299,-0.0012103815011483832,0.001401971467898333,0.004885108759960621
2019-03-19 13:35:00,11479.7999,55.274793001633,54.67960959434019,18.85337494946686,0.001637667917887775,0.0017596212630848207,0.0034234133297044167,,0.00524400255443469
2019-03-19 15:25:00,11540.0,70.37049298410705,69.19967062467416,41.580724059388764,,,,,0.0
2019-03-20 13:50:00,11525.7,48.34160034489841,47.75733363115809,22.273209717806274,0.0003470505045246597,0.001093200412989992,-0.00026896414100663346,,-0.0007635197862169152
2019-03-20 14:45:00,11530.5,52.40596095768499,51.47409418527422,23.617982941315248,-0.00018213433936076218,-0.00058107627596371,,,-0.0011794891808680763
2019-03-22 09:15:00,11559.7999,50.09021557100792,48.394623634779855,29.777691281014746,-0.0007699095206655793,0.00032008339521527596,-0.000415223450364377,-0.005571030688861667,-0.008399790726481227
2019-03-22 12:20:00,11497.7999,40.69855569294006,38.9944748891884,44.24428705982078,0.00020004696724629234,0.00011307380640701581,0.0016438014371775722,-0.004026848649540282,-0.003052749248140918
2019-03-22 15:15:00,11477.7999,37.187906169738866,30.193396187703726,48.61081247387933,,,,,-0.0013155744246768908
2019-03-25 09:45:00,11349.2,25.5911158386134,24.306253898526933,55.450319451324646,0.0010220896627073373,0.0015948172558417628,0.0009075529552742267,-0.00045818207450754045,0.00020265745603209595
2019-03-26 13:10:00,11377.8999,55.84875114307462,52.97218720697566,17.10774056409399,0.0025312316203449647,0.002416966245238239,0.002997046933063574,0.009492085617663015,0.010107313389178252
2019-03-27 14:40:00,11481.5,44.91501865687629,41.77231922143778,37.05075230457109,-0.00126290118886907,-0.0028132212689978564,,,-0.004076122457866926
2019-03-28 09:15:00,11472.7,39.890170865358755,38.09684813158642,34.116061753499196,0.0008106199935498104,0.0018391398711723461,0.0031901731937555855,0.0027282156772163724,0.009448516914065452
2019-03-28 12:10:00,11509.3999,55.192296227779536,54.02140158576347,15.128296440552973,0.00043442751519995326,0.0010165690741181788,0.0008341095177342162,0.00444854644419812,0.006229699256518062
2019-03-28 13:40:00,11536.0,58.12561185696313,57.52684620107196,25.18478240351089,0.0012742718446603352,0.002132454923717164,0.0004074202496533452,,0.003909500693481283
2019-03-29 09:15:00,11618.7,69.35709319065987,67.73968163899522,48.397443486937846,-0.0020484305473074116,-0.0023582758828440964,-0.002108669644624639,-0.002366874090905191,-0.0006971520049575686
2019-03-29 13:20:00,11603.1,61.02711664426677,60.7071071335664,27.836842895085013,0.00020684127517633932,-0.0010772983082106835,-2.5863777783574626e-05,0.002275254026941065,0.0006463789849264767
2019-03-29 14:35:00,11618.5,63.6578815360964,61.680330178691094,35.68008409017711,0.0003184576322246002,0.0003786977664930191,,,-0.0006799500796144109
2019-04-01 09:15:00,11680.5,64.03789001086918,60.974420864588424,24.76679123064616,0.00016265570823170705,0.001130088609220481,0.0024913317066905805,0.00019690081760193046,-0.002243063225033204
2019-04-01 14:15:00,11725.1,67.50162446942339,67.34386724259323,46.4002839762767,0.0005458375621529843,-0.0006993629052204353,-0.005628949859702637,,-0.006038336560029389
2019-04-02 10:15:00,11678.8999,45.81950773923421,45.406720395639944,17.28159664190791,-0.0013871083868095546,-0.00022262370790593344,-3.4241238766052895e-05,0.0025687350912220186,0.0037674781337924124
2019-04-02 10:45:00,11676.2999,46.102662843918225,44.78246202347939,14.098645085940866,-0.0009591994121356251,0.00018842441688216027,0.0015158997414925768,0.0029461473492986556,0.003990990330763999
2019-04-02 15:00:00,11697.2999,50.57537001120707,49.612389571374614,18.684101698771205,0.0022056457661652207,,,,0.0021885392542599913
2019-04-03 13:10:00,11748.7999,58.434513591064224,55.12557497006638,24.50020600038082,-0.0006894236065760895,-0.0012682146369690228,-0.0028683695600262293,-0.009192428241117656,-0.009541391542467137
2019-04-04 09:30:00,11652.2999,28.81739896871852,23.64394623235003,46.91611338908254,-0.00010297537913517285,-0.0009869296275150097,-0.0022055645855801886,-0.0019137766957062485,-0.0041880058373712226
2019-04-04 14:55:00,11590.7,35.23477053911773,33.232575290212075,37.10031718921228,0.00011215888600335511,0.0011043336468030684,,,0.0011043336468030684
2019-04-05 12:05:00,11631.7999,49.99165617572634,48.90356281545301,24.274521383188784,-0.0005502157924844875,-0.0002923021397573944,-0.0004298560878784885,-0.0001719424351513954,0.004401734936998025
2019-04-05 12:40:00,11630.7,49.57420741792275,48.65270850800769,21.841790196676005,-0.0003697197933056895,-0.00016336935868010993,0.0015648155313092715,0.0002665273801232271,0.004496719887882916
2019-04-05 15:05:00,11654.3999,55.097391757798974,54.21359044646762,16.522083909157956,0.0028058158532899835,,,,0.0024540173878879745
2019-04-08 12:50:00,11630.8999,42.34252580441685,41.036657375567145,31.7804168251285,-0.0006104428772532033,-0.0006620210014876005,-0.003679844239739327,-0.0045826118751137734,-0.002605120864293542
2019-04-08 13:15:00,11622.2,40.33076144357709,39.967455584301064,31.375013294412256,-0.002435003699815863,-0.0027619555677926844,-0.003699815869628864,-0.0006022956066837892,-0.0018585121577671115
2019-04-08 14:05:00,11594.7999,30.418135225424038,30.32100455688924,36.62984107596722,-0.0025701090365518597,-0.003872425603481111,0.0008279573673366514,,0.0005002328673218148
2019-04-08 14:40:00,11563.2,27.18339326065878,26.86414752922136,44.29115499020098,0.0001556662515564966,0.00343329701120787,,,0.0032343987823439946
2019-04-09 12:30:00,11588.8999,42.88557403598284,38.4989026437866,30.771881136977612,0.00018984545720335255,-1.7249264531060682e-05,0.0004918585930662189,0.004806331962535992,0.00747267650486827
2019-04-10 12:40:00,11660.1,55.39404727133097,54.49143622682111,22.81215464014329,0.0002572876733475393,0.0004631178120255708,-0.0032160959168445746,-0.004802703235821326,-0.006638021972367292
2019-04-10 14:40:00,11604.1,35.05280853385976,33.498056721883465,48.97239635751765,0.0008359028274489422,-0.0016545962203013964,,,-0.0018441757654621416
2019-04-12 12:40:00,11594.2,46.77279813004256,45.84659383833474,33.89879781611003,-0.0006813837953459911,0.0008193752048437641,0.0020786168946540506,0.004847242586810685,0.0032257508064377216
2019-04-15 14:20:00,11702.2999,64.51300843131675,64.36738785456747,24.01486317674657,-0.0008972595207545897,-0.0004358032218948482,-0.0010168941235217943,,-0.0011450740550581484
2019-04-16 09:20:00,11748.8999,62.95367193976092,60.06774495579823,28.86542117819997,0.0008256177244305718,0.0021534016133715195,0.0023491646226383445,0.002425759027872898,0.003974848743072634
2019-04-18 11:15:00,11766.7,46.081105712331244,44.63214561240192,26.367505862434196,-0.0010453313163418798,-0.0008838586859527542,-0.001589230625409055,-0.0009263514834235709,-0.0016317234228798716
2019-04-18 12:00:00,11755.7999,41.058807385339186,41.052994283964566,22.836573627367237,-0.0006634937704238508,-0.0001275965917044708,0.0002551931834089416,0.0018288844810976368,-0.0007060259676587854
2019-04-18 12:30:00,11754.2999,41.0229501801161,38.987869855184606,22.688227640666355,0.000399862181498456,0.0003828386240170012,0.0009443352725755361,0.001352704979052044,-0.000578503190989732
2019-04-22 10:20:00,11665.6,28.73490277730452,26.526800519579265,54.80312887012235,0.00033431628034552574,0.00036002434508297654,5.999691400360163e-05,-0.0005486215882594125,-0.00631772904951311
2019-04-23 13:00:00,11631.2,49.59131250014032,48.520321531556476,22.268621595285804,-0.0007651918976546712,-0.00033531363917749246,0.0002407318247472645,-0.004960795102826987,-0.004453547355388943
2019-04-23 13:30:00,11627.2999,48.950275189834755,48.20013611872423,19.34387378210534,0.0003698279081973954,0.0005762386846150935,0.00010321398865786868,,-0.004119615079335781
2019-04-24 09:20:00,11615.2999,41.28511031883918,37.076667165455675,42.511646362498794,-0.0013860942152685851,-0.0012139075289824275,-0.000654300798552665,-0.0016099369074404901,0.009358355008982633
2019-04-24 11:00:00,11589.0,43.9129021687835,43.10333777403787,23.953710964672016,0.00050046595909925,0.0012856933298817097,0.0012943308309603108,0.0020968073172835666,0.011648977478643463
2019-04-24 11:15:00,11594.7999,43.60325223307796,42.534804037666646,29.017318234151638,0.000784834587787886,0.0007072222091559777,-3.449822363899013e-05,9.487011500741716e-05,0.011142934859962539
2019-04-24 13:50:00,11608.2,49.36998921756918,49.13245262051117,27.447066344626858,0.002351785806584905,0.0037214985958202718,0.006995046604986177,,0.009975706827931807
2019-04-26 09:20:00,11671.3999,35.56135501140341,34.240472153149696,43.90948698217781,4.283976252072996e-05,0.0012080898710358223,0.0017478623108440061,-0.00012851928756207887,0.006400269088543631
2019-04-26 15:00:00,11754.0,67.97891822484304,66.48788776919667,31.558375519838204,9.358516249791116e-05,,,,-0.0006721116215756551
2019-04-30 10:55:00,11690.7999,42.96857376704796,42.4914486453096,40.828279961327496,0.0007698361170307422,0.0008810432210033525,0.0004533564893194342,9.40910809703599e-05,0.004157115031966363
2019-04-30 14:10:00,11708.7,50.644637508284966,47.81768613111797,26.362940863402585,-0.0006747205069734807,-0.00024768761690030505,0.0035529051047511473,,0.00262197340439152
2019-05-02 10:05:00,11771.7999,59.91203104430279,58.03066396215666,25.91809292286028,-5.096077108812658e-05,0.0003737831119607904,0.0004332387607097754,-0.0021152245375831713,-0.004383348378186325
2019-05-02 13:45:00,11747.8999,48.25297211793587,47.36331044565475,27.853551949161986,0.0016087981818775354,0.0017960742072717917,-0.00017024319384950637,,-0.002357859722655564
2019-05-03 09:20:00,11750.2,46.76039103547862,44.60546245632015,32.250488230883896,5.105445013686705e-05,-0.00043403516535889253,0.0007914758897720198,9.360691732895887e-05,-0.003438247859610999
2019-05-03 12:35:00,11750.7999,50.14330929207642,49.21620684352092,27.142277598652075,0.000153189571375556,-5.956190267519812e-05,-0.0008254672092578019,-0.000723355011772453,-0.0034891241744317014
2019-05-03 13:55:00,11758.5,51.003648618019945,47.95397886961657,25.12414736503558,-0.001318195348046114,-0.001216141514648883,-0.0017859420844495988,,-0.004141693243185807
2019-05-06 10:15:00,11612.6,26.55658577320574,26.09602545770804,53.65887463878177,0.0011539190189966408,0.00047362347794632775,0.0005166801577596303,0.0009472469558926555,-0.001705053131942913
2019-05-07 11:45:00,11611.7,48.564639763094775,45.18545999328779,21.19522603030383,0.0008267437153903767,0.0006286762489557951,0.0016965560598360963,6.02754118690374e-05,-0.010007147962830643
2019-05-08 09:45:00,11439.2,15.622933252191896,15.156317741392186,73.97852414523022,-0.0009004213581369491,-0.002334079306245296,-0.0016172459612560086,-0.0032257587943212984,-0.006617595636058571
2019-05-09 09:45:00,11316.1,23.682361929855368,22.479898567189238,61.864093616561576,0.0013785668207244584,0.0006804376065958628,0.0027571248044819807,0.0005920679386006711,-0.0015641519604810972
2019-05-09 12:30:00,11310.3999,32.416728111235514,31.969166354664218,36.55570393724438,-0.00043322075641205604,-0.0024490645993869853,-0.00134388705389632,0.0016533544494743424,-0.0010609704436710388
2019-05-09 13:25:00,11289.6,29.937971283479104,28.52678982531817,38.60504625298464,-0.001408375850340149,-0.0010363608985261008,0.003171051232993216,0.0007794696003400325,0.0007794696003400325
2019-05-10 10:20:00,11303.6,47.090026759025264,46.03371499476943,17.4292860328291,2.6531370536764243e-05,0.000884673909196998,0.0026363194026681747,0.0013889291907003276,-0.0041225804168584235
2019-05-10 10:35:00,11303.8999,47.43926031372631,46.354334317369165,14.559916029478906,0.00085811977156669,0.0016100726440437807,0.0016719893282139964,0.0023354771568704358,-0.004149001708693478
2019-05-10 12:35:00,11330.2999,53.8293832328703,53.6927869820174,17.99729923342671,-0.0019593391345271716,-0.0020122944848087743,-0.003989294228654905,-0.0008031473200457162,-0.006469369800176206
2019-05-10 14:00:00,11311.1,46.48127315036884,46.42383386707917,30.673486904211675,0.0008487238199645919,0.0006011705316018023,-0.0021748547886589753,,-0.004782912360424718
2019-05-13 10:00:00,11275.2,40.20715001528198,37.426518582472156,48.96790118341178,0.0018181495671916181,0.0013658294309635277,0.00014189548744147906,-0.00139243649780052,-0.010802478004824811
2019-05-13 12:20:00,11275.2999,42.07555047498241,40.358287611085,34.091548307396096,-0.0007006465522039207,-0.0022260959994508944,-0.0020221102943789315,-0.0011529626808418625,-0.010811242368817142
2019-05-13 13:10:00,11256.7,40.66661580667751,39.713779240183044,30.96072175860774,-0.0008794851066477039,-0.0014125009994048199,0.0009949541162153075,-0.01012730196238687,-0.009176765837234702
2019-05-13 13:55:00,11251.5,40.29308860210613,37.80327688307486,30.736351020711965,0.001457574545616236,-0.00016886637337243382,-0.005528160689685868,,-0.008718846376038702
2019-05-14 09:40:00,11132.2999,32.60554278001568,31.970710095629485,56.39276610886632,-0.00024252850033257278,-7.185397511610958e-05,-0.00030541757143998094,-0.001392344810976609,0.009575739151619578
2019-05-15 13:45:00,11235.3999,42.75222181329432,42.40534111281881,37.14764127086448,0.003337664910351812,0.002073811364738276,-0.0006497232021087651,,-0.008437607992929586
2019-05-16 09:35:00,11176.3999,39.01430193992636,37.32622393710803,33.898380665293644,-0.0008410490036241391,-0.0009931641762389587,-0.0014584213293942216,-0.0009394796261719129,0.008866907133485702
2019-05-16 15:20:00,11279.2999,64.69989182400236,61.983435878631425,37.44810564485059,,,,,-0.00033689147674842435
2019-05-20 09:20:00,11637.7,78.27762744222964,75.72467954348353,48.672402087724564,-0.0012459506603538228,0.0009967519355198462,0.0029645032953247163,0.004038598692181372,0.0166699605592171
2019-05-21 15:00:00,11691.8999,28.97982136884975,28.6067320083898,49.60683924386646,0.0023178525502087766,,,,0.0017105859758514974
2019-05-22 11:30:00,11729.2999,45.22253613265035,44.32237441792894,27.34597299196676,-0.0002813381896732414,-0.0005030138243800053,-0.0016113493696243708,0.00048597103395753294,0.0021825684583272054
2019-05-22 13:05:00,11727.8999,45.275961084321246,40.67467248449591,27.206239997247945,-8.52667577766475e-06,0.00034106703110592385,0.004382711349710577,0.0006395006833235239,0.0023022024599648194
2019-05-22 15:25:00,11754.8999,52.09178285656712,51.537281433283226,18.995144595951615,,,,,0.0
2019-05-23 13:15:00,11856.0,48.77125086219927,46.779644668688356,30.362064792736152,-0.0018471659919028216,-0.003753373819163297,-0.005145074224021551,-0.01706309041835352,-0.014524299932523577
2019-05-24 09:15:00,11745.1,37.51036189634435,31.33859183106264,47.994138190655114,-0.003788814058628742,-0.0032268775915061942,-0.0059429123634536785,-0.0024861516717610277,0.008548245651377906
2019-05-27 09:20:00,11869.2,67.57119688169111,66.51299816146322,22.12228704004245,1.6841910154052897e-05,0.0015670727597478784,0.001406994574191911,0.0033616418966737616,0.004263126411215623
2019-05-27 09:35:00,11869.3999,69.50829981782825,68.74715170311048,17.113565382670295,0.0015502047411848352,0.0010447031951463792,0.0017861138876953397,0.004928640073875945,0.004246212986724007
2019-05-28 11:00:00,11934.1,52.240277652818776,49.93170266518578,10.591488348625807,-0.0008965988218634369,-0.0005362783955220607,-0.0031506355736922176,-0.0026059778282401247,0.0006535809151926308
2019-05-28 13:05:00,11910.6,45.05318579093297,43.575820081421206,22.79932933298029,0.000344231189024935,-0.00022669722767953981,-0.001192223733481157,0.002182929491377328,0.0026279028764293333
2019-05-28 14:00:00,11902.5,45.230253392620206,45.14328256244636,18.04123660270797,-0.0003192606595252556,-0.002251627809283674,0.0023104389834067707,,0.0033102205419028863
2019-05-28 14:55:00,11894.2,42.17764208259655,41.94748853505878,17.289711176191094,0.0029005733887104146,0.004010349582149297,,,0.004010349582149297
2019-05-29 10:40:00,11917.1,49.97143544129983,48.938955679281605,18.035585679229854,-0.0003608344311955003,0.0004363393778687996,0.0004279564659186441,-0.0021817388458601483,-0.00455648605784964
2019-05-29 13:35:00,11892.6,41.75320053301651,38.706316451190936,32.72120494800796,-0.0005297495921834372,-0.0004036207389469526,-0.002169424684257515,,-0.0025057682928880665
2019-05-29 15:00:00,11862.5,34.50962610758311,33.28394409533872,42.29084585084778,5.0579557428820365e-05,,,,2.5281348788208646e-05
2019-05-30 12:20:00,11939.3999,66.09224729467948,63.713830541900705,36.8794071448037,0.000201015128071802,0.0006197966448882042,0.0012312260350706428,0.0018091445282772955,0.0005946781295096404
2019-05-31 09:20:00,12016.6,61.387123483789594,59.91892188695131,28.99679765918555,0.0008488174691676509,0.0012732303646623144,-0.00024133282292826408,0.0006074846462393868,-0.00815538505067992
2019-05-31 13:45:00,11904.5,35.01704052328546,34.46806143653406,28.743994900059846,0.0007560166323659079,-0.0010752236549202987,0.0003864085009870344,,0.0011844260573732335
2019-06-03 12:05:00,12011.3999,68.73469888644298,68.67454451137624,36.334274443656476,0.0008158999018923474,8.325424249666646e-05,0.0009574237887126635,0.0028972559643110074,0.006751927391910328
2019-06-03 14:20:00,12061.1,75.01371695524637,72.44306777899666,40.62812057505042,0.0009368880118729717,0.0002238518874728701,0.0029765112634834168,,0.0026034109658321647
2019-06-03 15:10:00,12088.2999,77.6965219396308,76.6987063712433,45.815312056227654,0.0003474516710162412,,,,0.0003474516710162412
2019-06-04 12:50:00,12046.3999,46.48143087046636,42.22519948228741,31.11727057281435,0.0008301235292711429,0.001494222352688146,0.0009131358821983238,-0.001120666764516054,-0.0008135127574504519
2019-06-04 14:20:00,12053.2,51.72272759595285,51.137778201508524,19.210979193005755,-0.0014518965917764692,-0.0016842083430126387,-0.0016676069425547446,,-0.0013772276241994508
2019-06-06 10:45:00,11965.5,32.18293670133968,30.05559171429551,54.41792744425577,0.000526505369604191,-0.0008273787138021182,-0.00150432493418573,-0.004462830638084503,-0.009661117379131667
2019-06-06 12:45:00,11912.1,27.596520835147956,27.495305948804308,47.9442492349439,0.0009318256226862331,0.0005624449089580708,-0.0036937231890262767,-0.004121859285936225,-0.005221589812039906
2019-06-06 14:00:00,11867.5,26.053478211514154,25.363223455688217,49.98700703655689,-0.0021571603117758187,-0.002123454813566461,-0.0029070992205603163,,-0.0014830503475878887
2019-06-06 14:35:00,11844.8999,22.782853391346507,21.377259965091454,57.706604760359696,0.0010553065121301497,0.00012663678145563573,,,0.00042212260485197106
2019-06-07 14:10:00,11826.2999,43.88798666637809,43.838117325783365,14.63672513670148,0.004058750446536585,0.004447714030996419,0.0031708987863565685,,0.0032554560873261362
2019-06-10 09:15:00,11964.1,60.40750167017422,56.13491784996314,26.708328686626185,0.0004429835925812142,-0.0015713760332995985,-0.001813767855501025,-0.0038615608361681764,-0.003050793624259196
2019-06-10 13:20:00,11916.2,50.894119885220135,46.61699711476231,23.432107989328102,-0.0004279887883721356,-0.0002601500478340846,-0.0014014534834930759,0.0014601970426812994,0.0009566808210670352
2019-06-10 14:25:00,11900.3999,47.54786446689354,46.984853212838715,22.739500383938065,-0.0003445262373074076,0.0010671994308359967,0.002285645879849696,,0.002285645879849696
2019-06-11 11:55:00,11961.2,66.4595732878955,64.67836029959103,31.23738820720854,-0.00018392803397659918,-0.00047654081530290604,0.0004430993545796458,0.001254054777112712,0.0001922883991571922
2019-06-12 11:00:00,11888.2,29.171587796423708,28.43895187801118,54.36960991856402,-0.00013458723776516024,-0.00018505745192720635,7.570532124279161e-05,0.0008495735266902393,0.0024477969751517392
2019-06-12 11:15:00,11886.6,29.932844300617056,26.575727578499436,52.888225410266365,-5.047700772298214e-05,-8.412834620497023e-06,-7.57155115844732e-05,-0.0003954116399980112,0.002582731815657935
2019-06-13 10:30:00,11860.0,38.69876995605701,37.72403691088434,30.892388040985562,-0.0008010118043845216,-0.0014924198988195414,-0.002217537942664327,-0.0017706576728498957,0.0038364249578415333
2019-06-13 11:15:00,11842.7999,35.34659701002493,31.866154615101692,34.531001873490965,-0.0007683909275542078,-0.0007852788258290166,-0.0014354713533578645,0.0017647938136657881,0.005294364553098729
2019-06-14 12:15:00,11850.7,41.61152930733807,41.05461125811033,43.2605491959246,0.001113849814778911,0.0012151180942898687,-0.00014345144168703694,8.42988177907067e-06,-0.0033668981579147994
2019-06-17 10:30:00,11747.0,24.511138529024826,24.27527619260819,33.23812637393337,0.0002213331063249946,0.0009534349195539082,-0.0007491274367923406,-0.0018728185919809626,-0.006078147612156304
2019-06-18 14:10:00,11705.2,48.161234323638396,47.00996153359778,28.917977418671985,-0.0008799593343129519,-0.002375021358028917,-0.0007945272186721253,,-0.0004869630591533003
2019-06-18 15:10:00,11695.8999,43.54336109932007,41.02709996934611,26.324646437729086,0.0003078087219265946,,,,0.0003078087219265946
2019-06-19 13:15:00,11711.2999,43.9580195271828,43.58293490825194,27.292904749643174,0.0003927830419576672,-0.0008965699870772115,-0.002561628534506255,-8.530223019831418e-06,-0.00034155047126749327
2019-06-19 13:30:00,11715.8999,43.76452582923651,42.29142655409542,20.792980868277358,-0.0012888467918713564,-0.0029361722354763753,-0.005232197315035103,,-0.0007340451927214664
2019-06-19 15:00:00,11667.2999,35.6753245649427,32.91714830098134,45.1792407071377,0.003762661487770602,,,,0.0034283853456102964
2019-06-20 11:55:00,11732.2,55.910451636555194,54.641350042969606,25.781401232429882,-0.0002642300676770626,0.00023865941596623585,0.0020797463391351023,0.002574103748657519,0.009392944204837939
2019-06-20 14:00:00,11770.0,61.36031051597616,60.2100814283804,35.712753447504134,0.00011044180118946478,0.0007051741716228577,0.004630416312659369,,0.006151223449447851
2019-06-21 11:50:00,11778.6,50.52244761982114,50.11733398141921,24.538587933053478,0.00041600869373259464,0.00031412052366142085,-0.0007556076273920187,-0.0010612466676854782,-0.003930866147080381
2019-06-21 13:20:00,11788.6,49.825736851858224,49.05118856063111,21.742829502056924,-0.0010942775223520274,-0.001908623585497815,-0.004207454659586385,-0.004648567259895153,-0.0047758088322616965
2019-06-21 13:40:00,11780.7999,50.790924207204796,50.355829333682635,20.03123612470573,-0.0032934860390931853,-0.004481860353132694,-0.0031067415040296753,,-0.004116868159351417
2019-06-21 14:40:00,11744.2,39.33740585163322,38.971022890884576,40.181151598759605,0.001677415234754065,-0.0017199979564381795,,,-0.0010132746376935176
2019-06-24 10:15:00,11706.8999,38.239834694116006,36.99866304444316,28.677234862972313,8.550513018290573e-06,-0.00017938139199435987,-0.0001024951105971228,0.0012300438308181505,-0.00040146409725427823
2019-06-24 15:00:00,11700.2,38.19564107813069,36.759425583988296,47.69457486192329,0.0003076785012221528,,,,0.00017093724893602058
2019-06-25 09:30:00,11669.2,39.41155973283122,38.266530130386634,39.15866603055771,0.0014568265176704287,0.0029993487128510132,0.002982209577348849,0.0033078445823191416,0.009177998491755934
2019-06-26 14:40:00,11856.7,60.95038981467512,58.976909628477806,19.467944074755692,0.0007421963952869426,-0.0005650813464117554,,,-0.0013325883255881354
2019-06-27 10:20:00,11884.5,65.82845071307992,65.48420796768647,32.82084042382079,0.0005216879128275842,0.0002103580293659757,0.0007572889057174681,0.0001346291387942511,-0.0033320795994782326
2019-06-28 09:20:00,11859.3999,45.46427812392734,44.35517193970019,24.736862060346112,-0.0025633590448367327,-0.002040566993613213,-0.0018719243964443466,-0.004013693812618624,-0.0056073663558642295
2019-06-28 09:45:00,11830.1,40.42676506922156,39.37791885746187,21.477291592387708,0.0012679520883169815,0.0008199338974310688,-0.000363488051664862,-0.0016737052095925353,-0.0031445296320402605
2019-06-28 11:35:00,11814.0,33.971572507925714,32.67061488595635,35.63970684706224,-2.5393600812551043e-05,-0.0005332656170644601,-0.0003555188759098993,0.0004740138818351003,-0.0017860250550194579
2019-06-28 15:15:00,11795.5,38.23249307735094,35.728972892253076,18.547695893212527,,,,,-0.0002204315204951124
2019-07-01 14:05:00,11881.1,64.38213584406246,61.9114501483807,28.786637341732114,-4.2083645453661056e-05,-0.000606012911262388,-0.000765922347257475,,-0.0014224272163351204
2019-07-02 11:20:00,11834.2,39.26923249735533,37.88151597557512,33.09310401324719,-0.00010140102415046037,-0.0004985634854912657,-1.6900170691780403e-05,0.0032194740666879884,0.006354455730002817
2019-07-03 13:05:00,11931.7999,67.70537058827462,65.8674632966815,33.704551017085926,-0.00019275381914507506,-0.00018437285392292058,0.0003268660246305011,-0.0010895254788844122,-0.0015337082546951208
2019-07-04 09:30:00,11944.2999,59.01326977453843,58.820851810106745,33.78558387481481,0.0011972321625983717,0.0008539721947202761,0.0006195507532427147,-7.53497490463273e-05,-0.0004772067050995421
2019-07-04 14:05:00,11951.7999,54.23786888387237,52.959226995078446,25.231888151755292,-0.0006609883085475499,-0.00022589902965153286,-4.1834703072618495e-05,,-0.0011044277941768543
2019-07-04 14:30:00,11951.2999,51.087444377234135,50.20430917720219,25.912373434330153,0.0008702065956860405,0.000267761668335309,,,-0.0010626375462303717
2019-07-05 09:20:00,11977.5,54.59766699370634,51.01805770461985,31.514603347016,-0.00023377165518678744,-0.0006428804007514444,-0.003206011271133291,-0.0035399707785430667,-0.01459403047380503
2019-07-05 12:20:00,11927.6,40.51626348406398,37.67471392970352,38.762422996658195,0.0006455531707971751,4.191958147492514e-05,-0.007470069418826997,-0.006849667996914666,-0.010471511452429638
2019-07-05 13:40:00,11857.5,34.24220180048749,33.65025880703516,43.982638416055096,0.00011806029938865592,-0.0009867257010330865,0.00122285473329109,,-0.004621547543748661
2019-07-08 11:35:00,11625.0,24.024024395188086,20.01003240942086,68.61805984634822,0.0008602150537635467,0.00030967741935494786,-0.0002494623655913131,-0.00311398709677424,-0.005230107526881689
2019-07-09 14:05:00,11556.7,49.489506202533164,48.509725750002595,21.56301501812905,-0.0013152543546168793,-0.0012460390942051758,0.0004326494587554297,,-0.00036342554535473415
2019-07-09 14:45:00,11545.2999,50.72612377698115,49.905999212622646,13.452114616820806,0.00021653833349111196,0.0009527686673604929,,,0.0006236390619873688
2019-07-10 13:10:00,11502.7,37.48988363208348,33.6637125595011,43.40277993233592,0.001643092491327991,0.0009649821346291443,0.00039989741538937196,-0.0004955358307180413,-0.0008345866622618825
2019-07-10 14:45:00,11507.0,42.11129411349906,40.60431358423758,26.730974584412476,0.0001651081950118094,-0.0011297471104545487,,,-0.0012079603719474807
2019-07-11 12:20:00,11572.7999,66.12545584413508,63.77803530589894,35.98735500009402,-0.00032834750733057305,-0.0009159321937294296,0.0005875933273502554,0.002013350286995008,0.00031972383796241566
2019-07-12 11:15:00,11583.2,53.60544602983116,52.856676449115106,19.690401687774983,0.0006561140272116628,0.0007683541681056116,-0.00010359831480077908,0.003142482215622522,-0.0030734166724221135
2019-07-12 12:55:00,11592.2999,56.86109112193779,56.02691399415316,15.454219902701253,0.002044469191139653,0.0026224390554285826,0.00270870321427763,-0.002216980256005918,-0.0038559992741388216
2019-07-15 09:25:00,11594.8999,44.12656450534067,42.97299377777549,47.662197556991266,-0.0015179087488285115,-0.0013971573829627548,-0.0014747863411912476,-0.003372172277226859,-0.0006295785270211685
2019-07-15 09:40:00,11577.2999,46.1218243202117,45.345439998794674,33.93022791792112,0.0001209349340600685,-0.0008723882154939577,-0.001675692965334652,-0.0026258281518646287,0.0008896806758889042
2019-07-15 10:15:00,11575.7999,46.53102491380206,45.060066674209146,20.254337784725063,-0.0001986817342963798,-0.0031876846800020786,-0.0017536498708827786,-0.0033345341430789377,0.0010193766393629122
2019-07-15 11:20:00,11557.3999,42.17534446763621,41.22991806452859,27.23967561061592,-0.0001297869774324889,-0.0005278003748923066,-0.00170452698448198,0.0010902192628983176,0.002613053131440113
2019-07-15 12:30:00,11560.2999,45.08186018796803,39.82531557989837,24.147172504773277,-0.0010207261145535051,0.0004152227919278495,0.0013840471387771558,0.0016349143329750238,0.0023615390808331416
2019-07-16 09:35:00,11612.7999,62.237287301114826,60.51106965097249,20.480519287131436,0.0009988977765817975,0.001188352517810909,0.0002927889939789985,0.0013175203337483232,0.004176426048639659
2019-07-16 14:10:00,11659.5,62.615346192023935,58.940725077585654,30.85634192692052,-0.0002573009134182458,0.0005574853124061807,0.0006260903126205086,,0.00015437197135392822
2019-07-17 14:35:00,11689.2,51.75185490819512,49.38632741602418,20.180309794557296,0.0002138726345686237,7.699414844464236e-05,,,-0.00022242753995138642
2019-07-18 10:10:00,11667.7,44.13915343393276,42.76360517940114,26.80256788542085,0.00041996280329459346,-7.714459576446675e-05,-0.0008056514994386754,-0.0008570669454991409,-0.005682362419328624
2019-07-18 11:45:00,11660.5,39.23995413535241,38.70946352702544,20.39603416912677,-0.0006775009647956853,-0.0005145576947814812,-0.0015093778139874114,-0.00222117404914024,-0.005068401869559591
2019-07-18 12:45:00,11642.8999,34.55374683640087,34.148769299145805,35.960065955901975,0.0002233206522714859,0.00024907883988589674,-0.0007128722286789957,-0.00042084876122661097,-0.0035644040880228323
2019-07-18 13:00:00,11645.5,34.9164513332932,32.3209142928319,34.940576809275875,2.575243656344206e-05,0.0011592460607101618,-0.0009703318878536704,-0.003426216134987725,-0.003786879051994263
2019-07-19 09:15:00,11633.2999,36.437953676008746,29.992303370838453,39.20723667997995,-0.0025100272709379645,-0.0066619102633123095,-0.00974787901754337,-0.01246421920232621,-0.016865369386720563
2019-07-19 10:30:00,11516.2999,23.87186193601419,23.359213293671885,56.59471443301657,0.0009899099623136287,-0.0003646917878544764,-0.0025442112704966435,-0.0037859295414840455,-0.006877200202123901
2019-07-19 11:30:00,11487.0,24.1126382750082,21.538153990581815,56.78620485810649,-2.611647949846141e-05,0.0001566901714982194,-0.0012448855227648048,-0.004727082789239945,-0.004344041089927697
2019-07-19 13:50:00,11438.6,23.865032562008107,22.74086121017616,58.271329773547414,-0.00037592887241444384,-0.0004895704019722835,0.00029723917262591826,,-0.0001311349290996633
2019-07-22 09:50:00,11343.7999,27.848971090781045,25.010238893176496,45.39455041869516,0.00038788589703542264,0.0028826407630833106,0.0009873322959443875,-0.0005465452542052773,-0.0005906221953015933
2019-07-23 09:45:00,11348.5,48.275790428604296,46.363853452749666,14.338613409645708,0.000264352117019806,0.0015596774904174104,0.0010133497819095894,0.00041415164999780707,-0.0017623474467991507
2019-07-23 11:55:00,11358.7,53.55075495659046,52.4721706626003,10.640664752116994,-0.0006074726861349244,-0.0010652627501387402,0.00022889063008957322,0.0020953102027521098,-0.0026587549631560403
2019-07-23 12:35:00,11367.2999,53.13767898407835,51.72858974496404,15.477044847406663,-6.157134993856062e-05,-0.0009500849009886903,4.398581935882717e-05,-0.0035364510792927906,-0.003413290785087897
2019-07-23 13:20:00,11375.6,57.16239757654989,54.343278889633794,14.915072052076741,-0.0006856869088224249,-0.00016702415696756567,0.0005626076866274143,-0.0038591371004605968,-0.004140440943774415
2019-07-23 14:05:00,11389.3999,62.13185821046527,61.86898579739551,31.63387305060758,-0.0006497181646945016,-0.00546998968751633,-0.0043022459857609,,-0.00534706837363752
2019-07-24 09:20:00,11350.0,46.903348558209814,44.700869745805555,35.7063113059167,-0.004837004405286338,-0.006193832599118876,-0.00752422907488981,-0.009903083700440463,-0.007277541850220226
2019-07-24 10:50:00,11247.7999,28.170577098597736,26.690075171364036,45.381516368202526,-0.0009512882603823769,-0.0009068351224846838,-0.00013335941369296833,0.0007379309797288514,0.0017425630055882824
2019-07-24 15:20:00,11275.7,49.72359953142617,48.87143902760669,13.052191640076249,,,,,-0.0007361050755163578
2019-07-25 13:35:00,11267.2999,39.874897985875265,37.57526970903748,40.20200790274722,0.0004526372818034474,0.0011626565473774608,0.002502826786389134,,-0.0005591312963987294
2019-07-26 09:45:00,11249.5,43.75771865522535,42.539071372447424,28.27675697989847,-0.0024712209431529963,-0.0014845193119694677,4.444641984080455e-05,0.0034223743277479457,0.004275745588692814
2019-07-26 10:10:00,11230.1,39.91470411141713,39.81467316862593,30.39462574289093,-0.00028495739129663633,0.0011754036028173154,0.0034639050409168703,0.005565400130007836,0.006010632140408312
2019-07-26 13:20:00,11295.2,57.37067323442109,56.35335423099432,25.062964414041165,-0.002045116509667877,-0.0015670373255897152,-0.0003452882640414545,-0.0005754656845385897,0.0002124796373681459
2019-07-26 14:20:00,11291.2999,53.54740439447431,53.15332377577401,21.894521149897507,-0.0003276770640021631,-0.0013815858349488508,-0.00023025692551126298,,0.000557960558642101
2019-07-26 15:20:00,11288.7,53.609070617314984,52.56144312322147,24.402312598044198,,,,,0.0007883990184873735
2019-07-29 10:40:00,11238.1,40.26401204221946,39.72449308075327,38.56673428939502,-0.0003292460469296321,2.6686005641485266e-05,-0.004048727097996974,-0.005579243822354307,-0.0037639903542414643
2019-07-29 12:15:00,11173.0,27.773226300770773,25.11519136066577,61.63323848097447,-0.0011098183120020755,0.0008502640293563957,0.0027387451892957326,0.0024075807750827405,0.002040624720307971
2019-07-30 12:10:00,11210.7,47.10991779931459,44.15778961761624,30.309539974180296,3.568019838184888e-05,-0.0012934071913439649,-0.0015253284808264267,-0.003032816862461707,-0.011738785267646157
2019-07-30 13:35:00,11199.2999,47.42603270984831,46.468712516250925,17.758115832301918,0.0001964497798652154,-0.000321439735710527,-0.007955845525665306,,-0.010732804824701514
2019-07-31 09:30:00,11037.6,22.737546874922373,20.308462965587236,67.69384386886497,0.0024008842501992422,0.00010871022686087528,-0.001440530550119612,0.002092846270928428,0.006813066246285304
2019-08-01 11:45:00,10992.1,29.987964850997752,28.795427901311847,50.81853956362324,-0.000991621255265085,-0.0016739294584292574,-1.8203982860454104e-05,-0.0038937145768325188,7.277044422804302e-05
2019-08-02 09:45:00,10891.1,39.01311290272,36.877626654866944,41.04603692167062,-0.002231188768811232,-0.0034339965660034055,0.00011017252619116569,0.0018271799910019038,0.01011834433620118
2019-08-02 13:25:00,10998.7999,52.653268071646494,51.52887885039897,24.188551970854164,0.0005455140610386433,0.0022184329401246927,0.0044095719933954225,0.00022729752543271253,0.00022729752543271253
2019-08-05 11:00:00,10819.8999,33.58436259563053,31.522234556130527,59.09598778454237,-0.0014417878302183107,0.00034197174042249756,0.003576752128732652,0.003484329831923816,0.0034935720616047217
2019-08-05 14:05:00,10869.2999,48.77378632105569,46.381668295276796,20.245572357037016,-0.0003128076353841047,-0.0002300056142530149,-0.0012604215658820195,,-0.0010672168499095136
2019-08-06 12:10:00,10918.7,58.13177063112247,57.80057088209055,14.356666586720843,0.0008242739520272213,0.00211562731827053,0.0031230732596370103,0.006878099041094599,0.0012822039253757023
2019-08-06 14:05:00,10986.7,69.34682040305853,68.86347918697287,30.755064865520545,0.0015746311449296169,0.0006280320751452795,-0.0031674752200387957,,-0.004915033631572752
2019-08-07 11:05:00,10950.1,49.063115139110614,48.43338808218219,18.949357707811107,0.00010957890795504355,0.0002739701007297146,-0.0018721290216527908,6.391722450027615e-05,-0.010255623236317457
2019-08-07 12:15:00,10951.7999,49.089984840080405,49.01850155274458,42.94696571475039,-0.0010317847388719992,-0.0013057123149228245,-0.0006026315363923951,-0.0032688599432866283,-0.01040924788992903
2019-08-07 13:05:00,10950.7999,50.3063004893735,50.05135682111637,39.5500301422133,-0.000840112145597649,-0.0024929594412550493,-0.004885487862854698,-0.008319017864621858,-0.010318880906590167
2019-08-07 14:20:00,10907.7,42.33938595811267,42.209357247680025,33.50564079655293,-0.0015218607039064747,-0.0005225666272450358,-0.005528214013953425,,-0.006408326228260819
2019-08-07 14:40:00,10910.7999,42.54333784344803,41.604595782149445,29.746433929640236,-0.0015764105434652453,-0.004894233281649618,,,-0.006690618531094095
2019-08-08 09:15:00,10892.2,34.33339241960327,33.45377992941209,48.0269258949023,-0.002093250215750797,-0.0029011586272745804,0.0002937790345385327,-0.0018820807550357088,0.014413984319054052
2019-08-08 11:40:00,10881.7,45.26059686325206,43.30391334550745,22.08219752695859,-0.0007903176893316877,2.7569221720868953e-05,0.0004594870286811492,0.001663333854085236,0.015392815460819609
2019-08-08 13:20:00,10886.7,47.61734104486678,47.204453125839876,24.874339010437804,0.0020759183223566513,0.0020208143881983442,0.0012492215271844298,0.01492646991282931,0.01492646991282931
2019-08-13 10:00:00,11072.3999,35.96866530718954,35.81837809478086,50.246079928099164,0.00022578664269512494,0.002194655198463291,0.0017430819130728192,-0.0002438405426451462,-0.013908457190026202
2019-08-13 11:40:00,11072.7,41.0465395504919,40.997621071916065,29.39967070348299,-0.0006592881591662714,6.320951529437124e-05,-0.0013546831396136216,-0.003612488372303102,-0.013935182927379941
2019-08-13 12:00:00,11069.7,41.71467830008977,39.570425591058864,31.76176843799538,0.0001626060326838097,-0.0004787934632375368,-2.711003911581855e-05,-0.004489733235769733,-0.013667949447591199
2019-08-13 13:45:00,11046.3999,36.48940471324084,32.53927254748969,38.027563604778585,-0.00238990985651355,-0.0025709643193345677,-0.009315243059415224,,-0.011587485620541349
2019-08-13 15:15:00,10914.7999,20.863930776568978,19.40566508560502,60.73188849521954,,,,,0.00032982739335429834
2019-08-14 13:05:00,11041.6,54.88262713921533,54.24730025487286,17.081080376751615,-0.0005886827995942312,0.0023366088248080175,0.0030520848427764147,-0.001630198521953341,-0.0025992700333284935
2019-08-16 10:15:00,10969.2,40.27042412360836,39.65569857531804,42.126069955709376,0.00013674652663819842,0.002771396273201221,0.004239142325784817,0.007192867301170525,0.006664104948400862
2019-08-19 09:20:00,11114.5,61.51586599865251,57.91818446676386,28.616927014324812,-0.002312303747357025,-0.00031490395429389917,0.0017634621440461018,0.0012776103288498764,-0.00541635701111165
2019-08-19 09:50:00,11111.0,63.66262728148886,62.414161089374105,25.41864933642568,0.000720007200071926,0.0020790207902079416,0.0012780127801279573,0.0009360003600036304,-0.005103060030600348
2019-08-20 09:15:00,11072.1,36.55363570837158,33.257398236032095,60.047640483304946,-0.00019870665908006124,-0.0027004813901607694,-0.005075830239972601,-0.005879643428076009,-0.00439845196484856
2019-08-20 10:15:00,11015.8999,30.55709269379363,29.848432564959868,71.93327792871924,0.0005265207611409028,-0.000617280482005822,-0.0008079140225303316,-0.0020697265050493296,0.0006808340733015505
2019-08-20 15:25:00,11023.3999,48.03058806324847,47.28977212669841,23.73047553863625,,,,,0.0
2019-08-21 09:55:00,11019.5,46.592149998354216,43.94040365673047,25.431127092053487,-0.00022687054766545867,-0.0003629928762648449,-0.0007713598620626705,-0.003938472707473051,-0.009111121194246508
2019-08-21 12:30:00,10976.7,37.835528826876796,35.980020893441605,40.704154682041285,-0.0005284010677162332,-0.00023686536026312766,-0.002086246321754359,-0.005356810334617879,-0.005247478750444179
2019-08-21 14:00:00,10940.6,30.885359010878496,29.674574799127946,39.668606311996214,-0.0005849770579309244,-0.002074849642615617,-0.0020474197027584573,,-0.001965157303986942
2019-08-21 14:15:00,10934.2,29.659411431131403,27.508185103776547,44.65807030985407,-0.0014907446360959975,-0.001746812752647653,-0.0014358617914433935,,-0.001380988092407387
2019-08-22 14:45:00,10780.0,33.79844995181237,33.66651667482224,41.985354687457544,-0.0024397031539887815,-0.004573283858998023,,,-0.004072356215213291
2019-08-23 09:45:00,10665.2,23.996772551292032,19.880059705001003,73.02868125434932,0.004041171286051748,0.004819412669242018,0.009704459363162332,0.007754181825000872,0.016530397929715335
2019-08-26 09:20:00,10912.3999,65.2416432977366,64.84520605130903,30.845754099916984,-0.003097384655047275,-0.008595716878007753,-0.008696519635428723,-0.005443339736843855,0.013324291753640694
2019-08-26 11:10:00,10851.6,56.46619967567986,56.19717405261243,25.105242313019684,0.0003686092373473837,0.004312718861734677,0.006948284124000059,0.012145665155368857,0.019001796970032014
2019-08-26 14:05:00,11039.6,80.84758256632895,80.47269777665481,68.87706488518535,0.0014312022174716166,-0.00017210768506104035,0.0014583861734120962,,0.001648601398601457
2019-08-27 14:40:00,11117.6,53.02197515928378,52.59151928998809,27.311466841317994,0.0009444484421097243,-0.0011423418723465195,,,-0.00019789343023679518
2019-08-28 09:20:00,11127.7999,54.95241192240654,54.14677688145851,19.498091498567064,-0.0025611531709875957,-0.003244118363415094,-0.005113319839620711,-0.00458311620071461,-0.007539675475293106
2019-08-28 11:00:00,11078.2,42.48322565394187,39.32589557042094,20.93705071994541,0.00035204275062739043,-0.0016519019335271556,-0.002067131844523562,-0.003547516744597523,-0.003096179884818917
2019-08-28 11:45:00,11064.2999,41.518429969253205,40.948175665602605,22.968353076290956,-0.0008134269751671752,-0.0005332465726095581,-0.0020787578254273242,-0.003723678892687987,-0.0018437678103789823
2019-08-28 12:15:00,11058.3999,39.327405893581115,38.5660333245942,28.76740472961592,-0.0007234319677659196,-0.0015463358310997544,-0.0034634215027800064,-0.004747522288464201,-0.0013112204415758333
2019-08-28 12:45:00,11041.2999,36.765662315905885,36.53783747459945,31.648151560161427,-0.0002173657107167326,-0.001920054721093134,-0.0016483475826971627,-0.003296713279203667,0.00023547951994307148
2019-08-28 13:30:00,11019.2,30.865010646844183,30.461121672320843,58.82479632767528,0.00035392768985031964,-0.00025411100624372907,-0.0018785392768985165,,0.0022415329606504386
2019-08-29 10:25:00,10986.8999,40.29591023879249,40.0074404138419,25.841878091761345,-0.0016747126275357127,-0.001902256340753583,-0.0019750703289832527,-0.004887629858173148,-0.002311835024545905
2019-08-29 10:50:00,10973.1,37.98044750943811,37.973616977554244,29.259355170472887,-0.0008475362477331494,-0.0002642826548558963,-0.0009113194995032936,-0.0010844702044089383,-0.0010571306194239183
2019-08-29 12:35:00,10941.3999,31.34137101653529,29.471068814340224,56.109890935879854,0.0018096496043435994,0.0028972618028522135,0.000904820232372705,0.005364953345686541,0.001837068399263897
2019-08-30 09:25:00,10994.1,50.75343923104135,47.906815593619754,27.080056082437537,0.0022648511474336885,0.0011096770085772256,-0.003465495129205687,-0.008104346876961266,0.0036201144250098682
2019-08-30 12:05:00,10897.5,35.26183273381292,34.257373125112466,60.94344258606147,0.0014498646478549038,0.001871979811883584,0.0031658637302134363,0.007350309704060587,0.012516623078687727
2019-09-03 11:05:00,10905.7,43.30856266209761,42.8379324278531,23.948636812979437,-0.0007060527980781162,0.0002017202013626651,-0.0013845970455816925,-0.0024299219674115413,-0.011947889635695152
2019-09-03 12:55:00,10883.3999,38.19208806736022,37.35787573362148,37.08698467076992,0.0002572817341757183,-0.0008912564170319159,-0.0023797618609971982,-0.004392000701913035,-0.009923369626434475
2019-09-03 13:45:00,10857.2,33.988563921491576,32.96641071791319,34.382121343446094,-0.0005434274030137187,-0.00035000736838231017,-0.0013539402424198599,,-0.007534180083262787
2019-09-04 09:20:00,10782.3999,25.958196444512158,25.120550094503066,42.24477998426122,0.00042663043873925055,0.0018270607826371688,0.0006955779853796695,-0.0019105208665095574,0.00499888712159513
2019-09-04 15:05:00,10850.3999,57.17281407201395,55.050055319435884,29.32479415690506,-0.0015944020643884338,,,,-0.0012994912749714205
2019-09-05 09:15:00,10901.6,60.521177655488785,56.82390350243824,28.03490158805363,-0.0018345930872532001,-0.002394143978865504,-0.00044947530637706734,-0.0014768474352389038,-0.005604681881558715
2019-09-05 13:25:00,10837.2,45.60037338134741,44.901331907727815,25.823166201596617,0.0006828332041486362,0.0003598715535377828,0.001181116893662404,0.0003045066991473888,0.0003045066991473888
2019-09-06 10:55:00,10902.6,58.268641904111064,57.77989556660017,21.71191553143161,-0.00033937776310233314,-0.0004035734595416729,0.0009172124080494282,0.0018068992717332755,0.0034945792746685633
2019-09-06 11:45:00,10912.6,63.06638699436868,62.949637701446804,26.786561935447054,-0.0007972527170426735,-0.00019243809907820708,0.0007697523963123842,0.0029690449572052913,0.002575005040045486
2019-09-06 13:10:00,10937.2999,67.74123337637008,67.11068392440234,34.44732934748737,0.0003657209765273173,0.00021944172894095004,-0.0011245828597969965,0.0010971629295819518,0.00031087197307266834
2019-09-06 13:25:00,10941.2999,70.07944152765319,68.89793473425573,39.41745589156554,-0.00014622576975509283,-0.0007768729563842891,-0.001169870135814488,-5.4828951356999944e-05,-5.4828951356999944e-05
2019-09-09 10:05:00,10985.8999,58.38870988224545,55.267571354869006,28.549880146434827,0.0003914199145398367,0.0017568064678981088,0.002302961089241329,0.0026761576445821778,0.001556549773405358
2019-09-09 15:20:00,11004.7,55.00907587202444,53.54619921747673,23.52897777091891,,,,,-0.00015447944968971505
2019-09-11 14:10:00,11045.7,56.22017466817021,54.48254275487667,18.875628768954673,-0.00033497198004661666,6.336402400930474e-05,-0.00047077143141682765,,-0.002381026100654604
2019-09-12 09:20:00,11073.7,53.18469074881218,51.013153656010445,25.392806750870022,-0.00035219484002646517,0.00023478150934197473,-0.0020499020201018014,-0.003241924559993614,-0.008398276998654475
2019-09-12 12:15:00,11045.7999,49.25417370479188,49.02319037951206,27.8930013983054,0.0004707762268987281,0.0005703615905625625,0.0002444458549353268,-0.0027340618401026084,-0.0058936338327113535
2019-09-12 14:45:00,11004.7999,37.20723032322001,36.76804261865788,55.26236342488376,-0.0011358679952009343,-0.0022989877353426502,,,-0.0021899444078032904
2019-09-13 09:15:00,11000.1,35.63903573848111,31.72150650293558,53.620985023563065,-6.36448759556707e-05,-0.0023545240497813147,-0.0028999736366033257,-0.002490886446486762,0.0073453786783757025
2019-09-13 10:15:00,10968.2,36.063164839263116,34.655355470819174,37.337878651861224,-0.0012581918637516454,0.0018963913860068349,0.00041027698254958445,0.0008843657117849624,0.01027514997903034
2019-09-16 11:00:00,11050.2,55.01239989929084,54.31060353276837,23.506316790264016,-0.0003529438381206784,-0.0010769126350654856,-0.002570098278764199,-0.005674105446055289,-0.0050768311885758255
2019-09-16 13:40:00,10998.2999,41.69813026132137,39.83107013642025,35.41793029897678,0.0009365174703046542,-0.0008183082914478002,-0.0002909449668671016,,-0.0003818681103612276
2019-09-16 14:55:00,10991.2999,45.3635285272994,44.62170364041071,19.553515361238283,0.0011645665313890774,0.00025475603663593915,,,0.00025475603663593915
2019-09-17 11:05:00,10930.7999,30.72176165791876,30.04166783411394,42.165571628445385,-0.0006129377594772389,-0.00026530537806290777,-0.001738207649377932,-0.0031653584656690104,-0.009477796771304892
2019-09-17 13:40:00,10870.3999,25.396825890493137,24.83797577128371,48.74151642807431,-0.00196863962658822,-0.0051883923791985476,-0.0044248602114445035,,-0.003974085626785362
2019-09-18 14:20:00,10858.1,52.01541504214456,51.579878005751155,25.00297392337342,0.00019340400254197476,4.6048572033718926e-05,-0.001565651449148553,,-0.0009762297271161957
2019-09-19 10:50:00,10743.6,29.760663664519427,29.651816887621287,54.02206425310682,-0.0004747012174690646,0.0012379370043560378,0.0008656223239882355,-0.0019081127368851813,-0.004235079489184224
2019-09-19 13:15:00,10711.5,30.19511120366065,27.88211702968264,38.04848262247051,0.0006348223871539549,-1.868085702283473e-05,-2.8007281893227542e-05,-0.0002333940157774883,-0.0012509919245670131
2019-09-23 11:25:00,11633.7,79.71010110012907,78.36013193878185,50.33928444666526,-4.2978588067454915e-05,0.000979911807937217,0.0018136878207275497,-0.0030514797527871895,-0.003068671188014238
2019-09-24 12:15:00,11585.6,47.45984130402954,43.88380973860188,28.234946236861298,-0.0008631404502140727,-0.0013723933158402701,-0.0020111258804033083,-0.0020283800580029876,0.00018125949454494972
2019-09-25 10:45:00,11489.7999,35.18476200973834,34.75977232215728,41.420499229401834,-0.000652752882145502,-0.0010705060233467956,-0.001758072392540111,0.00011315253627697253,-0.004943506457410152
2019-09-25 14:05:00,11444.8999,35.29215944098151,34.43700585659285,41.36896318353402,-0.0008213177993806609,-0.0016775944016774735,0.0005941598493142131,,-0.0010397557081298636
2019-09-25 14:40:00,11434.2,33.610912427851545,31.79859315940193,34.509032584720686,-0.000673418341466836,0.002151431669902504,,,-0.00010494831295593254
2019-09-26 13:45:00,11552.7999,53.51261189378025,52.790193598675955,17.152885232296246,-0.0007790319297402704,0.0007011287367661989,0.0021033948662090296,,0.002371728086453029
2019-09-27 11:30:00,11527.7999,41.137189370290095,40.144484855840936,26.024763678017095,-0.00026024046444461657,0.0005551883321639473,8.674682148157586e-06,0.002229401986757251,-0.0013359010508153801
2019-09-30 10:40:00,11432.0,31.10170600382603,28.05306228336731,60.78054555162156,-0.0011196641007696906,-0.0005073477956611949,0.0008659814555633805,-0.002571728481455482,0.003988803358992321
2019-10-01 10:50:00,11516.3999,55.78918587143925,53.57634183559461,28.185907756517018,0.00045153867920122437,-0.001371947842832344,-0.0005730957640677214,-0.0035601403525419295,-0.012964112161475083
2019-10-01 14:45:00,11306.3999,31.27830700855665,28.53237035898283,60.61162747222275,0.005660510911169814,0.005678208852315514,,,0.0053686496618610136
2019-10-03 13:55:00,11322.7,45.050130232636334,42.40971004403302,25.507625132924712,-0.0005299089439797511,-0.0017487083469490683,-0.002508244499986767,,-0.0009273406519646477
2019-10-04 14:15:00,11232.7999,36.09703581207707,33.925452933232,42.75258678524076,-0.002866596065687954,-0.001887321076555426,-0.005626371035061362,,-0.006454312428373243
2019-10-04 14:45:00,11211.6,34.74490610899486,31.78119483603201,36.256732586259474,-0.002051446715901406,-0.0037461200899069347,,,-0.004575627029148377
2019-10-07 09:35:00,11173.6,30.42800085660584,25.294154770781436,27.508501257671128,0.003150273859812369,0.004152645521586562,0.003069726856161026,0.0016914870766806533,-0.004913367222739273
2019-10-07 14:35:00,11197.6,45.03109368210318,43.193899771762126,40.09638344042392,-0.0027327284418089404,-0.005626205615488988,,,-0.0070461527470171426
2019-10-09 09:25:00,11144.6,34.92717918936703,33.065630607920895,41.55206371484164,-0.0007447642804587762,-0.0022432388780216916,-0.003669938804443329,-0.0003948100425317236,0.015657807368591126
2019-10-09 14:55:00,11311.5,80.19441444856795,78.52166896568266,61.937256493599946,-0.00010609556645890805,0.0006718825973566211,,,0.0006718825973566211
2019-10-10 12:25:00,11254.2999,47.44682902600483,45.53995807600829,25.512055600375035,-0.0005775570277809505,-0.0011995415192375125,-0.0022480207764855598,-0.002034777836336099,-0.0013683658812041477
2019-10-10 13:20:00,11232.7,43.80003645508348,42.79043795302076,21.448277171504795,-0.0009258771266036359,-0.00016025532596797287,0.001148432700953439,0.001148432700953439,0.0005519510002047756
2019-10-11 12:35:00,11254.8999,47.88031379895346,46.86415045224665,24.00337971546163,-0.0005153222197915586,0.0016703924661294334,-8.885019048499032e-06,0.0036517517139356137,0.004184852856843335
2019-10-14 09:15:00,11347.2999,59.86597802551472,58.47655012049272,21.618258672221415,-0.0030051113745569458,-0.0004229993075268723,-0.0004141866383561288,0.0020445480602835353,-0.0014981537590277316
2019-10-14 09:40:00,11335.0,58.82720766275979,58.795964299382945,22.895572706837605,0.00048522276135853915,6.175562417287672e-05,0.003423017203352474,0.002611380679311992,-0.00041465372739302175
2019-10-14 10:35:00,11372.2999,67.3153131510639,66.72061480672573,25.611631034593138,-0.0009672625675304358,0.00043966480342283454,-0.0004924157865375811,-0.0010815666231243082,-0.003693184348752543
2019-10-14 14:05:00,11403.2999,65.08447553681472,64.65680752061043,39.210448989788354,0.0007541676598368241,-0.00021923478483631964,-0.0038672928351204394,,-0.006401655717219179
2019-10-15 09:55:00,11383.3999,51.870926812239,51.32053805740115,21.280992660008582,0.0006325087463543433,0.00016690971209754046,0.0012035156561618354,0.0026002864047673935,0.004005841875062366
2019-10-15 12:10:00,11420.7,63.54349884516118,63.07022043889173,32.60182920040949,-0.000367753290078654,-0.0018300191757073536,-0.0016023623770872186,0.0013046485767072014,0.0007267505494408244
2019-10-15 14:10:00,11435.6,62.997086023246204,61.835238038724164,32.02013953516757,0.0019063188638988038,0.0005334219455035427,-0.0008832068278009642,,-0.000577145055790762
2019-10-16 09:30:00,11473.5,64.79232825730055,62.82661934437898,32.960831853397615,-0.0008018564518237348,-0.0026670240118533695,-0.0018738832962914564,-0.0016211356604348692,-0.00020917767028361123
2019-10-16 14:05:00,11445.2999,41.480133501663786,41.29729023991215,48.131145142535125,-0.0003931744942742288,-0.0008212978324840803,0.0012144810639693748,,0.0022542091710502365
2019-10-17 12:25:00,11473.1,57.06999888034899,55.97859770200822,31.493510416856527,0.001908812788174119,0.0026583922392378057,0.0035299962521027073,0.007330189748193661,0.009517907104444223
2019-10-18 14:15:00,11680.0,69.30655761909506,69.14327379857204,41.72801854585012,-0.00221746575342463,-0.003116438356164375,-0.0020119863013698946,,-0.0015924743150684817
2019-10-22 09:25:00,11698.8999,64.53028865788654,61.48669829107282,31.492331775204853,-0.002213874827666551,-0.00361571603839439,-0.004863696628432557,-0.0047440358045973685,-0.009462419624600704
2019-10-22 11:40:00,11653.7999,48.57773129945067,47.564394844352705,14.660992404714076,0.0005491856780550641,0.002162393400971352,0.0019650328816784857,-0.002505611924913831,-0.005629056665028109
2019-10-22 15:05:00,11590.3999,36.225351217911026,36.02124735978726,32.02581280147996,0.00042276367013016625,,,,-0.00018980363222842467
2019-10-23 13:35:00,11643.2999,50.8304545734905,50.05170866251856,18.972249131673944,-0.0006012041311415084,-0.001305463238991167,-0.0015974766741170265,,-0.0025250573507944463
2019-10-23 15:20:00,11612.7999,44.959996046750845,43.26842188232176,27.813501036853722,,,,,9.472306502078531e-05
2019-10-24 11:45:00,11584.7,40.555287980895216,39.1210367337096,34.98303583886942,0.0016055573299265102,0.0022443395167763835,0.0024515093183250514,-0.002909009296744869,-7.769730765583294e-05
2019-10-24 14:25:00,11558.0,39.97604034649097,39.69325869263386,31.77812601586594,0.0038934071638692114,0.002560996712233976,0.002232211455269084,,0.002232211455269084
2019-10-25 11:00:00,11591.2,49.990823207433124,48.67344457036475,20.378287791349305,-0.0013889847470495154,-0.0015787925322658936,-0.0015960383739388462,-0.006306508385671927,-0.0013976119815032328
2019-10-25 11:40:00,11585.1,49.402116015170904,48.46516796223133,16.391925233206184,-0.001148034975960499,-0.0012688798542955793,-0.005110020629947143,-0.005662445727702026,-0.0008718094794175624
2019-10-25 13:30:00,11522.3999,32.98382211627981,32.12292953005903,46.15631145344133,0.00014754738724187533,9.54749018908796e-05,0.006995079210885491,,0.004565029894510131
2019-10-29 11:10:00,11741.0,77.43083342886516,76.86188345245391,68.25068110136961,0.0016267779575844799,0.0010987053913635858,0.0013627459330551872,0.003355753342986212,0.004309684013286796
2019-10-31 09:15:00,11891.8999,58.084119772303936,53.693755919267424,28.862577489563186,0.0006138716320678306,0.0008577351042116099,0.0005129626091118222,0.0018836350951794145,-0.0008745364565337921
2019-10-31 10:55:00,11922.1,67.1955854874744,66.81493017372006,38.90311055688739,-3.3551136125353764e-05,-0.00020130681675201156,-0.000989766903481848,-0.0004445609414449603,-0.003405440316722741
2019-11-01 09:25:00,11909.7999,47.68235095133379,46.307907780280104,29.547626953079057,-0.002149481957291255,-0.0007388789126507866,-0.002401375358119906,-0.00236778957134276,-0.00087323045620602
2019-11-01 09:45:00,11895.0,47.1494481669107,46.26549432426194,20.967103614453276,-0.00030265657839423366,-0.0013030685161832256,-0.0021017234131988083,-0.0021773854560739325,0.00036989491382932727
2019-11-01 11:05:00,11882.2999,44.26599725558326,42.188809885391116,17.719563159347192,-0.0004123780784223152,-5.8902738181099146e-05,-0.0011782230812067418,-0.0015653451062953572,0.0014391153349024854
2019-11-01 13:25:00,11877.3999,46.85060897556175,45.019077200596975,19.11307031375145,-0.0002946772887557625,-2.5249633970769736e-05,-0.0003115075716192406,0.0018522572436077134,0.0018522572436077134
2019-11-04 11:20:00,11980.2999,67.86333508383872,66.60970419223962,49.06516177607356,-0.0011185028848902379,-0.004766149468428571,-0.005525729785779365,-0.0053254009108737455,-0.002888066266187428
2019-11-04 13:35:00,11929.0,47.78716151704096,46.34491817265227,25.883531946342295,-0.0002934026322407579,0.0002934026322407579,0.0020789588398022474,,0.0013999497024059782
2019-11-05 09:15:00,11957.1,56.15140649834499,55.98293247039311,29.123635011119955,-0.0023584397554591296,-0.000551973304563802,-0.0005687081315703946,-0.0013966680884160976,-0.0032951133636082153
2019-11-05 13:30:00,11888.5,30.842426303402682,30.415814806195037,62.986781183574344,0.0003028136434368722,0.0005551583463010434,0.001699120999285153,,0.0024561551078774446
2019-11-06 10:40:00,11867.2,39.65536355632245,39.47831267351939,24.940926561399156,-0.0002949305649184719,-0.00013482540110565377,0.00654745011460145,0.007086751719023843,0.00787885937710664
2019-11-06 11:00:00,11867.2,40.47395812997023,37.77986145118745,24.370717334470925,0.00019381151408914832,0.0018369960900632698,0.008603537481461476,0.008249629230146827,0.00787885937710664
2019-11-07 12:55:00,12003.2,48.19682257352221,46.11226726505376,36.86449153629119,-0.0009497550653160269,-0.0009664089576113533,-0.0003499066915489957,-0.0001832844574780612,0.0010497117435350756
2019-11-07 15:10:00,12013.1,58.080837567575436,57.35958462789763,23.348901518697687,0.00022474631860225358,,,,0.00022474631860225358
2019-11-08 11:15:00,11963.0,37.72952790619848,36.9456223836435,34.724243733807604,8.359107247279951e-06,-0.0002173451475382393,0.001897517345147648,0.005358187745548859,-0.004814854133578517
2019-11-11 09:40:00,11904.5,33.6520946858217,32.669984750265684,42.76811996386358,0.0001595951110924254,0.00030240665294645197,-0.0016968457306060225,-0.0019488512747279918,0.0007224158931495861
2019-11-13 12:45:00,11910.0,48.344301291556604,48.15324520584002,22.91250910001899,-0.0008900167926112479,-0.0007388748950460933,-0.0015113350125944836,-0.004911838790932044,-0.0062888329135180054
2019-11-13 14:00:00,11895.8999,42.778069590174574,42.44155044373672,23.339862052730755,-0.0012189073648812832,-0.0023453374889276235,-0.0035306282293111613,,-0.005110996268554713
2019-11-13 15:15:00,11845.1,32.362056192169014,31.74762468460226,43.42534861473493,,,,,-0.0008442309478180476
2019-11-14 13:15:00,11829.2,43.0675086725795,42.271864645286676,21.13671502283496,0.0003973134277888146,0.0006847377675582855,0.0013694839887734567,0.003643517735772539,0.0032884725932438297
2019-11-15 13:50:00,11952.6,63.5627639954525,62.35301119423115,28.868721591710184,-8.366380536473095e-06,-0.0007529742482806911,-0.0010959958502753109,,-0.004919440121814556
2019-11-15 14:10:00,11953.1,63.75200434830302,63.563560542847995,32.796504870628645,-0.0001505969162811649,-0.0008282370263780203,-0.0051702152579665706,,-0.004961064493729683
2019-11-18 10:30:00,11902.1,44.16304878640709,43.32310362180361,22.883769269094564,1.679535544152344e-05,-0.0002016450878415954,-0.0022517118827770632,-0.0026045823846212457,-0.000688962452004227
2019-11-18 11:45:00,11882.8999,39.04420751103398,38.20660363781397,22.0611155847408,-0.0006395745200210579,-6.731521823222231e-05,0.0006479983896860997,-0.00036185611561034836,0.0009256999631883644
2019-11-18 12:00:00,11875.2999,36.33156549700906,35.950026741194755,24.766551062925778,0.0005726255384927992,-0.0003536668577102109,0.0010947091955126886,0.0007241922370313514,0.0015662762335795222
2019-11-18 12:15:00,11882.1,38.494624714270586,34.667265050669556,23.323686616968608,-0.0009257622810782129,0.0007153617626514119,0.0006396175760177147,0.0009594263640264611,0.0009930820309540511
2019-11-19 10:25:00,11901.7999,54.030936894456765,52.16719863777449,17.879294534397197,0.0017140348662727511,0.0009662404087300569,0.0009494446297992898,0.0031087734889576613,0.004671562323947276
2019-11-19 15:15:00,11950.0,53.11753123875651,52.960740265954044,25.584069334337865,,,,,0.000619238493723806
2019-11-20 15:05:00,12004.8999,46.10370240703995,44.19772190557552,30.828371927712027,-0.0012078401420073659,,,,-0.001074552899853809
2019-11-21 09:15:00,11996.7999,45.383075479208216,44.02510614907786,25.825060233630765,-0.000833555621778781,0.00032509502805000423,-0.0005084605937287767,-0.002200586841495933,-0.002700720214563135
2019-11-21 09:40:00,11995.8999,43.91021880487506,42.90223172360957,23.083858480239343,-0.00021674072155275503,-0.000566852012494734,-0.0016755725012344014,-0.0019423219761945942,-0.0026258972034269856
2019-11-21 11:05:00,11978.2,36.42237369595705,34.35067593936522,25.59003527629891,-0.00030054599188533704,-0.00030054599188533704,0.0010519026230986217,0.00181997295086056,-0.0011521013173932948
2019-11-21 14:00:00,12001.2,51.91312701228708,51.43241157704998,31.89143194129384,-0.0006082808385828864,0.00035829750358296053,-0.0028247258607473347,,-0.003066368363163763
2019-11-21 14:30:00,12005.5,51.992820477979365,50.55546889459929,27.22909135887119,-0.0010078797217941693,-0.0031818833034858995,,,-0.003423439257007166
2019-11-22 10:30:00,11928.8999,27.87108794708466,24.330433654681073,64.8773348609905,0.0002179664530506109,0.0011903947655726999,-0.002456211406384634,-0.002162806312089205,-0.001014343325992706
2019-11-26 12:35:00,12093.2,57.73624104450928,55.84388541116911,31.55266894970763,0.0006532596831276827,0.0007607498428869874,-0.0002398124565872184,-0.005879337148149366,-0.003729368570767111
2019-11-27 09:15:00,12096.6,48.0350764581641,42.33197792911548,38.4642123713602,0.0008432038754691007,-0.0005869417852950587,0.00047119851859189765,-0.0015128300514194448,0.0012813517847989342
2019-11-27 13:05:00,12067.2,45.40632086970308,45.321159604491385,26.904957091597428,0.0005220763723150501,0.000571797931583129,0.0006712327631928083,0.002494356603023107,0.0037208300185627152
2019-11-27 14:00:00,12067.7999,46.89786910599234,46.84658932608614,20.314811073192296,0.0006049238519443279,0.001317564107107927,0.0016987354919599795,,0.003670934252066882
2019-11-28 15:00:00,12144.5,53.95481850508938,53.690611811917535,26.0667028533108,0.000642257812178304,,,,0.0007493103874181006
2019-11-29 12:15:00,12053.0,29.954509045860405,25.822960279772452,55.78313110203621,-0.0005309881357338231,0.00043971625321503893,-0.0009292375342238035,-0.0021654442877291347,-0.0004563179291462438
2019-12-02 11:35:00,12065.1,51.02712662288273,48.99524122075623,23.52234326011229,-0.0001574790097056411,-0.0003646882330026191,-0.0011355148320362218,-0.0015747900970568551,-0.0012929855533729828
2019-12-02 13:35:00,12046.1,42.40520374619531,40.2470974699533,20.470900046439255,0.0009380546400910017,0.0011455906891026935,0.00027393928325358807,,0.0002822490266558564
2019-12-02 15:00:00,12045.5,47.780067250139794,47.36553544210817,23.117169120286047,0.0005728197252086176,,,,0.00033207421858794106
2019-12-03 10:25:00,12024.1,41.63974669508333,41.27745681778575,25.884147095860456,-0.001280761138047759,-0.001921141707071694,-0.003085470014387748,-0.0037508004757113023,-0.0020292579070366745
2019-12-03 10:45:00,12014.1,39.63167273918523,39.530894766041236,28.7813277759711,-0.0007491197842535158,-0.0007657752141233543,-0.002438809398956243,-0.0040036290691770615,-0.0011985916548056252
2019-12-03 11:05:00,12010.7,38.32693055904157,37.448447765253675,36.8278343376673,-0.0011656273156435137,-0.0026143438767100013,-0.0030805864770580005,-0.003380319215366301,-0.0009158500337199671
2019-12-03 12:20:00,11980.1,31.11620578864686,30.543594744025036,56.97496182613831,-0.0001919933890368597,-0.0012103404812982,-0.00010852163170593787,-0.00022538209196920622,0.001636046443685757
2019-12-04 09:40:00,11999.6,48.483651095708005,45.208193623126505,27.42095249564641,0.0008083519450647891,0.00203340111337047,0.0009916997233241354,-0.0008666955565185264,0.0031417630587686762
2019-12-04 13:30:00,11953.8999,34.80850278018947,31.82925363870488,42.5297337529662,0.0007528923677870836,0.0015643513963170541,0.0020746451122617415,,0.006976802608159582
2019-12-05 13:10:00,12052.2999,54.02231864462561,53.65485364165136,18.359026038984986,5.8088498113173515e-05,0.0017921890576253485,0.00022403192937470173,-0.001758992074201493,-0.003742016077777799
2019-12-06 09:15:00,12042.7999,43.4900716878554,42.789285002276806,31.773119983962946,0.0004899275956582461,-0.0003902663864737699,-0.0011043860323545207,-0.003985784070031806,-0.010661972387334906
2019-12-06 12:15:00,11975.3999,33.93924507606821,32.68570502825551,39.44675107649085,0.0010605157327563397,0.00010021377240176932,-0.00020040249344832617,-0.005402733983021268,-0.005093775615793827
2019-12-06 14:40:00,11915.1,25.298953510522686,24.228310262372844,68.11363604466014,0.0005539189767607144,0.0002769510956686094,,,-5.875737509541956e-05
2019-12-10 09:55:00,11933.8999,41.72626471875844,41.405629250219555,13.737706511441859,-0.0006284617822208682,-0.0020445872853349645,-0.002002689833186966,-0.0029160542900146247,-0.00611702801361691
2019-12-10 11:30:00,11898.2,32.77053256445922,32.546727059557576,35.82767180554319,0.0007648131650164203,-0.00021011581583774142,-0.0012018708712242532,-0.0006051335496125576,-0.0031349363769309635
2019-12-10 12:40:00,11886.5,32.77841223603391,32.65096307384498,27.438757905010036,2.523030328527298e-05,0.0008497034450847263,-0.000647802128465047,-0.0018256088840280515,-0.0021537121945063298
2019-12-10 14:40:00,11864.7999,32.776986808209124,31.201208947656554,35.27956541719738,-0.0009945300468151563,-0.0009523885860055481,,,-0.00032870339431512186
2019-12-11 13:05:00,11863.2999,38.730948254328226,38.51053043972284,32.04819630124876,0.0004973405418167154,0.0009946726542755524,0.0006237809093909696,0.004273692853368649,0.004214678919142845
2019-12-11 14:50:00,11855.2999,42.63782145635,42.196861126523444,27.834536406508047,0.004951380437031361,0.005398429439984032,,,0.004892326679985626
2019-12-12 14:05:00,11977.0,65.99118543779234,64.23090881043724,34.66317434845718,-0.0002588377723971025,0.0005844535359438296,0.0005677465141520344,,-0.0005176671954579826
2019-12-13 09:35:00,12042.6,69.1406496886832,68.53098830287455,49.44939121692427,-0.0010545978443193826,0.00026571504492389764,0.0017521133310083314,0.0004400959925596748,0.003977546377028185
2019-12-13 10:20:00,12063.7,74.48990782593155,74.22598061078237,51.31939502243911,0.0,-0.0006051294379004757,-0.0015915515140463299,-5.8025315616383466e-05,0.00222154065502278
2019-12-16 13:00:00,12080.2999,51.01949441314612,49.197237126406804,18.858312052575123,0.0006042979115112868,0.0009271375787616165,0.0014817595712173226,-0.0018956483025722726,-0.0016059203960656632
2019-12-17 09:25:00,12100.5,50.31551642000149,43.47204895534975,41.339976831693605,0.0007850915251434998,0.0018676914177100379,0.003140366100574443,0.003289112020164353,0.005999752076360609
2019-12-17 15:10:00,12166.3999,63.440870212926455,59.21143508762215,31.487152272790507,0.0005507052254627443,,,,0.0005507052254627443
2019-12-18 12:40:00,12205.3999,68.69476660430662,67.85696991347638,35.437542424367905,0.0005079800785552369,0.0006144821195084305,-0.0003604879836833774,2.4587477875259722e-05,0.001777909792205934
2019-12-18 15:05:00,12235.2999,66.48312187239615,64.48661704432969,35.72741534380086,-0.0005802800142233888,,,,-0.0006701838178890807
2019-12-19 11:00:00,12220.5,55.277574422854386,54.493499456525676,19.390161705376006,3.272370197615615e-05,0.0012601693875047282,0.002078466511190147,0.0007528333537907272,0.0032895544372162355
2019-12-20 09:15:00,12282.6,63.62944091468014,63.07717917747749,20.432237364724298,-0.00014655691791642944,0.0003256639473727674,-0.00037451353947859367,-0.00037451353947859367,-0.0012538061973849102
2019-12-20 14:20:00,12274.2999,49.10648945992958,48.92791715858902,32.344398011614736,-0.0006354659787969341,-8.138957073966502e-06,-0.00019553050027720786,,-0.0005784362495493411
2019-12-20 14:50:00,12274.2,50.653743308124206,50.1169049027279,22.57974759156409,3.258868195077369e-05,-0.0001873930683873315,,,-0.0005703019341383175
2019-12-20 15:15:00,12275.0,50.3651740148518,48.712296001564404,18.130617197103955,,,,,-0.0006354378818737016
2019-12-23 09:20:00,12277.7999,48.982248378187556,47.52018266773104,23.949909185083158,-0.0007330303534267557,-0.00016289563409488395,-0.0006108586278555928,-0.0009610760963778553,-0.0009610760963778553
2019-12-23 11:30:00,12271.2,47.64718098749407,46.754273291648964,19.32815068102689,-6.52014472912743e-05,-8.149162266124499e-05,0.00013852760936172714,-0.00271367918377996,-0.0004237564378382075
2019-12-23 14:05:00,12247.7999,36.813999436233445,34.72342535723808,45.56763565655023,-0.0012655334122497752,-0.002204477556822293,0.0007429905839659856,,0.0014859893326637508
2019-12-23 14:45:00,12225.8999,30.94514304583297,28.407173086131575,48.83353375975713,0.002691008454927646,0.003819767901093396,,,0.0032799303387065493
2019-12-24 11:30:00,12259.3999,47.8921048522071,47.29502341482607,30.313977479555913,-0.000717808381468954,-0.0007259653875880678,-0.001566137017848579,-0.001615079054562818,-0.003866412743416592
2019-12-24 12:55:00,12251.2,46.998959511067184,43.74550492311921,31.79086246354337,-0.0003754734230116963,-0.00078359670889383,-0.0007754342431761652,-0.0020732744547473647,-0.003199686561316528
2019-12-24 13:40:00,12247.1,45.58055969897033,43.912562802132584,22.297200470392777,-0.00044092070775936243,-0.00013064317266953118,-0.0017881784259130562,,-0.002865984600436078
2019-12-24 14:00:00,12252.2999,47.94431215722288,43.96546353042073,24.65192814757247,-0.00027749892083528405,-0.0015180741698951339,-0.001567044567689635,,-0.003289170223461424
2019-12-26 09:30:00,12215.2999,33.147750246748046,29.744576333663584,21.08917814821469,-7.367809283176374e-05,-0.0004666197348129897,-0.0008759424727672327,-0.0021202917826028678,-0.007064902270635165
2019-12-26 12:00:00,12188.2,22.410604915125102,19.29761206021165,58.96737914595994,-0.00023794325659254323,0.0002871629937153397,-0.00018050245319245484,-0.0016737582251686867,-0.004857156922269179
2019-12-27 12:10:00,12213.8999,61.18421431747883,59.76117054353741,28.726470321681866,-0.0005649219378325299,2.4570366750742423e-05,0.00013919387041982922,0.00011462350366886476,0.0029883984885121784
2019-12-27 12:40:00,12214.2,61.70600506301758,61.19561593398124,25.798138495017426,-0.0001228078793535925,0.0001146206873965383,0.001138019682009439,-0.0006631625485091774,0.0029637553012067386
2019-12-27 13:15:00,12225.2999,62.86651839396194,62.835162433552185,23.376841898580963,1.6367696632046957e-05,0.00026176044973746926,-0.0010715401754683995,0.0022903323623169047,0.002053119367648515
2019-12-27 15:10:00,12241.8999,56.99821220738817,55.24868496521702,37.52694882765536,0.0006943366690981279,,,,0.0006943366690981279
2019-12-30 13:05:00,12234.2,42.19738178187226,40.93462561644118,39.35850565022537,0.0,-6.539863660892653e-05,-0.0005231318762158876,0.0021333556750746663,0.0019944091154304733
2019-12-31 11:30:00,12206.3999,37.0489400896066,36.355715350894066,24.21734792813659,0.0011879014384905684,0.0013189884103337324,0.0007946732926553679,0.0013271808340475921,-0.0024003719556984215
2020-01-01 09:20:00,12215.3999,42.765594365970394,36.63273418814691,40.790950498133306,-0.000597598118748488,-0.0012688900999466846,-0.0015799646477394624,-0.0031026327676755283,-0.002292188567645681
2020-01-01 12:00:00,12184.7999,42.42357327470025,40.28658227364389,24.45320762229211,0.00044318331399106903,-0.0008863420071428818,-0.00023800144637575738,0.00014773324262806753,0.00021338060709563678
2020-01-01 14:45:00,12183.2,47.15797463659803,46.46784822524971,15.310479491284003,-0.00011492054632611381,-0.00014775264298383384,,,0.00034472880688163343
2020-01-01 15:00:00,12181.7999,46.136314828738165,44.633610096041885,16.500776980837976,-3.2835870173775206e-05,,,,0.00045970218243374106
2020-01-02 11:20:00,12242.2999,65.96093648877776,65.89176041218403,38.60321906889231,-0.00028589399284362216,0.000710658950611176,0.001756205956039425,0.0016418483589020205,0.0033408836847723666
2020-01-02 12:20:00,12263.7999,74.07639629680968,73.058022497275,70.36542360187401,0.00022832238154824047,-0.0007583212442988652,-0.00011415711373430337,0.0005707855686718499,0.0015818995872560748
2020-01-02 15:15:00,12286.5,71.07263347563028,70.97490881393492,33.43753685773011,,,,,-0.00026858747405678063
2020-01-03 11:20:00,12244.3999,46.39329949870547,46.36997868286712,19.81176628202206,-0.000628850745065912,-0.0010943696799710079,-0.0016088906080239385,-0.001510894788727013,-0.0017313955908937473
2020-01-03 12:25:00,12230.0,38.43874779036364,37.7538975869093,46.67389040151542,0.00010628781684385302,-0.0002861815208503593,-0.00014717906786587687,-0.001406385936222443,-0.0005560098119378187
2020-01-03 14:15:00,12214.7,37.5764817576483,37.53077358698156,34.459447542450484,-0.00035204303011948657,-0.0008023201552228576,0.0010724700565711842,,0.00069588282970523
2020-01-03 15:00:00,12220.2999,35.31774297385289,30.436303651317175,36.84080061412743,0.0006137328921036467,,,,0.0002373182347186198
2020-01-06 10:10:00,12087.1,27.64380237302067,27.575020610140687,61.3055667319027,-0.00046330385286796893,0.00042193743743323964,-0.0013402801333652903,-0.0053362675910682,-0.008066451009754227
2020-01-06 11:55:00,12034.6,21.007254798162535,20.815484074250012,71.38929048791648,-0.0009971249563758278,-0.0002409718644574843,-0.0018779186678410387,-0.0019693300982167594,-0.003739218586409132
2020-01-06 12:10:00,12022.6,20.476715514939766,19.880415119285875,77.38872881627418,0.0007569078235989402,9.149435230315639e-05,-0.0002079417097798908,-0.002603438524112933,-0.0027448305690949137
2020-01-07 14:05:00,12035.1,41.18999036048888,40.5341186172932,28.01362466570268,-6.648054440760998e-05,0.0008641390599164467,0.0009970835306727377,,0.0020523219582719854
2020-01-08 09:30:00,11983.0,43.206362610513224,43.0583542322676,35.87660550394671,0.0025786447467246454,0.00025869982475179576,0.0017608278394392052,-0.0024034048234998773,0.003171159142117963
2020-01-08 11:15:00,11972.0,37.630192982387456,37.39017541601526,28.346984652156827,-0.0014868025392582584,-0.0012028065486133777,-0.001319746074172956,0.0009020965586368224,0.004092883394587465
2020-01-08 11:50:00,11960.8999,35.01782540119075,34.58731965503623,42.0211440970585,-0.00010031853874137298,0.0006186825457838996,0.0029847336152357684,0.0028593249910904284,0.00502471390133441
2020-01-10 09:20:00,12252.5,70.23657225912409,69.95481757189037,36.587646137884015,-0.0015425423382983139,0.000750867169965419,0.0017220975311160736,0.0028239134870435834,0.00032646398694136103
2020-01-10 15:00:00,12257.1,40.81573381671806,40.00732489324547,47.88490363394865,-9.791059875496888e-05,,,,-4.895122010917241e-05
2020-01-13 14:40:00,12320.3999,50.99277061862705,49.96097433057,26.687265184462014,-0.00026784033203341995,0.000827903321547252,,,0.000762962247678356
2020-01-14 09:25:00,12327.2999,55.43521932135827,55.30108908379089,26.135163534333795,0.0003001549430949879,8.112076514010802e-05,0.0006084057385511432,3.245641813265365e-05,0.0026688812851871635
2020-01-14 12:05:00,12343.6,58.30566091742033,58.02428267859371,24.377262923157467,-0.00029164911371082347,-0.00012152046404612094,-0.00024304092809224187,-0.001385333290126134,0.001344826468777427
2020-01-14 14:40:00,12356.5,56.123995192427216,51.97224100361019,34.97590240070056,0.0007769190304698359,0.0003884514223282398,,,0.00029943754299366354
2020-01-15 11:00:00,12300.2,38.62277635552429,37.165480636904086,20.926827237216212,0.0008129949106518986,1.6251768263808586e-05,-0.0001951269085056495,-0.0001951269085056495,0.0032438496935009997
2020-01-15 12:30:00,12292.5,38.66964156106303,36.71701018740695,29.722051792462604,4.881025015257556e-05,0.0004311490746389257,0.00029286150091523133,0.001285328452308221,0.0038722798454342566
2020-01-15 14:00:00,12291.6,40.00502259134908,37.72502010334547,27.777622428557706,0.00013017019753336356,0.0013586433011161247,0.00291255003416957,,0.003945784112727502
2020-01-16 12:50:00,12334.7,49.78258625798009,49.32192827559828,28.877216642800462,0.0016214419483246978,0.0016295410508564423,0.0017025140457409549,0.0018484438210899512,0.0015322626411666818
2020-01-17 10:05:00,12372.5,58.238122937764714,56.85901972946811,26.814146549154195,-0.0001374095776924822,0.0005657708628006297,-0.00015356637704588838,-0.002634883814912059,-0.0019963709840371546
2020-01-17 12:40:00,12358.7,49.85219730251849,48.35689522700763,30.630697615667213,-0.0006715997637292137,0.00044503062619849487,4.854070411930422e-05,-0.0001537459441527389,-0.0008819778779322052
2020-01-17 13:00:00,12365.6,50.97265293165496,47.925725193081945,27.891366013473156,-0.00040434754480167534,-0.0003315649867374759,-0.000501399042505013,-0.0006873908261628703,-0.001439485346445002
2020-01-17 14:10:00,12361.5,52.395428751364086,51.547947911960804,11.783911976512192,-0.0008332322129190883,-0.00038022084698463576,-0.00087368037859481,,-0.001108287829146959
2020-01-20 09:15:00,12399.8999,51.807157066775574,46.10564612447424,23.3213268106323,-0.003314542885947014,-0.005354873872812527,-0.00691133805039823,-0.00859684359226165,-0.013637206861645712
2020-01-20 10:55:00,12307.6,35.194955776425815,34.43239979044115,28.505014172463586,-0.0014056436673275385,-0.0016250121875913681,-0.0008287643407325351,-0.0034531508986317405,-0.00624005492541202
2020-01-20 13:25:00,12264.5,29.768328982650722,29.35829671855783,58.51288142672164,-4.0768070447172455e-05,-0.0005952138285294506,-0.0021444005055240023,-0.002747776101757138,-0.002747776101757138
2020-01-21 14:30:00,12185.8999,42.78575610340022,38.79420069057523,22.868403629944602,0.00039390607500400243,-0.000787795737596686,,,-0.001230930839994815
2020-01-22 09:15:00,12209.7999,46.764562409644256,39.86402367573386,26.26029930269166,-0.0010237678014690665,-0.0014250847796448696,-0.003464422050028837,-0.0062490704700246535,-0.008149191699693636
2020-01-22 12:00:00,12132.3999,34.56623672205691,33.621724267610745,33.92333671680598,-0.000609928790758052,8.242392339874449e-05,0.0007583083376603295,-0.0014094490901177537,-0.001821568707111254
2020-01-22 14:15:00,12106.7999,34.74391525857266,34.66179974666461,34.37957028909166,-0.00033039283981228795,0.0013463590820561588,-0.0006690372407988088,,0.0002890937348356548
2020-01-22 14:30:00,12102.7999,32.6147846731711,31.55574199840617,46.11628789782202,0.0016773060917911753,0.0009419390632081637,,,0.0006196913162217488
2020-01-23 12:10:00,12139.2999,49.39874939804363,48.70248900041333,23.013991135770404,0.0005519346301017247,0.0018040661471754316,0.003369230543517565,0.0021747629778881006,0.0033198042994226906
2020-01-24 13:35:00,12253.1,69.8713518939721,69.48602505458231,31.253356871375168,-0.00015506280043409149,0.00046518024010255843,0.0007916282410165287,,-1.6330561245725406e-05
2020-01-24 14:05:00,12258.7999,73.86093300899958,72.65909044461279,48.18166521748659,0.00037524064651717204,0.00032629621436264244,-0.0011012497234741403,,-0.0004812869161849864
2020-01-27 10:20:00,12216.2999,47.744752228765044,46.10448553468487,27.68316294007587,-0.0011050809255264138,-0.0014161325558158522,-0.0022510907742204767,-0.0013097255413646591,-0.008693295095022924
2020-01-27 11:15:00,12194.5,42.165119429050975,41.570700904797974,20.951370628434866,-0.0007052441674525456,-0.0002460125466399177,0.0005002255115011955,-0.0017630899175857806,-0.006921152978801914
2020-01-27 11:45:00,12191.5,40.744389795874035,39.024503154089736,21.781837591021258,0.0003198868063816196,0.000746421687241039,0.0005905754008941333,-0.0017143091498175167,-0.006676783004552322
2020-01-27 13:45:00,12170.6,34.86908016369825,34.24121701315162,39.66203803495679,0.0003697434801899213,4.108260890989257e-05,-0.003426297799615452,,-0.004970995678109547
2020-01-28 09:20:00,12121.0,22.400639888033268,22.180563536034192,55.90204191856975,0.002178029865522735,0.002409042158237895,-0.0006682699447240203,0.00012375216566296032,-0.0049418364821384175
2020-01-28 15:10:00,12067.0,30.792570887191765,29.944491501266228,58.360498806728465,-0.0004889367697025193,,,,-0.0004889367697025193
2020-01-29 14:15:00,12161.7,53.8604262471704,53.683262148928065,29.758551708468936,-9.044788146395089e-05,-0.00265588692370311,-0.0023352080712401024,,-0.0023598674527410823
2020-01-30 10:50:00,12062.2,31.976246025329832,30.36974704391814,52.72083269659605,-0.0015337169007312301,-0.00041451808127868084,4.1451808127979106e-05,-0.0021803733978876805,-0.0030923131767007783
2020-01-31 12:30:00,11968.5,32.0493379453718,31.303514590030357,46.41710977121879,0.0032084137527677026,0.0030663825876258155,0.0036011196056315864,0.005748414588294226,-5.849521661027701e-05
2020-02-03 10:10:00,11710.0,30.02469378762715,27.621405036765488,47.9706017638265,0.0019982835183605108,0.001110162254483349,0.0017420922288642338,-0.002374039282664331,0.0011699402220324284
2020-02-05 09:35:00,12033.5,77.02597723044121,75.85693345243193,55.71973302711194,-0.0019113308679935548,-5.8179249594836335e-05,0.0008891843603275884,-0.0011883491918394107,0.004936211409814373
2020-02-05 13:55:00,12041.8999,57.47706423709678,56.364933557421736,24.937727195295274,0.0013536153045086152,0.003562560755051569,0.0037452644827249415,,0.0042352120864250775
2020-02-06 09:15:00,12128.2999,73.3613952375045,72.00737078193038,63.039816459594476,-0.00017314050751660037,0.0005936611115626711,-0.0008574985847769057,-0.0033063084134322684,0.0003875316440682397
2020-02-06 11:55:00,12150.2,60.0724941214623,58.523581542892884,34.92927603007117,-0.0015637602673207462,-0.0006419729716383715,0.0006501950585175997,-0.0028394594327665335,-0.0014156145577851609
2020-02-07 11:55:00,12092.7999,38.059970138077745,37.987521000532105,33.4407155003962,-0.0007855914327996594,-0.0001240407525473497,0.0004300162115475903,-0.001380978775643138,-0.0006119343792333476
2020-02-07 12:25:00,12091.2999,36.30797273823495,35.756239032494115,41.94138055477821,0.0009924491245147937,0.000554125698263519,8.270409370947363e-05,-0.00019021114512263182,-0.0004879541528863829
2020-02-07 13:45:00,12089.3999,41.84825671521846,41.002649617348894,21.133798918752348,-0.0002398712941905634,-0.0001819693300078029,0.0011993978294986274,,-0.00033086836675821907
2020-02-07 14:00:00,12086.5,39.41622361581217,38.752947493942266,23.820254882288317,5.7915856534140886e-05,0.0014478964133537442,0.0015554461589375457,,-9.101890539031654e-05
2020-02-10 10:55:00,12005.2,25.29759955828183,24.047796397918937,68.26321678017153,0.0007746643121313568,0.0005747509412588059,0.0017658931129842514,0.0016326175324026249,0.0026155332689168365
2020-02-10 13:55:00,12009.7999,39.71150666451683,39.119446832618564,24.96926684339278,8.326533400437874e-05,-0.0004912654706261677,-0.00010823660767234067,,0.0022315192778523674
2020-02-12 09:20:00,12198.7999,52.90010164115226,46.90732700871003,58.26462820672515,0.00018855133446371575,0.0005328393000363363,0.0017214808155021633,0.0005000491892650505,0.0004098763846434039
2020-02-12 14:05:00,12216.3999,56.15914065115952,55.64264820332956,30.89867061388236,-0.0002619347783465731,-0.0006548574101605809,-0.0011132575972729875,,-0.0010314004210029148
2020-02-13 11:00:00,12159.2,36.99496648780404,35.37266252978155,20.321453892816216,8.21600105260778e-06,-3.290512533726808e-05,-0.0010280281597473406,-9.04664780577713e-05,0.000715499374958739
2020-02-14 12:00:00,12162.2999,48.195329720045976,46.11732788471666,24.979104987308336,4.933277463425867e-05,-0.0008386489466518654,-0.0006659842354322931,-0.0011839865912203207,-0.004061731778214006
2020-02-14 12:45:00,12157.8999,48.10833400786748,46.396536658913945,16.863657060784533,-0.000304320649983314,-0.0008554026670346548,-0.0018588736694566954,-0.004745877205322269,-0.0037012971294491104
2020-02-14 14:00:00,12147.8999,43.06984181704824,42.19942092142111,35.217519098081176,-0.0004280492959939375,-0.0016381349997788286,-0.0023790037980144785,,-0.0028811564375831322
2020-02-14 15:10:00,12114.7999,38.995679430187785,38.47125070005602,30.14330641905171,-0.00015683296593282936,,,,-0.00015683296593282936
2020-02-17 13:45:00,12069.1,34.83664815157019,28.176921685289646,35.27980489788924,-0.0008782759277825569,-0.0015659825504801272,-0.0010688452328673215,,-0.0015742681724403296
2020-02-18 10:15:00,11961.7999,28.07775656262848,27.004546138706733,47.83006103543672,-0.00024243843102567109,-0.0015549415769777752,-0.0025915832282062956,-0.0037536157079504084,0.004062933706155736
2020-02-19 12:50:00,12115.2999,73.02807733789777,71.69123672047226,64.34025099768954,0.0002723911110116273,-0.0007593621351461577,-0.00172509142757582,0.0005530279939665039,0.0012793740252357022
2020-02-19 15:05:00,12120.7999,66.39699155959005,65.7335218459244,28.169403181832948,0.0007425252519843717,,,,0.000825028057760413
2020-02-20 11:55:00,12150.1,63.609617263837514,63.478574347468516,33.13901965694898,-0.0008477378787006273,-0.00032921539740415895,-0.0009547246524720387,-0.002230434317413099,-0.005506127521584192
2020-02-24 10:05:00,11953.1,23.181618411686088,22.38199163548658,66.56953017042414,-0.0002342572219758976,-0.0005187022613380998,0.0006274522927107729,0.0012632706159909635,-0.009528908818632775
2020-02-24 15:25:00,11839.2,17.27804069036938,15.517937032648039,69.50151136124974,,,,,0.0
2020-02-25 13:25:00,11835.1,40.54558103284727,39.44832304316381,27.97567911290868,-0.0007604498483324562,-0.0015040092605892452,-0.0028136728882730555,-0.001749043100607528,-0.001749043100607528
2020-02-25 14:30:00,11822.5,37.5139981232324,36.20744960382445,35.84797270411773,-0.0011503573694227054,-0.0029097060689363685,,,-0.00068514273630782
2020-02-26 10:10:00,11713.7999,29.391318526546325,28.935591126191387,57.41986937627107,-9.389779656376884e-05,-0.00021342348523467614,-0.0014427427601866327,8.536939409387045e-05,-0.003261102317446918
2020-02-26 15:20:00,11683.0,40.48388091952686,40.177081845446736,40.300598204352646,,,,,-0.0006333989557476549
2020-02-27 10:45:00,11546.0,20.941243063916883,20.788481053849058,63.86811119456854,0.0015070067555864597,0.0019313961545124325,0.0017062186038454552,0.0032305473757145986,0.0062532478780530365
2020-02-28 10:40:00,11306.2,26.50223270051698,25.70830662003514,54.13893402971282,-0.001167501017141137,-0.001981222691974427,-0.0008756346075605714,-0.003511347756098515,-0.0077745042543030385
2020-02-28 15:00:00,11202.6,29.84310612355267,29.58460334011368,38.6873982869554,0.0017228054201703369,,,,0.0014014514487707963
2020-02-28 15:15:00,11221.8999,31.12419879380147,26.982803354887775,43.709918338596125,,,,,-0.00032080129319278505
2020-03-02 11:25:00,11365.7,58.426481302378974,58.10997283975803,14.748600724587408,3.519360884052247e-05,0.0024019638033732083,0.0007566537916714466,0.003132222388414263,-0.018925363154051245
2020-03-02 11:45:00,11379.7999,60.34541331765837,60.22953220445623,15.587951882836869,0.0014147876185415242,0.0005887713368317726,-0.0013181251104423808,0.0013357088994156996,-0.02014094290005919
2020-03-02 13:40:00,11401.2,62.710963538542,62.120074037889744,32.39639340309103,-0.0007280023155458171,-0.0004911763673999259,-0.00886748763288081,,-0.021980142441146544
2020-03-03 09:20:00,11294.1,37.986746277260735,35.77726098222943,49.248266035118434,-0.00237292922853527,-0.0007526053426125667,-0.005516163306505173,-0.00803075056888114,0.003169787765293419
2020-03-03 11:15:00,11210.1,42.6213510318745,41.73601678386444,27.11592220182739,-0.0014718869590815142,-0.0024620654588273228,-0.00021409264859362231,-0.002042800688664692,0.010686782455107346
2020-03-03 11:45:00,11182.5,39.96181608496473,39.64140762639833,30.300040637886415,0.00016095685222450307,0.0022535211267606936,0.005955734406438706,0.008593784931813175,0.013181301140174462
2020-03-04 12:10:00,11259.2,45.10378488883285,43.87718499001904,13.453299595596885,0.0002486855193974957,0.0007904646866561116,-0.00779807623987494,-0.011972440315475397,-0.00014210601108433085
2020-03-04 14:10:00,11124.3999,31.18969239430755,30.350036501857417,55.429190535043645,0.0027597084135746464,0.0047193556930653635,0.012063581065617779,,0.01197368857622605
2020-03-05 10:40:00,11315.0,62.97536627083809,61.600854955760056,28.723361743765572,0.0024834290764472744,0.002783915156871375,0.0056827132125496505,0.003508616880247617,-0.005055245249668605
2020-03-05 11:40:00,11379.2999,72.07904780670698,72.06353590025572,49.1523579966362,-0.0016257590680073264,-0.000949082992355299,-0.0021618113782201354,-0.005176065357061166,-0.01067728252772382
2020-03-06 10:00:00,10961.1,25.248194646151116,20.030892513743865,62.57212205294119,-0.002216939905666404,-0.003384696791380426,-0.005136354927881337,-0.004050688343323228,0.0016056782622182464
2020-03-09 11:05:00,10537.1,19.381536417336036,19.283622592055547,72.27810429655592,0.0002941985935409619,-0.0009395374438887494,0.0009395374438887494,-0.016351757124825617,-0.007810507634928077
2020-03-09 13:30:00,10333.0,16.01256618053379,14.58458004744752,70.87254225687356,0.0034355946966031503,0.0063389141585212805,0.010906803445272395,,0.011787467337656121
2020-03-11 10:55:00,10424.2999,42.10114786787249,40.73417646399956,26.702925282724514,-0.0013909807026944998,-0.002321489234974883,0.006408113795728365,0.005256957352119285,0.002580518620727723
2020-03-12 11:15:00,9730.75,18.261974767271457,15.7175441270086,81.09291226150066,0.002168383731983692,-0.002003956529558315,0.005266808827685487,0.003355342599491218,-0.010266423451429696
2020-03-12 14:50:00,9584.1,28.365001197426324,27.584541122877035,55.56877520779816,0.0013981490176437905,0.005425652904289313,,,0.0048778706399139615
2020-03-13 10:20:00,9110.85,23.331264208942333,15.600573801233553,74.87561881405274,0.028301420833402036,0.057069318449979756,0.050708770312319906,0.06664032444832246,0.10039129170165229
2020-03-16 10:45:00,9533.65,43.670799596147944,42.12144926702776,20.557838513064038,0.0006765509537272063,-0.0016782659317260418,-0.009424512122849116,-0.007688555799719832,-0.035044290486854535
2020-03-16 12:40:00,9450.9,38.70633743274696,36.334859415521386,24.974148716433277,-0.0008940947422995116,-0.001698250960225911,-0.003782708525113976,-0.017797246823053725,-0.026595350707340093
2020-03-16 14:40:00,9282.7,33.85786032831298,33.16962722326281,50.038878870690716,-0.009512318614196436,-0.011672250530556871,,,-0.008957523134432988
2020-03-17 11:55:00,9298.45,45.82759096647851,44.16605528225672,30.880017373581964,-0.002414380891438972,-0.0012797831896715905,-0.00290908699837078,-0.005490162338884552,-0.03586619275255554
2020-03-18 09:20:00,8996.6,30.56852908617199,28.22147474551703,49.71094338671989,-0.005235311117533281,-0.009731454104884185,-0.008858902251961953,-0.02098570571104652,-0.050952582086565945
2020-03-18 12:15:00,8717.0,27.08559308475043,22.700517741106335,35.54970539592907,-0.010129631754043689,-0.008540782379259038,-0.015716416198233385,-0.015452563955489329,-0.02051164391419058
2020-03-19 10:00:00,7954.65,25.138230323945926,23.29609124005931,59.01558806543349,0.0032748141024432353,0.0044753697522832425,0.01931574613590792,0.021886569490801033,0.03961205081304642
2020-03-20 10:05:00,8362.85,51.55564422007365,49.41867379220979,20.293563498892606,-0.005739670088546367,-0.0012974045929319278,0.0006337552389434897,0.02298259564622085,0.04600704305350445
2020-03-20 13:25:00,8810.7,73.07345350733478,71.95498152287357,59.33652856973872,0.006985824054842382,-0.017461722678107305,-0.015503875968992276,-0.007161746512762912,-0.007161746512762912
2020-03-20 13:40:00,8872.25,74.78783436163692,73.91143932956393,65.38965563741546,-0.02427794527881877,-0.035222181521034734,-0.024892220124545728,,-0.014049423765110314
2020-03-23 11:10:00,7833.8,28.95997877609598,28.828722650786638,50.373614002275396,-0.01075467844468836,-0.0006765554392504924,-0.013122622482064972,-0.008788838111772113,-0.02556868952487934
2020-03-24 09:15:00,7985.1,43.499424770912384,33.749486913119455,32.92461663931668,-0.03657436976368489,-0.03971772426143694,-0.054063192696397144,-0.028190003882230696,-0.016555835243140415
2020-03-24 10:30:00,7617.7,41.20695010058346,38.34550036207911,22.401675546504695,0.010048964910668534,0.008335849403363182,0.019487509353216748,0.0232353597542565,0.030875461097181534
2020-03-25 10:30:00,7845.35,49.3883495091793,47.740031110844974,16.810093664938073,-0.008546463828892348,-0.0055956713212285125,0.00669823526037705,0.015525119975526858,0.05741617646121577
2020-03-26 10:10:00,8675.8,81.67768050486637,79.94702886239959,54.88594411397001,-0.0024205260609972967,0.002570368150487612,-0.008736946448742344,0.0055787362548700425,-0.002587657622351691
2020-03-26 14:45:00,8655.4,53.50578759063535,51.54340674060285,28.369657009693782,-0.0011553481063844018,-0.00491022945213393,,,-0.0002368463618087624
2020-03-27 12:10:00,8687.6,49.1827214631414,48.84444135704886,23.07488398803693,-0.00017841521248684877,-0.00600856393019944,-0.010750955384686178,0.008235876421566202,-0.001467609005939452
2020-03-27 13:40:00,8672.35,45.311155090569166,42.30235818864794,36.81579763220143,0.004208778474116048,0.0100088211384457,-0.0003632233477661728,,0.00028827249822716006
2020-03-30 10:25:00,8517.7,42.264479483815485,41.548802261598965,23.495093675140488,0.004238233325897678,0.0042969346185002255,-0.0037451424680373657,-0.00874062246850682,-0.026521243997792987
2020-03-30 13:15:00,8398.55,34.123011983807686,34.11353484513269,35.8907095842649,0.0012264021765662214,0.0002500431622125543,-0.0009406385626089531,-0.014913288603389918,-0.01271052741247003
2020-03-30 15:05:00,8296.85,31.915112119627256,31.36213308785161,47.338939493198865,-0.0017898359015771081,,,,-0.0006086647342065099
2020-03-31 11:25:00,8502.75,57.95168558898523,56.43988645812266,21.067245801120226,0.00296962747346452,0.005268883596483365,0.006368527829231585,0.007803357737202754,0.0062803210725941305
2020-04-01 11:25:00,8309.65,24.36399358368399,23.998644470359814,65.77117120540291,-0.0008062914803871335,-0.0016547026649738061,0.00036704313659430277,-0.005866673084907292,-0.005650057463310598
2020-04-03 14:55:00,8102.65,39.38961537552012,39.34519594099978,29.917873971368717,-0.0033692680789617624,0.0005862279624566646,,,0.0005862279624566646
2020-04-03 15:10:00,8075.35,40.065320060806314,39.77398524796871,28.55219776552679,0.003968868222429922,,,,0.003968868222429922
2020-04-07 11:25:00,8532.1,75.00686627936871,73.45430991746692,54.713897859561015,-0.0010782808452785009,-0.001359571500568535,0.004096295167660857,0.009956517152869715,0.029330411035970005
2020-04-08 14:35:00,8750.15,39.79878354792436,39.111162172399744,27.44261979506114,0.0011942652411673915,-0.00019999657148739303,,,0.0006114180899756683
2020-04-09 11:50:00,9041.7,61.035438605622055,60.57903812367401,35.90148332089047,-0.003345609785770365,-0.001338243914308146,0.0035778669940385033,-1.658980059071613e-05,0.00646449229680246
2020-04-09 15:05:00,9123.25,63.04221782089434,59.57993209228437,31.325215650280846,-0.002148357219192709,,,,-0.0025319924369057167
2020-04-13 10:40:00,9007.05,46.94625611120855,43.6582143631511,33.76193338985341,-0.003219700123791913,-5.551207109877332e-06,0.0059231379863551314,0.003591631000161133,-8.326810664982531e-05
2020-04-13 14:30:00,8997.0,42.86281220273716,42.48185989221729,18.782819745378795,0.0015282872068467235,-0.0008391686117593666,,,0.0010336778926307577
2020-04-15 14:45:00,8955.75,29.206334646455943,28.331631722974453,59.45509288307228,-0.002473271361974061,-0.002607263489936673,,,-0.0015464924769003074
2020-04-17 09:15:00,9269.8,56.708748561724434,53.714239013213124,27.149089425819596,0.0012891324516171032,0.0027077175343588333,-0.002524326306932112,-0.005793005242831439,0.0021899070098601037
2020-04-17 12:55:00,9166.0,52.95587634712811,52.280924264743675,22.279994252104604,-0.003818459524329021,-0.004876718306786043,-0.001412830024001832,0.007631464106480523,0.013539166484835219
2020-04-17 13:55:00,9153.05,51.95222365118007,49.52351610199424,13.92778510687461,0.0013547396769384434,0.0026821660539384506,0.009057090259531053,,0.014973151026160814
2020-04-20 13:20:00,9293.3,53.12894513031926,52.04997838510164,23.02250902964997,-0.0019153583764647264,-0.0015764045064723398,0.000882356106011839,-0.0028568969042211956,-0.0031205276919931135
2020-04-21 10:45:00,9031.55,32.81248261482994,29.101192944590686,52.78755132493845,0.0002491266726087904,-0.0025244836157690687,-0.001882290415266441,-0.011011398929308802,-0.0056136543561181584
2020-04-21 13:10:00,8944.65,24.470070151733076,22.803923321999736,63.09729674770652,-0.0032253917146003452,-0.0003298060852016116,-0.00012856847389219883,0.004634054993767345,0.0040471119607810024
2020-04-22 14:40:00,9192.45,71.81944144270898,70.1476661704188,35.82228939014218,0.0007179805166195319,-0.0005221676484506999,,,0.00037530799732388154
2020-04-23 09:50:00,9256.85,78.41298731342378,77.4009468091662,43.731161302291355,0.0008156122223001994,0.0028303364535451347,0.0026304844520543824,0.0056876799343188456,0.0050719197135093985
2020-04-24 11:10:00,9187.75,40.08142202497604,37.38901378881529,26.412860589083202,0.0011645941607032473,-0.0003428478136648927,0.003232565100269369,0.00869636200375501,-0.0014911158880031028
2020-04-27 09:15:00,9312.4,47.45531451494293,38.55943828587871,34.632530544444045,0.0024376100682961255,0.0004402731841415264,0.004961127099351481,0.004284609767621683,-0.00244297925346848
2020-04-28 09:15:00,9384.3,45.845589644567475,41.42058688904148,49.402202833261725,-0.005834212461238497,-0.010368381232483959,-0.00945195699199719,-0.008823247338640039,0.0020086740619971177
2020-04-28 10:25:00,9292.65,44.174137154858954,43.80899155232519,17.43629494859988,0.0003066940000968632,0.0023567012639020835,0.0022060445621001623,0.00022060445621008284,0.01189111824936906
2020-04-28 12:45:00,9328.65,52.22135781546077,49.70019861367826,27.357797961183838,-0.0012809999303220465,0.0017473053442889075,0.0010130083131001388,0.004577296822155574,0.007986150193221908
2020-04-28 14:55:00,9377.25,62.08590111631268,60.37152539045068,29.72884255315096,0.0007091631341811233,0.0027620037857580826,,,0.0027620037857580826
2020-04-28 15:10:00,9383.9,62.11972948952078,61.9001428879824,31.863064857009853,0.002051385884333845,,,,0.002051385884333845
2020-04-29 14:50:00,9595.75,82.35232174446189,81.10491522284502,55.33021691972742,-0.003142015996665193,-0.007248000416851141,,,-0.006289242633457537
2020-04-30 09:40:00,9811.5,79.2818519130454,77.20277527740669,57.55870707039825,0.00016817000458635434,0.0026958161341283926,0.0025276461295418162,0.0024766855220914596,0.004194057993171185
2020-04-30 10:05:00,9833.25,81.75803564712315,81.51668180742512,63.61921570536584,0.0016881498995755528,8.644141052038812e-05,0.0013779777794726833,0.0028423969694659768,0.0019728980754074588
2020-04-30 10:20:00,9849.85,83.75966345566336,83.21969890104103,65.85969020523942,-0.0015990091219663105,-0.0012487499809642477,-0.0009898627897886314,0.0031827895856282318,0.00028426828834948736
2020-04-30 15:10:00,9871.3,56.17305159454537,52.363566671527366,24.143978287092395,-0.0018893154903608655,,,,-0.0018893154903608655
2020-05-04 10:45:00,9394.1,28.33807687278902,27.41581980519257,55.56732197021823,-0.001979966148965895,-0.0017351316251691395,-0.0034170383538604243,-0.003134946402529315,-0.009511289000542877
2020-05-05 12:50:00,9347.6,44.2974842777025,43.01446111106508,28.715165604936658,0.0027386708887844335,0.0018614403697205795,0.001593992040737735,-0.012334716932688727,-0.013506140613633422
2020-05-06 09:55:00,9230.7,34.50098623442932,26.844068093389566,57.168840264054246,0.005405873877387446,0.009842157149511754,0.010611329584971685,0.008282145449424183,0.006164212898263299
2020-05-06 13:40:00,9313.65,49.7357938543131,49.60775055319676,25.71597819555967,-0.002603705314243032,-0.003333816495144193,-0.0079238536986036,,-0.0027969700385991336
2020-05-06 15:10:00,9270.45,47.531577037105734,44.932895170810795,29.472606339429177,0.0018499641333484806,,,,0.0018499641333484806
2020-05-07 09:30:00,9233.6,46.73257518089797,44.85477490044522,33.51218293585204,0.0007364408248136112,0.0014728816496274444,-0.0007635158551378973,0.0002111852365274114,-0.0019873072257841073
2020-05-07 11:15:00,9223.3,42.85974196831508,41.41435297797194,19.923072451250015,0.0013281580345430033,-0.00020057896848180157,-0.001707631758698036,0.0020925265360556278,-0.0008727895655566975
2020-05-07 12:35:00,9212.95,42.777270853441884,40.986702265514026,26.09939869810045,0.0006295486244904946,0.002626737364253451,-0.0008086443538715127,-0.0008629157870172488,0.00024964859247034177
2020-05-07 14:25:00,9203.35,44.131292016030784,43.64824667093186,13.053018030378452,-0.00033683387027549916,0.0016081100903475587,0.0012930074375090417,,0.0012930074375090417
2020-05-07 14:50:00,9202.75,45.02789499405383,43.87611526441563,14.066854299277194,-0.0009997011762788999,0.0003205563554373736,,,0.0013582896416832746
2020-05-11 09:15:00,9377.4,45.23480388847098,34.44706132972043,49.46220660469402,0.003412459743638907,0.004142939407511648,-0.0006611640753299008,-0.0026979759848144713,-0.014007080853968068
2020-05-11 12:50:00,9344.15,49.21998067965505,48.61711917038125,21.58364555707775,-0.0004708828518377173,0.0002247395429226806,-0.0023704670836833808,-0.00806921977922015,-0.010498547219383259
2020-05-12 10:10:00,9095.25,23.222176566639035,19.118043123309224,68.59615313939082,0.001264396250790334,-0.00010445012506532514,0.0007751298754843372,-0.001401830625876177,0.012545009757840564
2020-05-14 11:00:00,9214.05,32.98669293744276,32.03342722821934,52.55861693225738,8.139743109714104e-05,-0.0016116691357219715,-8.682392650349868e-05,0.001161270016984961,-0.006875369679999355
2020-05-14 14:15:00,9147.7,28.033803265047474,27.25501619429189,52.67018762073358,-0.0009565245908808029,0.0016834832799501598,-0.0008581392043902625,,0.00032795128830187537
2020-05-14 14:30:00,9138.95,25.31203951436962,24.420844050560607,61.83831531062468,0.002642535521039102,0.001252879160078546,,,0.0012857056882902285
2020-05-18 11:30:00,8857.65,22.457555402155336,18.61345815201033,68.78420897836097,0.001868441403758414,0.0023369629642173706,0.004408618538777276,0.0003894938273696358,-0.002805484524676438
2020-05-19 09:15:00,8946.7,41.45349374932202,35.41406777436085,39.57589338282021,-0.0059854471481105564,0.001922496562978493,0.005940737925715478,0.0012518582270557577,-0.006348709580068723
2020-05-19 14:45:00,8897.05,40.44876812599895,38.80003753198159,32.004738507951984,-0.0024333908430321793,-0.0008598355634732435,,,-0.0008036371606318093
2020-05-19 15:00:00,8875.4,37.708566634243745,37.30212227774498,33.13317698664708,0.0015773936949321499,,,,0.001633729184036703
2020-05-20 11:25:00,8964.75,53.466253587829385,51.454504889021095,18.22671157697461,-0.0012381828829582942,-0.0029839091999218637,-0.002582336373016525,-0.003547226637664158,0.013469421902451373
2020-05-20 12:35:00,8965.4,53.869045617639756,52.09461052711945,18.16552205029547,-0.001238093113525407,-0.0006859705088451129,-0.002041180538514653,0.01012782474847751,0.01339594440850389
2020-05-20 14:00:00,8969.35,55.00128853598379,52.96283316812684,20.774256887937266,0.00356213103513614,0.01147240323992249,0.008339511781790154,,0.012949656329611425
2020-05-21 13:20:00,9170.05,69.54129552489552,67.49716423714966,34.48348411642283,-0.0022628011842901197,-0.001025076199148267,-0.008156989329392905,-0.007508137905463785,-0.007328204317315512
2020-05-22 09:45:00,9113.9,48.71691446170075,44.864889269336686,31.63700208354363,0.0027650072965470507,-0.004152997070408948,-0.01305697890036095,-0.01024259647351855,-0.0068905737390139166
2020-05-22 10:30:00,9024.15,37.64128111680045,37.306533520814746,34.18272974124401,-0.0032413025049450317,-0.0048370206612257105,9.973238476757018e-05,-0.0016732877888776532,0.002986430854983624
2020-05-22 11:10:00,9010.0,31.305302102890614,28.534231628343097,45.8910316211683,0.00037735849056597104,0.0034961154273029926,-0.0002552719200886733,-0.001465038845727018,0.004561598224195329
2020-05-26 12:55:00,9102.95,54.83430174687739,54.718868762392646,24.421654734476803,-0.003949269192954019,-0.005465261261459187,-0.006041997374477526,-0.006887877006904408,-0.006267199094799003
2020-05-26 14:35:00,9031.85,36.53329035719923,36.069684359321585,39.87135403800915,0.001788116498834702,-0.0004318052226287561,,,0.0015556059943422351
2020-05-28 15:15:00,9499.1,64.4897835668126,62.98106451828201,28.115348966087108,,,,,-0.0013317051089050125
2020-05-29 10:20:00,9470.0,55.048604380180265,53.45571505079333,23.062853816016894,0.003289334741288341,0.0026768743400211736,0.003384371700105415,0.0008130939809927185,0.009978880675818314
2020-05-29 13:00:00,9493.5,53.483591948735736,53.167531468261416,21.279399791038745,-0.0019171011744878452,-0.0002106704587349073,0.003381260862695523,0.00911149734028549,0.007478801285089709
2020-05-29 13:30:00,9491.5,52.82634126229035,52.45663902173564,18.089623286804024,0.0016593794447663512,0.0035926881947005995,0.003508402254648768,,0.007691092029710855
2020-06-02 09:25:00,9910.1,52.525294603970785,50.19846101316662,36.8096051907905,0.0019525534555655533,0.0009787994066658978,-0.0048939970333296,-0.0010393436998619165,0.008385384607622504
2020-06-02 11:05:00,9901.95,54.93477256915865,54.88784539642828,21.058169506362226,-0.0020753487949344285,-0.0012320805497907372,0.001893566418735615,0.00575139240250655,0.009215356571180333
2020-06-02 12:05:00,9920.7,59.32055343666761,57.45529686593355,24.512695692107897,-0.00027215821464221523,0.0005090366607194419,0.0038505347404920176,0.005307085185521254,0.007307952059834477
2020-06-03 09:20:00,10138.2,73.79795633313447,69.80797322647032,36.776789336634145,-0.002239056242725579,-0.00539543508709639,-0.003955337239352152,-0.003856700400465596,-0.006845406482413163
2020-06-03 14:15:00,10154.1,67.73295402031545,66.16533607146164,28.31615799939397,0.0011325474438896865,-0.0028165962517604504,-0.011325474438896643,,-0.008400557410307208
2020-06-04 10:15:00,10073.5,46.61824750148875,43.95996597619722,20.75343837862825,0.0002581029433663673,-0.0006849655035489066,-0.0025115401796792503,-0.010403534024916783,-0.004070084876160229
2020-06-04 12:40:00,9976.7,31.541530174152946,30.095322575536812,47.306239215363156,-0.0008269267393026247,-0.0024256517686209733,0.004680896488818975,0.003508174045526058,0.005593031764010048
2020-06-05 12:05:00,10106.2999,58.876884553968466,57.72887828254286,21.23483530504479,0.00037601298572198516,9.894818181677145e-05,0.00048485598572045596,0.006045733909004758,0.0060358390908228365
2020-06-05 12:40:00,10113.1,60.211968950544936,59.59481703254366,16.3743776447218,0.00014832247283225186,0.00046473386004297623,0.002432488554449108,0.00334218983298884,0.005359375463507732
2020-06-05 13:10:00,10117.7999,62.43403930665008,61.565373205389136,13.576159394969046,0.00225346421409256,0.0019668406369650615,0.004734240691990799,0.0020557927815907373,0.004892367954420607
2020-06-05 14:05:00,10167.3999,69.39228164214911,68.14605709773038,27.013315816187614,-0.0020457442615195998,-0.0023309695923340312,-0.003157149351428634,,-9.835356234999537e-06
2020-06-08 09:20:00,10308.8999,69.98969781940912,64.8158604331742,36.865681421322606,0.00019400712194328484,-0.002813103268177075,-0.0008536216361941795,-0.0009021234166799452,-0.013008177526294573
2020-06-08 14:30:00,10183.8999,40.474148756686155,40.43612740070152,40.34495930258784,0.00040260607824715855,-0.0008542798029662624,,,-0.0008935673061751803
2020-06-09 11:40:00,10263.0,61.155014271740654,60.6456631148134,28.021692450245947,0.0020461853259281515,0.00035077462730193076,-0.002348250998733259,-0.009948367923609092,-0.02297573808827824
2020-06-09 15:00:00,10060.1,24.14227206697212,22.977704496539737,56.37680022399004,-0.0015307998926451516,,,,-0.003270345225196536
2020-06-10 12:15:00,10103.5,45.885752987131525,44.74358582175598,26.006786471406098,-0.0010491512842084605,0.0006037511753353986,0.00037609739199284675,0.0006532389765923075,0.003602702033948635
2020-06-10 14:15:00,10110.1,50.00412476140924,49.5481209351533,10.654449906612186,-0.0044015390550044,-0.004015786194004001,0.0020276752950019183,,0.0029475376109040496
2020-06-10 15:10:00,10129.2,49.61385175758859,43.262218175864895,24.79482063742909,0.0010563420605773644,,,,0.0010563420605773644
2020-06-11 09:30:00,10104.6,50.5484764811975,48.722643060796784,28.52004535327704,-0.002691853215367246,-0.001771470419412946,-0.001969400075213179,-0.007521326920412519,-0.019273400233556948
2020-06-11 10:05:00,10093.6,49.00330045696037,48.186702283236684,13.894423229438079,-0.0005151878418007128,-0.0026650550844098397,-0.006509084964730127,-0.006439724181659612,-0.01820460489815323
2020-06-11 11:50:00,10036.2,39.437314083720196,39.1815475299407,33.27896849285996,-0.0007572587234212502,-0.003686654311392812,-0.005026802973236988,-0.005021821007951344,-0.012589426276877758
2020-06-11 12:05:00,10028.6,38.39224360693684,37.86348490266634,31.480736451382118,-0.00293161557944277,-0.0035897333625830585,0.00019942963125463287,-0.006895279500628182,-0.011841134355742522
2020-06-11 12:45:00,10000.0,32.84792694324346,31.948144556063987,39.62864328502724,0.002689990000000142,5.999999999994898e-05,0.00045000000000006146,-0.008139999999999925,-0.009014999999999995
2020-06-12 09:30:00,9689.45,23.60124245215122,22.109122889385127,58.914298497913435,0.00020124981294067368,-0.000397339374267891,0.0016512805164379252,0.009897362595400194,0.02782923695359374
2020-06-15 12:30:00,9750.8,33.78380311449341,32.885265807354344,43.847733748764284,0.0014152684907906554,-0.0005589284981744047,0.005276490134142886,0.008824916929893067,0.006901997784797276
2020-06-16 09:15:00,10028.7999,57.26702416365988,53.6816261038829,23.204196774541735,-0.001854648630490563,-0.003365297975483683,-0.0043275267661886385,-0.002931547173456006,-0.012828045357650475
2020-06-16 14:00:00,9860.65,42.51307699302657,39.84932365175024,44.99002593641411,0.00018761440675829633,0.0075248589088954265,0.005679138799166372,,0.004005821117269104
2020-06-17 09:30:00,9925.7,48.97062364002476,48.09483311633511,23.2117102630286,-0.002488489476812794,0.0022819549250934212,-0.0021660940790070304,-0.0010729721833222516,-0.004926604672718438
2020-06-17 11:20:00,9903.05,48.33683437977764,47.44832834105515,17.07691117675722,-0.0028122649082856777,0.0027617754126254557,0.004498614063344286,0.009890892199877932,-0.002650698522172479
2020-06-18 09:45:00,9879.95,40.70561613205358,38.660750196579244,53.24284155690897,0.002373493792984682,0.003770261995253099,0.0018927221291604734,0.004590104200931977,0.02154362117217179
2020-06-18 13:35:00,10009.6,66.99426000318469,65.28404321673905,45.62026883207166,0.0015884750639385548,0.0036365089514065474,0.006353900255754441,,0.008312010469948783
2020-06-19 11:25:00,10165.2999,67.36549040346324,65.76242504732177,20.103561552706523,0.0016821933605717376,0.0031873235732082783,0.0038365813486722633,0.003098777243158324,0.008961860534975497
2020-06-22 09:20:00,10338.0,71.52341207047523,71.3217637071536,39.31730282501828,0.0027568195008704777,0.00031920100599736045,-0.0005707100019345379,-0.003018001547688165,-0.0011801218804411429
2020-06-22 12:50:00,10346.7999,65.41265850138117,63.84823735606823,25.599935370158406,0.0004349170800141966,0.0011307940728610966,0.0005509046328420197,-0.00028027989600920566,-0.002029613040066658
2020-06-23 10:20:00,10370.7999,55.856001373391884,54.396451160053516,22.975969031604098,0.0012246017783064111,-0.00039533112580825147,-0.001108882642697595,0.0011860319472560832,0.010722422674455334
2020-06-23 11:50:00,10393.5,58.22431499948609,57.30882654807348,17.31489991309127,-0.0006157694713041506,-0.001000625390869203,0.0013373646990908483,-8.659258190213404e-05,0.008514937220378105
2020-06-23 12:45:00,10407.5,61.484311351156926,60.677910557718064,24.122791389905732,0.0015181263511889753,0.0010184962767234573,-0.0002306029305788604,0.005082863319721298,0.007158299303386961
2020-06-23 14:55:00,10461.8999,67.81309446632238,66.75824979670045,33.11640776454413,0.0006786625821184611,0.0019212667098831293,,,0.0019212667098831293
2020-06-24 12:20:00,10523.6,55.70351708500877,53.44371253720566,34.98246000223017,1.8995400813404117e-05,0.0002945760006081155,-0.005625460868904142,-0.010804297008628283,-0.019413518187692436
2020-06-25 09:30:00,10255.0,26.636559188710766,24.569624625370196,49.795890093112504,0.0038420185275476193,0.0011896635787420617,0.006962447586543075,0.00838615309605073,0.0028668844466115395
2020-06-25 13:10:00,10244.6,35.11973151733455,32.47923754650009,36.99856588539915,-0.0005173554848408868,0.006647404486265884,0.00967338890732683,0.0039044960271752416,0.003884963785799389
2020-06-26 09:20:00,10361.3999,52.40360460113649,49.63895858718168,31.0589190592881,0.0008589572920547628,0.002789198397795678,-0.0016310440831456274,-0.0005887235372510347,0.0037060629230225572
2020-06-26 12:20:00,10379.7,57.279366415797085,56.87742722638929,20.463897800516037,-0.0019172134069386226,-0.0037284314575566357,-0.0029191691474705905,-0.0004142797961406153,0.0019364625181843564
2020-06-26 14:10:00,10346.0,47.96666964411922,47.111820855183545,19.460929898654012,0.00259036342547847,0.0010148849797022574,0.0032476319350474014,,0.005200067658998719
2020-06-29 10:40:00,10276.2,40.07960296053701,38.65609393222303,41.37268731495887,-0.0008077012903603409,-0.001975448122847001,-0.0035518966154803877,0.0029485607520289836,0.0037951772055817568
2020-06-29 14:05:00,10285.5,49.67369021962119,46.94304558912988,22.71738397832575,-0.0005639006368187705,0.0004277769675757881,0.0018861406834864702,,0.002887560157503355
2020-06-30 13:10:00,10368.2999,55.08657578799081,54.27587530788787,15.428140637313863,0.0004147353029400058,0.000790881830106116,-0.0006847699303141885,-0.006433060448029604,-0.0058640182659068785
2020-06-30 15:20:00,10308.7,41.019440570014325,40.297831490403915,37.29151136054084,,,,,-0.00011640653040645432
2020-07-01 11:00:00,10343.7,49.4203596551486,49.354704700370824,17.85254795282911,-0.0008894302812340049,0.001131113624718294,0.0021752371008438853,0.007463470518286552,0.007212109786633336
2020-07-02 09:35:00,10529.8999,70.65668158491991,67.91854451471616,37.17667434099946,0.00012346746050262425,-0.0003133837957947083,-0.0014719987983931038,0.0003418930886511795,0.0029535038599939334
2020-07-02 13:55:00,10590.0,71.9295559964812,71.70898371795508,28.12200500198983,0.00025495750708226517,-0.00036827195467414864,-0.003172813975448552,,-0.0027384324834749396
2020-07-03 11:50:00,10621.6,62.64809222785932,60.54342687827409,25.891854203518417,-0.0003295172102131261,-0.0003295172102131261,-0.0024196072154853976,-0.003116291330872989,-0.0017605727950591454
2020-07-03 14:10:00,10602.7,50.79656240646263,49.58532562022676,24.194604554646077,-0.0009148613089119406,-0.0008111141501693231,0.000405557075084495,,1.8853688211528663e-05
2020-07-03 15:00:00,10604.2,51.527988756962074,49.62238038435612,14.838119996753361,0.0012070688972294352,,,,-0.0001226023651006436
2020-07-07 12:05:00,10716.6,37.67238716979731,35.851081174505325,40.604265712041894,0.0033592743967303385,0.0037605117294663426,0.004283074855831126,0.004208424313681514,0.006597232331149838
2020-07-07 14:00:00,10757.7,52.68228145439534,52.43242929943579,33.25310826929958,0.001887020459763633,0.0016453238145699434,0.00442472833412344,,0.002751508222017751
2020-07-08 12:35:00,10798.2999,51.34679187579917,50.23579265590521,20.981398533659213,0.000370428682018753,0.0008705166634610517,-0.00044450515770544374,-0.0024355593235561024,-0.00956631145241671
2020-07-08 13:40:00,10822.8999,53.699847544626905,53.438193071474984,22.222642074260722,-0.0003326280417691452,3.695867130759645e-05,-0.008306452136732867,,-0.01181752591096219
2020-07-08 14:05:00,10822.0,56.90183515525595,56.64587212181284,21.734843762901352,-0.00015709665496210778,-0.0046202180742931365,-0.008159305119201599,,-0.011735353908704504
2020-07-09 09:20:00,10759.3999,38.457493218036795,35.12482457471043,52.362015804492906,-0.0010502351529847465,0.000724956788714648,0.002035429503833175,0.0011896667210966605,0.00678476501277725
2020-07-09 13:35:00,10807.6,56.24974259546504,54.36026319766161,22.00557966237124,-0.0011473407602057284,-0.0012676357378141878,-0.00012953847292640486,,0.0022946722676635556
2020-07-09 14:10:00,10798.7999,56.23049225514286,55.96489756341041,16.77844923546966,7.409156641569048e-05,0.0013612716353785803,0.001157536033240092,,0.0031114568573495927
2020-07-09 15:25:00,10832.3999,62.078154879822996,59.61270665641959,28.730692949256124,,,,,0.0
2020-07-10 12:35:00,10732.2999,35.13163389401383,34.929904694872285,41.10605882840993,0.001872851130445996,0.0027021235215389794,0.005236538349063569,0.0032145952238997744,0.0035966195838414983
2020-07-10 14:35:00,10766.7999,47.352688064764784,46.24562345885451,23.33245707732043,-0.0002693465121423877,0.00038080024130482393,,,0.00038080024130482393
2020-07-13 14:10:00,10785.2,41.04876281662001,40.96136424150323,38.11498922674716,-0.0011033731409709757,0.0018172959240438935,0.001103363869005669,,0.0028372121054778265
2020-07-14 11:25:00,10638.3999,27.62970236923035,27.589161045681205,58.49853655684312,0.002509785329652736,0.0009399909849223675,-0.0013065780691323692,-0.004380357989738681,-0.0026601650874207294
2020-07-14 13:15:00,10581.1,28.552724581545,25.46960584538638,53.94522806313194,0.0020602678360472915,0.0035818582188997805,0.004678152555027459,0.0029108410278704255,0.0027407358403190862
2020-07-16 09:35:00,10632.5,34.6896647269875,33.670772806773115,35.70270055531213,0.004458020221020487,0.004015988713849117,0.0036209734305197028,0.004204091229720319,0.009122972019750764
2020-07-17 14:50:00,10873.0,66.74425894256457,65.57778804026015,31.287205876882233,0.000754161684907606,0.004690517796376303,,,0.005426285293847144
2020-07-17 15:05:00,10881.2,68.81587585986367,68.19931392489048,36.38096509010729,0.0039333896996653905,,,,0.0046686027276403586
2020-07-21 09:15:00,11133.6,69.83968197831037,65.34524252950918,26.250052485877923,0.0023083189624200084,0.0011676367033124357,0.0003233455486095771,0.00034130020837830344,0.0033861374577854875
2020-07-22 10:25:00,11161.8999,51.88459904045742,51.083486056974394,21.308661648642683,-0.0002598034408103356,0.0004210842277845295,0.0014872109720316384,0.0009227909309597049,-0.0016126286887772068
2020-07-22 14:30:00,11099.3999,38.7588777337637,38.25260819947956,37.37752170984067,-0.0016577382710574184,0.0012883669503609418,,,0.004009225760034152
2020-07-22 14:45:00,11081.0,35.64698245253196,35.628072705741694,43.65644743802308,0.002950997202418648,0.005766618536233281,,,0.005676373973468207
2020-07-23 15:20:00,11231.0,59.28194251023881,58.162980864313404,24.981576157551757,,,,,0.00043628350102409286
2020-07-24 11:10:00,11117.8999,36.364715034099646,35.28086801626498,45.656994049149446,0.0009444229660675596,0.0017359483511809604,0.0010613605182756558,-0.0007555293783496619,0.007222596058811481
2020-07-27 10:45:00,11132.0,46.2917996813586,45.55597699971959,22.686450875340306,0.0005928853754941787,-0.0003323841178584086,0.0012306863097377718,0.001877461372619571,-0.0006557671577434032
2020-07-27 11:45:00,11145.7,48.698322966104904,43.43331545884996,17.34973151336827,0.0004934638470441843,0.00043963142736647143,0.0006459800640605806,0.0020725391855154207,-0.0018841346887140675
2020-07-27 13:40:00,11176.7,54.18284477129365,52.92692063002943,28.87086534603197,-0.0017894369536625154,-0.001476285486771589,-0.0007247219662334103,,-0.00465253607952254
2020-07-27 14:45:00,11173.6,52.67371095233281,52.645979045178365,16.221977711836423,-0.0011724063864824164,-0.004286890527672282,,,-0.00437638719839617
2020-07-28 09:20:00,11196.2,50.762221133077745,48.10286893222745,31.63586841131258,0.0017148586127435639,0.0005358961076078472,-0.0012415015808935337,8.038441614122149e-05,0.008583260391918701
2020-07-28 11:05:00,11197.8999,54.85657115462112,53.91093785752649,16.283273699607264,-7.143303718937233e-05,-0.00045544254240037496,0.0008126613098229374,0.003527447142119833,0.008430152157370197
2020-07-29 11:35:00,11295.5,56.19529286511198,54.00943844122789,23.6533153817439,-8.853083086179936e-05,-0.00042494798813685897,-0.0006197158160329286,-0.003665176397680492,-0.008560940197423705
2020-07-29 15:00:00,11211.7999,34.96627785058156,33.72532104501903,38.00046419936682,-0.00034784780630980894,,,,-0.0011594926876995482
2020-07-30 14:30:00,11131.5,30.41974113928792,25.70719193944555,67.44159312337985,0.0014912635314199285,-0.002156043659884088,,,-0.0031262633068318557
2020-07-31 13:55:00,11078.5,38.9990218325986,36.08291572943726,36.74176718307461,0.001326894435167203,0.0004332626258067851,-0.000992914203186368,,0.0009477817394052401
2020-07-31 14:55:00,11067.5,44.65050738796535,43.22434338477469,24.54416275213728,0.00023492206912134606,0.001942624802349302,,,0.001942624802349302
2020-08-03 10:30:00,10975.3999,32.23132427429431,32.01580902511153,58.21193129567163,-0.0013029046896049223,-0.000646901257784771,-0.0011753466951122116,-0.0038996210060646685,-0.006888131702608935
2020-08-03 13:10:00,10925.2999,29.929432000373783,29.520690560792804,47.95174538037941,0.0005949493432211295,0.0010526026841606306,-0.0013088794020198469,-0.0030296559639519938,-0.002334032038791012
2020-08-04 11:40:00,11046.7999,68.81315976968398,68.81237606267459,46.916360540661294,2.7166238432574374e-05,0.0015570210518613958,-0.00021725748829759528,-0.0009323876682151289,0.005051245655314229
2020-08-04 14:40:00,11094.0,65.42802783680585,64.80595515496535,30.498969813404695,0.00045970795024330435,0.00010816657652790163,,,0.0007751937984497026
2020-08-05 09:15:00,11186.1,72.65307252598521,71.86136264928726,49.20040956976919,0.0011085186079151654,0.00210976122151596,0.0025120462001948507,-0.0006615352982719536,-0.005810783025361865
2020-08-05 14:15:00,11113.7,45.402823372503924,43.76124156886736,29.493629864252963,0.00048588678837835353,-0.002060528896767111,-0.000647849051171101,,0.0006658448581480236
2020-08-06 12:50:00,11238.8999,65.89191589323556,64.4039512500568,33.010589736916145,0.0003292226136830667,0.00090757103370942,-0.0023756684584405052,-0.005854656646599343,-0.002918426206465319
2020-08-06 15:20:00,11209.2,54.34399226131233,51.79797980588195,27.709875602902716,,,,,-0.0002765585411983462
2020-08-07 09:45:00,11209.6,52.00391160212118,50.5562042672703,26.9315435806853,-0.0008831715672280582,-0.0023818958749642904,-0.0026941282472167094,-0.002176705680844937,0.0006333856694262785
2020-08-07 11:20:00,11186.0,48.09616763539226,47.442158754713425,17.29487297666713,-0.00026819238333630757,-0.00021455390666902385,0.0013946003933489326,-0.0004827462900053314,0.002744502056141629
2020-08-07 12:50:00,11194.2,50.36145957672301,49.09190095524473,20.532248174610583,0.0004109181540439266,-0.0012149148666273923,-0.00029480445230567476,0.0027514248450088985,0.0020099694484643216
2020-08-07 13:45:00,11199.2,52.437192100657114,51.670244914333495,12.348033091696333,4.4646046146068485e-05,-0.00028573469533543783,0.0025805414672477323,,0.0015626116151152836
2020-08-07 14:00:00,11199.7,52.864853026830204,51.54002722685247,14.999434598574483,-0.0003303659919462465,0.0020982704893881543,0.0011964606194807548,,0.0015178978008338895
2020-08-10 09:15:00,11291.3999,63.62289195093865,61.14384188319385,23.514886328075104,0.001629558793679653,0.001567573565435465,0.0019306817748967475,0.003090847929316576,-0.0013550047058381587
2020-08-10 15:25:00,11276.1,44.538756373614675,43.604059844553916,43.8202719222846,,,,,0.0
2020-08-11 12:50:00,11331.7,50.656043840850366,49.727293424887655,28.00844599238879,0.001870849034125488,0.0014119681954163354,0.0013148953819814846,0.0017208362381637698,8.824801221352097e-05
2020-08-12 10:20:00,11275.0,38.25587325136597,37.49035240824193,35.998357907016924,-0.0003370288248336628,-0.0008603192904655943,0.0007804789356984365,0.002509968957871367,0.0030243902439024417
2020-08-12 14:15:00,11307.1,51.234933017337134,50.334888550220235,25.336811100799647,-0.00015035685542708066,0.00023877917414716343,-0.00028301686550924465,,0.00017688001344295934
2020-08-13 09:15:00,11350.5,59.82083008938673,55.30861762103052,23.484743477154296,0.00022906479890760778,0.00016738469670940503,-0.0014184485264966407,-0.0002907360909210066,-0.003471212721906536
2020-08-13 13:10:00,11304.6,42.60494058514099,41.668234112317634,37.48743396233419,-0.0006988305645488913,0.0003096084779647956,0.00019460219733558048,-0.0006103709994161877,0.0005749871733631284
2020-08-13 14:45:00,11293.0,42.44263978792492,42.332435237053595,29.449096856393048,0.0005667138935623317,0.0013459665279376143,,,0.0016027627733994354
2020-08-14 11:55:00,11339.2,56.69680010833463,54.247979993318864,22.113685138280356,0.0014374911810355329,0.0014198444334696525,0.00023810321715811433,-0.01105899005220834,-0.013828144842669698
2020-08-14 14:45:00,11169.7999,26.01753211963416,24.725601706723918,68.09939362694477,0.0007162169485237513,0.002059123727006007,,,0.001128041693924997
2020-08-17 14:30:00,11218.0,49.11045679392797,49.089885296440855,22.254945199333907,0.0001961133891958955,0.0015599928686040876,,,0.003699411659832341
2020-08-18 14:05:00,11372.2999,70.5708876768349,67.65861145886332,39.883498280803074,0.00036932722817129005,0.00030776536239596197,0.0008265786237311445,,0.0014508938512955982
2020-08-20 10:30:00,11347.8999,36.79560086339363,33.26058118551053,38.15113957583034,-0.0006873430386885593,-0.0013747037017836083,-0.000440610160828081,-0.001515690141045356,-0.0034367592544590764
2020-08-21 12:35:00,11405.7,62.814478669373415,61.21229530704311,20.377440322344995,-0.0006312633157106173,-0.0006926449056173789,-0.0008504519669990662,-0.0008592282805965912,-0.0024110751641722716
2020-08-24 09:15:00,11437.1,46.66830165464648,46.58066880928551,36.62511629887201,-0.0008830909933462694,0.0006732388455115146,0.0007956562415298851,-0.0007431953904398769,0.003095190214302601
2020-08-24 12:15:00,11470.2,68.52648083912811,65.472780563727,37.390897807923814,0.00011333716936046123,0.0002877020453000423,0.0008282331607121218,0.0010287527680423736,0.00020051960733025176
2020-08-25 09:25:00,11519.5,61.61338705976064,61.49870552153135,36.78089749860428,-0.0011806154781023315,-0.002986240722253508,-0.0024567038499934135,-0.00502625982030469,-0.003472372932852963
2020-08-25 11:50:00,11476.7999,51.157786036079,49.002747247725424,24.68411583001491,0.00032239823228086273,-8.704517014290758e-06,-0.00032238080582025486,-0.0014725359113387793,0.00023526592983458272
2020-08-25 13:10:00,11475.8999,50.85402768818594,49.93457215102968,19.05019914740724,0.0005664043828057519,0.0003049869753568579,-0.003163141916216916,-0.0004966843602390858,0.0003137096028520414
2020-08-25 14:50:00,11455.1,41.34202386762645,41.091081884390604,32.2270444010226,0.0010650190744734278,0.0022697313860202684,,,0.002130055608418946
2020-08-26 10:50:00,11490.0,54.626175934906854,53.29179487819697,21.227001150567418,-0.00029590948650992654,-0.0009051348999129516,-0.0005831244560486892,0.0003481288076587763,0.005430800696257565
2020-08-26 12:45:00,11494.5,54.28124173159085,52.95140075414009,19.064939681880535,-0.0004697898995171812,0.0004262821349341195,-8.708512766908427e-06,0.003627822001827097,0.005037183000565548
2020-08-26 13:55:00,11502.5,58.897118122906974,58.18699852422837,17.12242806620999,0.0006346359487068298,0.0013736057378830324,0.0030080417300586415,,0.00433817865681374
2020-08-27 09:20:00,11611.1,79.5426106705217,77.3580903246775,67.49709466567586,-0.001722489686593054,-0.0011712929868832322,-0.0009473693276261796,-0.0008009663167142245,-0.003238280610794897
2020-08-28 09:15:00,11614.7,50.26713373087833,44.31915308895702,29.19433105501082,0.000697383488165837,0.0010848235425795494,-0.0012312070049161905,0.002479616348248337,0.003521399605671993
2020-08-28 10:55:00,11625.8999,59.13688917591821,58.63739170914529,25.254066661865718,0.0007913451929859594,0.0013504416978509237,0.003509414355098661,0.0014880654528945936,0.002554649554483035
2020-08-28 14:25:00,11654.8999,59.77796195372922,59.28581752328923,32.98083052400691,0.0004461728581641733,0.0016988648697018327,6.006915597800422e-05,,6.006915597800422e-05
2020-08-31 09:20:00,11781.0,63.48442631509433,59.210591781673386,36.0496652207015,-0.0016637042695866189,-0.0011798658857482547,-0.004116798234445329,-0.01061030472795177,-0.037212460741872455
2020-08-31 12:30:00,11578.1,38.823134704463925,36.53745809229369,39.72261304319659,-0.0010709874677191644,-0.005216745407277457,-0.012091793990378408,-0.016038909665661905,-0.020340124890957934
2020-08-31 14:00:00,11431.1,25.99081704147764,25.123078085981227,58.38705518491537,-0.0012509819702390956,-0.0033855097059775074,-0.003534218054255467,,-0.0077420370742973255
2020-09-01 15:15:00,11482.7,50.349542446255455,48.92666131386798,21.158422211435372,,,,,0.0010102066587125424
2020-09-02 11:10:00,11468.5,47.23050858276437,46.18674854487059,17.968846799396395,-0.0006888433535335858,0.0014823211405152747,0.0004970135588786562,0.0004185290142564302,0.006469895801543446
2020-09-02 13:05:00,11464.8999,46.89359190726937,46.76964903231782,17.8760951568632,0.0,-0.00020932585726285424,0.00184040856737,0.005861376949309438,0.006785938008931014
2020-09-03 12:55:00,11542.7,51.11257557073737,50.8845208591639,25.584608356128435,0.0009269841544872204,0.0018539856359429674,0.000935656302251564,-0.0012128877992151343,-0.0005977890788118057
2020-09-04 10:15:00,11409.7999,36.35765608303784,32.714096155503,44.694368994666846,-0.0018755806576414846,-0.0015337692293797556,-0.0003242738726731975,-0.0006310277185491708,-0.0045311837589719905
2020-09-04 15:15:00,11343.1,34.27444041572835,30.878962850361866,56.50521175625234,,,,,0.0013223898228880149
2020-09-07 15:05:00,11337.7,46.751052544385104,43.79100641696891,31.128351455797862,0.0033163604611163855,,,,0.0033781101987175877
2020-09-09 10:00:00,11240.0,22.73412445290931,21.259385489112095,65.00525684751173,-0.0010231316725978212,-0.0008362989323843495,0.00040035587188613775,-0.002873665480427001,0.004048042704626331
2020-09-10 10:35:00,11378.0,75.57028935908174,74.30080241365782,58.009544894174645,0.0018280805062400596,0.0019159694146597683,0.0031112585691686068,0.003717692037264797,0.006521357004745987
2020-09-10 15:05:00,11449.2,64.55852089406666,61.84391681624208,31.64342954310385,0.000855955001222819,,,,0.0002620270411906045
2020-09-11 12:50:00,11467.1,58.44285860876815,56.71725146242571,22.29735903534587,-0.0015784287221703996,-0.002450488789667915,-0.0030260571548168524,-0.0007935746614227135,-0.0011162456069974125
2020-09-11 14:10:00,11459.6,51.9197089963571,49.35811364392348,23.500524723895595,-0.0011780515899333377,-0.0010907885091975267,0.0009162623477259046,,-0.0004625030542078079
2020-09-11 14:35:00,11455.7,51.794678724606015,50.61648409137156,16.934550261688997,0.00020077341410829064,0.001143526803250694,,,-0.00012221863351880025
2020-09-14 10:20:00,11545.7999,65.15001376028722,64.12836783704348,32.86402829663247,0.00010394256009926828,-0.0004936773588116727,-0.0006755616819584809,-0.0004157269346058978,-0.010748488720993654
2020-09-14 10:35:00,11547.0,65.86600080109349,65.51278990860487,36.076310456035586,-0.0005975578072225929,-0.0005282844028752232,0.0013423400017320564,-0.00030310903264918476,-0.010851303368840326
2020-09-14 15:00:00,11460.5,38.31719780197784,33.807652586233075,46.015601969307724,-0.0022337681602023762,,,,-0.0033855416430347285
2020-09-15 11:15:00,11472.0,45.45695058107752,45.06692630183955,22.660846627348857,0.001394700139470073,0.0022489452580194413,0.0018566858437936151,0.0010460251046024993,0.005177815550906573
2020-09-15 14:00:00,11518.8999,54.429797618521505,54.17126873866343,29.467641671282692,-0.00022571599914678053,0.0003385739987200598,0.0001475922192881729,,0.0010851730728209663
2020-09-16 09:55:00,11551.1,66.13705192366331,64.913976102564,34.557210260146995,-0.0005973457073351618,0.0002510583407639988,0.0004415163923783272,-0.0012206629671632774,0.0042246972149837525
2020-09-16 10:35:00,11560.0,68.75963963562397,68.23443016832678,38.19611881059993,-0.00042387543252586646,-0.0003979325259515498,-0.0007698961937715465,-0.0012716349480969003,0.0034515484429065157
2020-09-16 12:55:00,11573.1,61.18192171375345,60.12875874137143,35.55718371895194,-0.0008035962706621769,-0.001278836266860206,5.184436322158703e-05,0.0034303600591025774,0.002315706249838012
2020-09-17 12:35:00,11528.6,37.37196894773404,35.39318305168533,48.08569485342775,0.0007980066963897414,0.00039033360512119586,0.0007806672102423917,0.0016133789011676392,-0.000884764845688113
2020-09-18 09:15:00,11566.6,48.73903252483326,43.02280105517984,40.50209609307594,-0.00027666730067610334,0.0011844362215343018,-0.0008299759652793393,-0.0017031884909999295,-0.004288209153943234
2020-09-18 11:40:00,11566.1,54.914472817603134,52.441882325876705,20.318945695198938,-0.00034583826873357815,-0.0007089770968606857,-0.001322840023862848,-0.0002247948746768591,-0.004245164748705288
2020-09-18 11:55:00,11562.1,54.32110636274045,54.039383900086115,20.366437103717566,-0.00036326445887857606,0.0001383831656878165,-0.0006400221413064289,0.00021622369638740757,-0.003900675482827576
2020-09-18 12:15:00,11563.7,54.94634062650499,54.418710127690304,24.703492288586887,-0.00032862319153903474,-0.0008128972560685899,-0.001426878940131604,-0.0006831809887839491,-0.004038499788130201
2020-09-18 13:50:00,11567.7999,54.16172043724037,52.516806670533185,30.50713563803006,0.00031986203357470266,-0.006561316815309026,-0.00567955017963262,,-0.0043914919378922335
2020-09-18 15:15:00,11513.2999,43.94893258136822,41.24610856536345,35.70154592602466,,,,,0.000321376150377084
2020-09-21 14:45:00,11298.1,21.373229191559513,20.65939697588721,72.3205838707344,-0.003195227516131105,-0.004487489046830939,,,-0.00672679477080218
2020-09-22 15:00:00,11136.1,39.4838139800798,38.78861665602872,30.048846988994455,0.001831880101651251,,,,0.0034662045060658286
2020-09-23 14:20:00,11063.7,33.43507159899835,30.830765838224742,41.10139033340311,0.002756763108182625,0.005224292054195168,0.006164294042680041,,0.006354113000171635
2020-09-24 11:15:00,10941.7999,31.527048793754695,27.806357658656616,55.21840069802945,0.0007037324818925939,-0.0015079785913467703,-0.0029702608617435677,0.0005757827832328921,-0.010766044076532588
2020-09-25 09:15:00,10922.0,35.02605880987677,25.76506846473376,49.94079877474975,0.0013367515107123307,0.0011810932063724966,-0.0054111060245376486,-0.0010071415491668123,0.01046510712323756
2020-09-25 14:25:00,11048.2999,66.77233796476816,63.79680611210939,39.250311482604445,0.0009413303489345104,0.0003620466529876687,-0.0010861399589632281,,-0.0010861399589632281
2020-09-25 14:40:00,11058.7,67.15621868384329,66.09068190570463,45.58651972977282,-0.0005787389114453312,-0.0002441516633963081,,,-0.0020255635834230956
2020-09-28 09:25:00,11119.2999,70.02554835080714,68.3641247891863,39.88456722429862,0.0034534638282397445,0.003390510224479115,0.003975079402256165,0.008040083530798547,0.010720108376607307
2020-09-29 09:25:00,11286.7,69.41255947887153,68.2539987161112,29.182709039280496,-0.0014353176747854413,-0.0031187149476819,-0.002906084152143662,-0.005696979630892995,-0.005484339975369346
2020-09-29 12:00:00,11241.3999,53.85182827716737,52.957477692690325,19.1864033399187,-0.0018769904271442872,-0.0008539861659044856,-0.002054904211707731,0.00021349654147617692,-0.0014766844118765388
2020-09-29 13:40:00,11220.2,46.91424505596945,45.980146657799565,29.544063252760637,0.002308336749790474,0.00201421543287994,0.003957148713926717,,0.00040996595426090465
2020-09-30 10:20:00,11227.8999,47.224035304135015,44.5633669595201,18.172495827925324,0.003883192795475443,0.0031706819901378136,0.0008550218727902958,0.0005432983954549719,-0.00012468048454905567
2020-09-30 12:30:00,11252.2,53.14928837841613,50.61194481413041,21.727565992868655,0.000604326265085886,0.0019196157195926489,0.0009953520200494115,0.003030509589235786,-0.0022839977959866475
2020-10-01 09:20:00,11374.1,53.18674638858889,50.76447104560804,42.59532005750686,0.00025496522801793375,0.0001670461838738646,0.0009934764069245983,0.0027518572898075355,0.004281648657915804
2020-10-01 11:35:00,11417.1,74.68789085599641,74.38669034518837,57.70260129674562,-0.0004992598821066396,-0.00017517583274206938,-0.00032408404936457025,-0.0008846379553477668,0.0004992423645233668
2020-10-05 09:15:00,11526.5,63.648199972946216,62.559156533533105,31.805978771184122,0.0010323949160631063,0.0020561315230123167,0.0011365115169392759,0.002967075868650637,-0.001648375482583564
2020-10-05 14:00:00,11515.1,50.51319616909615,49.12981605145205,27.50761884374708,-0.0004342124688452298,0.0013721027173017042,-0.0010334256758516291,,-0.0006600029526447893
2020-10-06 09:15:00,11584.6,52.4874478749653,50.772277077438254,26.153009923178892,5.179289746726212e-05,-0.0001208500940903523,0.0005610897225627465,0.0007509883811265272,0.00665538732455162
2020-10-06 14:25:00,11609.2999,59.32570411547721,58.22465257364478,22.65103834464265,0.0023601853889569924,0.003006219177781766,0.004513631351706238,,0.004513631351706238
2020-10-07 10:05:00,11733.0,77.6193627463165,76.80243233788026,53.506837109835466,-5.9669308787202446e-05,0.00040057956191952293,-0.001670510525867197,-0.0006221767663853184,0.0012613909486065555
2020-10-07 10:25:00,11739.8999,79.01521173097959,78.82045835441834,55.82593613270757,-0.00028108416835814776,-0.0017887716402079645,-0.002359466455076009,-0.0012095418292279447,0.0006729188551257703
2020-10-08 09:15:00,11843.2,60.033221372269665,59.628868185736124,27.45225734973885,0.0015958524723047596,0.0028117400702512008,0.001722507430424125,0.0033943444339368245,-0.0007852691840043446
2020-10-09 09:15:00,11863.1,48.941397138189416,43.517042183228085,35.819789711659375,-0.001905066972376579,-0.0029250448870868917,8.429499877782298e-05,0.004147305510364019,0.006052372482740598
2020-10-09 09:45:00,11828.3999,45.775862810785426,44.21198886505208,30.258522837627382,0.0006594383066131915,0.0030181681632188706,0.005190896530307576,0.008395057728814326,0.00900375375370932
2020-10-09 14:20:00,11911.0,54.37272661659017,53.61435315640275,29.059523602293794,-0.0004449668373771587,-0.0002182940139366929,0.001141801695911271,,0.0020065401729494337
2020-10-09 15:20:00,11924.6,58.44096664370396,58.14006758381087,21.042751098059206,,,,,0.0008637522432617395
2020-10-12 12:40:00,11956.1,49.043783456816485,48.906108416199054,30.841049235685688,-0.00181498147389203,-0.002969195640718958,-0.0038892280927727008,-0.003395756141216677,-0.0016393305509322387
2020-10-12 13:55:00,11913.7,44.46039544177369,43.56749742817335,30.642269777496537,0.00047003869494766093,-0.0014017475679261038,0.001393345476216501,,0.001913763146629499
2020-10-13 13:25:00,11923.2999,42.91506173755953,42.55882040766458,33.3237880528506,0.0005535380352212904,-7.548245934829723e-05,0.0007967592931215073,-8.378552987631238e-06,-8.378552987631238e-06
2020-10-14 10:15:00,11857.0,30.163385099475647,29.87714992006044,52.604130123725646,-0.0009783334738971972,0.00010963144134268354,-0.002251842793286718,-0.00016867673104492553,0.009192881841949996
2020-10-14 13:30:00,11838.8999,40.49588722917352,37.83578277320396,29.330017689482794,0.000658853446340979,0.0011403086531713846,0.006140781712327792,,0.010735803248070441
2020-10-15 12:45:00,11908.3999,46.73705363376521,46.48001446713901,24.354604622940084,-0.0035101189371378183,-0.0038544137235432263,-0.00881730550550286,-0.015266526277808334,-0.01996069178026172
2020-10-15 14:40:00,11718.2,26.92594820368792,26.10326024159268,70.15688115914884,0.0017750166407808354,-0.004514353740335597,,,-0.004053523578706586
2020-10-16 12:00:00,11747.7,45.54733589088758,43.80106564956269,29.640367118261853,-0.0018386577798207293,-0.00012768456804312933,0.0004341190190420008,0.0023068260170076016,0.0017024609072413543
2020-10-16 13:50:00,11761.6,51.544082314365795,51.35423758483391,20.1503861385876,0.0005696418854577168,-0.00016154264725887213,1.6995986940493424e-05,,0.0005186369201468644
2020-10-16 14:30:00,11774.7999,54.179835440945055,52.91919949740951,22.030186636656833,-0.0013588341318649944,-0.0007643441991740385,,,-0.000602974153301683
2020-10-19 09:15:00,11850.1,59.17596035227152,53.3816581456872,22.49568874322425,-0.0002447236732179281,0.000987325001476691,0.0022278293010185024,0.00014345026624251744,0.0024134817427701183
2020-10-19 10:40:00,11890.8999,72.87521245954171,72.41389634199533,48.048340418241146,-0.0017155892465295919,-0.003212532299594839,-0.003380728148253964,-0.0029854763136977214,-0.0010259862670275455
2020-10-19 14:05:00,11872.0,60.546691992854676,57.32243188929605,18.473966055039142,-0.000320080862533656,-0.0008675876010780792,-0.00016846361185984815,,0.0005643530997305746
2020-10-20 09:25:00,11903.0,62.630323644745104,61.82596643867065,25.067437899352615,0.0005124758464252199,-0.0012601865076031782,0.0004200621692009854,0.0019910946820129727,-0.00031924724859278
2020-10-20 15:00:00,11900.7,44.906504854165895,43.8659394554447,27.323209223480067,-0.000739460703992223,,,,-0.0001260430058735995
2020-10-21 14:35:00,11844.7999,28.277506206048777,27.22566445997674,62.037287718299346,0.004314129443419246,0.007640483652239682,,,0.007412543963701834
2020-10-22 10:40:00,11892.3999,45.58696981613045,44.960180658103454,20.707804046165542,0.0012529010229465065,0.0011772224376680462,0.0006138458226585541,-0.0033382580752266966,0.0009922387490517437
2020-10-22 11:40:00,11899.7,48.172385400478746,46.97519745594367,17.32771184601353,-0.000344546501172327,0.00037816079396968405,-0.0039496794036824046,-0.0031261292301487664,0.00037816079396968405
2020-10-22 13:05:00,11897.7999,48.4557183588016,45.499440220469296,28.26608882426127,-0.0013447864424077638,-0.0011682832218417039,-0.0006135504094332278,-0.0005631209178429408,0.0005379229818784914
2020-10-22 15:00:00,11891.3999,46.63635794752717,44.22861779741301,20.87568923042376,0.0009250382707253202,,,,0.0010764165790102531
2020-10-23 12:30:00,11948.2,57.80330537749902,57.43542464290362,18.46564046296859,0.0003849868599452577,0.0007197653202992704,0.0003682563063891475,-0.0011717246112384894,-0.0015399892870893162
2020-10-26 10:25:00,11900.0,39.971313413102806,39.84182684824407,44.77396757069383,-0.00010084873949578466,0.0002521008403362224,-0.002789924369747898,-0.006655470588235346,-0.010319327731092343
2020-10-26 11:30:00,11871.5,31.738178979823235,31.69089061841457,47.37253261064623,-0.0021564334751295045,-0.0022659310112453923,-0.005281565092869478,-0.007783346670597657,-0.007943393842395619
2020-10-26 11:45:00,11845.8999,29.37586627447285,28.044641826917207,53.32522813273404,-0.00010973417055470946,-0.0027351151262050566,-0.004617623014018468,-0.005639073482294088,-0.005799466531031472
2020-10-27 14:25:00,11874.5,62.130276364102656,61.207845842705936,23.57348706600454,-0.000530548654680163,0.001406375005263527,0.00099371763021594,,0.00099371763021594
2020-10-28 11:45:00,11846.6,45.93750965357962,45.39983044969491,27.123181460180454,5.06474431483106e-05,0.0004642682288589217,-0.007934766093225076,-0.00980872993095061,-0.0101379298701737
2020-10-28 13:20:00,11768.2,34.4933811226443,32.71761553551929,43.70935372730507,-0.0010791794836934043,-0.003161061164834056,-0.00316956713855987,-0.003127079757312079,-0.0035434475960640643
2020-10-29 13:35:00,11669.8999,42.21306399363306,42.2089035048712,31.698848003861805,-0.0005484108736871773,-0.001319625715041517,-0.0018251998888182408,,7.712148413530073e-05
2020-10-29 13:50:00,11663.5,40.735367983296996,40.3008972387605,28.89320286399233,-0.0007716380160329717,-0.002126291421957305,-0.0011060144896472002,,0.0006258755948043149
2020-10-30 12:40:00,11568.2999,31.49834180338891,30.573281428126265,58.67034003784313,-0.0005705159839433094,0.000899017149443182,0.0036046869773838086,0.004987776985276859,0.006742563788478595
2020-11-02 10:30:00,11606.2999,44.93723331781665,44.680422768760124,16.963174444079666,0.0,0.0006806734332274189,0.0014474983538896868,-0.0003963278598374531,0.0039719807688236575
2020-11-02 12:55:00,11611.7,48.1552070288672,47.70858899240571,20.425202052870034,0.0007320202898799533,0.000955923766545741,0.0008612003410353175,0.0083019712875807,0.0035050767760103074
2020-11-03 09:35:00,11787.6,67.18084190469585,65.6303519662312,50.63560754927713,-0.0008313906138655014,-0.001493094438223208,0.0005599104143336753,0.0024602124266177583,0.0019087855034103374
2020-11-04 09:15:00,11861.6,57.96901861331507,57.16622454553566,25.054787939617164,0.0024448640992782433,0.004232135630943601,-0.002090788763741802,-0.001079120860592142,0.0025966058541848636
2020-11-04 12:05:00,11911.1,65.23841182562539,62.148792362903436,31.947914055611275,-0.0013600842911234423,-0.0001007547581667323,-0.005213624266440564,-0.004751870104356515,-0.0015699725466161718
2020-11-04 14:10:00,11853.5,50.62783763011588,49.9832625165714,24.91703316044226,0.004007255241067931,0.002868351119922341,0.004732779347871974,,0.0032817226979373615
2020-11-05 15:20:00,12124.3999,67.94171340813402,66.49048315069757,39.092340557239396,,,,,0.00024743492665568745
2020-11-06 12:35:00,12214.0,73.82849963968323,72.2749889169706,41.76421286470729,0.0016210823644997596,0.0026199443261831767,0.002390699197642121,-0.0008842312100867389,0.0038807843458326108
2020-11-09 09:15:00,12410.1,67.5267500472495,65.439504443642,37.26940384167199,0.0010716996639834608,0.003110369779453892,0.0012892724474420358,-0.0012248168830226724,0.004713902385959923
2020-11-09 13:35:00,12421.2,63.08797785789671,61.719547028806105,27.42556060596801,-0.00045889286059319634,0.000668212411039093,0.002012687985057715,,0.0038160564196696445
2020-11-09 15:00:00,12451.2,68.60457440466338,67.8200251361039,47.07195300773478,0.0011163582626574353,,,,0.0013974556669236193
2020-11-10 15:05:00,12634.2,62.57790258676124,61.21140277917286,28.935342166715266,-0.00011081825521208621,,,,0.0007440122841175789
2020-11-11 12:40:00,12654.8999,48.9291558444535,48.20999438266438,25.908911818195815,-0.0020861405628345153,-0.001864890294391075,0.00041881801056375956,0.006305865761925267,0.00807593112609295
2020-11-11 13:00:00,12640.2,48.539319300283516,47.9502460320099,20.160439753124322,-0.003813230803310086,-0.0004667726776476089,0.0056882011360579465,0.0076422762298065106,0.009248271388111018
2020-11-11 13:35:00,12652.1,44.78885787930037,44.60969715640128,28.869844696894567,0.0020786983978944296,0.005097967926273039,0.0067735711858110115,,0.008299017554397992
2020-11-12 11:35:00,12690.3999,48.67399077156916,48.05636243001165,23.10281383070978,-0.0012292756826363105,-0.00047279833947544425,0.0008195171217575403,-0.003932098309998966,0.00029944682830684854
2020-11-12 12:05:00,12684.3999,49.14652061615018,48.10237754350764,17.560464729399047,-0.001016989380790534,0.0012929267548558165,-0.0006937576920765798,0.0005203320655318144,0.0007726104567233882
2020-11-12 12:25:00,12697.5,49.19625570336034,48.258146782371355,22.464454149425805,0.0005906674542233148,0.00010237448316607889,-0.0043866981689308915,-0.0016381177397124524,-0.0002598936798582363
2020-11-12 13:55:00,12685.6,44.48167544258768,41.98971300165132,25.99924459101582,3.153181560189289e-05,-0.0007015828971431715,-0.00026802043261653363,,0.0006779340354416963
2020-11-12 14:45:00,12669.5,47.52778003125538,45.639617517478946,21.528509763639345,0.000860325979715082,0.0021863530526067265,,,0.0019495639133353393
2020-11-13 10:10:00,12652.2999,46.34167956720844,43.82689945131586,23.56053186114334,0.004821257833131254,0.003722643343286647,0.0038253993647432427,0.003011310220365493,0.005572109462881114
2020-11-13 13:10:00,12691.1,51.34224365835919,49.347646203403755,20.026998735481612,-0.00024426566649071724,-0.0015286302999739654,0.0009691752487963612,0.0024426566649069503,0.0024978055487703266
2020-11-13 13:25:00,12688.0,51.14787939607798,50.836100672802885,18.502010060388418,-0.0012846784363177433,0.0005280580075661678,0.0010167008196722005,0.0027427411727616313,0.0027427411727616313
2020-11-13 13:50:00,12695.5,52.616744274480595,50.41359149445896,16.542923834648832,0.001858926391240967,-0.0002678114292465894,0.002378795636249098,,0.0021503603639083657
2020-11-17 09:15:00,12873.1,66.40286596114136,62.038054490354654,31.284743233411337,-0.0009632489454753923,-0.0007302048457635824,-0.0011108513100962503,-0.004707490814178428,0.0004272475161382072
2020-11-17 13:30:00,12866.0,65.57076843601396,64.91537318694638,15.117537811858492,-0.0005518498367790281,-0.0005440696409140244,-0.000792794963469623,,0.0009793253536451996
2020-11-18 09:20:00,12898.1,66.34527155611363,64.61227374798386,21.32959335049138,-0.0032407951558757198,-0.0027678572813050195,-0.0028143757607710373,-0.004682860266240763,0.0031399973639527623
2020-11-18 12:30:00,12848.1,46.58071075511576,43.62544196313794,21.69678263558669,-0.0005059113798927539,0.0006148769078695437,0.00042029560791090326,0.004631034939018175,0.0070438430585066936
2020-11-18 12:45:00,12841.6,44.39897116739344,41.661282612726296,24.33994498899118,0.0011213555943183628,0.0007242010341390603,0.0036989160229254914,0.0054354519686019565,0.0075535758783951135
2020-11-19 14:55:00,12816.6,34.6943910090306,33.083684341682456,54.64119688164405,-0.003495474618853689,-0.0044317603732659805,,,-0.0044317603732659805
2020-11-20 09:15:00,12844.2,35.92729788939437,31.04674174231868,56.159896214368736,-0.0011522788495975655,-0.002436905373631726,-0.0004905015493374965,-0.007622125161551585,0.00011678422945760047
2020-11-20 11:50:00,12751.3999,36.55847636409064,35.76715642453254,41.15249873821216,0.0029565459710818587,0.0018272581977449853,0.0014037674404674405,0.008171659646561524,0.007395274302392396
2020-11-20 14:55:00,12883.5,61.36338924325719,61.3328775907605,25.042715328668578,-0.001319517211937793,-0.0029339853300732743,,,-0.0029339853300732743
2020-11-23 09:25:00,12917.0,61.43806840534341,61.26890780117226,36.05367056243797,-0.0024851049005186754,-0.00265541534412006,-0.002276070294960131,-0.001378028954091448,0.0009290082836572733
2020-11-23 11:30:00,12905.2999,57.79766202232235,57.73809241926172,20.335490451985144,-0.0002014598668876877,-0.0027740463435491636,-0.00017821360354441929,0.0017512185051973272,0.0018364625528772827
2020-11-23 11:45:00,12902.7,58.41647034765059,57.8799931907675,20.713347385808174,-0.002573104854022845,-0.001984080851294756,0.0015423128492486615,0.0030458741193704064,0.0020383330620721285
2020-11-23 12:40:00,12912.2,56.54044823525962,56.06374205835365,20.90063473129336,-8.519074983348585e-05,-0.0007047598395316657,0.002602182432118294,0.0023853409953376037,0.0013010950883660666
2020-11-23 13:35:00,12943.8999,61.85425733015074,61.1107130583473,37.12911138425866,0.0006335107705830456,-3.862823444733543e-05,0.0002858566605572488,,-0.001151113660883607
2020-11-24 09:25:00,13020.7999,62.95592191458238,62.4818979421649,44.0672539327348,-0.0004531211634700716,0.0008294498097616287,0.0011750506971541785,-0.001728004436962416,0.00391681005711475
2020-11-24 13:35:00,13042.0,62.04285956182027,61.79951129429983,25.37028848859039,0.0007130731482900554,8.434289219438895e-05,0.0010197745744517928,,0.0022849179573685152
2020-11-24 13:50:00,13051.2999,65.15224296810496,63.03082090761356,27.33113250136275,-0.0006282822448973047,0.0008964700903086875,-0.00019155180090524304,,0.0015707247674232594
2020-11-24 14:20:00,13063.0,67.6096252276945,66.01386426366672,24.47674442496589,-0.0005894587766975823,-0.0010870473857460539,0.0005052438184185437,,0.0006736507693485549
2020-11-25 09:20:00,13131.5,72.75429481288144,69.59396420963381,42.740818677080966,-0.000852918554620552,-0.00022845828732431794,-0.004409244945360324,-0.012565205802840484,-0.020736397212808844
2020-11-25 12:00:00,13002.2,39.35293554625098,39.124849771805046,42.0235911079487,-0.001668948331820852,-0.0009844564765962849,0.0013382350679116417,-0.007268000799864671,-0.010998138776514788
2020-11-26 09:15:00,12876.8999,32.73400576775963,29.25999284636077,43.726883869706555,0.0015531688648136033,-0.004108123881587433,-0.0018715684821002387,-0.003370368670800983,0.010740170466029708
2020-11-26 15:00:00,12970.2999,59.24126138334107,58.333584374403,22.21507062853243,0.00209710648247996,,,,0.0034617626690343073
2020-11-27 12:05:00,12993.7,59.892387201606816,58.07497262673757,29.285888105350857,-0.00010005618107244985,0.001823953146524726,0.00033092960434677465,-0.0025858685362907252,-0.003978851289471064
2020-12-01 09:15:00,12986.2,48.41115735253935,48.064634813162,21.023279273065114,0.002202330165868238,0.0016171012305370436,0.004181361753245794,0.007192250234864694,0.00857833700389632
2020-12-02 12:10:00,13079.7999,45.2643724125178,44.85660273711184,29.678746556139238,0.0006880839209169043,0.000986261265357724,-0.003685064019977813,-0.005382345336949701,0.001865479608751608
2020-12-02 14:00:00,13017.0,35.373585371277734,35.000640796436976,41.733402668602174,-0.0005147192133364564,0.00195128677882761,0.008204647768303097,,0.006698932165629667
2020-12-03 10:20:00,13177.7999,67.03390851032341,65.86503409425758,55.431177112469044,-0.0008726798166057703,-0.0016618859116231954,-0.0024434958979761,-0.004075027729021685,-0.003179589940502825
2020-12-03 13:50:00,13149.7,51.885850861985624,51.043339434009766,20.263479352617036,-0.0007604736229723796,-0.0018631603762823135,-0.0003346159988441011,,-0.0010494612044381624
2020-12-03 14:40:00,13141.7,51.10967682512365,51.08429026811045,16.79051760527805,-3.804682803598691e-05,-0.00025111667440291807,,,-0.0004413508145826306
2020-12-04 09:15:00,13182.6,53.87898036633443,50.917738601434195,24.534972456094774,0.0015550801814512294,0.001410950798780286,0.0035804697100723093,0.0034515194271236282,0.006758909471576091
2020-12-04 13:35:00,13206.0,52.417435076591445,51.205827005408906,29.82331130959751,-0.0010904134484325256,0.0,0.0012948659700136034,,0.004975011358473447
2020-12-04 14:15:00,13202.2,52.21999128201818,51.745025711191296,19.699614235099535,0.0011134432140098571,0.0027798321491872002,0.004188695823423405,,0.005264274136128844
2020-12-07 12:20:00,13328.0,67.14894969004754,66.1495233899845,31.84706693830268,9.003601440582543e-05,0.0002025810324131072,0.0012229891956783145,-0.0007878151260504174,0.0020183073229291804
2020-12-07 13:25:00,13351.6,73.40705889023388,70.97610495901753,43.34845255597762,-0.003033344318283948,-0.002831121363731759,-0.0018050271128554618,0.0002471613888972435,0.0002471613888972435
2020-12-07 15:00:00,13351.4,62.187394658845804,60.976542332124936,28.042558124828098,0.00010485791752179452,,,,0.0002621447938044863
2020-12-08 12:40:00,13379.8999,51.609907904485155,50.03192199142457,34.46081565993875,0.0006352812848771094,-2.2414218510014017e-05,0.0014200405191371335,0.0025037556521629867,0.0007548711182809864
2020-12-09 09:20:00,13467.1,57.078757959067154,55.19881974613854,25.272808956749333,0.0005940402907826936,0.0004900832398957444,0.0015667812669395431,0.0012177825961046107,0.00485627937714872
2020-12-09 13:25:00,13508.3999,65.04465510496873,64.45715989118499,27.128104553101487,0.00026650824869345335,0.0008661351519509974,0.001280692023338803,0.0017840825100239321,0.0017840825100239321
2020-12-10 10:40:00,13440.1,39.284406089329295,38.74954614917845,34.940334653982625,0.00029017641237794045,0.0008556483954731409,-0.0012574311203041866,-0.0009226121829450928,0.003020810857062184
2020-12-11 14:45:00,13480.5,37.424463204810664,36.64287125259047,48.85420657918472,0.0014761989540448273,0.0027224509476651004,,,0.0018174400059345341
2020-12-14 10:20:00,13549.1,54.131169560698666,53.83214667818499,16.08650056648561,-0.0018451410056756767,-0.001099704039382643,-0.002789860581145609,-0.0019927522861297176,0.0004723560974528862
2020-12-14 12:30:00,13531.7,50.62674091756022,48.18388373858385,18.74323363761458,-0.00024387918738966174,-0.0024756682456750223,-0.0003547300043601487,0.001596244374320932,0.001758832962598822
2020-12-14 13:10:00,13537.2999,48.854870050252885,46.41220504350358,25.677678363921615,-0.00020682854193099232,-0.00024376352923971556,0.00047277522454836074,0.0017950477701982326,0.0013444409250327194
2020-12-15 11:00:00,13472.5,33.96461288775066,33.20262308588608,47.41350570942538,-0.00017071812952307308,0.0009574986082760972,0.0025236593059936308,0.004164037854889724,0.006954908146223904
2020-12-16 09:15:00,13648.3999,64.74388119063906,63.898209319389835,43.158032896084904,0.00046159989787519784,0.0006814058840700632,-0.000659417958584263,-0.0005128806344544268,0.0018243896854164277
2020-12-16 13:55:00,13676.2999,63.79908784312937,62.874995270678816,24.328172665969532,0.0006800157987176814,0.000197429130667226,-0.00027784561817045805,,-0.0002193575763865807
2020-12-17 09:50:00,13715.7999,69.35160546135937,68.63499738384479,39.69937763287936,0.000313514343410759,-0.00018955511300500216,-0.00014581723374373912,0.0003062234817234888,0.001458172337436947
2020-12-17 13:35:00,13760.5,72.69804649258747,71.19443560314917,40.43245556989096,-0.00034882453399220914,0.0002398095999418537,-0.00033429744558699515,,-0.0017950001816794403
2020-12-18 10:30:00,13697.3999,43.4326228691422,43.187538901453486,28.180973567876677,0.0008176807336990333,0.0009271905684815618,0.0008322747443476608,0.0005256545076119945,0.00337291021195929
2020-12-18 12:45:00,13700.3999,46.19627215093197,45.048695528941266,16.43615887498195,-0.0001386747842302416,0.00021167265343846609,0.001868565894926899,0.004043677586374583,0.0031531999295875135
2020-12-21 10:10:00,13756.2999,57.00017279610719,56.40762797647123,22.31693504981985,0.0004725107803151829,0.0004070862107332651,-0.0019627370874634176,-0.0021226565437120204,-0.03461685943616277
2020-12-21 14:45:00,13364.8999,22.52533196070581,20.117978988590483,78.03811673887458,-0.0002244685723384876,-0.0021399337229603965,,,-0.00634497082914931
2020-12-22 15:05:00,13475.0,64.66037645981255,63.935320079851856,36.615602850585475,-0.00025974025974029313,,,,-0.000853432282003741
2020-12-23 15:10:00,13605.0,68.68072208477614,68.30939456997245,27.20459239730738,0.000396905549430393,,,,0.000396905549430393
2020-12-24 12:40:00,13709.6,63.44538611664041,62.4635485418597,31.324681883533373,-0.0010357778490984737,-0.0009920056019140366,0.0014734127910369654,0.004048258154869533,0.0022392994689852674
2020-12-24 13:25:00,13723.7,63.90971898933479,62.571580902949734,23.251484978321177,0.0004444792585089896,0.0007140931381477422,0.000553779228633644,0.0012095790493815706,0.0012095790493815706
2020-12-24 14:35:00,13760.8999,70.24399400220675,67.74306743966937,20.762334462085963,-0.0001380650984896814,-0.0006830875937118286,,,-0.0014969951202101761
2020-12-28 09:25:00,13860.7,70.17448232322526,67.540802006744,33.998798233087065,-0.0015367261393725018,-0.001594436067442473,-0.0018036607097765556,-0.002041751138109893,0.0015006457105339877
2020-12-29 09:20:00,13952.7,68.68676080494444,67.47253376312798,29.597455151965825,-0.0004156973202319447,0.0006521963490937477,-0.0005303704659314068,-0.004113906269037626,-0.001784607997018517
2020-12-29 13:05:00,13937.3999,56.25912232686474,51.19055968218149,24.934956650524192,-0.00013631667410218817,-0.00035874697116211607,-0.0015426119759970325,-0.0004735460019340554,-0.0006887941846313028
2020-12-30 10:55:00,13943.7,53.87204919340328,49.00462505297555,23.87504999494096,-0.0004231373308376529,-0.0004876826093505038,-0.001577773474759181,-0.0036647374800089505,0.002194532297740137
2020-12-30 13:30:00,13916.2999,47.90978797681365,45.83336795882217,22.15558250934642,0.0013868700831893843,0.002867148616134685,0.0024719286194745393,,0.004167774510234645
2020-12-31 12:50:00,13994.5,54.331685076503376,54.18457641219442,32.70232754362583,0.00010718496552208912,-0.0005073493158026521,0.0010575511808210702,-0.000778877416127699,-0.0019579120368715675
2020-12-31 13:30:00,14006.8999,56.543581983862346,56.54291220946662,22.23647493412806,-0.00022131949411596796,0.0008281704076431584,-0.0012136875483774734,,-0.0028414495915688454
2021-01-01 09:20:00,14013.3999,51.60028204296352,49.689074882986134,32.21938251229544,0.0002854410798625029,0.0007635620246588815,0.000941962699573029,0.0010561391315180302,6.422424296892437e-05
2021-01-01 12:40:00,14037.7999,58.69980844734884,56.58075518332897,23.666306336716413,-0.0002065850789053636,-0.0005413882555769245,-0.0008690749324614666,0.0005129080091816896,-0.0016740515014749269
2021-01-01 12:55:00,14034.8999,58.30171784462727,58.169675257353745,24.94309149496977,-0.00033487235630369483,-2.136816095144045e-05,-4.275057209357502e-05,0.00038475514884139805,-0.0014677696418768926
2021-01-01 14:05:00,14039.8999,58.649384185951995,57.1970408304634,20.896998137768506,0.0005840568706618754,0.0001709413896888723,-0.0014387495739909273,,-0.0018233748233490443
2021-01-04 09:20:00,14092.7999,52.145135173860865,51.15677966953586,40.52447405249641,2.129456191313217e-05,0.0004044689515529942,-0.0005179879123948794,-0.005818574064902493,0.0037182178397354715
2021-01-04 12:05:00,14050.0,49.05903037128841,48.50616239697565,23.789831294761974,0.0003701067615657916,0.001309601423487461,0.002170818505338179,0.003373658362989307,0.0067758007117437735
2021-01-04 15:05:00,14133.2,64.10292322023565,63.0398094746948,23.93003360759977,0.0007075538448475527,,,,0.0008490646138170632
2021-01-04 15:20:00,14143.2,66.65786413450704,64.77217076262713,26.35633505158914,,,,,0.0001414107132755582
2021-01-05 10:50:00,14107.7,51.69879406458658,49.57534832737457,34.24704654162145,0.000907305939309655,0.0015169021172833919,0.0010278075093743677,0.0029274793198039717,0.006443289834629384
2021-01-05 14:00:00,14165.5,60.437879901236215,60.06168961367792,25.053725102823837,-0.0007059404892167942,0.0007553563234619087,0.001680131304931054,,0.002336663019307572
2021-01-05 15:05:00,14197.8999,66.33181598977097,63.974129246130964,25.95513443708105,0.0008311158751019843,,,,4.9310109588862616e-05
2021-01-06 14:40:00,14138.2999,37.8350549557826,34.429993158462,49.11969863856467,0.0005021820197774751,0.0007355976371672401,,,-0.00036071522291014624
2021-01-07 12:30:00,14205.7999,54.04944568878133,53.450686674647365,11.684284118883824,0.0005701896448646604,-0.0005279533748747678,-0.0009151191831161531,-0.001407875666332603,-0.004040603162374534
2021-01-08 09:20:00,14234.8999,48.03575626201873,41.400048008735396,54.8349961543581,0.0010748301784686554,4.9181940506626276e-05,0.002177746258686275,0.0023533709569676375,0.007622111905402296
2021-01-08 15:05:00,14346.7,65.19717820951263,64.06921489965876,32.09048448612821,0.0002230408386596494,,,,-0.00023002502317603923
2021-01-11 13:30:00,14455.8999,61.22363105330952,60.758913146352036,19.369657397110807,0.0006848414881455156,-0.0005188193092011684,0.0009407992649423935,,0.0018400860675578112
2021-01-12 12:05:00,14523.7999,62.78567146757916,59.427796886144016,29.731006010843952,-0.0007367149143936436,0.000833115306139609,0.0013013192229398562,0.003201641465743421,0.00340819897966238
2021-01-13 09:40:00,14645.0,71.76876043553654,71.12925953432827,44.37147885886131,-0.0010652167975417903,-0.0015090542847387978,-0.002929327415500116,-0.00602254011608061,-0.005858654831000343
2021-01-13 12:45:00,14576.7,47.011087868081916,43.8690665611326,29.033203254621576,-0.0004047623947807111,-0.0016053084717392307,-0.0055842611839442835,-0.002785266898543637,-0.0012005460769584086
2021-01-13 14:20:00,14504.7,33.617332990749695,33.168331747786056,47.70563883376052,0.0012340827455927794,0.0032472164195054276,0.003509207360372857,,0.0037574027728943804
2021-01-14 10:15:00,14508.2,43.908519872438106,43.43176257332376,37.57004013979683,0.0013785307619138543,0.00204021863497883,0.004004624970706194,0.005197060972415679,0.006258529659089351
2021-01-14 13:50:00,14608.6,58.517819010493525,58.40519721194016,21.072944629055208,-0.0011636980956423182,-0.00023273961912839702,-0.0012732226222910148,,-0.0006571471598921796
2021-01-15 11:35:00,14483.3999,33.94221207284866,32.317224415428335,42.85659697958656,0.0015811204660585165,-8.284656974777427e-05,0.00253394232385995,0.003231292398409913,-0.003390087986177903
2021-01-15 14:40:00,14443.2,38.28239924997741,37.767078571457,42.80907099810264,-0.00012463304530851982,-0.000713145286363126,,,-0.0006162138584248078
2021-01-18 09:45:00,14373.1,31.352531062582713,30.39430156218379,57.8082312504047,-0.002282047714132651,-0.0040701031788549225,-0.004021408046976704,-0.005663357243740008,-0.010157864343808942
2021-01-18 10:00:00,14340.2999,31.228576945677435,27.30446662910622,57.1324915312189,-0.0017921452256378645,-0.0033960168434133964,-0.0023848803887287495,-0.004281639883974786,-0.007893830728044948
2021-01-19 09:20:00,14405.0,45.900082286204906,42.433328722387735,35.942032538659284,-0.002165921555015604,-0.0012218049288441613,0.000805275945852113,0.002360291565428607,0.008372093023255811
2021-01-19 11:45:00,14464.0,62.09804967460278,60.68150858477236,26.193250104719013,-3.456858407080432e-05,-0.0002627212389380018,-0.00024890071902650135,0.002412880254424765,0.004258849557522204
2021-01-19 13:50:00,14506.2,69.4063722434405,69.25588485852784,39.714745045396384,-0.0004756655774772467,-0.000778984158497753,0.0023782934193654626,,0.0013373591981360455
2021-01-19 14:50:00,14540.7,75.60191280463785,74.44503545093009,46.13213692003581,-0.0011485004160735057,-0.0019875315493752543,,,-0.001038464448066434
2021-01-20 14:10:00,14631.7,67.0478216086346,66.89109192131878,19.701496794552455,0.0014078951864786582,0.0013122125248603567,0.0007996268376195825,,-0.0005399304250360837
2021-01-21 09:35:00,14727.8999,69.3184998141362,69.12704974637998,45.67025770829261,-0.0009234174656497229,-0.0004684917772967978,-6.110171892192984e-05,0.0006586207175403036,-0.006538603647082142
2021-01-21 11:10:00,14741.1,69.48160430547247,69.46335024208526,38.65215252219278,-0.00013567508530576422,-0.0007733479862425119,-0.000447727781508922,6.7837542652160465e-06,-0.007428210920487621
2021-01-22 09:20:00,14599.7999,37.62982441646009,37.33043646500792,62.02332411215458,-0.0013698817885853254,0.0003424704471464146,-0.0024657872194535635,-0.009842593801576704,-0.01596596539655304
2021-01-22 11:30:00,14504.6,32.48042523462803,30.09242400458423,44.53831981849421,-0.00022752092439637384,0.0005722253629882879,-0.001496084000937592,-0.005584435282599998,-0.009507328709512763
2021-01-25 12:20:00,14360.2999,44.38789894354218,43.153542636172176,28.46253412902535,0.0015250447520249732,0.0011002625369962438,0.002402456789917018,-0.0056475074033794925,-0.007562509192443723
2021-01-27 10:05:00,14154.2999,28.364015382146004,25.56125009747109,69.80654772458963,-0.0023314469972478546,-0.0013564711879532343,-0.0020982952325321325,-0.004458002193382882,-0.013275117902511013
2021-01-28 13:10:00,13740.7,27.13671594654345,26.747948408403936,57.569684644404354,0.006047719548494479,0.006819150407184393,0.004432088612661644,0.005829390060186013,0.005843952637056393
2021-01-29 11:05:00,13851.6,51.25433278466137,51.09083116562079,15.429278807288192,0.00015881919778215625,-0.0014222255912674786,-0.003963441046521687,-0.0057394091657281265,-0.013882879956106153
2021-01-29 14:10:00,13803.7999,43.880460321011036,38.70470150822541,40.5181905539413,0.002644199442502826,-0.0005505657902212802,-0.012923977549109456,,-0.010468132039497369
2021-02-01 09:20:00,13727.2999,40.158495969258915,38.9565943321678,38.30732808496313,-0.0031980069146737566,-0.0009761570081235904,0.001471527550731322,0.006782105780321679,0.04431316460129198
2021-02-01 12:50:00,13986.5,60.724160791477786,58.7242973591685,30.799694857637718,0.0050977657026418655,0.00914452507775354,0.014042104886855311,0.019897751403138653,0.02495978264755294
2021-02-01 14:35:00,14260.2999,72.51902443726796,71.21848354563838,31.033524553240436,0.0003155613859144868,0.0006030728708588118,,,0.005280400870110835
2021-02-01 15:25:00,14335.6,75.04679100424765,74.26853973535528,37.22763868180779,,,,,0.0
2021-02-02 14:20:00,14662.1,65.50603251296069,65.34440959979773,23.284942039116764,0.0010980691715374302,-0.0023802865892333935,0.00017050763533199564,,0.0006411087088480372
2021-02-03 10:15:00,14777.6,71.41704808125655,71.3230900738657,43.965970783461984,0.0016105389237766055,0.0010624120290168015,0.0020910025985274583,0.0036203443048938855,0.00045338214595069815
2021-02-04 10:30:00,14752.7999,42.56636819958277,41.34606467603302,45.06285406343771,-0.0018911664354641644,0.0010981034183212834,0.0030638319713127693,0.006541131219437224,0.009232152603113608
2021-02-04 10:55:00,14738.0,40.26635711105626,39.801390576187345,44.74621744365313,0.0031415320939069957,0.004227161080200936,0.005943818699959413,0.005767403989686448,0.010245623558148953
2021-02-04 14:05:00,14876.5,60.34606711435356,59.12600266023265,25.18275028010018,0.0015124525257956822,0.00010755217961211372,0.001499001781332998,,0.0008402514032197494
2021-02-05 09:20:00,14982.7,65.26285274682448,65.19212030742032,39.21404567387661,0.0004405013782562417,-0.002956750118469964,-0.003811062091612305,-0.0023293598617072364,-0.0027364894177951404
2021-02-05 11:50:00,14985.7999,61.98644197614004,61.89550849847474,20.856996658328164,-0.0009275447485456167,-0.0012478412980810871,-0.0008341229753108248,-0.0037635628646022212,-0.002942779183912614
2021-02-05 14:30:00,14945.2999,50.69486363827656,50.03440475927209,16.78945518505138,-0.0013382133603087043,-0.0008966029514068108,,,-0.00024087171378872618
2021-02-05 15:00:00,14931.8999,48.83674749403762,48.708469010668296,18.96412839796253,0.0004420134104969886,,,,0.0006563196957944939
2021-02-05 15:15:00,14938.5,48.75666814828914,47.86464685686995,21.112241770251753,,,,,0.000214211600896963
2021-02-08 14:00:00,15143.7,64.30755650430837,63.78000649258888,21.482759297671265,0.0008452359727146863,2.6413624147236803e-05,-0.0023904329853339235,,-0.001030131341746121
2021-02-09 09:35:00,15174.3999,61.560098604850374,61.47993997026781,36.94237015851711,-0.0022537892915290847,-0.00034926587113337515,0.0015750210985279178,0.003321383404427003,-0.0043296539192959616
2021-02-10 09:30:00,15135.5,39.07145817083325,34.03641620063426,40.07292030882585,-0.0007928380297974602,-0.002907072775924169,-0.007855703478576781,-0.00437382973803313,0.00013213967163294704
2021-02-10 14:10:00,15042.2,37.181524160838336,36.31518494261189,40.905140897172494,-0.00017284705694653457,0.0013229447820133355,0.0043411203148475686,,0.006335509433460507
2021-02-11 10:40:00,15157.7999,60.64299920427713,60.18276383774527,17.088741198549364,9.236828624459292e-05,-0.002045151684579194,-0.0011611117784975367,-0.000996180191031537,0.001240292135008314
2021-02-11 13:55:00,15145.2,52.68637608461142,51.08817497219737,17.13169537758987,0.00021789081689238543,0.0010894540844623712,0.00025750732905471807,,0.0020732641364920035
2021-02-12 14:40:00,15145.8999,41.222879213068694,40.925665410365085,45.5727121369056,-3.3012234551987873e-05,0.0011092176833942258,,,0.0013138869351698723
2021-02-15 15:20:00,15326.2999,58.6101302724872,57.53994099828562,21.5935246695419,,,,,0.0004958796349796568
2021-02-16 13:40:00,15295.7999,38.509343810610694,38.27044583003086,31.16874689902827,-0.003196956048045596,-0.0011964003268636336,0.0010983472659054083,,0.001412152364780983
2021-02-16 14:00:00,15256.2999,35.38615995351972,34.5994442075638,30.24693588975266,0.0020450633642827842,0.004116338850942425,0.0042212135591277455,,0.00400490291882627
2021-02-17 10:15:00,15255.8999,38.34613754372924,36.52606256296996,40.54925071853025,-0.0020254393514996805,-0.00015730963205917714,0.002208988012565527,0.0017829233397106403,-0.003939459513627286
2021-02-17 13:55:00,15226.0,38.003951431390654,36.164991109958905,41.75056956517723,0.00022329567844470155,-0.00036779850256141167,-0.0006107973203729467,,-0.001983455930644973
2021-02-18 12:50:00,15138.1,30.370921282974187,29.83134210358027,57.42744517416729,-0.000607744697154855,-0.0018496376691923277,-0.0031576023411128418,-0.00034351074441307805,-0.001175847695549681
2021-02-19 09:45:00,15081.2,39.31152232750621,38.829204785074225,34.24197066129061,-0.0013261544174203443,0.0019693326790970467,0.0012863697848977118,0.000842101424289865,-0.005145479139591069
2021-02-19 11:25:00,15092.7999,44.91497949212557,43.324642948341754,20.68591027595177,-0.0007619527242258561,-0.000583052850253396,-0.001384766255332126,-0.003438725772810347,-0.005910096243971208
2021-02-19 12:40:00,15087.0,44.827520980044156,43.764591045734,14.661403432009093,-0.0007556174189699005,-0.0005037515742029042,-0.0033339961556306807,-0.009538012858752554,-0.005527937959832974
2021-02-19 14:35:00,14959.0,32.9149357553257,32.39480957292239,47.69598588561974,-0.00157765224948192,0.0018985159435791488,,,0.002981482719433215
2021-02-19 15:00:00,14939.6,33.47482532743988,30.365833541525316,49.12139256806413,0.00433076521459741,,,,0.0042839165707246885
2021-02-22 10:35:00,14914.7999,37.4620430876438,36.215850792742295,37.89611299433664,-3.352374844800554e-05,-0.0031713398984319907,-0.005605164035757504,-0.007650112691086064,-0.018257026700036372
2021-02-22 12:25:00,14804.8999,30.09957306350233,27.773317445768736,57.77698401463027,0.0007767698584710825,-0.0026950469283484324,-0.002438381903548059,-0.007058473931323195,-0.010969334551191423
2021-02-23 13:05:00,14774.2,47.443058094523586,46.206752081809604,33.652417260321215,-0.001272495295853604,-0.003587334678019749,-0.003147378538262635,-0.004291271270187247,-0.0038445465744337826
2021-02-23 14:15:00,14748.7,48.83230000700088,47.75802222140035,15.786552053330134,-0.0004068155159437925,-0.0010373863459152144,-0.002264613152345718,,-0.0021222277217652907
2021-02-24 09:15:00,14769.3999,48.77535216323338,44.7145505567518,28.64984308441131,0.00130676263969276,0.0005010359290222866,0.0030536176354734046,0.0030536176354734046,0.0008057199399142956
2021-02-25 09:20:00,15145.0,39.84077992336165,36.0519191821816,94.92559022603055,0.00017827665896330558,0.0010564542753384032,-0.0011488940244305246,-0.0009177946517001656,-0.0027203763618356414
2021-02-26 11:15:00,14699.7999,20.430619513483727,18.990928292274496,80.31250626442231,-0.0024490129284004958,-0.002863977760676817,-0.005374222815101026,-0.008353848408507947,-0.011877705899928537
2021-03-01 09:15:00,14702.2,40.97466518652692,34.09709999600657,42.02812345786682,-0.0020133041313544764,0.003802152058875574,0.00341444817782377,0.005087673953557914,0.0056794221273006595
2021-03-01 13:00:00,14718.7,46.87651096859866,46.62764890163859,31.373726826245367,-0.00013588156562738263,0.002262428067696165,0.0027448076256735288,0.0009783472725173326,0.004552032448517762
2021-03-01 15:15:00,14784.6,55.76780675877638,54.277599460931,18.723348948004677,,,,,7.440174235351371e-05
2021-03-02 13:45:00,14860.8999,52.23537995577878,50.88180625223538,30.195753913591933,-0.0009218755319116978,-0.0008074881118067534,-0.002160030699083104,,0.005612042377056925
2021-03-02 15:00:00,14869.7999,54.711728285422495,54.21962546836357,21.98211808382406,0.005366588692293117,,,,0.0050101548441146004
2021-03-04 10:45:00,15075.2999,48.567528140809145,48.35907603787775,23.26095761175901,-4.642693708534207e-05,0.004623463576999942,0.005008192241668041,0.007270170459428238,0.0007694705960707982
2021-03-05 09:55:00,15062.2999,42.11915068208866,39.02942114785374,37.0141035722093,0.00019254031716631204,-0.0034855234823734094,-0.006566062331556655,-0.003810839007394873,-0.006639092347377806
2021-03-05 14:35:00,14922.5,35.576102213640596,33.87542720236467,45.38181052534945,-0.00020774669123801992,0.0021645099681688595,,,0.002667106718043266
2021-03-08 14:10:00,14985.2999,44.73934452195951,43.097783960830654,27.594643677750998,0.0028561390352954685,0.0028694787749961037,-0.001461432213311853,,-0.0014881183659194441
2021-03-09 09:15:00,15087.0,49.937529447174896,45.52165513632208,32.629162574964525,0.0005766553986876755,-0.002432564459468378,-0.0013919268244183547,-0.0014515808311791334,0.0007423609730232705
2021-03-09 11:35:00,15082.7,58.091199652721315,57.597975260371165,19.29635390595979,-0.0005834565429266858,-0.0015381861337824265,-0.004322833444940333,-0.006603592195031371,0.001027667460070214
2021-03-09 13:50:00,14979.3999,36.942601686268645,36.148013015501554,45.67738357414683,-0.0002469992139003674,0.0018425370965629018,0.003611633333856057,,0.007930898486794513
2021-03-10 13:00:00,15157.1,58.28062776685731,58.22847435352142,20.229696778216525,0.0010226230611396492,-0.0008708855915710023,0.00023091488477344768,0.0003892565200467324,0.0007521227675477693
2021-03-10 14:10:00,15180.6,60.0963607948264,58.5348258163922,15.706195002266922,0.00027008155145380464,0.0003425358681474755,-0.0003030183260214203,,-0.0007970699445345453
2021-03-12 09:20:00,15306.7,64.80077138694051,59.81227956903108,29.112493861360864,-0.0007839704181828999,-0.0016136724440931616,-0.00233885161399916,-0.0023061861799081873,-0.018527834216388928
2021-03-12 14:35:00,15009.6,27.91627023439148,27.81848107861763,67.12295569186249,-0.0008261379383860401,0.001958746402302536,,,0.000899424368404178
2021-03-15 09:45:00,14869.7,24.747541041041117,24.00205820136631,57.111410378571,-0.0016476458839115304,0.0009146048676167418,0.00042368037014872684,-0.005702879008991468,0.0034835941545559024
2021-03-16 14:30:00,14938.2,44.87009020762956,43.92517518917702,15.891939130804685,-0.0003146296073155419,-0.0013790148746167796,,,-0.0009974494919067212
2021-03-16 15:25:00,14923.2999,43.952557688984555,43.02673988960385,19.203259788449156,,,,,0.0
2021-03-17 09:20:00,14925.2,44.63464780080496,43.40263558273854,22.282346541325126,-0.00011390132125532748,-0.0017621271406748074,-0.00450915900624449,-0.0016884195856672335,-0.01457266904296095
2021-03-17 10:05:00,14902.0,42.00568626615228,41.92480437424144,31.421456814245495,-0.0029593410280499555,-0.0007985505301301155,-0.002878808213662598,-0.002489605422090979,-0.013038518319688608
2021-03-17 10:35:00,14890.1,38.509874128794245,37.29487999420986,38.509179138285944,-0.0008394839524247244,-0.0020819202020133654,0.0021087836884909894,-0.0033445107823318887,-0.012249749833782131
2021-03-17 13:15:00,14854.5,38.694517437841114,36.002341590899434,25.18501921232403,-0.00014137803359248746,-0.002167700023561925,-0.005048975058063232,-0.009471883940893377,-0.009882527180315681
2021-03-17 14:35:00,14784.2,30.01765994747437,29.644552288887727,31.68492547782083,-6.763977760115836e-06,-0.004998586328648247,,,-0.005174442986431438
2021-03-18 09:15:00,14837.1,34.62492662109879,23.505293859242137,40.61079090196654,0.0004380910016108519,0.0010177190960498628,-0.0025544075324692717,-0.004016957491693174,-0.017193386847834224
2021-03-18 10:50:00,14801.7,44.120109182937455,42.9578505573318,21.300496608275353,-0.0005945330603916998,-0.001364708107852497,-0.00022295412013484395,-0.0014525358573677094,-0.014842889668078674
2021-03-18 11:45:00,14787.6,44.39100607309185,43.84618709776021,18.435060515604413,0.0008993954394223014,0.0015418255835970562,0.00045307554978490927,-0.010454705293624467,-0.01390354080445777
2021-03-18 14:35:00,14551.3999,24.245352547679882,23.043810096978266,56.637106084969425,-0.0016287024040896325,-0.0005428962199025555,,,0.0021028973301737697
2021-03-19 12:35:00,14576.2,50.68865312892367,47.1644418143143,22.248193598403674,0.0011388359105939383,-0.0011319822724715767,0.0028814094208367003,0.01074353398004968,0.011127721902827847
2021-03-22 11:55:00,14706.3999,54.58998503498686,52.5265138689041,21.85975102803245,-0.00172033265598881,-0.0049094204217852155,-0.005936184286679191,-0.00304628599144785,0.0026315141885948634
2021-03-22 13:35:00,14662.8999,45.13264856138792,41.2448313239138,28.337959938542927,0.0013367137560558184,0.002584754738726547,0.0009138710685734353,,0.005605992031630702
2021-03-23 12:50:00,14799.2,54.71155169049714,52.163843728501064,21.789564104033172,-0.0012906103032596095,-0.0010338464241310685,0.0012027677171737583,0.004574564841342665,0.0004865060273528954
2021-03-23 13:45:00,14800.1,55.80780118665774,55.40539657238443,19.352764955184526,-9.459395544619831e-05,0.0024661995527057723,0.0037229478179201525,,0.0004256660427970349
2021-03-24 11:15:00,14622.0,31.694972710480304,30.635015454094045,58.52445913615709,-0.002537279441936824,0.0004240186021065018,0.0014840651073724231,-0.00021201614006294278,-0.003946115442483911
2021-03-24 11:35:00,14600.0,28.741285621867068,28.514727591482348,58.53108549490862,0.0024999999999999467,0.0019109520547946346,0.0043424589041096695,0.001554794520548075,-0.0024452123287671546
2021-03-25 10:05:00,14444.2,26.83440322190589,25.04090816884677,55.65960470209659,-0.0022638844657371093,-0.0018900389083508218,-0.004700855706788909,-0.009983245870314739,-0.0067778139322358655
2021-03-26 09:15:00,14462.6,47.9871664928266,45.06294209290321,34.507630295165036,0.0017147608313858864,-0.0010233360529918745,0.0017216821318435382,0.00174933276174416,0.00387897058620168
2021-03-26 11:35:00,14532.7999,61.641275542978185,58.686419304244794,24.133143272844883,0.0013005133305385996,0.0006674625720264338,0.0010803217623605033,-0.0003371683387727309,-0.0009702122162983384
2021-03-26 12:55:00,14563.0,64.45733143627649,63.42659026842793,25.69657109547924,-0.0023209503536358866,-0.002410224541646633,-0.0012428826478060317,-0.0036942937581542212,-0.003041955641007954
2021-03-30 09:15:00,14635.8999,53.04185030164956,51.499134652762535,34.911956154036446,0.00404485548579081,0.004851085378084541,0.008007713963662733,0.009312724255513771,0.01496320701127507
2021-03-30 13:50:00,14821.2999,72.59482025549947,71.21337826684076,36.60469561833558,0.0017609791432666722,0.0032520831725428856,0.0029282249392983406,,0.002267007632711149
2021-03-31 11:15:00,14744.6,45.577524264338265,44.22644340866328,25.617314293006974,-0.0014513788098693414,-0.0012682677047868296,-0.00011530322965691564,-0.0023873214600599324,-0.0035606255849599533
2021-03-31 11:40:00,14731.2999,43.93788268165268,43.70856224327271,17.611081330886933,-0.0005905724585784089,0.0002511726748568588,0.0009707289985998457,-0.00025794736552742226,-0.0026609939561409446
2021-03-31 13:30:00,14717.2999,43.183157905213,42.823783046296576,28.479187342780612,-0.00030576260799031196,0.001270620299040015,-0.0002989678833683618,,-0.0017122638100213194
2021-03-31 14:50:00,14719.5,43.951746909822575,43.24613982475035,20.160565844282434,-0.0013179795509358216,-0.002153612554774309,,,-0.0018614762729711742
2021-04-01 09:15:00,14809.0,49.19566023267731,41.53937461985477,36.4907348048456,-0.0018367276656087173,-0.002221621986629674,-0.002457964751164776,-0.0063745019920318224,0.003815247484637796
2021-04-01 11:55:00,14734.7,48.25432183748204,46.56536152141536,26.879298103415767,0.0012826864476371824,0.0005565026773535209,0.0017849023054421487,0.004967858185100482,0.008877004621743234
2021-04-05 11:00:00,14511.1,28.97254411377217,28.25154221263179,72.67543925648825,-0.0013920447106008371,-0.0011232849336025863,0.0008131637160517791,0.0025566635196505594,0.009516852616272997
2021-04-05 11:15:00,14490.8999,27.565043251954975,24.51605386760632,74.86504723872255,0.0002691344241498861,0.0017735337472035706,0.0038989987088380307,0.006479928827608505,0.010924104168299476
2021-04-06 09:35:00,14747.7,60.731792685380164,60.265663943358184,46.57620782799165,-0.0010103338147643415,-0.0017019603056748212,-0.002305444238762666,4.067752937730873e-05,-0.0032479708700340337
2021-04-06 11:20:00,14769.6,69.11447192091663,68.19010089381888,32.777309294073305,-0.0014421582168779867,-0.0035613692991008916,-0.0038999025024374356,-0.007373253168670768,-0.004725930289242841
2021-04-06 14:15:00,14669.1,45.16710302109922,43.347880506119125,26.678385454067325,-0.0010293746719294283,-0.0014997511776455585,0.0016429092446026416,,0.0020928277808454077
2021-04-07 11:10:00,14856.0,72.77472006226486,70.58960644708624,30.37489713528852,-0.00029617662897141184,-0.0003500336564351558,0.00016154415724289883,0.0010971930533116847,-0.003251211631663975
2021-04-07 11:25:00,14851.6,73.36133208628493,73.03301627599228,36.490416517765325,-5.3872983382330375e-05,-0.0016159875030299364,-0.000531929219747318,-0.002403788144038299,-0.0029559104742923337
2021-04-08 09:20:00,14923.2,56.950877521886,51.26207637562261,29.078409478327252,2.0102926986176328e-05,0.0001340195132411015,0.0007907151281225655,0.0015412244022730004,-0.0030556449018976917
2021-04-08 13:20:00,14962.8999,59.35906261440154,58.235710460401734,20.442794447532947,0.0011695593846752228,-0.000347519533964058,-0.0014903461327038237,-0.005627244756212013,-0.0057007599175343815
2021-04-09 09:40:00,14880.5,42.31487816548478,41.49376909360499,44.149296700240775,-0.0008601861496588814,0.0017002049662309116,-0.00031585632203223746,-0.0010416316656026714,-0.0028426464164510445
2021-04-09 11:40:00,14865.0,42.70306100073405,41.86936734509743,24.641140111810724,0.0007467204843591979,-0.0007803632694247664,0.0006861755802221037,-0.003235795492768201,-0.0018028927009754447
2021-04-09 14:15:00,14844.3999,41.37322880357775,38.84476124595452,34.06858724099926,-0.0009565829602852238,-0.00011451456518629666,-0.0002761984335925005,,-0.00041765918742187047
2021-04-12 10:15:00,14434.7999,26.80804412877199,26.033549655313557,58.185960111767564,-0.00011083631301322949,0.0009698783562632762,-0.00027710810178949163,-0.0084102308893107,-0.005438246497618593
2021-04-13 12:30:00,14358.7999,46.71665181218069,43.57554926915746,35.15652921859105,0.0025489595408318966,-2.0886146620102686e-05,-0.00106554169614137,0.007535455661583423,0.01152603289638443
2021-04-13 13:35:00,14367.6,48.616986793844546,46.3331980477782,28.54739181985145,0.0017608995239288827,0.005387121022300212,0.008741891478047936,,0.010906477073415077
2021-04-15 11:45:00,14425.2999,46.707100062750854,45.26281641464544,30.71823352407264,-0.0006308291725705129,-0.0005684387885758202,0.0009150658975207726,0.002876889928645543,0.011396650408633802
2021-04-15 15:05:00,14583.6,66.4541322044987,64.7293154439481,31.03220481513298,0.0005691255931319361,,,,0.0004182780657724372
2021-04-19 10:25:00,14276.2999,29.853480448551522,27.823424647781177,53.727289439443055,0.0014849856159158126,0.00316609347776442,9.807162989061702e-05,0.0006094086045362879,0.00612204146818196
2021-04-19 15:00:00,14361.2999,51.81363621469467,47.76089278739073,25.59971576851745,0.00013926315959733593,,,,0.00016712275467489768
2021-04-20 13:15:00,14380.6,45.137957421665305,44.05303982300475,31.65488225463916,-0.00012517558377256321,-0.00020861438326635895,-0.00043114334589655634,-0.0049789299472901005,-0.007051166154402488
2021-04-20 15:05:00,14309.6,32.758503373890804,30.933456564046427,48.35457609445126,-0.0007757030245429952,,,,-0.0021244479230726476
2021-04-22 14:05:00,14386.7999,63.73573521681059,63.65577289682853,33.04739519734206,-0.0010217630120787913,0.001487481590676687,0.001654301176455597,,0.0008271540636357599
2021-04-23 10:35:00,14405.8999,60.0744621022788,59.68322432111084,24.90993796399326,4.859814415336672e-05,0.001895063841169664,0.002651698280924375,-0.0015340936806037542,-0.005185368530847501
2021-04-23 11:00:00,14425.3999,60.64535338481047,59.36995764934404,20.426054960410248,0.001649874538313556,0.0016706711888105907,0.0006862894664014796,-0.0015389452045623253,-0.006530141323846439
2021-04-23 15:05:00,14352.6,42.17521703007134,38.30231831975106,34.01981884805118,-0.00044591223889745013,,,,-0.0014910190488134356
2021-04-26 15:05:00,14489.0,47.9335902046072,46.273337427612894,15.60321550651007,0.00018634826420038664,,,,-6.908689350493269e-06
2021-04-27 12:05:00,14615.0,75.45044678760736,74.16269874528592,49.810470270774104,-6.158056790961375e-05,-0.00013000342114266594,-0.0009852890865549302,0.001293185083818038,0.002996914129319128
2021-04-27 14:10:00,14632.6,67.6090790904444,65.80463708220978,35.84944897465405,0.0008610909886144213,0.0012027937618741547,0.0014693219250168088,,0.00179051569782529
2021-04-28 09:15:00,14735.0,75.11204186869713,71.47933097654638,46.69471997845912,0.0009433254156769877,0.00152697658635903,0.001017984390905946,0.003115025449609732,0.007743467933491788
2021-04-29 11:50:00,14905.6,53.04854290118104,52.48973452570293,26.554976363579083,-0.00043607771575782106,-0.0006910221661657889,0.0019656974559896234,0.0013417775869470905,-0.0011606443215972373
2021-04-30 10:00:00,14837.2999,40.92713315558734,40.6314571770253,33.91597097528604,-0.0023521799946902844,-0.001233371309021014,-0.0013479541516849824,-0.0025813254607059966,-0.014780310533454966
2021-04-30 10:25:00,14823.1,39.1543752746936,38.255633295995935,36.519430465982545,-0.0012345663187862677,-0.0002900945146426803,-0.0019226747441493108,-0.0012210671182141253,-0.013836511930702788
2021-04-30 12:00:00,14799.0,37.38020408246292,34.71709554999561,36.336333000095046,-0.0001756943036691494,0.00047976214609102286,-0.0001351442665045166,-0.007561321710926383,-0.012230556118656644
2021-04-30 14:30:00,14704.2,31.587817470906778,29.755877254875397,51.32918271858314,0.0002448212075460976,-0.0028971314318357866,,,-0.005862270643761658
2021-05-03 09:35:00,14518.2999,22.41818114699001,21.31587655868904,63.1136744115575,0.002176563386736552,0.001067618116911806,0.0032166369562320885,0.0017632918576093726,0.008754468558677564
2021-05-04 11:10:00,14685.7,61.48070388591854,59.158704847384634,14.853897747596777,-0.0009465057845386982,0.00040856070871653216,-0.001164398019842472,-0.00729280865059212,-0.012331724058097349
2021-05-04 11:35:00,14692.2999,62.37487735704018,61.20760785387062,19.877917764961772,8.848852860676715e-05,-0.0011774807292083134,-0.0022392682033396394,-0.0057989491488666944,-0.012775392639514549
2021-05-04 15:15:00,14501.0,33.47376663668022,33.019932768845386,44.05758809623587,,,,,0.0002482587407766079
2021-05-05 11:55:00,14564.6,47.89985523662495,46.16244011544033,14.651188260288201,0.0005012084094311309,0.000542411051453584,0.00267772544388456,0.0019911291762217953,0.004819898933029476
2021-05-05 15:05:00,14606.1,53.87880195160495,52.857202055626374,13.834727140686091,0.001554138339460831,,,,0.001964925613271218
2021-05-06 12:05:00,14668.8999,59.422576681789195,58.70962877007423,23.73541046430743,0.0011930001649271826,0.0018542699306305366,0.00253598431058899,0.0019088002638834034,0.004376613136476637
2021-05-06 15:20:00,14741.3999,65.26871216392215,62.13466452879618,29.903940999980133,,,,,-0.0005630333656438946
2021-05-07 13:50:00,14827.0,56.445571533619834,52.55129373672921,26.66864405628992,-0.0001955891279422639,2.022661361023026e-05,0.0017130842382140354,,-0.0010858636271666722
2021-05-10 09:20:00,14941.0,60.32498205818321,57.44537800865633,34.58929245550428,-0.0012649755705775867,-0.0026705039823304855,-0.0007830868081118991,-0.0001539388260490826,0.0006759922361287973
2021-05-11 10:30:00,14833.2,35.631048149991685,35.459917086358566,39.42630881456703,-1.3483267265357313e-05,0.00034381657363202756,0.003148336164819465,0.0035865423509424676,0.0008629291049806476
2021-05-11 14:00:00,14839.8999,41.35265142355951,40.881679896674925,36.911343505071414,0.0003436748249225907,0.00024259597600106986,0.0009838408680911126,,0.0004110607242033826
2021-05-12 10:15:00,14742.6,30.351144698705873,30.348370787502734,51.91129860006214,-0.0015329724743261552,-0.00029167853702882773,-0.003065951731716199,0.000569777379838099,-0.0029506328598755127
2021-05-12 10:35:00,14731.6,28.186590312528715,27.16937954404433,55.767491904031296,0.00048195715333032574,-0.00023758451220501353,-0.0002579556870944133,0.00225365201335892,-0.0022061418990469983
2021-05-12 15:25:00,14699.1,39.75130578207332,39.43711135783315,46.57858472713726,,,,,0.0
2021-05-14 09:40:00,14677.6,39.6450023969274,38.218908992386474,31.51454690140122,0.00209161579549777,0.0005995462473429303,0.0008380048509293303,-0.0027184280808851824,0.0003542745407967285
2021-05-14 11:15:00,14671.6,40.98432026163312,40.34245106852881,29.714714277813556,-5.453392949650304e-05,-0.002392377109517785,-0.0023242182175087223,-0.0008860655961177022,0.0007633727746121366
2021-05-14 12:20:00,14641.1,37.17067868884626,35.470857523180726,35.758317219288294,6.147079112905907e-05,0.0011269645040332676,0.0018851042612919588,0.0010928140645170004,0.002848139825559537
2021-05-19 11:40:00,15087.1,45.50324687012261,44.8739097957605,20.121798887782923,0.0003115177867183405,0.0021939272623632267,0.0007622405896428042,-0.0031417568651364025,-0.004454142943309147
2021-05-19 14:20:00,15043.8999,36.61042171103697,35.60610487999255,37.53795547453336,0.0008043193640234758,0.0017615113219411338,-0.0021470430017950237,,-0.0015953310085504713
2021-05-20 15:15:00,14906.7999,26.906740844382956,25.093646789010823,58.38716993709489,,,,,0.0009190503724409993
2021-05-21 11:35:00,15116.7,71.32001099574539,70.58878212117013,63.190064126686075,-0.0005093704313772207,-0.0017861041100240005,-0.0012767402938472783,-0.0010981232676444685,0.004551257880357484
2021-05-21 14:25:00,15138.2999,67.30039354313492,64.07965663346043,31.18978212580825,0.0014532675495482206,0.0019486996687123614,0.0031179260757014937,,0.0031179260757014937
2021-05-24 14:40:00,15232.3999,57.13744916819407,54.329490177607624,23.036086102728916,0.0007155799527032158,-0.001903836571412465,,,-0.0031380413010296815
2021-05-25 09:20:00,15271.3999,53.2033055521602,53.18265497339335,37.28385761429364,0.0002030003811241965,-0.0013882093415679142,-0.0008185235199034135,-0.0018989745661758262,-0.003516370493316656
2021-05-25 14:35:00,15215.2999,38.7432879523946,35.851312927972444,49.175046126657385,-0.0017548060291601164,-0.0008412519032897636,,,0.00015774253651090753
2021-05-27 10:10:00,15314.1,57.3309643729639,55.87992060780259,24.819230403916336,0.00046362502530339356,-0.00019589789801555124,0.0008031748519339299,0.002442193795260561,0.0037416433221670875
2021-05-27 11:00:00,15330.2999,62.072241442666915,60.11239432037421,24.943817910140694,-0.0004435594896613493,0.0013763592452618045,0.0017612179915671433,0.0011219676139537782,0.002680965164941096
2021-05-27 15:05:00,15331.1,47.065387799735376,45.32099548734661,35.21418627534321,0.0009327380292347698,,,,0.0026286372145507553
2021-05-31 09:55:00,15457.2999,53.91581245349091,52.85874964827791,27.26109712326732,0.002574841677232431,0.0031312131040428515,0.004023995161017702,0.00476798020849678,0.007756859268804206
2021-05-31 12:35:00,15556.2,71.4351383868273,70.53360968128976,42.84468728078313,0.00018642084827913408,0.00044998135791507465,-0.0007135418675512373,0.0006621154266466256,0.001349944073745446
2021-06-01 09:20:00,15639.2999,67.35937820960932,66.43414846671605,42.79921396440503,0.0005307206878231163,-0.0017903614726385575,-0.004929881803724445,-0.005275172196167133,-0.004565421755228338
2021-06-01 12:15:00,15575.0,49.45806517501573,47.536397539112976,23.019245067932438,-0.0004044943820223912,6.420545746399497e-05,3.8523274478396985e-05,-0.00034670947030490673,-0.0004558651685393489
2021-06-02 10:45:00,15501.2999,35.07447530499595,34.548797556671474,64.72809074358462,0.00017418539202629368,0.0006967222148899221,-0.0004193196726681725,-0.0002451342806418788,0.005754362574457383
2021-06-03 14:10:00,15669.7,62.42687798587619,60.47439497569091,31.128786998851684,8.296266042107092e-05,-5.7442069727020595e-05,0.0016528714653121224,,0.001167858989004289
2021-06-03 15:10:00,15695.6,66.18817840108674,65.04755596235593,36.35696866794701,-0.0004842121358852314,,,,-0.0004842121358852314
2021-06-04 09:25:00,15712.3999,69.76471244791853,68.12384127522058,37.950652209192164,0.00012728800264305562,-0.00035004200726840295,0.0007700987803906933,-0.0037104389126449977,-0.0027430564569579374
2021-06-04 12:30:00,15679.2999,50.784208528481216,49.583151551355,24.411387296331053,0.0011288833119391661,-0.0008099787669728631,-0.001549807718136731,-0.0015880811106878667,-0.000637783578589457
2021-06-04 14:15:00,15656.2999,44.08891299500228,44.011207465812966,29.625862377615103,-0.00012135689863734811,-0.00015329292459453914,0.0007217605738378818,,0.0008303366748869667
2021-06-07 13:25:00,15742.2,60.644342895700966,59.684314752361985,34.0208433734781,0.0011751851710688488,0.00060347346622458,0.0013721017392740453,0.0003176176138024456,0.0003176176138024456
2021-06-08 10:45:00,15713.2,43.11786232429789,42.75920902802656,20.77326201484791,0.0007255046712317803,0.0010246098821373728,0.000986431789832709,0.0007764109156631616,0.0017692131456354954
2021-06-08 12:35:00,15723.7999,48.91171970279245,47.04313701939674,16.74682921332696,2.544550315741745e-05,0.0006995764427146778,0.0015645073173438107,0.0011320482398151643,0.0010938895247578628
2021-06-08 14:40:00,15743.7999,55.88408958878159,55.53104188280379,24.832850794888703,0.0002350195012323919,-0.00040650923161189567,,,-0.00017784143712340494
2021-06-09 09:35:00,15772.5,58.96274977777603,58.84479870072178,29.22843272215407,0.0009066349659216932,0.0008368996671421769,0.00021555872563006062,0.0005959676652400603,-0.008254880329687797
2021-06-09 09:50:00,15786.7999,64.18626862717109,62.06969789367601,32.021476657324754,-6.967213158881602e-05,-0.00039906124356459127,-0.0002977107475720109,-0.00014568500358325132,-0.009153216669326336
2021-06-09 14:15:00,15692.6,38.42583904798144,36.56974983392773,51.49452087068728,-0.005429317002918599,-0.0058052840192193145,-0.0030269044008003343,,-0.0032053388221200407
2021-06-09 14:45:00,15601.5,30.225897345092648,28.84127893990566,59.98344874822544,0.0014293433323719906,0.0027946030830368063,,,0.0026151267506329123
2021-06-10 13:20:00,15735.1,55.34135657967741,52.74974748307348,26.709065791362846,-0.0003813131152645699,-0.0002732807544916227,0.00017793976523816646,0.00039401719722143014,0.0006418770773621851
2021-06-10 14:20:00,15737.8999,57.79270430988439,56.81281397586367,18.127093198198033,0.00026687804768665835,-0.0003049898671677598,0.00021603899005606664,,0.00046385477391419627
2021-06-11 09:15:00,15810.7,62.4195967609882,60.28052562050869,23.560950453102993,0.0011447880233006469,0.0006008589120025665,-0.000271974042895029,-0.00048701196025480176,-0.0004111139924228846
2021-06-11 13:55:00,15789.1,51.12620380879652,50.881100450787564,19.46925098230234,0.0012666966451539974,0.0011273536807037132,0.00033566827748265915,,0.0009563559670913158
2021-06-14 10:10:00,15732.3999,44.18422228764004,41.53408705438527,35.395587558357846,-0.0009343711126996723,-0.0007119002867451707,-0.0017479850610713221,-0.0008263202106882916,0.004907077145934968
2021-06-15 09:20:00,15876.2,69.82315990852467,69.78511934349594,36.330902875261245,0.0006676597674506457,0.0004849964097202175,0.0010392915181214324,0.00045980776256282496,-0.0011526750733803492
2021-06-16 10:45:00,15801.8999,32.34154141844951,32.02061155526786,50.56327583318675,-0.0007024471785193054,-0.0008479929682380094,-0.0009555812969047617,-0.0018478727358600677,-0.0028540871847948512
2021-06-16 11:00:00,15790.7999,30.366835450112603,29.23467831857949,52.88290441800485,-0.00014564809981543192,0.0004812929077773198,-4.432327712544648e-05,-0.0009055842699899896,-0.0021531524821614134
2021-06-17 09:55:00,15726.7,35.11893378295843,34.67062867142672,49.990813153203206,0.000521399912251086,0.0007821094062963052,0.0007057996909713982,-0.0012653703574176944,-0.002905886168109051
2021-06-17 12:00:00,15717.2,36.14039050160953,35.716355823585516,26.649254947280568,-0.001177054437177083,-0.00038810984144765914,0.0010307115771257536,-0.0009416499121981392,-0.0023032092230168555
2021-06-17 12:30:00,15711.1,35.60760675510373,33.21757041353085,37.48472893578447,0.0008401639605120081,0.0014193722909281448,0.0008019807651915567,-0.0034052357887098816,-0.001915842939068546
2021-06-17 14:45:00,15659.2999,33.67689083561538,31.151006389370174,47.51426327131579,0.0022734094261775972,0.002330883259985317,,,0.0013857643789043639
2021-06-18 11:15:00,15552.0,35.77736809518998,34.34030933573263,60.34674431585452,-0.0002507716049382491,0.00018646476337447204,0.0009387860082303856,0.002321244855967075,0.010841049382716017
2021-06-21 10:30:00,15618.2,51.59847965768515,50.33631186195129,21.35312520168551,-7.683343791220487e-05,1.2799170198807275e-05,-0.0005634516141425072,0.0014406269608533417,0.008458074554045902
2021-06-21 11:35:00,15618.2,50.917038042150935,48.82582072564503,13.19651018185584,0.0004994173464292206,-0.0006722925817315151,0.0012613425362717479,0.004475547758384435,0.008458074554045902
2021-06-21 12:20:00,15619.7999,49.79479612210095,48.95821416149521,12.768161741454444,0.0011587856512809136,0.0018886285476678033,0.004270227559061146,0.0066454180376536165,0.008354780524429062
2021-06-21 14:10:00,15716.1,67.34959032215929,65.31019240491898,30.767731689799692,0.00027359841181961997,0.0010371466203447088,0.0018261464358204638,,0.002176106031394509
2021-06-22 09:20:00,15853.2999,79.08987429741,76.39937549034926,33.651399862389226,0.0013057281531652087,0.0008515577252152795,0.002005897838342152,0.00010092536002548336,-0.0055130477913938325
2021-06-23 09:20:00,15797.1,39.80756867238981,38.78677168800934,49.33668003588224,0.0006710092358723774,-0.001082477163530049,-0.0028549543903627628,-0.0019560552253261587,-0.0064695482082154365
2021-06-23 10:30:00,15765.7,39.602449562040235,36.91649276634723,33.16996069544379,0.0005518245304680924,-0.0006850377718718992,0.0006850314289881254,-0.001154404815517318,-0.004490767932917694
2021-06-23 15:25:00,15694.8999,36.11421927421496,36.05884642175906,57.05828828406203,,,,,0.0
2021-06-24 12:15:00,15774.0,55.13906051959207,54.118132060057235,30.091211878314073,-0.0002852795739824998,-1.2685431723058471e-05,0.0010333396728794408,0.0013249587929504703,0.0012996069481425732
2021-06-24 14:05:00,15811.6,64.66566842742549,62.3248064651663,37.15755988743286,-0.00294720331908227,-0.0009233727137039072,-0.001404038806951835,,-0.0010814844797490952
2021-06-25 11:50:00,15820.2,57.88066798145986,56.82596354216429,11.877330420363938,0.0003097305975903186,0.00038557666780447697,0.0009228644391348073,0.0020164094006396294,0.0017066788030493107
2021-06-28 12:40:00,15832.6,45.08351021628455,44.54711535599753,23.050431253994905,0.00017052789813409852,0.0005937117087528865,-0.0001894824602403089,-0.000353700592448547,-0.0004989704786326765
2021-06-28 14:05:00,15830.7999,44.21813834105423,43.53861070892405,27.871874673624305,0.0004863999323243551,-0.0005306112169354282,-0.0014275905287640667,,-0.00038531849549805486
2021-06-29 09:30:00,15825.1,45.171170820332556,42.79626779739052,36.872745523295535,-0.0014470682649714295,-0.004031576419738281,-0.0032859192043019902,-0.003020524356876164,-0.004789865466884868
2021-06-29 10:45:00,15755.7999,30.893291687081998,30.749620713434524,49.533414898262045,0.0004633277933416835,0.0007997055103499129,0.0010599334915391,0.0006727681277547415,-0.0004125464934344736
2021-06-29 15:00:00,15749.8999,40.363349725508606,39.72977607366805,41.33246428551887,6.984806297083423e-05,,,,-3.809548021316278e-05
2021-07-01 09:20:00,15730.6,31.35715623821597,30.274965306756293,52.0214510243688,-0.00022249628113357733,0.00043227213202290393,-0.0006357036603816812,-0.0017799702490687297,-0.002390245763035148
2021-07-01 15:20:00,15691.5,36.06645268631929,35.53245285785583,50.150687638158,,,,,9.559315552998271e-05
2021-07-02 14:45:00,15702.2999,55.77508979790986,55.61340048535008,21.231901830365008,0.0011718092328627527,0.00143927960514878,,,0.0017322366897347674
2021-07-02 15:00:00,15720.7,58.093669250169455,55.159866637475695,23.945744433917213,0.00026715731487780836,,,,0.000559771511446705
2021-07-05 15:20:00,15841.5,65.77276843703002,64.06095512054753,27.41865346153599,,,,,2.5243821607734418e-05
2021-07-06 11:20:00,15885.2999,72.61769331042736,71.43310004064408,28.12312641967905,0.00037770769439493534,0.0007554153887896486,0.0009065047616758637,0.00020145039880548055,-0.004393993216332048
2021-07-07 09:35:00,15843.7999,43.987930465281224,40.80315239727986,43.93180693291299,-0.002253241029634534,-0.0016347088554179434,-0.0017483116534436904,-0.0012496938944551728,0.0022658768872738655
2021-07-07 13:10:00,15834.2999,48.08272787384189,47.135868193739825,19.01125850609648,-0.0006125878669255291,-0.0003662871132054102,0.0012820333155367791,0.002911401217050358,0.002867199704863488
2021-07-07 13:45:00,15834.8999,48.639750929816586,47.566829240499864,22.70843608829692,0.0008020322250348322,0.0010356870017220743,0.0005746862978275313,,0.0028292000759664315
2021-07-08 13:15:00,15749.0,27.817797261297127,25.268807864281403,57.23774250768907,0.0009587910343513695,0.001206425804813005,-0.001409619658391037,-0.00049526954092316,-0.0013334179947933622
2021-07-09 11:40:00,15673.7999,39.27765493904964,38.20291955476527,34.84880666028576,-0.00018502214003635054,0.0002871033207461071,0.00013398154968147225,-1.9133841309249e-05,0.0015822646810745855
2021-07-12 14:55:00,15684.7,35.71397870025997,33.648290920713265,58.652484024710276,0.0001275127990971736,0.0002996487022384198,,,0.0002996487022384198
2021-07-13 11:40:00,15774.8999,60.16292046201599,59.60742577992656,29.31270334443164,0.0009001705297666529,0.0011537379073955911,0.0008240939772936606,0.0017306036915010203,0.0021236267876412196
2021-07-13 13:05:00,15803.5,69.62780166008595,67.92067542344714,45.00678401834452,-0.0008732242857594219,0.00010124339545036776,-0.0006897206315056303,0.0003480241718607502,0.0003100515708545082
2021-07-14 10:30:00,15801.7999,52.67129321190766,51.49360762566245,27.57066400441553,0.0013795960041236288,0.0012277145719330473,0.0021136895930444766,0.0026136326406716037,0.002778170858877882
2021-07-14 12:35:00,15846.2999,68.07357419907281,68.00826969714595,30.190227163564593,0.0005742665516510481,0.0013757217860050908,0.00041019039403633606,0.000902425177501609,-3.78574180588398e-05
2021-07-14 13:05:00,15868.1,72.63539207586687,72.45753420383821,45.883981172440755,-0.00038441905458119763,-0.000964204914261968,-0.0007814420125912269,-0.00011344143281177832,-0.0014116371840359188
2021-07-15 09:35:00,15889.6,61.93917162016216,61.79527906217193,33.33431856061907,0.00056640821669518,-0.00010069479407914805,0.0006482164434598037,0.002926442452925171,0.001869140821669557
2021-07-15 10:40:00,15912.1,67.41878300237452,65.95116305169711,33.583806942632805,0.0013574575323180849,0.0012757524148290234,0.0011814845306401534,0.0013888801603811896,0.00045247955958038766
2021-07-16 09:40:00,15953.8999,57.970816730022335,56.50336414198595,45.20061598318744,0.00016297582511470843,-0.00166730392986858,-0.0006456039002726843,-0.0018490776665835984,-0.001974438864318029
2021-07-16 12:45:00,15913.7,43.78834131158275,42.77352160625849,27.65381653761998,-0.0004838598188982024,0.00023249778492751005,-0.0009048869841709051,0.0011059590164448352,0.0005466924725237021
2021-07-16 14:10:00,15904.2999,39.48862780145366,39.31315172385018,41.851764367971846,0.0012952472054428288,0.0017290921431882822,0.0012135145917362422,,0.0011380570106076515
2021-07-19 10:05:00,15828.5,35.71021241636907,35.31067086248112,41.30981235588045,-0.0003853871181729307,-6.317718040238507e-05,-0.0003980162365353479,-0.0005496477872192207,-0.004333960893325273
2021-07-19 13:20:00,15769.5,28.000712370842365,24.870002885806883,57.80439938126669,-0.0004882906877199389,-0.0006151177906719152,-0.0014838771045372345,-0.0005580392529883627,-0.0006087764355242609
2021-07-20 09:45:00,15650.0,29.012760371344548,28.86980439820126,42.90451684316874,0.0007795527156551074,0.000734824281150237,-0.002760389776357841,-0.002753999999999923,-0.0017635846645367437
2021-07-20 10:00:00,15662.2,29.451554974382024,27.12055367024743,42.688277660257185,-4.469359349268398e-05,-0.0012578054168636,-0.003543563484057155,-0.004418280956698384,-0.002541156414807677
2021-07-20 11:15:00,15599.2999,25.27283139249776,23.718437599649157,50.126107475954036,0.0008077285571002069,0.00048720135190172265,-0.0007372125719564693,0.004538671636154623,0.0014808356880169349
2021-07-22 09:20:00,15747.6,52.71667512153216,45.131512916327075,41.08838962228046,0.0013398867128959768,0.0017399476745663112,0.002311463334095265,0.0037021450887755325,0.0051499911097563356
2021-07-22 15:10:00,15818.7999,55.043667649755314,53.867394135739886,41.76339349572609,0.0006258439364923429,,,,0.0006258439364923429
2021-07-23 11:50:00,15847.2999,54.79617742697107,54.56882711297868,14.872632875646246,9.465334848623996e-05,0.0004985139455839782,0.0013882491111310014,0.002334782595992957,0.00015145166780117236
2021-07-26 10:05:00,15873.2999,51.38149548078606,51.15653582286003,31.81118335098537,-0.00037799323630238746,0.0006992874871594168,0.0006866940125034304,-0.001253677567069733,-0.003332640366733086
2021-07-26 12:35:00,15866.2,47.10200994309148,46.323584720664726,37.64454229041842,-0.0005735462807729963,-0.0003088389154303206,-0.0002962271999596977,-0.0017773631997580752,-0.0028866458257176264
2021-07-26 13:35:00,15861.5,48.6128719184646,46.53956901858213,21.880960167053125,-0.0004917567695362779,-0.0007376414588784463,-0.0014815748825772745,,-0.0025911862055921775
2021-07-26 14:00:00,15854.5,47.36768876341279,45.71669091202093,22.54569880623629,-0.0002901447538553592,-0.0010596360654703263,-0.0016399129584661054,,-0.002150815225961056
2021-07-27 09:15:00,15871.7,42.71556058783702,38.66310002082363,20.775498420727438,-0.0002646219371585934,-0.0010395861816944185,0.00028352350409854843,-0.0013672133419860844,-0.007926063370653491
2021-07-27 13:30:00,15752.0,29.781989539384497,28.611495432059932,53.14398722286952,0.0003301168105638297,-0.001326815642458068,-0.0023552628237684115,,-0.00038725876079226396
2021-07-28 10:05:00,15653.7,31.602003808264502,30.57702454862344,48.66465769437527,-0.0026511304036744843,-0.004382350498604137,-0.0059921999271738136,-0.0021400691210384792,0.003845729763570338
2021-07-28 11:10:00,15588.3999,25.831712308584827,21.78911908535475,58.02311968723525,0.0014241423200851422,0.0005966038887672553,0.0027841215441233302,0.0049524069497344225,0.008050858382199877
2021-07-28 15:05:00,15716.6,59.213493800736785,55.059570761040206,31.87804226955152,-0.0004708397490551519,,,,-0.00017179924411137026
2021-07-30 09:35:00,15812.7999,55.190187820798315,52.63899461685405,28.001895506401276,0.00012647981462166058,0.00041105939752017484,-7.588156478222086e-05,-0.000550180869613115,-0.0023967924870788027
2021-07-30 12:05:00,15816.0,57.12969064426249,56.17988700267668,17.268002414057896,-0.0003034901365704945,-0.00046788062721292434,-0.0005880121396054649,0.0022572078907436843,-0.0025986406170965815
2021-07-30 13:40:00,15832.7999,60.01045398186182,57.163281029655124,16.726392633418225,0.0014905765340973431,0.0013010964662036884,-0.0002147440769462161,,-0.003656965310349203
2021-08-02 09:25:00,15863.3999,52.452052447761886,47.10589967563726,52.187134901996714,-0.0006366857082131805,-0.0001512853496179467,-0.0005421284248151581,0.000907749920620704,0.0015318342948664743
2021-08-02 15:10:00,15889.3999,53.50874832366301,53.39065709129505,35.15238278672843,-0.00010698327254010653,,,,-0.00010698327254010653
2021-08-04 14:15:00,16279.5,63.91781339174175,62.87039096541713,27.861125699358006,-0.00066341103842249,-0.0013145366872446829,-0.001977953868362081,,-0.0015725360115482756
2021-08-05 11:15:00,16244.6,48.284125001711075,48.24168433200281,14.106802895503684,-7.387685754034479e-05,0.0009972483163636081,0.002117626780591575,0.005324846410499573,0.002382323972273781
2021-08-06 11:20:00,16283.3999,45.69920117325668,44.667593325114616,27.83228908745757,-0.002210840501436051,-0.0005711276549806854,-0.0006755345976610094,-0.0011238377803397537,-0.0018853495086120775
2021-08-06 11:45:00,16268.8999,42.1685909385015,41.76965988110139,30.824018641737286,0.0005839362254604907,0.0002274339397712044,0.0003257810935328731,8.605375954151562e-05,-0.000995758785140688
2021-08-06 13:20:00,16265.1,44.60084023700378,43.75065729539451,19.89481625244834,-0.0004857025164308748,-0.0004611099839533228,-1.8450547491277725e-05,-0.0009898494322199136,-0.0007623685068028907
2021-08-09 09:15:00,16297.2,48.29239012541058,43.09010834995818,36.25355687670447,0.0005338278968165522,0.0006565483641360892,-0.0007424588272831878,-0.00019021672434527126,-0.0027121223277618567
2021-08-09 14:10:00,16229.8999,40.097586375629945,35.88946104146096,38.72552028672046,0.0003265639364786743,-0.00046211005897822677,0.0018114714311947555,,0.0014233051431205013
2021-08-10 10:50:00,16344.1,64.64075397094253,63.40262203486383,34.63001687939711,-4.895344497402032e-05,-0.0007464528484284472,0.00023249368273559057,-0.0005261837605007313,-0.00455821978573312
2021-08-10 11:55:00,16356.6,66.64992366383821,65.19358119914271,31.420447223688058,-0.0003362557010625489,-0.0007581037623956011,-0.0019869655062788594,-0.004725927148673925,-0.005318953816807914
2021-08-10 14:55:00,16272.3999,43.26833655403322,42.19745284874568,39.633510169345605,0.0009095216496000091,-0.0001720643554242729,,,-0.0001720643554242729
2021-08-11 11:20:00,16190.8999,35.883268858400776,34.32093067143325,26.776857327371786,0.0002902926970724806,-0.0006176308952413612,0.0015934938860315828,0.004020783304329978,0.005212804755836853
2021-08-11 15:05:00,16284.5,58.58784111727997,54.592094822425295,29.159949225334152,0.00011666922533692947,,,,-0.0005649605453038609
2021-08-13 09:20:00,16425.4,66.39900563880366,63.66906804062532,36.66362947576073,0.0008766848904744329,0.0011689152166765027,0.0006636002776188032,0.0029101269984292966,0.005735014063584343
2021-08-16 11:20:00,16572.7999,65.63115546995436,64.58490874175669,35.4342836708253,-0.00034996500500805716,-0.0004163388227477194,-0.0010680150672669475,-0.0003318690886987552,-0.0015688356920304791
2021-08-16 14:45:00,16584.7999,60.31143507967373,60.067055147620444,33.08281822162067,-0.0007356133371256846,-0.001549611701977871,,,-0.0022912546566208336
2021-08-17 10:30:00,16575.2,52.31379323160474,51.420930600735986,14.914535307269455,0.00019305951059411797,-1.2066219412187884e-05,0.0001327284135335116,-0.0020090255321202344,0.0019426613253534786
2021-08-17 13:10:00,16530.9,41.671676373051525,39.620766999476935,35.770826079057784,0.00020566938279231728,0.0020749021529378187,0.002710076281388085,0.005522990278811202,0.004627697221566862
2021-08-18 14:45:00,16540.0,30.7090431299473,30.536421890819284,49.59170099283455,0.0026360278113664037,0.0012333736396614725,,,0.0007255139056832061
2021-08-20 09:30:00,16485.9,31.800533475920226,31.739981648248545,46.74097205027607,0.0010372500136479612,-0.0009947894867736728,-0.002850921090143732,-0.0013708745048799376,-0.0043188421620901085
2021-08-20 13:25:00,16456.2999,39.84179643936308,38.85553030040667,40.91928920321477,-0.0008750387442805208,-0.0012092572522940381,0.001859476321284026,-0.0025279011839107746,-0.0025279011839107746
2021-08-23 09:15:00,16560.0999,46.84325545512209,44.2591841804839,34.32925022705507,-0.00015096527286051487,-0.0007246333097301605,-0.0038224407088268686,-0.005670249610028044,-0.004396108745696625
2021-08-23 11:25:00,16478.5999,48.617607339775994,47.772654891330106,22.837253020405534,0.00016384887165088458,0.001201564460582727,0.0014382289844903084,0.0018994392842803798,0.0005279574753191962
2021-08-23 13:15:00,16505.9,53.59320126363905,53.3960379236959,19.84509473935219,2.422770039811617e-05,0.00047861067860588413,0.0008057724813550493,-0.0008905906372873584,-0.00112687584439497
2021-08-24 09:20:00,16531.2,51.21592678966864,51.05793582791915,28.89370481087784,0.0005988615466512304,-0.001482046070460652,0.00045368757259001136,0.0006714515582657565,0.005087343931475141
2021-08-24 10:25:00,16534.7,55.261449693038706,54.76330842384323,20.698243611742907,-0.0001451553399819394,-7.25746460474852e-05,0.0009979013831518113,0.001548253067790828,0.004874591011630125
2021-08-24 11:25:00,16551.2,59.79842333933097,57.6820374169417,14.139062434853743,-0.0007733578229977001,-0.00029605708347424375,0.0005498030354296191,0.002144859587220216,0.0038728249311228424
2021-08-24 12:05:00,16558.0999,61.29691367120031,59.974677831264486,18.019488754179832,0.000386523818472595,0.0009119464244806696,0.0007307662155124905,0.003726272964448052,0.003454502650995561
2021-08-24 13:20:00,16580.9,67.43440738743797,66.37269589939265,40.81515366235605,0.0014233244275039247,0.0019781797128020084,0.0032386601451066532,0.0022254461458666164,0.00207467025312269
2021-08-24 14:20:00,16634.5999,75.36147549159553,75.24662369746626,62.34369430631893,-6.01156628960986e-05,0.00015630673509603454,-0.0010099431366545897,,-0.0011602322938948362
2021-08-25 13:25:00,16687.5999,55.696105553690266,55.16155480929856,22.399520447585598,-0.0007430607201938111,-0.0007190968187102964,-0.0029662743771798894,-0.003080125381002219,-0.003080125381002219
2021-08-25 15:25:00,16636.2,42.94421733388774,42.55412053174236,42.77995775292072,,,,,0.0
2021-08-26 09:25:00,16655.0,44.82843201776968,42.221779812591635,41.03015315755658,0.00034223956769752206,0.00058240768537976,0.0008886160312220337,0.00040228159711808154,-0.0011948423896727123
2021-08-26 13:05:00,16641.0,38.66319775712287,37.78664142799677,26.422875017332178,-1.8027762754613263e-05,-0.00066702722192169,0.00033651222883257503,-6.61017967669153e-05,-0.000354552010095488
2021-08-26 14:45:00,16624.2999,39.47681334819221,36.36186253893794,27.170173263173194,0.0005233363240757516,0.0015098440325898022,,,0.000649651417801822
2021-08-30 09:25:00,16815.9,66.82892326872589,63.75423865769035,43.09704116034322,0.0009812142079816955,0.001962428415963391,0.00268792630783965,0.0024619497023650183,0.007308553214517177
2021-08-31 12:25:00,17010.9,68.86257543831547,67.44846109832255,35.14073274547211,0.0002998077703117996,0.0012580110399802447,0.00022338618180106629,0.002933407403488353,0.0069955146406128765
2021-08-31 15:05:00,17136.2,73.8174838351722,70.62002818797025,41.72365956927099,-9.920519134931638e-05,,,,-0.00036764276794154505
2021-09-01 12:50:00,17118.7999,49.20487123455033,48.403922716141444,31.18300472337376,0.000257033204763335,-0.001057311266311478,0.0009696999846349197,-0.0015655244617936992,-0.0034698635621064344
2021-09-02 09:25:00,17127.7,47.2015039521596,42.00101875880969,34.603191279331185,-0.0008290663661788544,-0.0001634778750211341,-0.0004845951295270323,0.00214272786188463,0.006083712349001846
2021-09-02 14:10:00,17216.7,67.12686630595428,64.40459497273392,29.858239666950265,0.00112100460599307,0.0011093821696377404,0.0008770496088101876,,0.0008828637311448784
2021-09-03 12:15:00,17276.5999,58.03648266637551,57.60179213063637,29.006997457086225,-0.00012154590672674992,-0.00010996955483122406,0.0013197099042618898,-3.472326751063903e-05,0.0025410150292362044
2021-09-03 12:45:00,17274.7,58.39142137264747,58.09916945537753,20.935846967509914,1.7366437622623465e-05,0.001429836697598219,0.0018639976381644718,0.000630974778143889,0.0026512761437245125
2021-09-03 15:00:00,17319.9,57.3278448428781,56.559214842975294,22.1202851581657,0.00035796396053089374,,,,3.464223234539432e-05
2021-09-06 13:05:00,17388.5,60.17143879004384,59.117835758084674,21.930139551478234,-0.0004255743738676987,-0.0005233343876699381,-7.476205538137215e-05,-0.0003047991488627222,-0.0006958622077809506
2021-09-07 10:45:00,17339.0999,42.805939865894665,41.90356386410723,24.493565253419696,-0.0008881602902581776,-0.0011476893330547577,-0.001170764348615294,0.005478946459037459,0.0010381161711860987
2021-09-08 10:20:00,17357.9,45.245521273947965,44.48096945540301,42.661011096547796,0.0003226196717343033,0.0006452335824034261,2.3038501201222417e-05,-0.0018089745879398267,0.00046664631090154174
2021-09-08 11:45:00,17363.2,48.82161421326929,46.67875904985607,21.353618476181367,0.00038010850534475615,-0.0008638960560265474,-0.0032079340213786445,-0.004532574640619291,0.00016126059712484597
2021-09-08 13:20:00,17310.5999,34.48113810435732,33.03301051190955,51.970542597808425,-0.0007914168243239317,-0.0013864337538065374,-0.00034660843845157885,0.003379432274903449,0.0032003570251772917
2021-09-09 10:20:00,17343.7,51.45345090866594,49.842458068482415,22.41712668205079,0.000755311727024921,0.0008590958100058721,0.0005765782387840979,4.0360476714962346e-05,0.0008245068814611844
2021-09-09 13:30:00,17334.0999,47.87756640525225,47.624937683399544,29.150562404765054,0.000680744894057117,0.00040960303915182905,0.00014999913551894117,,0.0013787909460472036
2021-09-09 14:50:00,17344.7999,51.015407881616404,49.60161616644734,18.09757638395388,0.0014355945380493118,0.0017642232932304491,,,0.0007610407774147898
2021-09-13 10:45:00,17312.0999,45.2875713119728,43.27571620809694,33.02359036012205,0.0004101235575701967,0.00029459742200299566,0.000554531227029198,0.0024722650774444688,0.0022354307232250736
2021-09-14 09:15:00,17413.0,56.33992539870114,56.20372570110854,28.37605509336939,0.0013323379084593245,-0.00012059955205867556,0.0006087348532706205,0.0006259691035435111,-0.0018032561879055553
2021-09-14 14:20:00,17392.2999,46.978204893129465,46.147071986943864,23.85634988521345,-0.0011614335146096222,-0.0006094593619559996,-0.0005059652863967923,,-0.000615214782491269
2021-09-14 15:00:00,17381.7,43.61884264785857,42.20812789271491,21.03331806761208,-0.00018985484733935465,,,,-5.758930369248461e-06
2021-09-16 12:05:00,17576.75,63.75984054622988,60.91383739468299,18.746747896192055,0.000534820145931425,0.0004892599598902425,-7.111667401538124e-05,0.0012175402164791294,0.0028902271466568763
2021-09-16 14:10:00,17608.7,67.35660235291462,66.94085763620576,36.362641581732845,0.00041745273643134517,0.001215285625855378,0.0009511889009408137,,0.0010705389949285937
2021-09-17 09:25:00,17737.5999,74.06178831790034,72.80925393750309,56.52554171513624,-0.0006877988041662508,0.0005863307357609759,0.0018886433445823858,-0.0012966805052356811,-0.007650409343149089
2021-09-17 13:25:00,17637.0,46.154592903688595,46.08146928018239,25.704080693824146,0.0004705959063333598,0.0012076827124796186,-0.0035606962635368333,-0.0019901343765945656,-0.0019901343765945656
2021-09-17 13:40:00,17645.2999,46.36760748113263,45.35014049645655,26.79537637674936,0.0007367400992714934,-0.0007650762569356706,-0.003955721942702772,,-0.0024595728180284437
2021-09-17 14:50:00,17624.4,42.84800831300978,39.72230628036318,30.51143449254775,-0.0028086062504255604,-0.002337668232677448,,,-0.0012766392047388608
2021-09-20 09:30:00,17536.0,38.712393670117,38.0095748471482,35.87380776233977,-0.000855383211678884,0.000855383211678884,0.0020072992700730374,0.004396664005474449,-0.009380702554744547
2021-09-20 13:00:00,17533.5,41.742261820500566,40.38463849219849,25.449733322741164,0.00042775258790306303,-0.00012547979581933877,-0.003131154646818901,-0.006792711095902071,-0.009239455898708226
2021-09-20 14:15:00,17486.7999,36.665906949436405,36.4878979553144,34.052996767974804,9.150330587348598e-05,-0.00129812201945545,-0.005398351930589684,,-0.0065935391643614505
2021-09-21 09:15:00,17441.2999,32.66511575364835,26.935482918445143,57.34716427530774,-0.0004472086395350683,0.0003898791970200488,-0.002918354726530459,-0.005773652226460535,0.007166897004047268
2021-09-21 11:30:00,17370.0,37.23118402971524,34.62970487455321,29.634745415841582,0.0015659182498561908,0.0021761600460565855,0.0010765687967762005,0.005244668969487609,0.011301088082901645
2021-09-22 13:05:00,17598.9,60.504571703123545,60.17252062056002,22.33834436465483,-0.0010625664104007004,-0.0018694350215071598,-0.0006648142781651156,-0.002767218405695826,-0.0028694975254135446
2021-09-22 14:30:00,17597.2,57.22647381175838,56.29984636310639,22.36519475582587,-0.002710658513854547,-0.0017502784533902638,,,-0.0027731684586184135
2021-09-23 09:15:00,17657.7,49.01366441412024,48.02913282395408,31.619780281001233,0.0013251952406032608,0.0018801995729909038,0.0032563697423786397,0.004213453620800056,0.00968981803972202
2021-09-23 11:20:00,17737.7999,72.13807721283023,71.71116354841101,53.16630524897246,-0.0007103417600285988,-0.00025369549918086154,0.0015841930881179689,0.0011670049339094213,0.005130286761212188
2021-09-23 12:20:00,17765.9,73.77402260190631,73.03508652126638,48.616648416568125,0.000675451285890416,0.0005910198751541973,-0.00041652829296578986,0.001232692967989335,0.003540484861447979
2021-09-24 14:35:00,17860.7999,47.64164047157633,45.13997939941159,22.870266104204855,0.0008062404864632722,-0.00044790827089435936,,,-0.001091776410305112
2021-09-27 09:15:00,17908.4,52.07873984312523,47.424489227173524,21.807948678513515,0.0008375957651158839,0.0007370786893301506,-0.0029539210649751624,-0.003992539813718721,-0.0028589935449286896
2021-09-27 12:00:00,17854.2999,45.77582859470299,44.42139027035576,27.508312805947202,0.0011313857229426905,0.0006048963028788545,0.0016410612661434953,0.0016802675079967688,0.00016243145999794706
2021-09-28 09:40:00,17860.4,45.691545226065145,43.82383185310393,25.140480736475418,0.0011701809589930168,0.0009574253656132736,-0.0015621150702113118,-0.0036897269937964383,-0.007250677476428269
2021-09-28 10:30:00,17853.2999,48.60092973487725,48.25611563531989,21.584256298466713,-0.0015291234759352568,-0.0029294248286280133,-0.0020164339478776494,-0.00867066037466846,-0.006855869821578486
2021-09-28 13:20:00,17669.5999,26.085583128751765,23.93093833015361,58.574031680806115,0.00017544822845705355,-0.0016751879028116257,-0.004923710807962278,0.004691679521277692,0.00346924097585255
2021-09-29 11:05:00,17653.5,44.84944520509331,42.988851857665054,17.434074375376277,-0.0007363978814399763,-0.00015860877446394195,0.00023791316169607946,0.0016823859291359433,0.0031891636219447683
2021-09-30 11:20:00,17708.4,49.882431883999516,48.57893101607134,13.97625243904637,0.000835761559485837,0.0008527026721780739,0.0006437566352690549,-0.004308695308441246,-0.005697860902170837
2021-09-30 13:55:00,17671.5999,43.16821991196001,39.421274124930996,38.25520740586556,-0.0019466205773479572,-0.004079987121030304,-0.0019296441857536983,,-0.003627283345182586
2021-09-30 14:35:00,17620.7999,39.289008579764534,39.07218764949591,29.721231048912824,0.0014017581574148341,0.0007945155770141543,,,-0.0007547841230522989
2021-10-01 10:00:00,17491.0508,32.20884731426065,31.395813907337995,55.021716412181775,0.0011033528071395793,0.001094754124206121,0.0027013814401590786,-0.0013121681631614868,0.0020181063106854413
2021-10-01 12:05:00,17480.5,34.468752123521455,34.42324398672521,41.93672620982745,-0.0001459225994679958,-0.0006864792197019964,0.001352959011469812,0.0019250250278881609,0.002622899802637413
2021-10-04 13:35:00,17705.3008,59.76962807105882,58.80670404999407,27.855598650146227,0.00031902310295661707,-0.0002541611718903658,-0.0013499008161443893,,-0.0003078851956019868
2021-10-05 10:20:00,17696.75,50.81445382904724,48.103878484838994,28.931146631850226,4.8008815177968955e-05,-0.0005763318123384042,-0.00022315961970409415,-9.326006187571068e-05,0.007490121067427635
2021-10-05 11:15:00,17691.1504,51.15631258347092,50.55548307601581,14.650422279990059,0.000731959183389419,-0.00020921194587775194,0.0005002275035772552,0.003691043178288833,0.007809011673995059
2021-10-05 12:10:00,17695.4492,51.827762994714185,50.55245519113424,13.905059125524751,-3.9512983937117774e-05,0.002045791524749818,0.0034500847822500624,0.0055381470621271855,0.007564182094908389
2021-10-05 14:05:00,17782.4492,70.53883841678193,70.17246555841531,45.76339877674801,0.0005370913698434787,0.0019007955327099424,0.002449088959016965,,0.0026347101837917997
2021-10-05 14:40:00,17826.3008,74.10141162387836,73.27670416098184,58.48613414654068,-0.00018801432992765488,0.0001064943322395262,,,0.0001682906640956272
2021-10-06 12:10:00,17863.5,62.568035097424186,61.54746262429356,20.663896976125702,0.0005458056931733068,-0.0011280208245864065,-0.004903831835866512,-0.005698816021496356,-0.01327012063705324
2021-10-06 14:00:00,17779.8496,41.65432932732163,41.21186376664342,47.0024289742942,-0.003934184010195629,-0.00550339863392324,-0.004943821347060395,,-0.008627767020031651
2021-10-06 15:00:00,17691.9492,29.662651505459984,28.546679124919795,52.02062887017806,-0.0031709112074546075,,,,-0.0037022489302648287
2021-10-07 11:40:00,17825.3496,56.52282587064809,54.45802451295844,16.897823701078206,0.0009116230741414988,0.0007601982740352842,0.001133284925867617,0.00041231168896671555,-0.00158197177798991
2021-10-08 09:20:00,17872.8008,50.687006085773845,45.703335985456306,45.15034948443711,-0.0010379346923623523,0.001300859348244865,0.0019694283170212934,0.0019442951549037968,0.0019414528471664028
2021-10-08 13:30:00,17904.6992,53.37234478250515,53.083262914897645,21.27157756724013,-0.0008154060471453617,-0.00033227031258920015,0.0008042804762675715,,0.00015642820740602303
2021-10-08 13:50:00,17894.4492,52.103133848474684,51.546804866776625,14.938760620474321,0.00039118275850591466,0.0019476207180493255,0.001629019126221598,,0.0007293211349583828
2021-10-11 09:40:00,17946.25,58.14600589635524,53.83940930131959,25.64841978486531,0.0013344960646373139,0.0018248937800375842,0.002875230201295542,0.003841983701330376,0.00041508393118339093
2021-10-12 09:50:00,17966.1504,42.86341991090028,40.58943881797844,35.678782744302055,-0.0011244033669004505,-0.0016169741070406474,-0.004066024071578411,-0.005223689989815372,0.002181836349316235
2021-10-12 10:40:00,17923.5508,38.361782132263436,38.266830609857585,36.706520197477985,-0.0003459805520231729,6.974064536358071e-05,-0.0008062688114232053,0.0001952738070181148,0.004563760881577172
2021-10-14 09:55:00,18286.75,70.8750248024447,69.94109220824505,40.938907787176824,-0.0006179774973683605,-0.0003800128508345546,-3.0120168974856476e-05,0.0013452144312138259,0.002860038005659815
2021-10-14 11:25:00,18309.4004,74.13355502553397,73.46329945214129,47.62177801605847,-0.00018027897844197227,0.00010645897503036572,-0.0004888854798325015,-0.002591630471962314,0.0016194085744065667
2021-10-14 14:15:00,18318.0996,60.83364575880819,60.49975030928125,31.149218091167363,-0.0002292377534622858,0.00014468749804152914,0.0014084867187857952,,0.0011437430987655262
2021-10-14 14:55:00,18330.3008,61.7996035898906,61.19211743409625,26.637192499207586,0.0005319061649005086,0.0004773516864491345,,,0.0004773516864491345
2021-10-18 09:15:00,18448.5996,71.22062569066114,67.680146377228,42.91202795265066,0.0024744642406353545,0.001821254768844316,0.0023985560399935046,0.002490769001241677,0.0014987804277566408
2021-10-19 09:20:00,18571.75,52.10123052822024,51.545897333689545,39.659929965366246,-0.0004092021484244368,0.0007753927335871769,-0.004719555238466899,-0.0003634552478899433,-0.007780634565940248
2021-10-19 11:00:00,18541.9492,54.42298664659306,54.37718836292767,20.165856647985443,-0.00014020100971900984,0.0007119639827295465,0.0014049655577743625,0.0020467751038817372,-0.006185930009990459
2021-10-20 09:30:00,18379.3008,31.585064173107646,30.933248606260054,56.02234570770879,0.0004325082921543544,0.0028482911602381034,0.002037574791746044,7.066645320907838e-05,-0.005253235748772345
2021-10-20 12:20:00,18332.3496,34.79206925069037,32.44860953523738,44.101721187787575,-0.0012900910421216327,0.00010366374422621227,-0.0002918120217390019,-0.005790332516896868,-0.0027055779036638805
2021-10-20 14:30:00,18233.9492,31.116766584497544,29.46560462233585,50.517379115607014,0.0005018331410071575,0.0015960119050897337,,,0.0026763702950318713
2021-10-21 11:25:00,18153.3496,29.091645244227898,28.902245559878747,56.510661416166684,0.0012973253156540743,0.00033331589669804984,-0.0013358416234103831,-0.0026881430190712763,0.003649464228904664
2021-10-21 14:25:00,18102.1992,34.65483099036883,31.35460255806419,30.950140909924684,0.002193169987876331,0.004010650816393735,0.0064854219480692255,,0.0064854219480692255
2021-10-22 13:40:00,18099.9004,35.22728790626244,33.39540060376723,38.46399842845644,-0.0004143669210466827,0.002331460343284686,-0.00037573687422043367,,0.0006408654049832041
2021-10-25 10:20:00,18028.5,35.653779968368944,35.34953314573873,20.24242532291982,0.002615325734254048,0.003724680367196198,0.008059505782511023,0.005233358293812662,0.005990515017888276
2021-10-25 15:15:00,18125.8008,49.477700089191806,49.12632752331509,15.105739197523544,,,,,0.0005902746101016376
2021-10-26 12:05:00,18166.3496,48.89401644485974,47.46872801928612,38.32246468585932,0.0004927352053161194,-0.002240362037291388,0.00040188591328216283,0.0036000848513890737,0.007849656267762128
2021-10-26 12:50:00,18150.3008,47.787662541767475,47.480052064447484,31.44216413357024,0.0012864580183704621,0.0010385282430138698,0.0040246605720164474,0.005035641062212992,0.008740813816154436
2021-10-26 15:10:00,18262.6992,63.33423915062904,61.97057695378888,24.733029026787822,0.0025324843547771536,,,,0.0025324843547771536
2021-10-28 10:05:00,18080.0508,26.280643227913902,25.728567096291187,79.53221381752579,0.0009319442841386749,-0.0005392683963033607,-0.003321384473101152,-0.0018390435053423637,-0.012010497227142869
2021-10-28 14:10:00,17950.4004,31.685117950122592,30.16090715681168,45.93813297973378,-0.0020556867355447928,-0.002699170988965771,-0.005348070118814774,,-0.004874543077044713
2021-10-28 14:55:00,17900.8008,27.858838301374377,25.472253520485452,49.58977903300002,-0.0025920851540900403,-0.0021172460619751643,,,-0.0021172460619751643
2021-10-29 12:55:00,17805.6992,40.24885183916551,39.5538837193486,37.58260084323093,-0.0035634208624617525,-0.0034651377239933723,-0.004818614480469274,-0.0035999484928959102,-0.005441987922608416
2021-10-29 13:40:00,17742.6504,34.61176643594174,34.22274265415604,35.61707817956101,-0.0012822210598254502,-0.005607955844071588,-0.0018796289871099159,,-0.0019078096697434654
2021-10-29 14:15:00,17635.1504,27.237008658219075,27.124785491424806,36.473517691183645,0.006075956120000114,0.006107075786549787,0.0009214551410914318,,0.004176340906057785
2021-11-01 11:25:00,17745.0996,48.43432120471772,48.43133837450865,33.11148047189856,0.0012876569033175578,0.0013243092757844188,0.0027782768827060433,0.0042519457033647345,0.01127919282008416
2021-11-02 13:50:00,17932.8008,52.08043773138933,50.944396828525896,24.64521460730475,-0.0020800320271221473,-0.0023644047838864424,-0.0007640301229465685,,-0.0024341094560088594
2021-11-02 14:45:00,17901.0996,47.2368202819454,46.093902878304235,25.218985080701245,-0.0013043667999032005,-0.0009720296735292733,,,-0.0006675120672476886
2021-11-03 13:35:00,17835.5996,27.892705884543744,27.57601200924991,60.532750268788185,0.0017605463625680606,0.0011493866457956692,-0.0016315459335609628,,-0.00014575344021527936
2021-11-08 12:05:00,17975.4004,64.14498822847189,61.06425501332821,25.696070281090034,-0.0005340409552155867,5.2805499676233936e-05,0.003179367286861856,0.00550752683094613,0.005857939053196315
2021-11-09 13:00:00,18056.9004,52.44893646531179,51.619262961816496,14.40721814242534,-0.00028523167796834503,-0.0020352330237143335,-0.0021571365592734093,-0.0011546610735028162,-0.0003350962715614747
2021-11-09 14:20:00,18041.5508,47.61795265912996,44.6530481052669,27.736961380177128,-0.0004185227802036007,-0.002045300895087254,0.0008424552949184427,,0.0005154102384590242
2021-11-09 15:00:00,18036.0508,44.76874668307142,43.570331722631785,24.95083619097557,0.0008121733611439197,,,,0.000820512215456759
2021-11-10 10:10:00,17960.3008,39.887861369464034,38.1829630195058,33.84916798709385,-0.000258926621095501,-0.0006793427424111043,0.00037582889480347603,2.501071696969781e-05,0.002875697939312749
2021-11-11 11:00:00,17864.6992,31.128552308575127,28.296360636417724,48.71659633115467,-0.0003834153557983333,-0.0005989017716010459,0.001225903652494864,-0.0001959170966617796,0.0011727709358799743
2021-11-11 14:30:00,17850.0996,40.958546731074705,39.07140621473607,34.110015778828526,-0.0006302485841591654,0.0007198615295120891,,,0.0019916303436198213
2021-11-12 11:40:00,17963.6992,59.78310587562809,59.02150731499031,28.397228500949797,0.0002477886069256474,-0.00016134761374753115,0.0011161843547236039,0.005104806030152176,0.007512439308714258
2021-11-12 11:55:00,17968.1504,60.93450402882537,60.27864700563431,27.49240971106001,-0.0004090348664934629,0.0,0.0014441775821290026,0.005045060174919458,0.007262851050044539
2021-11-12 12:35:00,17981.5996,63.371079470773,62.21210508985827,19.76721365645384,0.000989945299415762,0.0017601548640866493,0.003606442221080197,0.0067930775190878645,0.006509476498408828
2021-11-15 13:35:00,18117.0508,48.88051520799275,48.78578493855956,29.34644834193635,-0.00010769964833345913,0.0009962327864092568,0.0012308184287919133,,-0.0013827195318125707
2021-11-15 14:00:00,18122.0996,50.66332735909424,49.8773912682654,29.77555456561356,0.0006483796171168343,0.0007974351934363355,3.308667390822251e-05,,-0.001660933372201634
2021-11-16 10:10:00,18081.4004,39.99847034753773,39.516282725511005,19.057632515973626,-0.000945701086294104,-0.0006913181348497943,-0.002427931411772666,0.0002598913743430131,-0.00647354725909377
2021-11-16 10:30:00,18063.8496,40.53261724777244,39.8876532033465,13.161094368729241,0.0004373597087521386,-0.0008774209457546034,-0.0008192495136806199,0.0012095760584718285,-0.0055082389525652475
2021-11-16 11:30:00,18049.0508,38.30046892533892,37.18739752731784,27.393287455128124,0.0007341106270253306,0.0006288197715083044,0.0020304890493187955,0.002939146251391911,-0.004692834040890381
2021-11-17 09:40:00,17974.5996,34.791155779333515,33.121100420243124,46.043769647376365,-0.0007676833034990782,8.367363020456153e-06,0.0021391964692221155,0.0003004461918583168,-0.004862439327994905
2021-11-17 12:35:00,17961.4492,38.27743042244259,38.01028347629879,34.18400863097696,-0.0015476924879759268,0.0005149918526619057,0.0014503729465216164,-0.0003729765858758727,-0.004133853520015496
2021-11-17 12:55:00,17948.5996,37.82490185705031,37.47056888717496,31.319487337549162,0.0019834193638148534,0.002707709853865037,0.002223036943784562,-0.0013761073593732132,-0.0034209019850218736
2021-11-18 09:20:00,17939.4492,35.91085791606723,33.20569005340915,45.426788328942436,-0.004278280740079854,-0.00377376134825802,-0.01105661594114038,-0.009866523661161253,-0.010825259897054074
2021-11-22 11:15:00,17572.5996,29.753631805184817,26.735453332165687,64.82409208592202,-0.0001251493831341266,-0.0014739082770657275,-0.00796694872624315,-0.006953962577056716,-0.007545815816573986
2021-11-22 12:15:00,17432.5996,23.352451493120057,22.751007179116414,58.96090455548597,0.0013079403257789668,0.0033184723636972002,0.0010211213707906897,-0.003740073282013756,0.0004245149988988395
2021-11-23 13:20:00,17476.0508,56.57193243650447,53.31838885552553,21.43733364887956,0.0026750895001976804,0.0033845404019996472,0.0037307742318990478,0.00027180053745312627,0.0010899945427029767
2021-11-25 09:20:00,17438.1992,30.65735846125034,28.514272904358638,51.92482833304705,-0.0016687273534526925,-0.004160337840388939,-0.0024543130577382444,0.0021333166098940204,0.0062392222242764195
2021-11-25 13:10:00,17516.1504,54.30075745002701,54.01127982772544,29.868440382695038,-0.001110472310171473,-0.0006850820372037436,-0.0004168039114346156,0.0008106347385554713,0.0017612089012435383
2021-11-25 14:20:00,17530.8008,56.103340944382765,55.34950546483964,20.769680640826437,0.0003051543429777315,0.0012577177877692858,0.0012491386018143036,,0.0009240422148883987
2021-11-26 11:10:00,17165.8008,28.504181577570346,27.953361669179465,63.707142630760686,0.0008096563721045058,0.0021291637032161415,-0.0010136666621461954,0.0006669773308798366,-0.009277166958619243
2021-11-26 14:05:00,17130.6504,35.87808560546922,32.3704178343017,42.24640944067882,0.0015119332538595653,-0.001932185832243527,-0.007256046740641953,,-0.007244301710809364
2021-11-29 09:30:00,17003.3008,32.03693613336846,29.990926462326183,53.22039119495094,0.001455599726848389,0.004255032646367063,0.0005762881051896152,0.008166037973050377,0.002140666711018646
2021-11-29 13:55:00,17138.0,53.95972613563301,53.938655388096656,15.721897679303302,-0.000563099544870993,-0.005496510678025368,-0.0027920177383592426,,-0.005735838487571532
2021-11-30 09:15:00,17161.0508,44.57103957542114,44.51020483726037,39.41720037436823,0.004597527326240414,0.004480984346249883,0.005346409207063196,-0.0029981380860431006,-0.010832693298711171
2021-11-30 12:40:00,17082.1992,43.668572835995036,43.59900995800794,41.41461026374604,0.0017562141530347297,0.000368851804514847,0.002268443281003396,0.0003922914094105501,-0.006266687254179781
2021-12-01 09:20:00,17174.5,43.65105699253478,38.63873382341807,47.55464848158064,-0.00012225101167440133,-0.0022067833124690406,-0.003083012605898272,0.0021513988762409397,0.0006666394945995524
2021-12-01 14:35:00,17150.5,48.35678883664688,45.90839118262642,43.12775676262578,0.0011369930905804626,0.0006092650360047802,,,0.0020669484854667353
2021-12-02 15:10:00,17404.0996,72.77431865297001,71.47992106648294,37.50165890286622,-0.0001493671065868618,,,,-0.0001493671065868618
2021-12-03 14:45:00,17224.1504,28.768634444827374,26.11720491241117,43.17841580680201,-0.0019507261153500766,-0.0017649869104718885,,,-0.0008040802987877571
2021-12-06 14:45:00,16952.5,20.45366983461288,20.132644445407085,59.26993207287115,-0.001356732045421083,-0.0032886005014010067,,,-0.0025482495207196365
2021-12-07 12:05:00,17191.9492,70.05325045237208,69.34059383651179,32.62694794121366,0.0007416262025716769,0.00015712005477541702,-0.0015675476751640938,0.002076623167313718,-0.0006659628798809658
2021-12-07 13:55:00,17240.9004,72.14676256308522,70.43372970614445,36.20859920165034,-0.0005394613845107754,4.6331686946121664e-05,-0.0017082170488033066,,-0.003503320511033081
2021-12-08 09:25:00,17377.6992,60.88697576220363,59.27075454211293,47.83430441032253,0.0014444720046715709,0.001156746918487439,0.0007165045186188213,0.0031937484566426644,0.005187706321905017
2021-12-09 11:00:00,17447.1504,50.75685873474955,50.65493696512398,21.29649797435244,-0.0016392132436708895,-0.000257921775008052,0.0005215522186363675,0.004232759981251721,0.003181035225098938
2021-12-09 11:30:00,17442.6504,51.79165416533375,50.5164205869103,16.450621237114827,-0.0009029591053433261,0.0007796750888271475,0.0028922898093515226,0.003606126279983357,0.003439844210831655
2021-12-09 11:55:00,17440.25,51.39250810936254,50.157129977347715,12.02197320293757,0.0018577944696893667,0.0020469431344161126,0.004460991098178102,0.00369263055288771,0.0035779532976878414
2021-12-09 15:10:00,17516.6992,56.86077332778289,54.69962864673663,25.901112636799528,-0.0008020232487636614,,,,-0.0008020232487636614
2021-12-10 09:25:00,17522.9492,57.285565001935424,56.48885978768631,21.81439465223589,-0.002616545849485119,-0.0025537938556599027,-0.004000445313166678,-0.0037464241464557624,-0.0013553654541211824
2021-12-10 10:55:00,17478.4004,48.89163353814025,48.26324335772604,12.70143438402955,-0.000992630881713752,-0.001207181407744673,-0.0006179512857479308,-0.002783458376431236,0.0011899715948835432
2021-12-10 11:45:00,17471.1504,46.86214392887985,46.13842421044608,13.432185895870933,-0.0009100946209014138,-0.0023753444421152903,-0.0033885118406398185,-0.0021922311423749896,0.001605435209349526
2021-12-10 13:30:00,17438.5,42.78828144643421,37.44863687904554,29.607959183376348,-0.0003240186942683465,0.0008487427244316947,0.0024514723169997144,,0.0034807580927258552
2021-12-13 13:35:00,17421.3008,33.789421766241944,32.86610242828788,55.42317811940443,-0.0016646288548097798,-0.0025112935309630213,-0.0015126080596692404,,-0.0021124025365546473
2021-12-14 14:55:00,17301.6504,44.88015250355397,44.61631057730304,21.683292977679184,0.0011617157632546338,0.0010316703659669635,,,0.0010316703659669635
2021-12-15 11:00:00,17222.5,34.99021734512844,34.27752951123276,34.973591689182584,0.0008303556394251288,0.001977111336914028,0.0007373610103063033,-0.00014810857889391293,-0.0008244563797357163
2021-12-15 12:55:00,17226.4492,41.631669959355044,40.68415637939375,20.20558631336744,0.0008069219511588344,0.0015064741258459247,0.0020492209154745478,0.0017677003337401853,-0.0010535194914108592
2021-12-16 09:25:00,17320.1504,50.52168631500439,47.60906180662754,44.8830217166661,-0.001151906856420748,-0.0029474801789248772,-0.0032015426378745326,-0.004486173514982816,-0.0019948325621927943
2021-12-16 10:50:00,17285.4492,52.06195617566035,51.67484445576574,17.837888405525998,7.231515857863968e-05,-0.002285159011083171,-0.0020161234803199868,-0.0011396406174969398,8.700959880370007e-06
2021-12-16 12:45:00,17229.0996,41.42749777619567,40.64270009952842,25.07207592423918,0.0021533104376503243,0.0014132833732063421,0.0020807587646656245,-0.0012884712791376707,0.0032793356189084744
2021-12-16 15:10:00,17236.8496,45.7116644081395,45.03781622377102,27.12341722794071,0.002828243045063239,,,,0.002828243045063239
2021-12-17 11:10:00,17037.0996,33.487052868314734,32.88921159399186,48.66098246231904,0.0012619518876322289,-0.0003756742726327422,-0.0014849241123178203,0.0007455024797764498,-0.002526768112572464
2021-12-20 10:35:00,16616.75,20.581904047836456,19.16147935695427,73.23215003634026,-0.0011223855447063391,-0.001080187160545809,-0.0038334331322309456,-0.008581678125987424,-0.0002256758993184338
2021-12-21 15:15:00,16773.3496,42.64655442091275,42.322809932466335,38.81891718774942,,,,,0.0008078767999921688
2021-12-22 11:05:00,16876.9004,53.43193671398022,53.3095126057337,24.950879394172738,-0.0005155686052398245,4.7330966058245494e-05,0.0011939633180511056,0.002180424078345622,0.005403788482392313
2021-12-22 11:35:00,16877.6992,55.69307296948408,54.44191498146574,26.03195481674209,-5.3230004241178186e-05,0.0011465780833446182,0.0007199085524645099,0.000509642925737186,0.005356204002024301
2021-12-22 12:40:00,16897.8008,58.365292369202805,57.12536800835547,19.48273694263395,8.57626395973643e-05,-0.001396726134918258,-0.00014205398846944828,0.00013904768009798119,0.00416023367963958
2021-12-22 14:50:00,16918.1992,58.51144955322991,57.43838960861242,22.30092728911958,0.002062890948819396,0.0028638508996867706,,,0.0029495101346248553
2021-12-23 12:25:00,17085.5508,71.08012810426946,69.03361467186727,39.31147682659909,0.00018724593883145957,-0.0002693269917878327,0.0010535217863740787,-0.0008779348219783989,-0.002019250090550151
2021-12-24 11:00:00,16945.0,36.863938355216085,35.92924470085414,37.45258387880158,0.00033045736205372656,-0.0007878194157568963,0.0012423015638831636,0.00123630569489519,0.0032399173797579284
2021-12-27 10:00:00,16957.5996,45.23944564780018,44.81578363248304,23.158434644866823,0.0010998254729401857,0.0021701656406605263,0.0010703401677203406,0.00340267498708946,0.008512384028692255
2021-12-27 13:20:00,17060.8496,62.08932398247277,61.307493409807826,30.653186817523405,0.0015093034991644494,0.0009496127320645087,-8.208266486342541e-05,0.0015884085866391118,0.0024090007803596603
2021-12-28 09:15:00,17199.3496,65.41192300642955,64.91115203426304,21.708879550919065,0.0006367217513851831,-0.0010989020189462462,-3.486178337819279e-05,0.0005059028511171793,0.0019768189373858824
2021-12-29 09:15:00,17250.5996,58.109600539880816,57.7263960878777,24.607699073439047,0.0006348301075864704,0.001869500234646937,-0.0021738374821476114,-0.0011159032408357694,-0.003538937858136859
2021-12-29 12:50:00,17228.5996,48.611192011155566,44.40895732341335,35.212140149345075,-0.0005020953647331128,0.0005659194726423955,0.0005050439502929382,0.001303135514275855,-0.0022665103900841865
2021-12-29 14:40:00,17246.4004,55.632948434675484,55.25918799786575,20.895203363197147,-8.720660341299258e-06,-0.001611976954912664,,,-0.003296316836062685
2021-12-30 09:45:00,17234.5,47.33984932764096,45.996245536425846,44.21871190750511,0.00021758681714012518,0.0008500623748874947,0.000519260785053266,-0.0010559749339985602,-0.0003220749078882701
2021-12-30 12:10:00,17232.5,49.18469280358654,48.160003208654416,18.949561268157197,0.0009110227767299417,0.0005948063252574354,0.0011170752937763595,-0.0005309966632814911,-0.00020605251704630678
2021-12-30 15:25:00,17228.9492,43.28218112213219,41.49269375269325,39.47061055641019,,,,,0.0
2022-01-03 09:20:00,17439.5,58.152335420484405,55.08840283778118,34.74848248905681,0.001949597178818152,0.003122176667909038,0.004016789472175208,0.0049629175148371285,0.011230230224490434
2022-01-04 14:20:00,17741.8496,58.06400642760082,57.515352217362576,25.480567214525017,0.0014824159032436057,0.0018713494223285831,0.004368202963461076,,0.0036918360529896166
2022-01-05 12:10:00,17863.1504,64.71210281698251,64.02396209681156,18.865729466719422,0.0004338540417820891,0.0016625958655087647,0.003423270735043671,0.0026815202765131385,0.002493893798263036
2022-01-06 10:55:00,17693.6992,32.549203266559715,31.750621415366282,51.367022400258726,-0.0007374828662172206,0.0003391037641240491,0.00015829363709318756,0.0010908289884346,0.002955899691117203
2022-01-07 09:15:00,17828.5996,57.27518685879877,53.42809378085374,27.124387323449685,0.0026137554853156164,0.0037243755252656108,0.003662699340670539,0.0005048068946480466,-0.0005833548474554195
2022-01-07 13:25:00,17780.0508,45.16573531330502,42.70096282439224,37.24688235316948,0.0007311565161556288,0.0007535636512354671,-0.00054002095427097,0.002145573172378068,0.002145573172378068
2022-01-10 12:50:00,17977.4004,65.34109687105386,63.51744554443929,28.828222834324997,-0.001126414250638863,-0.00091781901903909,-0.0009484574866562845,0.000681411089892725,0.0015602255818922828
2022-01-10 14:55:00,17994.75,64.96314875229143,63.91624095622625,22.262767155770725,0.0005418246988704301,0.0005945734172465578,,,0.0005945734172465578
2022-01-11 13:20:00,18067.4492,65.34018259865648,63.67168858522205,34.237447506230666,0.0003100382316283401,-0.0011954980341108978,-0.0002075555856551059,-0.0002739290945397155,-0.00046764764115114765
2022-01-12 09:15:00,18161.9004,59.20914995594774,55.37733363350296,24.249033601293135,-0.0013021985298410366,4.957630975677141e-05,-0.00040467130851562505,0.001943563130651249,0.001965609281724845
2022-01-12 10:40:00,18190.3496,70.82991099926926,70.20131954015643,44.63055271360955,0.0002693955920449742,0.0003656004500318666,0.0010390344559403353,-0.00027755376400240284,0.0003985629830884907
2022-01-12 14:55:00,18208.4492,60.3612741841184,58.202224435398406,22.729941319489043,0.0003652370351232559,-0.0005958552472441481,,,-0.0005958552472441481
2022-01-13 09:15:00,18238.75,60.875988930349685,60.85795882189817,23.03366597014577,0.0009292961414570922,0.0008607607429236275,-0.001611974504831637,-0.0008470536632170234,0.0010856445754232613
2022-01-13 11:25:00,18233.0996,56.08291454052215,54.84542805200954,23.21134412122148,-1.3711327502385906e-05,0.0006883525168697169,-8.226796501453748e-05,-0.002053912983615902,0.0013958789541193006
2022-01-13 11:40:00,18232.8496,56.80315466518164,55.88661585695753,20.811893421720775,0.0007020734707314791,0.0009460945698800405,-0.00026319528243134993,-0.00023309576359364925,0.0014096096092406363
2022-01-13 13:50:00,18234.0,52.29709354727273,50.3884513997396,23.39636428975176,0.00029338598223116463,-0.0008939782823297326,-0.0012476691894263148,,0.0013464297466272424
2022-01-13 15:00:00,18251.4004,51.91952383824749,50.026160604888105,31.33727809443136,0.000646459983421277,,,,0.00039177267734502585
2022-01-14 11:10:00,18185.9492,44.050731301471885,43.504957858426984,31.81700955655886,-0.0011877081455829996,-0.0009154540033575742,0.0005389215537894287,0.001787093961529429,0.0026862276729553436
2022-01-14 11:45:00,18179.1504,41.99146236343488,41.34860111745525,34.04339795255918,0.00035207365906386734,0.0006902852841792484,0.002288313759701399,0.0033609711485746985,0.0030612211668594735
2022-01-14 14:45:00,18250.9492,62.067545054916394,60.765222919745895,21.472044344727493,0.0017807293003697655,-0.00015613434505634682,,,-0.0008847978164334691
2022-01-17 14:30:00,18307.25,57.937726520939826,57.2854155974031,18.913601044142144,6.827896052108429e-05,-0.00011202119378939113,,,0.00013378306408662333
2022-01-18 09:15:00,18347.9492,62.324937294373235,58.44428608303802,25.053208229013627,-0.0014687854051830262,-0.0038259970765560647,-0.008295161401471463,-0.005943378129693144,-0.01276155702458548
2022-01-18 10:50:00,18241.3496,42.649759962796665,42.52558338800658,33.972924291995724,-0.0006961765592170543,0.0001398361445799079,0.0004440241636505249,0.0018255666784654512,-0.006992289649445649
2022-01-19 09:50:00,18020.8496,26.81542757569956,25.62317586517069,63.25356096869817,0.0011985894383135243,-0.0009627515009059673,-0.0015231912262340108,-0.001831212219872258,-0.004406029780083309
2022-01-20 09:30:00,17902.5996,41.93875580035372,39.505790718399794,28.034178502229867,-0.0003854412294403975,-0.0026224794749921676,-0.004147442363621856,-0.006024242423430026,-0.006683409263088413
2022-01-20 12:00:00,17796.3008,30.052703828011673,26.774608372325268,50.42507039357347,0.0003764377819461817,0.0014806223100025662,-0.0004748852076044141,-0.005917004954198224,-0.0007502458038921578
2022-01-20 14:05:00,17712.3496,25.6650544824614,25.538505412725694,66.09059557814497,-0.0007142135451077003,-0.002543355399895697,0.002168001471696268,,0.003985896935999822
2022-01-21 11:00:00,17596.5996,38.708587954071724,37.21256307233254,27.15814444578034,0.0008070422878747596,0.0003239944153754504,0.002281713564704857,0.004222452160586698,0.0030602276135212048
2022-01-21 15:05:00,17618.8496,41.29078302246197,36.967068431762875,33.29169533045965,0.001546639004172068,,,,0.001793510967935008
2022-01-24 10:40:00,17412.3008,35.26582392628074,35.25910687596236,41.893754470385346,-0.0004881606456051957,-0.0012463143296950197,-0.0032477500044106877,-0.01109567323808236,-0.01722067654608872
2022-01-24 12:35:00,17261.8008,24.702099753077132,24.454164698859994,70.24268341343247,-0.0018769999941142812,-0.00198709279509246,-0.005990128214201307,-0.009651461161572561,-0.008652144798241501
2022-01-27 12:30:00,16936.0996,34.38146826259391,32.81758528720529,59.7110889056783,-0.0005018865146494411,0.0015883468233734988,0.004626189137432624,0.013119974802226597,0.012588565551421294
2022-01-28 09:15:00,17284.1504,65.90589324017915,62.290347248975955,34.782615493514484,0.0016228046708040011,0.002056728226572213,0.0010529415434850087,0.0014955667129581407,-0.010286927380590116
2022-01-28 15:25:00,17106.3496,31.96448429263377,31.64401659120601,59.913338809710666,,,,,0.0
2022-01-31 11:10:00,17339.4492,55.63140087283991,54.71503596566462,21.727786541575217,-0.0008794973718081467,6.634582141185064e-05,0.002736603651746883,0.002978779741169779,-6.623047749398925e-05
2022-01-31 11:50:00,17349.0508,58.10239606695492,57.17992501653729,13.765428540362787,0.00200873237399235,0.002714822876649592,0.0022363644240410707,-0.0007291695750871741,-0.000619630441107466
2022-01-31 14:30:00,17397.0,58.069363946428865,57.992228808008164,30.223722531445702,-0.0003247916307408394,-0.0034718859573489302,,,-0.003374098982583118
2022-02-01 09:20:00,17517.3496,54.45376689923178,52.34917794107583,43.892343267377,0.000670763572589772,0.0014500138765283221,0.0035678913435626125,0.003328174714284149,0.004983676297697359
2022-02-01 14:00:00,17515.3496,51.31388166727545,51.30444027177457,34.045084191362825,0.0016443177360272454,0.004570322707118324,0.0022866115101691786,,0.005098430921412822
2022-02-02 11:55:00,17765.5508,67.62685419925705,65.96005352796762,24.416796982547787,-0.0010779513799258345,-0.0011145615592171865,-0.0014100773053431492,-0.0007656165661917846,0.001466253441463783
2022-02-03 10:55:00,17709.4004,44.27486328509083,44.14885688046873,46.12109217024283,-0.00031343805406292,-0.0010531355991024727,-0.0031085637433549973,-0.0023518808688745008,-0.010680790751108615
2022-02-03 12:35:00,17672.6504,36.73538482695082,30.980483658118523,47.272607015111156,-5.635826983652059e-06,-0.0003677999537635701,-0.0021898922416300204,-0.0031348099320743783,-0.008623516934392561
2022-02-03 14:05:00,17630.0,33.98793229847374,31.83596939099603,33.36852169741353,-0.00045942144072608215,-0.000723199092455995,-0.0027453431650594773,,-0.006225184344866741
2022-02-04 09:25:00,17575.0508,29.61619913657008,27.04122745981732,29.890670880990545,0.00022470489815029637,0.0003527272877070775,-0.00160461556105429,-0.0001821445659775378,-0.004099606926883048
2022-02-04 12:30:00,17522.25,35.971141773497195,33.35251269960145,38.22931462000516,-0.0008902737947467099,-0.0014011214313230935,0.0003909087017934798,0.00020264520823531917,-0.0010986032044971727
2022-02-04 15:05:00,17547.3008,46.933107225557855,42.4902467291495,29.398584514823938,-0.0025902103416384215,,,,-0.0025246504009324156
2022-02-07 10:45:00,17409.5996,33.24126575484674,30.856049670559663,45.38628418504382,-0.002541701188808476,-0.005295882853044054,-0.005979436770045088,-0.005209723490711582,-0.01146491617188028
2022-02-07 11:45:00,17305.5,22.134399044318403,21.535658426820678,63.32828523366664,-0.0009563895871255168,-0.001016994597093479,0.0007743434168328012,-0.006882181965271239,-0.00551847678483719
2022-02-07 14:00:00,17172.3008,21.392398095255032,21.019690522442787,62.10542444855536,0.0004920249242315045,0.0019362577203398956,0.003121282385176727,,0.0021953493849815597
2022-02-08 11:25:00,17113.3008,35.921469439997196,31.811768860058983,37.88706894618168,0.0028048358736263435,0.0042393224339281055,0.007277894630356885,0.003280980136806777,0.007423979832108074
2022-02-08 13:35:00,17209.5508,49.97830142187093,49.33387382261569,31.00453711268625,-0.001258045619645265,-0.001319104738050414,-0.002164495775218045,,0.0017896341605847521
2022-02-08 14:55:00,17252.9004,55.37981421283522,49.91858025116673,35.01772127501259,0.0015707272036418196,-0.0007274602941541586,,,-0.0007274602941541586
2022-02-09 14:15:00,17453.4004,64.02553073553129,63.62164004495357,17.50247253688104,-0.00021485784512220718,6.009144212382189e-05,0.0007419299221487208,,0.0010427309053198108
2022-02-10 09:20:00,17507.75,72.24217943536985,70.26807873750913,36.06247030490186,-0.0018506318630320262,-0.0026988048150105026,0.0008253030800644545,0.003304228127543496,0.004523665233967744
2022-02-10 10:35:00,17571.5508,68.50899782435144,67.84678982895682,28.51346651203695,8.814247630328786e-05,0.0010386106615016821,0.0017073051969891395,0.0008963352284192538,0.00087632561151052
2022-02-11 10:40:00,17345.0996,27.72266721657511,26.071617337571883,71.52705290115448,-0.0012077878180649648,-0.0012107165991713797,-0.0004150567114646897,0.0032574041834847467,2.6013110930644956e-05
2022-02-11 14:15:00,17391.75,49.464936542301785,48.6206277416246,38.74228105021372,-0.001069449595354155,-0.0019232797159571824,-0.0016761050498079744,,-0.0026563859301105275
2022-02-11 15:00:00,17397.8008,44.821894115426716,43.991421128867174,37.86666416426032,-0.002023313199447596,,,,-0.0030032531468000556
2022-02-14 10:00:00,17051.6504,29.406453743269736,28.10930127623382,63.152358345800394,-0.0015980857782540436,0.0005219670701201995,0.0005013473651793721,-0.0010967384130746716,-0.013602859228218689
2022-02-14 14:45:00,16883.0996,30.222627202314964,28.72580137134527,50.936938111699014,-0.00034948558853509226,-0.002700902149508244,,,-0.003755258305767617
2022-02-15 09:15:00,16982.4004,35.748166420353755,26.092550842478417,60.781617092081746,-0.0020403711597801744,-0.005917891324715208,-0.004913981418080304,-0.000836230430652174,0.02175482801595008
2022-02-15 13:45:00,17200.5996,70.64663936382016,69.7958055578892,33.66312533383373,0.003058009675430018,0.0047324164211111075,0.007305001158215418,,0.008793298112700576
2022-02-16 12:25:00,17384.8008,62.49676058593886,60.612203345720715,26.786456665196418,0.001305692268846581,0.0005636417760968016,0.0026143066304216145,0.003500160899168714,-0.005277598579099041
2022-02-16 13:50:00,17476.9004,71.09015489508826,70.70528188061857,34.490527281890515,-0.00024038587528940614,-0.0026349523626052473,-0.009672813607154107,,-0.010519577029803218
2022-02-17 10:40:00,17323.0,42.930038012946454,41.61063420098934,33.71318265300392,0.0021965479420424927,0.0024187727298965456,0.000975604687409648,0.004196686486174439,-0.0024735669341339195
2022-02-17 13:15:00,17392.5996,55.71635617804373,55.60313678233365,11.576076272990463,-0.0004340236752187199,0.0010177432015394672,-0.003165070275061188,-0.006341708688561987,-0.006465347480315908
2022-02-17 13:40:00,17413.5508,56.01433742850442,54.61844674822433,12.321079188048326,-0.0025038890976791794,-0.00482966403382834,-0.005223012873399657,,-0.007660723624500654
2022-02-18 09:55:00,17274.5996,36.83473697593249,36.49026551818539,40.65330237912298,0.0013575538966472678,0.0008740926186212583,0.000625241698800183,0.0029725493608545595,-0.000338624346465366
2022-02-21 09:55:00,17155.3496,29.948230295920887,29.39620844257477,48.975075794354034,-0.0016379497156969736,-0.0013523012087146569,0.003112754985768351,0.007105678569208518,0.0029378824200703146
2022-02-22 10:15:00,16931.0,30.807670884631214,29.911153912521577,42.68048751187733,0.0011576162069577567,0.00103060657964682,0.004237788671667353,0.0024274762270393158,0.00883583958419476
2022-02-22 13:15:00,16945.75,37.82517470068305,37.38293949974245,34.86021890604727,-0.0010917191626218514,-0.0005871206644733062,0.00688075771211083,0.008907791039050927,0.007957723913075698
2022-02-23 09:15:00,17184.0996,62.64393391840457,61.08853867732078,33.49260017802024,0.00034632015284641327,-0.00013093499527905283,-0.0014169843382426661,-0.0003025587677577546,-0.007530240339156502
2022-02-23 11:30:00,17197.0508,62.44675299396253,61.23206450026933,31.425744359246075,-0.0005378829258327888,-0.0009827499026753284,-0.002308605147575582,-0.002573115618173305,-0.008277675146485142
2022-02-24 10:20:00,16588.3008,24.22128280183985,20.44864253476258,69.3442197526994,-0.0023902629014300736,-0.0005666885423251111,0.002396267133038643,-0.002513892200459722,-0.02233808058267195
2022-02-24 13:00:00,16514.5996,28.766522981293463,23.29763277732289,48.62884211533902,-0.0015743645398462736,-0.005419447166009395,-0.0028489216293200448,-0.015422668800277872,-0.017974980150290865
2022-02-25 09:15:00,16563.4492,33.47152769121696,24.481168066129015,60.48730590601011,0.00282861374066945,0.005732574106605659,0.004826965629839863,0.008232077652038816,0.0063604868000561865
2022-02-25 14:20:00,16709.6992,55.68364459344036,53.687058720661895,20.43254999201014,-0.004168142057278779,-0.001238753597670894,-0.0035696872388940593,,-0.0024475844544226133
2022-02-28 10:15:00,16471.8496,39.07528159167219,38.7034343279339,44.93673988672565,0.0021886309598162512,0.005318139864511462,0.0074491452374600975,0.012014461326795844,0.019281356235792524
2022-02-28 15:05:00,16790.6504,65.92853493663806,65.4247168137386,25.347364629159728,-0.0005062341122891167,,,,-7.153981360952244e-05
2022-03-02 11:00:00,16585.4492,40.536925232912566,38.41508255923615,34.313739320977064,-0.0006812477530002692,0.0004884763687920124,-0.0034336845094312674,-0.0009044072197935682,0.0024358942295035213
2022-03-02 12:15:00,16519.4004,33.466577579027856,32.749259509911866,40.28452346324548,-0.0006658837326807276,-0.0020249645380591152,0.0021580928566875546,-0.0006598544581556398,0.0064438900578984715
2022-03-02 12:55:00,16530.4004,35.547696230297944,30.204871422995375,47.96689061498176,0.0011069786307171814,-0.00019365532125881213,0.0009134442986633573,-0.0001694332824507816,0.005774161405068146
2022-03-02 14:40:00,16537.8008,41.31794241047437,37.428175272078384,22.455227461455937,-0.0006168413880036638,0.004229655493250384,,,0.005324093636440486
2022-03-03 13:40:00,16549.5508,37.86582872199955,35.45532747829052,36.22404356579962,0.0008186808309020854,-0.0022236736479881447,-0.0001027943308286039,,-0.002465372051065007
2022-03-03 15:10:00,16526.1992,40.38932257343153,40.2907341866847,23.057382065791636,-0.0010558507608935397,,,,-0.0010558507608935397
2022-03-04 10:45:00,16209.5498,23.68383985207906,21.137136591233183,50.620529669909786,-0.0038803915454826976,-0.0019001021237493587,0.001829193306775112,0.006807752304138548,0.0020975289517293216
2022-03-07 10:45:00,15808.1504,18.524631141760338,18.456064907055694,58.591644249947855,0.0024480536318782775,0.00489617052226432,0.005332679527138007,0.00806860997476333,0.0046115072386963
2022-03-07 14:30:00,15793.7998,35.70783251590265,33.79894172100543,43.7187780546178,0.0017443427388512678,0.002076751663016463,,,0.005524319739699468
2022-03-08 12:20:00,15758.0,39.60329436268954,36.00655701453823,42.048667211516836,-0.003528341160045634,-0.002954042391166478,-0.0033189364132504284,0.004375567965477778,0.016461505267165943
2022-03-09 12:50:00,16285.0,78.51040510422803,78.42608644455115,56.16135772766838,0.002109278477126164,0.0013109978507828135,0.002315026097635897,0.0078722259748234,0.005029192508443359
2022-03-10 14:35:00,16607.6992,42.74401223471777,41.8947310323816,44.758494235434625,-0.0009182488083598894,-3.9042132940259044e-05,,,-0.0026553708294522194
2022-03-11 11:20:00,16615.25,50.22416739027491,50.13555833874528,18.281698656959687,0.0021335339522425834,0.0015497810746152307,0.0022961074916114654,-0.0009990580942207394,0.0003159747822030212
2022-03-11 14:15:00,16618.5508,49.540070759259265,48.911710190507144,20.98133473643894,-0.0003521125319785323,0.0006679042073871599,0.0008694620953348942,,0.00011729061236787075
2022-03-14 10:35:00,16691.8496,58.63584403661167,57.4342058000682,22.644004350134534,-0.00014977369554058928,0.0009825394065374748,0.0038911925015188142,0.004250649370816317,0.011655436914552508
2022-03-14 14:25:00,16857.3008,77.87129820532431,75.29222184520569,47.54298437610421,0.00028177702090959045,0.0011507417605076675,0.0017262312837176275,,0.0017262312837176275
2022-03-15 12:10:00,16878.4004,58.35389198595324,57.30150843036978,22.317094924498434,-0.0007464925408451339,-0.005927741825581867,-0.00840420873058545,-0.01391131827871539,-0.013828348330923501
2022-03-15 14:40:00,16604.8008,27.159446863917495,25.486889874624975,64.45782082771115,0.005642898167137256,0.003812078251489881,,,0.0024209384071622875
2022-03-16 11:30:00,16906.1992,60.72565848941117,59.74655750051944,24.899179671409893,0.000822207276488296,0.00014498823603115163,0.0004909914938184823,0.0001922371765263886,0.0035578901732093993
2022-03-16 14:55:00,16935.3008,59.30849887238049,56.70433121567672,24.761585708759885,0.002547837827598487,0.0018333775329222313,,,0.0018333775329222313
2022-03-21 11:00:00,17267.4004,47.431507491774,46.47168631555312,17.522016816010787,-0.0008484427105772685,0.00024612853710159754,-0.001844493048299145,-0.007421522466114716,-0.008892525594066725
2022-03-21 13:35:00,17171.4492,31.308061744082664,27.200914634292985,42.84851924269972,-0.0016829330863931125,0.000288339087885392,-0.0036455630081587698,,-0.003354381993570965
2022-03-22 15:20:00,17327.3496,71.61215804666335,71.34720904268471,24.950470468652195,,,,,8.082020807154144e-05
2022-03-23 13:20:00,17283.3496,45.77988093792684,43.90584542229958,31.3737266776032,-0.0010587531018871887,-0.0040963587289816195,-0.000685607840739455,-0.002551565583097437,-0.0034599080261618065
2022-03-23 14:05:00,17260.9492,44.77549975717936,42.810752369648824,27.118490195546613,0.0006112525955410675,0.0012369887514644962,4.933680008756269e-05,,-0.0021666479384574444
2022-03-24 09:45:00,17208.8008,40.340238544980785,39.852394944987296,30.417891945569806,0.0028066336847829554,0.001005229835654875,0.0006537352678288588,0.0028619077280505056,-0.0006682627182249545
2022-03-24 13:20:00,17171.1992,39.85270514432084,38.77204649625609,42.60614801255335,0.0013685706936530373,0.0008153187111124005,0.003083721723990074,0.0022684030128774513,0.0015200802049981643
2022-03-25 09:50:00,17227.5996,48.10965342871689,47.88557620640309,18.994254488602895,-0.0005949755182376171,-0.0016658850139518178,-0.0022202744948867092,-0.002284102307555491,-0.0028820265825079128
2022-03-25 11:35:00,17191.75,45.98740465432588,45.12826118474498,27.611495850420845,-0.00020358602236536516,-0.003536626579609403,-0.0024663225093430885,-0.0037169223610160618,-0.0008027571364171981
2022-03-25 12:50:00,17147.5508,39.64965855925287,39.00761144800514,43.05525196862773,0.0005656317985656134,-0.0009827409288095668,-0.003344594261240008,-0.001994523906002965,0.0017727546256924853
2022-03-25 14:10:00,17103.9492,34.63310211627403,34.337639673603704,44.05501875835269,0.002160389952514663,0.00045311172930762034,0.0017978304098331677,,0.00432648618951692
2022-03-28 10:55:00,17041.0996,35.72607808236706,34.837417321934396,48.88802929531056,0.00015254884139026537,0.000707160939309226,-0.0007540358487195808,0.009133823735177238,0.01018711257341609
2022-03-28 14:35:00,17205.9492,63.28049482580004,61.953149270223804,40.20850032569399,-0.001807491097323366,0.001421089863498981,,,0.0005085450327844132
2022-03-28 15:20:00,17231.0508,64.75478180053385,64.4524628599321,35.15449044453137,,,,,-0.0009489612786703905
2022-03-29 09:15:00,17296.0,66.45178667815952,64.93782975365399,38.16437752418342,-0.0007342275670674248,0.0007805272895466953,-0.00012715078630887167,-0.0006967391304348869,0.0022982192414431335
2022-03-29 09:35:00,17314.3496,68.96574443369657,67.87271274531686,47.78994874494195,-0.0012648699203811065,-0.0013023186270884057,-0.0030927410637475727,-0.002752075654057662,0.0012359921391444928
2022-03-29 13:05:00,17297.4004,60.15270674596502,59.719320377578185,23.718249653710743,-0.002436805475116266,-0.002124596711075677,-0.0005636685151833021,0.0016244984419739872,0.002217073034859185
2022-03-29 14:15:00,17294.0,54.9534701811287,54.024085152005846,20.36188184174347,0.00021977564473241173,-0.0004307389846188725,0.0016305770787556906,,0.0024141320689257117
2022-03-29 14:45:00,17286.5508,55.65330353875175,55.63541552522512,20.718105611308264,0.0014606731147315255,0.002062204335175899,,,0.002846096978467161
2022-03-30 11:05:00,17507.25,81.51335906425119,81.41550957915257,73.69041894671645,-0.0008853474988933518,4.8528466778163803e-05,-0.0005797826614687418,-0.0017392337460194751,-0.002036322095131937
2022-03-30 14:55:00,17503.5,58.9748037230046,56.81816295759036,24.874845973847144,-0.00028855943097094716,-0.0018225154969004898,,,-0.0018225154969004898
2022-03-31 09:15:00,17535.3496,57.12462529422585,56.90550672490096,27.190828689259416,4.27707469259353e-05,0.0009894071344889177,-0.00040777059842611596,-0.0019217866064102918,-0.0037980195159611485
2022-03-31 09:30:00,17536.0996,56.971300603911764,56.81358245279744,23.06664928452889,0.0009465959009491431,0.0001910116888248492,-0.000707135582190821,-0.0024007391016416246,-0.0038406259964445244
2022-03-31 12:35:00,17509.8008,50.449809058296935,47.790328525947174,39.66209495764887,-0.0008824315122990534,0.0011621834098762829,-0.0014848826835311968,-0.004057773175809132,-0.0023444470025039132
2022-03-31 15:00:00,17468.0996,41.816066129383536,41.31762781488761,26.107828730082314,-0.0003491850939527641,,,,3.7233586646090444e-05
2022-04-01 11:05:00,17551.8496,63.13595049974114,60.562585248327835,24.65499224365237,-0.0008403672738854784,-0.0011166686387286129,-0.0015382994166038833,-0.0006039021665272815,0.007776958161719971
2022-04-01 12:50:00,17546.8496,61.066546651992745,60.59759008717248,23.91139178591329,-0.0003191228127926715,0.0002821703105040374,0.001963383785998696,0.002111535736876613,0.00806412565364445
2022-04-01 13:25:00,17561.6992,60.01296594506704,59.4160121157497,23.627999442552856,0.0012072408118686262,0.001042085950316185,0.0009310944125497933,0.00721173951094678,0.00721173951094678
2022-04-01 15:05:00,17653.8008,71.14487969528545,69.95044841276531,40.96133163114415,0.002345013431894971,,,,0.0019570176638676884
2022-04-04 13:50:00,18003.0508,63.08282494859791,63.005101524630284,38.28251130597681,-0.0006054751564663619,-0.00042777194185328327,0.0033049953955581746,,0.0018330226563600949
2022-04-04 14:35:00,18043.6504,66.53717060371235,64.5626223123301,43.18528882770458,0.0010474820549617458,0.0012496806078663436,,,-0.00042117863245660914
2022-04-05 11:30:00,18018.9492,53.87486451217155,53.19909063371995,16.795232338166,-0.0002163500189010792,-0.00026361137640584786,-0.0005410970357805356,0.0030024836298445656,-0.004894802633662931
2022-04-05 12:00:00,18014.1992,53.66998144652291,53.533933737825784,18.391996130980704,-0.000602280449968462,-0.00027755882703905943,0.0007328219175015693,0.00014159941120239772,-0.00463241241386958
2022-04-05 13:00:00,18027.4004,53.009919047537196,51.71022054311776,14.212392127328634,0.0021772412621401394,0.002532278586323544,-0.000590789562759042,-0.0014866702577925883,-0.005361305449231524
2022-04-06 10:20:00,17830.3496,27.734908736464572,27.212297031489367,51.82299017842422,-0.002282580034213333,-0.0013908196169075682,5.334724339900454e-05,0.0020358995092275567,-0.0017413455538751732
2022-04-06 13:30:00,17817.75,39.88567922865402,39.505533305854755,38.14936233882439,0.0005275862552791555,-0.00040130768475243883,0.00023567509926891717,,-0.0010354393792706418
2022-04-06 14:20:00,17821.8496,41.97987928385782,40.01150491247818,26.987028751348404,2.5317237555277927e-05,-0.0005582585547126984,-0.00046565312727142594,,-0.0012652334357036166
2022-04-07 10:15:00,17726.6504,36.20705075258699,35.31073311540512,39.444570009265796,-0.002761446685945801,-0.0018447478379783888,-0.0017346762815382277,0.0009561422839365896,-0.0040334749310563245
2022-04-07 10:45:00,17693.9492,33.072356112779836,32.806560825223116,42.59755187145396,-0.00013554916276115048,0.0001102749859822616,0.002192885237852993,0.00352102288165268,-0.0021927722048620257
2022-04-07 14:50:00,17648.4492,35.33513280192384,34.92896633478612,43.69872870824428,-0.0005807875742419588,-0.00011044596484999225,,,0.00037970475048876295
2022-04-08 13:25:00,17731.0996,59.293782850898666,59.292534255347135,23.15014692613405,0.002349002652943133,0.003547461884428227,0.004373716337366718,0.0039028149162276815,0.0039028149162276815
2022-04-11 11:30:00,17700.3008,46.559263855455754,43.54348188870821,23.40921959064087,0.0006920786340534058,0.0011779234847804076,-0.0006243283729958637,0.003980113151523357,-0.0011666694387477694
2022-04-12 10:30:00,17495.0996,25.507857356614892,21.206107211180633,62.51219133410335,0.0014432612890069585,0.0011288875428865364,4.286914719831003e-05,0.00011152837335082211,0.0014203748802892324
2022-04-13 09:15:00,17622.3496,52.65247587391168,49.337626127869875,35.45928271125405,0.0010328475154073313,-8.534616746103119e-06,-0.0037139882867834872,-0.00412539767114839,-0.00878999699336358
2022-04-13 13:10:00,17508.75,42.656384211078965,40.256337905968635,40.917766204822414,-0.0008081901906189515,-0.0009795330905975064,0.00010854001570637095,-0.002213179124723408,-0.0023588662811452332
2022-04-18 10:30:00,17149.3008,20.034703199157548,18.138377816943752,74.77979846403757,-1.7540073703803394e-05,-0.00034702289436772116,0.0005334561511685099,-0.002180870254488876,0.0021283666562079695
2022-04-19 10:00:00,17202.9492,54.8948134978243,53.37446826746056,26.720820110982896,-0.001188703155619364,-0.0015840307195699177,-0.0012293473493485418,0.0011452222389867206,-0.01940357993965358
2022-04-19 11:15:00,17203.0508,54.330091540430814,53.05372188354247,20.35832464239582,0.00020628899148511515,0.0017845206851332396,0.0025634755435355316,0.0003342430401938046,-0.019409371272681608
2022-04-19 13:35:00,17244.9004,55.63842059265493,55.15946540329691,31.639086027228444,0.00038564444245792195,0.001110496410869466,-0.0010090171352916677,,-0.021789050170449187
2022-04-20 09:30:00,17110.1504,39.1962649121037,37.28849773290878,42.628567939213745,-0.0006194919245127162,0.00025124267756293506,-0.001522534834059508,-0.0017504930874248092,0.002305602176355004
2022-04-20 12:10:00,17101.5508,47.2344287852543,44.42574069342144,21.04741503739672,0.001301051598197711,0.0034235959466319965,0.0020786886765848944,-0.00019883576874224484,0.002809616540740967
2022-04-20 14:45:00,17151.4492,49.957371426632605,49.451549257966356,25.788331084385966,-0.0017782753891140146,-0.00031474891346194855,,,-0.00010783928392466002
2022-04-22 10:40:00,17242.8008,38.65659482082037,37.87327322591069,33.959611700788855,0.0010641890614428995,0.003134571965826005,0.0032100121460545417,0.003702971503330099,-0.004100331542425506
2022-04-22 13:35:00,17299.75,47.88046023865382,47.229662818522414,37.72774398365093,-0.001248549834535262,-0.004641731816933836,-0.006841116201101283,,-0.007378742467376576
2022-04-22 15:05:00,17177.4004,32.11420647455222,30.3755243067032,51.54223550913893,-0.00045992989719201294,,,,-0.00030859151423157094
2022-04-25 09:30:00,17002.8008,24.648721614404177,23.109065869286646,57.21712004805944,-0.001837932489334393,-0.0013733972581742027,-0.0006881925006143597,-0.0003941233023208035,-0.0011528453594540355
2022-04-26 13:50:00,17147.8008,55.91221240937891,54.20766879710324,31.73004670226358,-0.0003353199670945717,-0.0008747477402466508,-0.0009827266013028302,,0.0031285877778566284
2022-04-26 15:05:00,17199.5508,57.836728850533234,53.276232853589605,24.433077966494487,0.0007063207720516829,,,,0.00011037497560684173
2022-04-27 11:10:00,17066.9492,41.79801558101764,41.01491019102099,35.101423913655395,-0.0011600667329577652,-0.002361218723261893,-0.0022177132864494853,-0.00514735228719132,-0.001716698143098716
2022-04-27 11:50:00,17046.8008,39.10504113671963,38.886239973462786,34.06349382260293,-0.000551446579935555,-0.0005749348581582936,-0.003446394469512448,0.0012992701832943432,-0.0005367810715546373
2022-04-27 13:20:00,17022.0996,36.883108584261436,33.335280901901996,39.48724711932576,0.0011015092403758864,0.002752280923088879,0.0009751793486156846,0.0008489669511744236,0.000913565327745891
2022-04-28 09:15:00,17122.75,52.62379901454215,49.53670603044259,27.889049295757168,-0.0006161860682425413,-0.001664452263801075,-0.0009402461637296744,-0.00046139784789234195,0.006342415791855904
2022-04-28 11:25:00,17137.5,60.1839753816307,56.97110629389739,18.27535825436211,0.0004084609773886694,0.0016162917578408376,0.002765887673231049,0.005490859226841893,0.0054762713347922265
2022-04-29 11:20:00,17336.3008,63.83246124100905,62.80984912702169,19.748458479118135,0.0009776710842488434,0.0008767268274441076,0.0009257338220620692,0.0013237656790079377,-0.012961311792651808
2022-05-02 10:00:00,16988.25,31.592621734759163,29.23026470930908,50.278383973025036,0.0006063485055847195,0.0007682250967580018,-0.0008888261003929809,0.0010242608862007785,0.00450012214324591
2022-05-04 11:45:00,16940.5508,35.812807379713995,35.322275770106245,39.34604058010413,-0.0004250865326055342,-0.0023819532479428807,-0.005368845504126085,-0.002901346041239816,-0.014512609590002334
2022-05-04 13:00:00,16878.9492,26.350405407718036,25.696116352155528,54.016381486316234,0.0011731062026065775,0.0006309871469962758,-0.00040869842774327036,-0.013019175388003457,-0.010915963891875435
2022-05-04 15:05:00,16674.25,26.553256150918422,25.000950086284753,34.25683698058377,-0.00015297839483041642,,,,0.0012263939907342092
2022-05-05 12:40:00,16873.25,50.9420335822485,50.50460888771449,26.437456601256415,-0.000423771354066238,-0.003576643503770849,-0.0068333486435631086,-0.010193649711822017,-0.012093153364052589
2022-05-05 14:45:00,16724.5,33.889527165829215,33.613395990446925,42.09656944213684,-0.0027534933779784776,-0.00204789380848458,,,-0.003306574187569189
2022-05-06 09:45:00,16450.1504,24.522487522687133,23.74080974368662,49.0054654800973,-0.002914939914470338,-0.00474771343124003,-0.003306984962277215,-0.003468102030240283,-0.0007234219572849199
2022-05-06 15:15:00,16424.1504,47.06742131156838,44.86774812108631,20.965906808386684,,,,,0.0008584675405798325
2022-05-09 10:15:00,16240.4004,38.77725107477353,37.977113249442304,27.19690110577671,-0.0006280756476916283,-0.0006681239213781609,-0.0005233861106035409,0.004975234477593293,0.004288650420219975
2022-05-09 14:35:00,16335.0498,45.9453944053839,45.355592008743876,39.25665632422673,0.0015519144606463975,-0.0030241352554676304,,,-0.001530451410071576
2022-05-10 10:25:00,16308.2998,46.352211896320334,45.64397472348179,32.46707694837993,0.0009534899523981899,0.0004752181462839289,-0.000858458586835642,0.0041573800354097745,-0.006165559943900556
2022-05-10 11:30:00,16326.0498,52.99361844911905,49.86778198904905,15.518940618545713,-0.00011329133640158862,0.002710392320376176,0.002661403127656614,-0.0002204819931396207,-0.007246076145130953
2022-05-11 09:30:00,16287.5996,42.49621759756579,42.146434421575265,35.17168065176911,-0.0036377367724584886,-0.006836464717612456,-0.012816498755286232,-0.00902527097977035,-0.005240158285816365
2022-05-11 10:50:00,16131.9004,33.589596997759095,32.3740789160354,45.705884729962,-0.0011995238949032982,-0.0004680663661921214,0.0011281497869897184,-0.005671991379267327,0.004360899723878653
2022-05-11 13:25:00,16057.9502,33.029784347523744,30.539322765978604,52.54925706641235,0.0008282377161688004,0.003639953996120937,0.0080520737945744,0.008986190528851079,0.008986190528851079
2022-05-12 10:30:00,15917.5498,35.87079768450002,35.81334795094983,46.78876576753746,-0.001303592591869851,-0.003734883870129324,-0.004152624042677799,-0.005541066376937076,-0.005723217526858448
2022-05-12 11:35:00,15885.0498,36.14815659747739,30.79981396554912,42.758774572228454,-0.0005319593017580893,-0.0009631571945087902,-0.0026156543745932126,-0.001624156066542537,-0.0036889780477742384
2022-05-12 14:45:00,15800.6504,37.68263157916604,33.36792769453991,39.00866540207635,-0.001025286908442724,0.0013607034809148821,,,0.001632831519390976
2022-05-16 09:20:00,15871.6504,34.2120107112058,32.046750460400695,53.05278694382887,0.004215024796665245,0.0056106200524677075,0.0032636681564004455,0.0018019298106515258,-0.00045051395537298866
2022-05-16 12:55:00,15829.5996,39.358667920089914,37.6430453401828,39.29763663923099,-0.0011307550697619018,-0.0001800171875477874,0.0027196392257451407,0.0015698817802061171,0.002204755703359762
2022-05-17 09:15:00,15945.75,52.948654267003086,48.40015490766003,26.655492748425768,0.0006804070050012712,-0.0006490506874872182,0.0038693821237634207,0.008930304313061521,0.02112472602417559
2022-05-18 09:25:00,16368.5996,80.42730272965198,79.41496820239188,44.23520155551747,0.0010355925622373974,0.0007789304101495365,-0.0023031414367298275,-0.0011973901542560172,-0.0068514963247069405
2022-05-18 13:35:00,16340.8496,51.09583013362572,45.938384450593716,42.91650668790562,-0.0023040050500189313,-0.004675362779178904,-0.004280634221123902,,-0.005164933407134531
2022-05-19 10:30:00,15945.4502,28.82657672849512,26.37309929198844,48.83845017186634,-0.0005111426706534417,-0.0005205121144838953,-0.004173591787330011,-0.005637996975463189,-0.0073375162527552495
2022-05-24 09:20:00,16253.0996,34.56900549105376,33.749151940039404,39.927451515534294,-0.0045006430650311735,-0.004679095180097126,-0.0075892969978477165,-0.005746559259379724,-0.00698941142279097
2022-05-24 15:00:00,16139.3496,39.58173305813515,37.813473982822224,23.392755761052417,-0.0010006227264572898,,,,9.318838969818444e-06
2022-05-25 10:35:00,16139.7998,44.92856424662144,44.54594688529011,21.726281943504485,0.00019519449057847638,8.676687550979167e-05,-0.0025248144651707216,-0.0031165070585325028,-0.006319780992574686
2022-05-25 12:35:00,16089.5,38.949816051553086,37.5877602933348,27.895541629085457,-0.0016253084309643118,-0.0023213648652847807,-0.003996382734081316,-0.001448136983747239,-0.003213288169302886
2022-05-26 11:25:00,15918.8496,30.90773175759339,30.791816455957274,40.987221830076585,-0.00020416048154636712,0.0002418893385360832,0.0007601428686152545,0.013185651304853163,0.017758833527769635
2022-05-26 14:50:00,16175.5,66.47796286359825,64.94642301644265,31.72386984788073,-0.0016970232759420112,0.0013415474019349283,,,0.0016104478996012972
2022-05-26 15:25:00,16201.5498,68.43326719313853,68.37411402886934,30.465464430679177,,,,,0.0
2022-05-27 13:05:00,16313.9004,64.3462863884629,63.26311459471282,15.529669659134868,0.0017500290733660773,0.0018634047808701037,0.0019952187522243037,0.0020319726850852593,0.002586702074017788
2022-05-30 09:15:00,16539.5,67.46976817055155,65.08533271785817,28.176531428924275,0.003594377097251966,0.003379811965295021,0.005009196166752439,0.008591529369086137,0.00778132349829197
2022-05-31 10:25:00,16605.3008,48.661281586748295,45.51502027775021,23.589778565399858,0.0021077606736277232,0.002983914630441342,0.0020836478915213785,0.003275965949379067,-0.0016290460694334818
2022-05-31 11:55:00,16656.6504,54.710020936537276,52.90260371593524,24.777271507123253,0.00011104273401829623,0.00018303800144603422,-0.0014529451851855724,0.0014649043723702349,-0.004706852705511411
2022-05-31 13:35:00,16662.75,50.50667559758757,49.55922814404971,23.118924596607222,-0.0002850669907428216,0.0009421734107515345,-0.0013322650822943372,,-0.005071191730056546
2022-06-01 10:15:00,16596.75,44.33884392143458,42.143659211799275,26.691467628782636,0.001147863286486972,0.0006326539834606848,-0.0014219410426741241,-0.0008315362947565186,-0.003371093738231856
2022-06-01 11:25:00,16593.75,46.17927280040374,46.073656460769016,20.199126080880028,0.0006207638418078698,-0.0003405137476458764,-0.0013559322033898091,-0.004983755932203349,-0.003190912241054611
2022-06-01 14:15:00,16477.6992,30.837448420179584,30.68107595632631,48.268884113554044,-0.0005158487175199733,-0.0014079150079399083,0.003938680953710083,,0.003829515227465885
2022-06-01 14:30:00,16469.1992,31.774821211510286,28.86581906171675,49.660832711996164,-0.0008925266991730574,0.002018920264198476,,,0.0043476066523016055
2022-06-02 11:30:00,16544.9492,51.90173048505993,50.34236503314388,21.961340215028265,-0.0003202669247240886,-0.00019336414765169785,0.002553649424321014,0.002526499144524408,0.005587880559947633
2022-06-03 09:20:00,16781.3008,71.09832995847862,70.46504465835118,34.06108030034772,-0.001156072478004977,-0.0004440180227267554,-0.001886051646246778,-0.0030749463712611558,-0.011781041431543793
2022-06-03 09:50:00,16773.8496,77.29485872233467,76.9188259917468,54.20794647966535,-0.0009628320501933185,-0.0014426741968642798,-0.002518801647058977,-0.0015589981205030856,-0.01134205948764444
2022-06-06 09:50:00,16524.9492,29.035957969312395,27.081310639705322,51.61366902986857,-0.0010136188497329446,-0.000245011343211865,-0.0005687400237210927,0.0002028205932398386,0.0023419860195394993
2022-06-07 10:25:00,16440.6504,34.97809202354873,32.863755739546306,58.00441417110338,-0.0015480652760549996,-0.002947036693876748,-0.005121464051081492,-0.0022840215615799186,-0.0022019323517760148
2022-06-07 11:30:00,16372.4502,27.895188440706256,26.131587743205518,56.04391547474485,0.0002687074900982189,0.0012551450606947956,0.0015330997922351486,0.0023423861139613145,0.001954441736521595
2022-06-08 10:20:00,16369.9502,41.6557926775875,41.5361600563711,22.45501137395884,0.005849070939751622,0.005748374237571019,0.004550960698707529,0.006178968094844972,-0.00211056231557738
2022-06-08 15:00:00,16375.0,38.52605620071428,34.30984674037704,33.36301451344655,-0.0011389557251908489,,,,-0.0024182961832061034
2022-06-09 12:05:00,16366.0996,49.88843285688058,47.42770928833329,17.79566522212302,0.00022913217514575202,0.0025876415905472516,-0.0013045014097311514,0.0009929060922981847,0.0070695646994596295
2022-06-09 13:50:00,16369.7002,51.640438155500604,51.20960081129871,16.251183105616697,0.0007727325391091444,0.0016066146403830306,0.005238275530544012,,0.00684805455386428
2022-06-10 10:45:00,16300.9502,42.19675774638341,41.93027627410176,33.884235213757705,-0.001331223010545668,-0.0018097104547929455,-0.003601029343675899,-0.004717540944330856,-0.0067173998237232135
2022-06-10 11:00:00,16279.25,40.99008352910639,40.65566009035488,30.641165364082745,-0.0004791252668274737,-0.0024663544082190736,-0.0018274797671883336,-0.0035812337791975013,-0.0053933565735522215
2022-06-10 12:05:00,16255.0498,35.47164689843905,34.2701936403661,39.73409136481015,-0.0006305732757583282,-0.0018332641466285438,-0.0016148827793809328,-0.003589629113286419,-0.003912605669162628
2022-06-10 13:00:00,16220.9502,30.95366772845037,30.341457750058126,43.205347834617484,-0.0004962594608051152,-0.0007890906415580767,-0.0017539169807696542,0.00038223408145365845,-0.0018186357541496445
2022-06-13 10:30:00,15788.7998,20.551779067800496,16.278910928254884,70.60636568022896,-0.0005953207412257022,0.0010323647273049463,0.00042120997696093454,-0.0006966964012046217,0.0007695581775633009
2022-06-14 15:00:00,15710.2998,38.74869124543665,38.13376985566939,25.128684681018026,0.002269237408187408,,,,0.002014627372037614
2022-06-16 09:15:00,15844.7998,41.86356240431934,41.7962642457338,41.67611462524546,-0.0011202413551479884,-0.0037330481133627247,-0.006011436004385473,-0.012019729021757741,-0.0313414878236582
2022-06-16 12:30:00,15572.9004,30.532126996819194,30.265790368659005,45.832583398536215,-0.00259427588710448,-0.005734371742337818,-0.007792421249929737,-0.012110820409536593,-0.014428924235590723
2022-06-16 13:30:00,15451.5498,24.227945364694044,20.027358048171518,61.874542515984785,-8.734398927423559e-05,-0.0008445625305495419,-0.0043523142254636715,,-0.006688623558007145
2022-06-17 09:35:00,15253.0498,22.991418838586007,20.954572767396847,46.585481018007755,0.005634951772071073,0.003058430976865978,0.005634951772071073,-0.0007604774226857014,0.005412019306460181
2022-06-17 11:45:00,15242.5996,34.34749954501868,33.507478758348995,29.632312147599688,0.0007052602759440862,0.00266362701018541,0.001718880026212899,0.0041233517673717746,0.006101321457004039
2022-06-17 14:30:00,15307.0,48.22618408729736,46.47324895642461,20.801228042736728,0.0021330371725354347,-0.0015025805187168784,,,0.0018684000783955046
2022-06-17 15:25:00,15335.5996,51.53620120180318,50.270241318745,21.679202209324657,,,,,0.0
2022-06-20 10:05:00,15301.5996,48.28045732805116,46.66517274857024,19.650761363815,-0.0011370968039184914,4.250536002792238e-05,-0.0005325848416527501,0.003411421117044622,0.004398285261627111
2022-06-20 14:50:00,15297.3496,44.925875156030294,44.66713607680625,24.63955157645844,0.0020591802386473734,0.004213161213234118,,,0.004677333124425642
2022-06-22 10:30:00,15509.9502,36.168118073790325,33.643872145065245,54.28448700355849,-0.0008607764581990418,-0.00016767300774434002,-0.0010412928340671757,-0.003942656115040188,-0.007018114087819605
2022-06-22 13:45:00,15413.8496,33.165307832759424,30.710414101490464,32.08750716213275,0.0010672350144120824,0.0005806596166606504,0.0015116794703902148,,-0.00082717817617739
2022-06-23 13:35:00,15507.0996,42.35984009760659,38.18002275597591,50.5911343438148,0.0033371811192854928,0.00035146482195824724,0.0028890508964036776,,0.004543093280964028
2022-06-24 13:05:00,15684.7002,57.684107378445084,55.40121082587624,31.856099718042902,-0.001616262961787407,-0.0013931155662126882,0.0009276428503237621,0.0009977493863733145,0.0009085286819827676
2022-06-24 14:05:00,15699.25,56.2764030678625,55.06608705665181,17.815042222788044,0.00021018838479558433,-4.1428730671921876e-05,7.00415624950157e-05,,-1.9096453652278633e-05
2022-06-27 09:15:00,15867.5,62.432406185020454,59.02379961272278,19.06522434592764,0.0030061572396407055,0.0013077044272884475,6.929888136131268e-05,-0.00016383173152667574,-0.001978912872223071
2022-06-27 12:55:00,15893.0498,64.39961976260648,63.40980992287072,32.05010754783214,-0.00026741248869677214,0.0006763962949389857,-0.00038065695861599913,-0.0018215635365341765,-0.0035833399326541393
2022-06-28 10:25:00,15731.6504,33.18544508968098,33.12736778277589,50.55524297217315,0.000505299812662896,-3.501221969692825e-05,0.0021071787865309943,0.0029621558333128295,0.009096286553634592
2022-06-28 13:35:00,15804.75,51.65640802368354,50.18584495654004,25.06399080668571,-0.00025623942169283875,-0.0006010851168161135,0.0017842863696040379,,0.004429048229171562
2022-06-28 14:20:00,15804.2002,53.123497663320926,51.513390455806615,13.798121793290564,0.0018191366621640448,0.0015375532891566124,0.0031763834527989143,,0.004463990528290163
2022-06-29 10:20:00,15782.4004,49.27452320595601,47.94854128619284,21.410930194882585,-0.0005924700782524717,-0.001815338559019275,-3.218775263214013e-06,0.0006082471459791794,6.014294251466268e-05
2022-06-29 11:00:00,15763.2998,46.74165859719104,45.69722637968272,15.198923202306617,0.0009325585497015343,0.002147431085463447,0.003527218330263482,0.0033717813322309276,0.0012719291172778036
2022-06-29 14:05:00,15846.8496,61.163801610362235,60.053144066327135,44.06019940677535,-0.00016090264401824594,-0.0022117834701983474,-0.0033760653600195534,,-0.00400710561422879
2022-06-30 09:35:00,15876.75,57.07601489451405,53.797368439435544,32.36019941065393,5.9848520635563673e-05,-0.001769858440801797,-0.004018442061505034,-0.006210313823672986,-0.008871437794258918
2022-06-30 12:50:00,15763.0996,41.822034900266765,41.303907069284264,30.829590044517076,0.0018112427583723,0.0022743369584494744,0.004237795972563685,0.003489161484458325,-0.0017254982008740871
2022-07-01 10:30:00,15609.1504,30.51814641032793,30.015608612139268,63.57922489719698,-0.00022748195186850229,0.0007334928363558202,0.0006086173658752525,0.0015663376528167738,0.00992043743777371
2022-07-01 14:35:00,15679.75,49.11691326189966,48.35309779005723,21.11838514246425,0.0022321784467227435,0.003440756389610833,,,0.0053731724038967865
2022-07-04 10:50:00,15731.2002,53.777306262764256,52.99956182269791,35.09471030153769,-2.5452603419240383e-05,-3.49496537459526e-05,0.0016019248168999134,0.002196259634404729,0.0062264924961035195
2022-07-04 14:45:00,15817.0,63.72283344847269,62.953363708389574,23.080826059342286,0.0009831067838401708,0.0014478346083328653,,,0.000768186128848658
2022-07-05 15:15:00,15819.7998,31.078553135211294,29.985871261775344,65.7576181236669,,,,,-0.0012547314283964939
2022-07-06 12:20:00,15891.1504,50.66366136556795,48.54822452913916,19.539000437530603,0.001960172751243938,0.0038134180644340265,0.005342558459455526,0.0034012515544499244,0.00735625785783256
2022-07-06 15:10:00,15994.25,56.3928534164308,56.32241779937323,22.394266647104114,0.0008627975678761057,,,,0.0008627975678761057
2022-07-07 10:40:00,16125.5498,70.19558507704899,69.64006755700797,44.64420384714964,-0.0010789957685659601,-0.001978189915732398,-0.0013084577122450813,-0.0020650334663318004,0.0008279159573212347
2022-07-07 14:55:00,16127.9502,58.063750922397475,56.98457459441696,25.56704323078536,-3.408988700859261e-05,0.0006789579496593312,,,0.0006789579496593312
2022-07-08 13:40:00,16216.7002,59.05704309703022,58.525854086716016,22.959877949919008,-0.0016649503084480433,-0.0016927118132207264,-0.0026331004133627323,,4.931952802578188e-05
2022-07-08 15:05:00,16222.0996,54.210215922569766,50.185054377815916,32.73205110346372,-0.00010474599724430433,,,,-0.00028353912954648397
2022-07-11 10:25:00,16165.2002,47.66242719649422,46.35510737536006,19.843201525447537,-0.0008165812879941114,-0.0005475094580021933,-0.0013083908481380524,-0.002592012439165403,0.0020939796341032935
2022-07-11 10:50:00,16161.0996,46.02893227276759,45.21908895389154,15.127153565204194,-0.00027844639977347985,-0.0008353391993203285,-0.0013117424262393262,-0.000887909879597526,0.0023482436801516293
2022-07-11 11:30:00,16154.0996,45.77462451661975,43.73296104037509,10.808694745750092,-0.0011142682319477126,-0.00020118731965723669,-0.0016342229312490408,0.0008326183651858887,0.0027825877710943026
2022-07-11 11:55:00,16144.9004,42.5117210580587,41.97609601947642,9.616720632148795,0.00011456249058050538,-0.0013379209202182274,0.0007277839880635018,0.0027345724597966914,0.003353963087935785
2022-07-11 12:35:00,16139.9502,41.9927770040942,40.457728916461654,19.805763255032282,0.000421302415171132,0.0014374393794598372,0.0026114950466205045,0.006167912463571401,0.0036616965521989453
2022-07-12 10:35:00,16152.75,44.49505432520419,44.16470347879298,26.82758380557592,0.00016716658154170005,-0.0003900140842890698,-0.0022937146925446905,-0.002931364628314004,-0.007119530730061441
2022-07-12 13:15:00,16092.3496,33.23153201812272,32.38307016755766,37.450324555488685,0.0006401054076032864,0.000972536664254342,0.002522975265215388,-0.003169207807913854,-0.0033928917378229784
2022-07-13 09:20:00,16118.6504,42.4952002749231,37.52176696875626,43.99751448883029,-2.7930378091789443e-05,0.00017678899469153464,-0.0020349594529328607,-0.0016161899013580339,-0.008865531322647224
2022-07-13 11:20:00,16092.5996,44.955855441525095,44.73359545056109,27.56541133990874,0.00017713732217639055,-0.0002733803182426442,-0.0007674086416714632,-0.005716913506006782,-0.00726107670012488
2022-07-13 12:15:00,16085.0498,46.539899608985365,45.44526408323596,16.693871448457866,-0.0008268423265932467,-0.003018318289570998,-0.005107189658809741,-0.005732043179623947,-0.006795117289596475
2022-07-13 14:00:00,15996.8496,28.781232180993467,25.043055935835717,39.4091639438765,-0.00025004923469429396,-2.808052905611813e-05,-0.0025161204241115342,,-0.0013189847080889994
2022-07-14 10:50:00,16037.6504,51.09334955487823,49.94764477551326,23.172574835740612,-0.0014497136064269833,-0.003887764008124295,-0.00487914364313613,-0.005228359386110548,-0.005593101094160335
2022-07-14 12:30:00,15964.8496,38.9055755439446,37.146136015424105,32.073636001137274,-0.0006357341443417042,0.00042598584831021746,-0.0023363702718501855,-0.004534925277341784,-0.001058538002136955
2022-07-14 14:15:00,15888.25,31.79139561932207,31.190849775322626,27.017757761736128,0.00026435888156339793,0.000456312054505581,0.003851915723883881,,0.003757506333296634
2022-07-14 14:30:00,15892.4502,33.599830613850216,28.842190313574445,31.245731133647155,0.00019190244182731853,0.002073324099514995,,,0.0034922242512360757
2022-07-15 11:50:00,15981.6504,54.714165810234675,52.48509054825641,19.461068268336813,-0.0025999067030023637,-0.0024278343618379106,-0.0006288962496640016,-0.0008572456321532806,0.004455059284740548
2022-07-15 12:50:00,15971.5996,50.386956060380676,48.17244087060639,19.459005115478437,0.0005197225204669476,-0.0002222570117522693,-0.00022849308093098042,0.0021569661688740638,0.0050871548269968425
2022-07-15 13:55:00,15973.0996,51.01496009130797,50.99743407446255,17.502075341104767,0.0011989157070053658,0.001796783386988965,0.0027358622367821273,,0.004992769218067128
2022-07-15 14:10:00,15992.25,55.05229145495605,51.868205099914974,16.602767760826207,0.0005971517453766673,0.001600750363457193,0.0038143475746064137,,0.003789310447247951
2022-07-19 14:00:00,16311.5996,55.96279391800435,55.82971845119342,23.346543805770928,-0.000521101560143733,0.0011954682850356946,0.0024645161103635793,,0.001085129627630188
2022-07-20 09:15:00,16521.75,65.85809379004043,63.12270177810775,34.124190540986106,0.0002572366728705866,0.0007445216154464696,0.0009048194047240887,0.0025783951457927223,-0.001570608440389143
2022-07-21 09:40:00,16533.6992,48.86011483205276,46.149923604355855,26.29313758537881,0.0014062188817369758,0.0023770119151558244,0.0014546532938013446,0.0029153306478444385,0.004602817498941869
2022-07-21 14:10:00,16560.5508,46.8223557149553,43.699225335106796,28.080420419242856,0.0015276545028926058,0.0014794193922584853,0.003097650592636114,,0.0029739349007642524
2022-07-22 11:45:00,16668.0996,59.7188290724426,59.57351023902423,25.275448417076092,0.0003420425925459991,0.0005039806697577642,0.001208920061888774,0.0026518440050598002,0.002771833688826719
2022-07-22 14:10:00,16727.8008,66.36959933163223,66.17183751356526,39.75081572717294,0.0008338932395703935,-0.0005918530545869771,7.47259018052393e-05,,-0.0008070397394975837
2022-07-25 10:50:00,16605.6504,37.14406241518048,37.095653208360126,38.66422389690242,-0.0015867851824700185,-0.0015176279996836906,-0.0004004901849552489,-0.0011200765734534768,0.00026499413717639975
2022-07-25 11:25:00,16584.9492,33.71522153028921,32.31674014081809,40.81557687142518,0.0001296597278694911,0.0013144930223845108,0.0008079855921416801,0.0013235614854942845,0.0015135168457436343
2022-07-26 10:50:00,16515.4492,30.426360686566497,30.093112056667582,56.554695998296125,-0.0004419377221662746,0.0002604107189527749,0.0008779658260824608,0.002204021190050476,-0.0029607671827659443
2022-07-27 09:35:00,16453.5508,34.873981861194736,34.7163531872728,24.60867715889965,0.0023611681437174514,0.0038319266622983683,0.004816589498723989,0.006293401421898492,0.011498989020655603
2022-07-27 12:55:00,16595.9004,62.49790441094287,60.59841027658288,30.93636437763692,-0.00012051168974236415,7.826029131874357e-05,-0.0005393621186109421,0.0012623117453756105,0.0028229622298769907
2022-07-27 15:10:00,16643.6504,67.51476574179912,67.14726620735192,27.637146464980503,-5.4098709018735036e-05,,,,-5.4098709018735036e-05
2022-07-28 11:05:00,16872.3496,84.77346681147407,84.38329574154928,74.7219192824605,-0.0006548465543886328,0.0007972333622106031,0.001179468211113699,0.002154388740261526,0.002945718953097032
2022-07-29 09:20:00,17111.5,68.18381291511547,66.12479668926798,36.94070726404263,0.000885392864447887,0.0014434269351020212,-0.001539876691114217,-0.0015486661017444225,0.002714501943137604
2022-07-29 15:05:00,17147.8496,61.42895354617497,58.83029691416882,32.97888711077366,0.0010846607845218514,,,,0.0005889718090363871
2022-08-02 11:20:00,17264.9004,46.27773003832818,44.69134223941815,17.93354315688584,0.001969313416948504,0.001445082185356883,0.001853471451245703,0.000828200549596092,0.0017346870996142183
2022-08-02 13:20:00,17279.1992,49.34527174910758,47.85909337956065,21.73437788060607,0.0005903745817108508,0.0024133757309772186,0.004230612724228644,0.0013108477851220268,0.0009057364186184635
2022-08-03 11:45:00,17271.6992,43.9052917754576,43.89594782895861,29.95901032629519,-0.001574784257474704,-0.0018700418312056488,0.0008771806308438546,0.0003473890976517513,0.007017329250384341
2022-08-03 12:20:00,17255.6504,44.33057707367686,43.31453218707551,22.455154057249686,0.0008083844814104069,0.0024252693482942345,0.0023064213215631124,0.003717646018141618,0.00795391635889886
2022-08-04 12:35:00,17294.6992,44.08359664169018,42.79760069105263,42.3695166767873,0.001364672477217832,0.0005320242863777747,0.0018185456501029762,0.0004886583977130599,0.00400705436958404
2022-08-04 14:30:00,17313.75,46.57293012123296,43.88754787569783,30.27043961028142,0.0013371106779294095,0.004611918273048854,,,0.0029023175222004927
2022-08-05 14:50:00,17398.6504,42.52868016577631,41.48690837766637,36.172374417245145,-0.0003276805883748457,-2.301327923681651e-05,,,-0.0005517439444612249
2022-08-08 11:35:00,17481.0996,64.51110916923297,64.48266970005506,46.88171334054612,-0.0010124763547484372,-0.00014580318505830192,0.0024368947591830725,0.003332170248603772,0.0026743168948022422
2022-08-08 12:20:00,17515.6504,68.83530065879506,68.73703393940337,44.99777861967078,0.0004595204754715976,0.0003939562529748919,0.0007250201796675793,0.0008877089714007802,0.0006964742799389079
2022-08-10 10:30:00,17524.8008,53.91135602256376,53.09841738082838,36.65089943510395,4.55811172472842e-05,-0.0006049483883435736,-0.000873094089605897,-0.0008902583360606009,-5.9960738612252484e-05
2022-08-10 12:20:00,17520.0,51.230113005711814,50.27919852597868,16.207641098509033,-0.0006706621004566315,-0.0006164840182648623,-0.0011644063926939952,0.0010017579908676577,0.00021404109589040488
2022-08-10 12:40:00,17519.5,52.66674677486436,51.08297428757693,16.101176628102653,-0.00044236422272325715,-0.0012072490653270984,-0.0011101458374953577,0.0004337795028397373,0.00024258683181588303
2022-08-10 14:00:00,17510.5996,46.82398947542771,46.61313264860319,20.093073555341853,0.0016418626807046532,0.0010650920257464502,0.0015248592629575342,,0.0007509965563943233
2022-08-11 09:15:00,17690.5,63.88268061877365,57.41978004722675,33.79673348649938,-0.0008479127215171856,0.00022898165682150307,-0.000554014866736452,-0.00023737034001292123,-0.002930929029705265
2022-08-11 15:05:00,17669.4004,54.596340904269155,53.406352330697466,18.608229098150737,-0.0008828596130515676,,,,-0.0017402967448743034
2022-08-12 09:55:00,17655.0508,47.991103749557695,45.5179825920778,26.066857349538687,0.0013169036024522907,0.0008835771800779213,0.001144103193404522,0.001220545907463455,0.0024695256045368374
2022-08-12 12:50:00,17702.0996,59.952580967694786,58.35772658812471,19.125956353387576,7.623954392377286e-05,-0.00021746572931957697,0.0003220634912708409,-0.0014602561608003661,-0.00019484694346671994
2022-08-12 13:30:00,17707.1504,61.91676312218406,60.94122344194552,15.03029289581354,0.0007765224606666177,2.755948805832631e-06,-0.0013045351441752784,,-0.00048003206659386066
2022-08-12 15:25:00,17698.6504,51.71006849363357,51.688872932705166,26.938594730906406,,,,,0.0
2022-08-16 14:10:00,17794.75,53.21203729335821,52.08675019458036,20.981987384419188,0.0008232990067293944,0.0002725298191883496,0.002000567583135604,,0.0018854325011590234
2022-08-16 15:05:00,17829.75,57.69047306325881,53.85399556794314,28.485101315578127,0.00013177975013678456,,,,-8.12798833409456e-05
2022-08-18 10:05:00,17952.1504,55.76102272332407,53.80486721298789,27.95139843225607,-0.0012728057358519784,-0.0025762930328391276,-0.0023646860712575046,-0.004807268103101281,0.0006850878432926866
2022-08-18 12:30:00,17886.3008,43.681608672176296,40.561708964065986,32.697180937248,-0.00013147492185761056,0.00041090665320786535,0.0010929481852390843,0.002146805000617924,0.004369176213339765
2022-08-19 12:40:00,17778.9004,30.607833195484307,29.087549700672177,65.60664862855575,-0.00038252084476475545,0.0017802225833944973,-0.0002193836464711163,0.0005990471716688095,-0.002922070478554417
2022-08-22 10:30:00,17584.1992,23.715865852323965,23.449234796596514,58.81676433692722,-0.0014984816596025352,-0.0006795418923597474,-0.001251123224309203,0.00026735365918728604,-0.0051096782388587725
2022-08-22 10:45:00,17557.8496,22.945021560269748,21.723696613702554,59.06733650494583,0.0008201687751101527,0.00020790700929573802,0.0008172754823003725,0.0005609798594012894,-0.003616616012020013
2022-08-23 11:15:00,17452.25,36.09157807099154,35.5084490998249,41.85826545309701,0.0030998639143950957,0.001421066051655373,0.00022348980790432016,0.00564688220716536,0.009803870561102546
2022-08-24 10:45:00,17589.3496,56.59814664983573,56.400012449094234,15.996818870925035,0.0003440036236472821,0.001452629038654063,0.0015406823228982791,-0.0009039788486552292,0.001034785277108874
2022-08-24 13:50:00,17568.3008,49.55265262513068,47.43033184738107,30.63117305574298,1.4230175293894476e-05,-8.560873456908702e-06,0.0010131201760843478,,0.002234137521142543
2022-08-25 12:20:00,17704.4492,62.13957789335005,61.924052325514715,33.55540939340132,-0.0004969824195377726,0.0006777957260597489,4.523156811919726e-05,-0.0014656880712221598,-0.011084784269933645
2022-08-25 12:45:00,17712.8496,62.3811060564057,62.2702967660691,31.88800495772263,-4.509720446110865e-05,-0.0005984130300525914,-0.0008072557675870007,-0.003847511921515001,-0.011553781837565058
2022-08-26 09:20:00,17672.8496,37.52121888622959,31.205999081464128,65.87135885873057,-0.001148586699906029,-0.0004470360003517859,-0.003344090021566215,-0.003669447851805452,-0.005089682877174595
2022-08-26 11:25:00,17602.0,44.14834705906364,43.27398545035531,25.392769984242765,0.00017609362572446052,0.00014202931485063353,0.0012726053857514685,-0.0008976707192365208,-0.0010850812407682264
2022-08-26 13:55:00,17587.8008,42.92059863350715,42.6641895946299,35.47836963534956,0.0004690751330320708,0.00013359259788736644,0.00024164476550136982,,-0.0002786249432619181
2022-08-26 15:15:00,17574.9492,42.88110379588505,39.27418353346344,28.500478488116848,,,,,0.00045241667042761335
2022-08-29 09:50:00,17303.3008,30.305610642837948,30.162876974311327,44.97913473827075,0.0006935092985265179,0.00039291925156859087,0.0001270971374431884,0.0013407384098644837,0.00206890005634075
2022-08-29 14:40:00,17336.0996,44.71399173547627,44.156451351478054,26.819154740441654,-0.001808342171730537,-0.0024399259911959126,,,0.00017304930573880384
2022-08-29 15:20:00,17320.8008,41.163996341138,39.85790164565231,30.43516221405545,,,,,0.0010564638558743233
2022-08-30 13:10:00,17635.4492,86.07274669921946,86.03879918026449,76.83362896418828,0.0002126398912480898,0.0018259359109491502,0.001548063771463326,0.007221341433140349,0.006166556846195936
2022-09-01 14:30:00,17559.9492,42.271565246436694,37.463796147602615,33.25181876699429,-0.0009538751968598547,-0.0029299173598975603,,,0.0001879732089431485
2022-09-02 10:25:00,17532.4492,43.784056726462836,40.97527700373726,19.10093721452916,0.0004562967734136336,-0.0007442656671151626,-5.413961216549357e-05,0.002235922634243215,-0.00026234782987411
2022-09-05 09:25:00,17594.6992,48.879566893719506,48.554506817584766,40.32467736178435,0.0024496923482499877,0.002262090391406124,0.0033561699082642615,0.001730703074480422,0.003364717937320627
2022-09-05 12:10:00,17660.0,62.00843606886602,60.47696878988333,30.937363816348217,0.0003737032842583421,0.0006936579841450019,-0.0005408154020385414,0.0005322989807474698,-0.00034539071347683414
2022-09-06 09:20:00,17742.9492,60.67365437156279,56.8642675888141,29.628686305899436,-0.004024043533867427,-0.004238258203433265,-0.0072338368640539885,-0.00490896969935517,-0.005148501467839295
2022-09-06 11:05:00,17664.6992,47.128701784226834,46.685933799152764,35.18591674998643,-0.0005009765464898397,-0.00043297652076623727,0.0013983368593109002,0.0011265631967287693,-0.0007415693780959964
2022-09-07 10:00:00,17583.25,35.19712068993233,33.44212362621909,40.1696562501368,-0.0005175152488875456,-0.00030146872733993746,-0.0018397963971393816,0.0010720202465415163,0.0026303442196409232
2022-09-07 14:15:00,17644.1504,58.39318283124522,57.52261431184891,18.41102074352019,-0.0023747473836993604,-0.0012355823038097125,-0.0007028051631207122,,-0.0008303261799444961
2022-09-08 09:15:00,17733.9004,59.03848116694071,53.47999035690702,27.79431287781138,0.0027433558835145977,0.0017677780574429924,0.002452929080395627,-0.00011277834852396751,0.00373291822480315
2022-09-08 14:20:00,17759.1992,57.297212632817526,55.46354962905043,17.28436211058712,0.0007630299005825236,0.0018103518992005352,0.002089148253937134,,0.002303054295376139
2022-09-09 13:55:00,17847.5508,49.67659299625906,46.500011323025504,34.850314169202456,-3.928830391675131e-05,0.0004705631654511322,0.000526593262309083,,-0.0010225492676563253
2022-09-12 09:20:00,17907.3008,53.81382630760446,49.27823803831287,34.23649455668388,0.0013123139138870865,0.0023900196058581624,0.0026217909959942443,0.002551987064404404,0.0013569214183302147
2022-09-13 09:20:00,18041.6504,54.10383282005391,50.827199126044675,42.01806888754473,0.00038799111194398606,0.0008036958747410505,0.0006207414372692011,0.0006928412713285148,0.0013773462764803401
2022-09-14 10:15:00,17910.0508,34.80536659387823,32.596786775391706,43.77058555658151,0.0008597630555016167,0.0008960778603710473,0.0024370896815097964,0.005332201514470336,0.005058589783564216
2022-09-14 14:20:00,18086.1992,62.885788031877496,61.57833065498678,35.46553306557478,-0.00011058155325416319,-0.0010062479019914417,-0.005932633983153357,,-0.004730059591514402
2022-09-15 11:35:00,17937.5508,41.326431667389954,37.312517297346396,38.615410001772844,-0.0021407827873581864,-0.0030243816786849065,-0.0015080542656916718,-0.002935205624616355,-0.0036376203600771984
2022-09-16 10:25:00,17715.4492,26.546367934302182,25.53617090867151,66.44018717436165,-0.0009990827666960245,-0.0001918325616038219,-0.0025485326107338446,-0.002912689337846275,-0.009333638573499892
2022-09-19 12:20:00,17640.9492,52.773338323238974,52.06039578378288,21.73632571944229,-0.0008928091012245787,-0.0014567923589960952,-0.002049118762838309,-0.0006490126959834974,-0.0005158225839683173
2022-09-19 13:45:00,17649.5508,50.82878266099342,50.030927700640746,17.88590340419666,-0.00044762612315341066,0.0004872418622687835,-0.0012805765005646785,,-0.0010029263747607375
2022-09-19 14:30:00,17641.0996,52.66504852167718,52.403452971211294,20.00876112946122,-0.0008021268696879469,-0.002298541526289055,,,-0.0005243437319519817
2022-09-20 09:15:00,17805.4004,57.69429769133366,51.316961744065075,24.968424638769612,0.0010782795988122373,0.0023615756487003203,0.0031984228784882607,0.0034848303664094527,-0.0007947251778734898
2022-09-21 10:20:00,17800.9492,41.38033010858222,40.497840428357414,31.9871605128422,0.0001769793264734254,0.0006629309407837347,-0.00010105079115674265,-0.006794536552017116,-0.004777767693421642
2022-09-21 12:40:00,17717.5508,33.67788498123592,29.25025167373721,54.27607991226496,0.0011429344963413968,-0.0003076723222941169,0.001735567198148047,0.001831472101663012,-9.315057248215908e-05
2022-09-22 09:45:00,17671.5508,38.5573246831145,36.628538791838125,34.95183133535697,0.0012845052625487519,-0.002034411150831139,-0.0015449011979187244,-0.005322158822642864,-0.0022635251683740254
2022-09-22 10:45:00,17644.25,36.16999966031493,33.84462970861563,32.483375763884936,-2.545871884607198e-05,-0.001572750329427386,-0.003783102143757877,-0.004426348527140633,-0.0007197358912960361
2022-09-22 12:15:00,17570.9004,32.42903584965708,28.605199088435196,41.37271425014646,-0.0010585456394709425,-0.00027033332907633323,0.003670842047457157,0.007876682289998271,0.003451752535117869
2022-09-23 10:30:00,17467.1504,30.772390642874566,30.626500196386093,54.44488332101266,-0.0013110552938273567,-0.0013596951681368319,-0.0011422126416223977,-0.003300504013522332,-0.007723091455146491
2022-09-26 14:15:00,17106.6504,46.90387739588034,44.92116977851577,28.446706270454886,-0.0001081216928358053,-0.0014175773417337556,-0.004974650092808175,,-0.00460644241610253
2022-09-27 09:15:00,17131.6992,44.0345517541912,42.18617095759991,39.75898003458693,0.0022706679323438728,-0.0033796063848703373,-0.005390568613298896,-0.010238237197160105,-0.005151269524975133
2022-09-27 11:30:00,17024.5996,43.811709168464645,40.7013997609365,18.6888734474925,0.0015448704003586666,0.0015595550335290032,0.0023613595000495646,0.0045874559070391285,0.001107197845639618
2022-09-27 15:25:00,17043.4492,45.54181593782504,42.83634710624776,37.91996388403658,,,,,0.0
2022-09-28 09:50:00,16935.0508,40.61961349368543,38.41381853894391,34.33374849957144,0.0006671842992049815,0.0009122618043755359,-0.00023031522291050432,0.0048153856143142715,-0.0064304737721838645
2022-09-28 13:25:00,17000.0,49.67859241292457,49.56514610882179,26.349209663041428,-0.002479435294117538,-0.0035088470588234832,-0.004926470588235254,-0.010226447058823585,-0.010226447058823585
2022-09-29 09:15:00,17006.6992,32.18933157723531,31.035923025117985,56.29422884252587,-0.0013200209950205988,0.000211775369085343,-0.0021667696692134752,-0.004210082106938073,-0.009631428066887882
2022-09-29 10:50:00,16968.9492,49.23638338753327,48.88901929118614,16.87372262291833,-0.0018533380959145918,-0.0018503443925683705,-0.004184112944365492,-0.007672790958676345,-0.007428203038052583
2022-09-29 13:40:00,16826.3008,35.85948307203755,35.07067447593096,53.569055479904435,-0.0007607613908816591,0.0004694079877616275,0.002932884689663906,,0.000986526997068582
2022-09-30 14:20:00,17177.0996,80.96283951327547,80.81415665426283,69.30355417300879,-0.0022180461711941435,-0.002788619797023384,-0.003670514898801658,,-0.004069394812148741
2022-10-03 11:15:00,17011.25,44.085875837985405,38.806134142177235,29.720728512148646,0.0019662987728708003,0.0013373502829010508,-0.0002969093981923798,0.0014108310676756997,-0.007950620912631323
2022-10-03 12:45:00,17027.0508,48.273948844087,46.69859836014304,23.03329113389296,-0.00030248338719951473,0.0004815396451391951,-0.0035473201266306154,-0.008565875659453659,-0.008871225074397526
2022-10-03 15:10:00,16891.25,31.79033917843187,30.122729552613812,55.87251067600382,-0.0009028343077036594,,,,-0.0009028343077036594
2022-10-04 12:40:00,17255.6504,69.2888156367706,67.85473299958687,23.900653969271033,-0.0009388924569310175,-0.0005650323096485499,-0.0002637281061279584,-0.0010286485637192033,0.0012632847499043365
2022-10-06 09:15:00,17374.6992,68.6433767469717,65.59649627908749,31.276602742889075,0.00017558865134192914,0.0005007971591242111,0.002267688179603322,0.000630295803912384,-0.003361117181240103
2022-10-07 09:55:00,17325.8008,34.873439093774714,33.987148698900846,48.772095223463545,-0.00194514530029688,-0.002926340928495419,-0.004060510726869415,-0.004545244454155384,-0.0005569958994335877
2022-10-07 10:40:00,17277.4004,37.78091467744704,37.462904157156835,28.568776767402795,-0.001270515210146983,-0.0005845555330186158,-0.0010360586422479834,0.0001012883859541347,0.002242814260413839
2022-10-07 12:15:00,17240.6504,36.80620863589465,34.441520679684785,25.619349670392275,0.0011628795628266797,0.002102588890730006,0.0012296055837894837,0.003503371311328385,0.004379185137934227
2022-10-10 10:30:00,17111.0996,33.40213777604602,32.569113888837094,45.418718272067515,-0.0007451303713993385,-0.0005259743798113892,0.0017562167658702332,0.008585094087115053,0.008260696466286577
2022-10-10 14:45:00,17223.0,52.36718361643132,50.17230672758514,23.688877287177274,-1.7465017708939712e-05,0.0011844858619287635,,,0.0017098763281657714
2022-10-11 11:20:00,17166.3008,45.62917390465127,43.14957490535492,19.710313977625958,0.0003144766052334269,0.0015000319696134579,0.0006290697178044091,-0.0024933036242730244,-0.011776002433791843
2022-10-11 14:15:00,17128.3496,43.77637942264906,43.096835800404214,22.43302391588247,-0.0024578900468029685,-0.0024900472605955404,-0.009116488374338316,,-0.009586399380825505
2022-10-12 09:25:00,17052.25,35.686719512496126,29.097084461025055,45.26912143328237,0.0007447228371622039,0.0001671099121818287,-0.0005307686668915013,-0.0020115116773447017,0.004503851397909431
2022-10-12 11:00:00,16984.9492,38.19050224099113,37.90075530934325,29.57852914171813,0.0013482760372343083,0.0014395804021598568,0.0057905148164942855,0.004427519865646712,0.008484076007716501
2022-10-12 13:50:00,17076.4004,50.17806091678168,49.37327582975291,16.33937391852108,0.0005152608157397154,0.0016631373904774094,0.002318966472582895,,0.0030832259004656137
2022-10-13 11:05:00,17034.8496,41.57540540114822,40.78005483748729,42.07107380922242,-0.0023041001782604376,-0.0011828927447649074,-0.002820617799877745,-0.0014030297044713702,-0.0010008189329714368
2022-10-13 11:35:00,17014.6992,38.34498298745082,37.206741796011684,41.62801935240725,-0.0022744569001842407,-0.0016396646024748884,-0.0006405285143094019,-0.0016543577802420328,0.00018228944065024066
2022-10-13 12:00:00,16977.0508,33.42886235071513,32.04713838240258,47.718822530606566,0.0016257005015263282,7.650327582231498e-05,0.0026859553250555557,0.0020321550784310194,0.002400299114378557
2022-10-14 09:15:00,17312.5508,56.91564933092358,50.55274249952506,36.31939668036088,-0.0005198540702621157,-0.001438286032350744,-0.0008145304619121552,-0.0006701265535060674,-0.006480916723143992
2022-10-17 09:50:00,17161.8496,36.82440193882455,35.16344517307689,50.67067546780267,0.002528888261554174,0.005069383663634852,0.005395665511484182,0.004338180425494498,0.009247324950336422
2022-10-17 12:15:00,17274.6504,55.31409444500834,54.769549052663066,21.54608781798281,0.001652641259819676,-0.0005239353497999977,0.0018234811860504685,0.0010419892491717597,0.002657095740704607
2022-10-17 13:10:00,17298.0996,60.47772654008398,58.900916878171174,24.024027338751853,0.0012862684638490496,0.0011041444113315535,-0.00034110105366735866,-2.8211191477334197e-06,0.0012978997993513541
2022-10-18 09:15:00,17464.5996,63.34321130836621,60.62639971601489,31.389934759441296,0.0010363592876183603,0.00203268330297135,0.0024764381085495835,0.0005639751397448212,0.001488725799359214
2022-10-18 15:05:00,17492.8496,51.991130059542265,51.41660219676233,22.079161662496755,-0.0003314954471455023,,,,-0.00012862398359614335
2022-10-19 10:40:00,17602.1504,73.5044659466838,73.35906414712227,51.7552004461635,-0.0011533136314979542,-0.0012953417327917771,-0.001755490056487563,-0.0040818649066876045,-0.004732421784101826
2022-10-19 13:45:00,17531.5996,47.35737916100997,46.659386344331125,23.302643963853235,-0.0008583814565329417,0.00027951813364479605,-0.0008669602515906094,,-0.000727258224628824
2022-10-19 14:10:00,17546.4492,47.58201772863987,44.26582566323905,24.158640981141957,4.853403616289498e-05,-0.00123099549964778,-0.002114365110406413,,-0.0015729450263930467
2022-10-19 15:20:00,17529.0508,46.48943885292382,43.889588793080705,24.55283027069959,,,,,-0.0005819596346882117
2022-10-20 09:55:00,17471.9492,39.145570280458834,37.46497247068049,36.59756730383824,6.584268228082557e-05,9.166693318918284e-05,0.0011505070081134772,0.0007898832489738883,0.00534003384121573
2022-10-20 14:15:00,17511.0508,51.53824721754961,51.01215961274853,26.667636562626654,0.00052243580950595,0.000756665042625615,0.003946056738068471,,0.0030951426398693194
2022-10-21 15:05:00,17577.5996,40.73310049771012,37.6795388717219,45.705912670621856,0.001001251615720955,,,,0.0003498998805273601
2022-10-25 13:35:00,17689.3496,53.323807657622254,50.618383681314484,24.562368947474454,-7.629449530477395e-05,0.001325724265181627,0.00038445732340530725,,-0.0026399613923624443
2022-10-25 14:40:00,17708.1992,58.23542831743447,56.11383642930439,21.521639012322012,-0.0007566212605061295,-0.0031906124028693306,,,-0.0037016073322689858
2022-10-27 09:25:00,17766.0,54.05625929909435,47.755814617842915,45.63762979665894,0.0005431948665990394,-0.0011567488461106112,-0.0015282224473712747,-0.0024513565236969903,-0.00039961724642578744
2022-10-27 13:20:00,17702.6992,43.68526899914875,43.28070433319705,30.949320669866925,-0.000505527428269148,-0.0008133448937548415,-0.0009518096539762322,0.0033244421845004535,0.003174724902968551
2022-10-27 15:00:00,17716.1504,42.2782520769197,38.795971637601646,32.24378502076791,0.00184297374219633,,,,0.0024130524428152
2022-10-28 14:20:00,17744.0508,44.372472812605274,43.08127668273473,20.75971222264461,0.0007523423005528773,0.0015836068278161086,0.002857250611568274,,0.0029248338265577267
2022-10-31 15:00:00,18004.75,64.51730830833866,63.2421259107216,36.92804812474437,0.0006526055624209715,,,,0.0007581554867464035
2022-11-01 14:40:00,18118.4004,51.43918117532961,50.669047135071686,13.897411425965142,-0.0005519251026155914,0.0016502781338247896,,,0.001343915547864949
2022-11-02 13:05:00,18076.1992,34.84071816872143,33.311615015077685,46.231147669717885,0.0009156128352469928,-0.0005559133249649628,-0.001222580021136177,0.000733008076166719,-0.000226795464834062
2022-11-03 09:30:00,18064.6504,42.313366477015045,39.46878525505417,33.52424356191329,-0.0002879214313497025,-0.000357117345597735,0.001453114199209793,0.00015774454179307007,-0.0010019346956195996
2022-11-03 11:10:00,18085.3008,50.92539566721632,50.536182692120526,13.92103240312042,-0.000353900666114515,-0.0019490966940400867,-0.0024385328443086163,-0.0030411437779348516,-0.002142624025363138
2022-11-03 13:15:00,18027.6992,37.08115041059407,34.649187271021546,36.49287341668638,0.00017475330407124012,0.0005326026296246233,-0.0006738741236596013,0.0013867548888324421,0.001045701938492627
2022-11-04 11:10:00,18038.0996,46.19159390283555,44.81739226540385,17.747280562726143,0.0003409671825960192,-0.00021341494311299947,0.00045465986893655774,0.0008260515425915216,0.004978395839437377
2022-11-04 14:40:00,18071.0508,60.34945594336314,58.702250372783965,25.55741823016258,0.0003928714538281586,0.0029355680855038813,,,0.003145893430834601
2022-11-07 14:00:00,18125.0996,45.575050849296815,43.29548713240454,28.42911630889087,0.0007503186354902436,0.002686947993378208,0.00447443610185716,,0.004317217655454897
2022-11-09 13:40:00,18191.9492,50.89567827541048,48.58158370991525,18.63736968866603,0.00020892758429646996,0.0008107982183678253,-0.0025917178792472795,,-0.0038972404342465516
2022-11-10 10:15:00,18039.3496,29.917662927848436,29.1497101271534,52.24182876529873,-0.00029936777764993927,-4.428097562902966e-05,-0.00019672549613436452,-0.0019512455149715002,-0.00014129112504146502
2022-11-10 13:05:00,17991.4004,27.552428500210578,27.496791181818775,49.9223415255404,0.0005307424540448302,0.0003835387933450729,0.00032513311192827743,0.002159342749106008,0.002523450036718833
2022-11-14 13:10:00,18332.6992,45.04038166301823,44.72138247250776,29.26853003268117,0.0007445930275233881,0.0017809925120029213,0.002203734406988067,-0.00012273151789887748,-0.0006790707611674662
2022-11-15 10:45:00,18303.3008,39.538661662598614,37.46888199468116,21.812036843403057,-0.000723913142486321,-0.0004836067601534655,-0.00015024612391223435,0.0014313920907642608,0.006460583328226743
2022-11-15 14:30:00,18342.0996,55.65482738495703,55.48415130013184,21.23539796699923,0.0002507673658034282,0.0022898141933545,,,0.004331630605691306
2022-11-16 10:35:00,18416.4492,64.21679675956571,63.43151617283872,30.63628433691666,0.0007412069423242684,0.0003041628676174746,0.000800914434689215,-0.00026873801492632854,-0.0006298499712962258
2022-11-16 11:15:00,18431.0508,67.1512273986762,66.7159620432306,40.84531692756777,0.00044761419679884007,-0.0011393815918515626,-0.0011638620191963822,-0.0009956892962392772,-0.0014215792840199803
2022-11-16 11:30:00,18439.3008,67.47109341436187,67.10562455929853,39.284834875380994,-0.001586285744630822,-0.0022723421269857935,-0.0008351943583458921,-0.0011605863059623855,-0.0018683571776213492
2022-11-16 13:40:00,18432.4004,61.18651110873809,58.39617446092335,21.987598664533785,-0.0003933291292869123,-0.0025254876733253884,-0.0038112236320561044,,-0.0014946940931250818
2022-11-16 15:05:00,18420.5508,50.89668868256153,47.4626515272477,34.96162681161342,-0.000814307897894162,,,,-0.0008523740777609534
2022-11-17 09:55:00,18413.6992,47.8346246737143,46.4889201774933,23.758008924997597,-0.0017160918974932216,-0.002033768423891691,-0.0022591658280155524,-0.0027234288697405296,-0.004331014595915672
2022-11-17 11:35:00,18374.0,42.04500764302131,41.49541477817302,17.53066509259471,-0.00018506585392397135,-0.0003509959725699341,0.0010640470229672516,0.0017769892239032359,-0.0021797540002177485
2022-11-18 11:30:00,18234.5508,24.685210026912124,24.545755671234478,44.390552538360744,0.0011516598478531481,0.0002879149619632315,0.00047161019179031705,0.001601311725211163,0.0038278321613494093
2022-11-21 11:00:00,18175.1992,40.87994879747009,37.71033062340156,31.632411174870917,0.00029165017349574995,0.00029165017349574995,-0.0007399753835984901,-0.0010371055520534966,-0.0009490955125267542
2022-11-21 12:15:00,18165.6992,39.006503570006906,38.933734162599094,25.626224560760893,-0.0006385440974382428,-0.0010761380437258605,-0.0014752418668255718,-0.0008559428309812267,-0.0004266282246928599
2022-11-21 13:00:00,18156.3496,38.68439166418239,37.3808379902047,33.466346816321106,-0.0009610522150335088,8.541364504233151e-05,0.0003470301100612083,0.00018728434266312988,8.81014099880506e-05
2022-11-21 13:25:00,18150.8008,38.7926725229292,36.94018061781814,33.5642535600899,0.0003994314124144971,0.0004627013481410813,-0.0005509398791925246,0.00039383386324187697,0.00039383386324187697
2022-11-22 15:05:00,18243.1992,60.99836188501002,56.34551929626045,26.267556562856694,0.000561853208290275,,,,0.00045500791330499446
2022-11-23 14:00:00,18288.3008,60.98615130032829,60.17401407730243,23.25971803566589,-0.00021327295754025588,0.00022416516683709808,0.0001311439496882727,,-0.0018701135974316108
2022-11-23 14:25:00,18293.3008,62.674503756602704,62.01766079835948,27.41369630380831,0.0004618739992510168,0.0009100817934397654,-0.0021429265515603424,,-0.0021429265515603424
2022-11-23 14:40:00,18301.75,66.10236401742334,63.993525069333856,30.953628944741496,0.00044800087423335633,-0.0016528474053028042,,,-0.002603598016583053
2022-11-24 09:35:00,18336.5,60.740945300149576,57.93132971293524,44.08389680488026,0.00034085021678076366,0.0009870804133831346,0.001829727592506769,0.001783284705368926,0.00950833583290156
2022-11-24 15:05:00,18476.3008,71.91121915723224,66.79146368852477,42.64289100005061,0.002267683366575124,,,,0.0018698981129383618
2022-11-25 12:45:00,18483.9492,58.97661682952725,58.07533648831546,22.097002980757754,1.0885119723136327e-05,-7.840315856311175e-05,0.00012447556391248504,0.0009630409501450998,0.0007818242651305152
2022-11-25 13:35:00,18491.4004,60.970554306051156,60.44718505118396,21.070310206821,0.0007111630117533352,0.0006056436915400365,0.0008436137697824808,,0.0003785543468086683
2022-11-25 13:50:00,18504.5508,61.70625507271029,60.83064246954701,24.16875077161085,-0.00010544433210446513,-0.0012267901147862137,-0.00046209173583400265,,-0.0003323722940630214
2022-11-28 09:45:00,18541.5508,65.22341047185091,65.18833873396336,37.74057607032225,-0.00043420316276898685,0.0002938912747254552,0.0001078658425917034,0.0020844211154116277,0.0006390835441876241
2022-11-28 10:15:00,18547.0,65.97399668431423,65.73481084480684,31.698725856376218,-0.000525691486493729,-0.0001859707769450436,0.0007251415323232813,0.002356133067342281,0.00034509085027223385
2022-11-28 11:10:00,18565.1992,67.08977196912844,66.51845536670915,22.855159446140682,-0.00020199083024108333,0.000791868691610853,0.0015378666122796147,0.002243466366900204,-0.0006355331754264171
2022-11-28 11:35:00,18575.5508,68.29447449716015,67.9000673910473,25.923811913859026,0.00021260204031192664,0.0009393638007224592,0.0006648308915824241,0.0013431203342837428,-0.0011924491627995915
2022-11-29 09:25:00,18623.1992,51.70327694255527,51.572806686336385,36.93297060749097,-8.054470039708939e-05,0.00012627261163600245,0.0007625542661864326,0.0012404743004630348,-0.0010524292732688734
2022-11-30 09:20:00,18661.1992,42.6408415680941,41.15183863041986,45.10405008562772,-0.0010502862002564894,-0.0022184212041420626,-0.0013584121646371683,-0.0010154331346508005,0.0062027096307937235
2022-11-30 10:55:00,18632.6992,46.83905806393955,46.24841004627529,15.311479741267243,0.00014224455466993469,-0.00020922357829933347,0.0008050363417018147,0.001226424564402473,0.007741766152699947
2022-11-30 12:55:00,18655.5508,54.89355248756987,53.74491886972376,19.490512992621344,0.0007584016227490942,0.0004635832033432763,0.0004475665226673087,0.0010934225538921094,0.006507360801161655
2022-11-30 14:25:00,18687.3008,62.96598552766743,60.03948708835312,25.49833597792674,7.754999052611566e-05,-0.0006074499533930133,0.004797289932851001,,0.004797289932851001
2022-11-30 15:00:00,18719.3496,66.08519842426993,64.52080863679817,30.7944292393063,0.003357467077808929,,,,0.003077008615726573
2022-12-01 14:30:00,18839.3496,55.04192387190347,54.719944900449846,29.348830825451273,-0.0004219466260131366,-0.0005440739843800557,,,-0.0020383081590036323
2022-12-01 14:55:00,18831.8496,53.867199991850114,53.82433090505458,21.74973396189692,-0.0012584637464395643,-0.0016408584741459675,,,-0.0016408584741459675
2022-12-02 10:50:00,18698.3008,28.338213665844535,27.50054828780929,57.66422234638446,0.0006229656975031972,-0.0002353368922165533,-0.002556424806258395,-0.0016980152549476157,0.00036893191920395196
2022-12-05 10:35:00,18624.9004,36.908126084379546,35.83719622549801,36.92703306291278,-0.0001208060151559609,-1.0802742333004822e-05,0.0009556453789143493,0.0037019902667507765,0.0037127930090838923
2022-12-05 14:25:00,18680.6992,48.66556336475302,47.86856997369287,28.103081165854785,-0.0008939279960141766,-0.0003853817206156407,0.0007147269948011292,,0.0007147269948011292
2022-12-06 10:20:00,18628.6504,46.18651644295258,46.13238748769284,22.866158880339388,0.0005421541433834332,0.0005824147089046328,-0.000633475842136022,-0.0012857184758805484,0.0010280079119420193
2022-12-06 11:30:00,18620.8496,43.22412014837858,42.81901908101909,18.042854582860805,-0.0006604854377858516,-0.000620208005976286,-0.0008539030356596866,0.0001987664408180656,0.0014473668269141537
2022-12-06 11:45:00,18608.5508,41.89126127164023,41.8357253952745,17.134670049369085,4.030405204891174e-05,-0.00014778152417971313,-0.0009404278811437905,0.001133865835484471,0.0021092453905653397
2022-12-06 12:05:00,18608.8496,41.03698701888182,40.65726622370592,22.87832295852101,-0.0002230336688842094,-0.0008678881471535504,2.4246528382843024e-05,-0.00021757390096810436,0.002093154646163553
2022-12-06 13:00:00,18605.3496,38.583017792670354,37.44697998411523,28.991213283562843,0.0006396224879321455,0.0010320257567211222,6.183167877682472e-05,0.002080111410537544,0.002281666343963762
2022-12-06 14:45:00,18610.8008,47.14467129859383,46.029533097994886,11.916188811507473,0.0017865969528834125,0.0018886022357511578,,,0.0019880928498250405
2022-12-07 12:05:00,18590.25,41.809495937324996,40.34423107321808,38.250756614660816,-0.0001317464800096868,8.06874571348537e-05,0.00047340944850127187,-0.0008310377751777898,-0.002081693360767023
2022-12-07 14:20:00,18588.0508,43.17901982730934,42.95229525831053,21.03876534852031,0.0004545500811736769,0.000322788013899844,-0.002574320487654491,,-0.001963627084556885
2022-12-08 09:35:00,18570.8496,45.12048228008931,43.5359124383647,21.111920685851683,0.0011792890724826588,0.0018631134678941397,0.0004388813746032394,0.00035537415584885323,0.0023451161868219828
2022-12-08 12:05:00,18579.75,47.17094650053028,46.517665807738666,10.929515222377209,-0.00031221087474275766,-0.0005785869024071966,4.5727203003442796e-05,0.0001937378059446715,0.0018649551258762553
2022-12-08 13:05:00,18580.5996,47.78588895368537,44.73414334627541,14.017524710317756,0.00018574212212185692,0.0002664714867435247,0.00014800383514002036,0.001033400450650701,0.0018191447384721116
2022-12-08 15:00:00,18601.8008,56.664286398914285,56.16882299647417,18.43766158899721,0.0005670848813734697,,,,0.0006773322720452501
2022-12-09 11:45:00,18560.3008,39.96284593111511,36.50902297858266,41.7045195278893,0.0001481657021420446,-2.6939218571331303e-05,-0.004353420823869469,-0.004881472610616444,-0.0036125923131591353
2022-12-09 13:05:00,18491.75,29.90570658928155,28.500090801792954,52.705530892924685,-0.0002541241364392155,-0.00015146213852124113,-0.0015628807441155912,0.00029204374923952336,8.111725499215794e-05
2022-12-12 12:20:00,18504.0996,50.76920055082236,50.398411954785935,21.198384531621286,-0.000610610634629305,-0.0008213963569457805,-0.0020292151907785883,-0.0039504543090549404,-0.0005080171531287592
2022-12-12 14:45:00,18452.6992,39.48008188618998,37.44469465901448,30.570051370114744,0.002010632677521773,0.0023709268506366676,,,0.002276089776611201
2022-12-13 15:10:00,18605.8496,60.0902620350097,58.87865387584666,35.19865856697175,-0.0006180851854247216,,,,-0.0006180851854247216
2022-12-14 09:15:00,18654.3008,63.748964236389654,60.76205668609182,38.56052635504397,0.0016671544183526343,0.001680556153570656,0.0003859270887278665,0.0012570398779030434,-0.0006058013174099486
2022-12-14 14:55:00,18668.1992,49.68016313745141,45.602239736903,32.523664188958726,-5.890230697758181e-05,-0.0013498463204741906,,,-0.0013498463204741906
2022-12-15 10:25:00,18589.5,33.29749450411407,31.609542376256584,65.06884230306841,-0.0005594771241829166,-0.0010139917695474177,-0.0011081309341295364,-0.002608999704134085,-0.010513956803571811
2022-12-15 13:05:00,18535.0996,29.05050973126852,24.66560125695731,45.06360319679323,-0.0009467874669527587,-0.0004558486429715458,-0.0015537440111732526,-0.005508446256204724,-0.007609821530174088
2022-12-16 15:25:00,18270.0996,34.06774782338429,33.60018317833932,16.484112412618344,,,,,0.0
2022-12-19 13:45:00,18365.6504,55.57616704861827,55.22131683066719,26.92552590370068,-0.00047100972803004737,2.7224736892428325e-05,0.0013122105384300031,,0.0032968502983157233
2022-12-19 14:30:00,18366.3008,56.762346195184506,56.72153542040777,20.7723697874042,0.0012767513858860102,0.002352090411151142,,,0.0032613208643517133
2022-12-20 10:50:00,18237.8496,36.11436120268748,35.843100650847674,56.302001646070735,-0.0010938350977520717,-0.0005208947440821232,-0.0010938350977520717,0.000970574951994374,0.00811499180254227
2022-12-20 11:10:00,18228.1504,35.68001507923594,34.155571734073426,52.98091440809612,-0.00032916120771087076,-0.0009957345974058729,0.0009490156499916136,0.0018021356681368061,0.008651409854507408
2022-12-21 14:25:00,18249.3496,37.076631750281884,34.98760210082929,32.49541972689879,0.0008603703882137381,-0.0017233052513828673,-0.002290426832526671,,-0.002290426832526671
2022-12-22 11:00:00,18110.5996,31.971275987327992,31.48504280142805,32.12786218878469,0.0023356929607121213,1.1109516219409699e-05,-0.001361103472245162,-0.0010712179844118985,0.00022636467541348182
2022-12-22 15:05:00,18136.1992,47.015778992551255,45.54132515957572,26.51948333976285,-0.001000672731913843,,,,-0.0011854744074492052
2022-12-23 10:50:00,17932.4004,33.016136127195374,32.72880388544731,48.299121718084216,0.0012463250597505304,0.00034853114254573825,-0.0032316476716636178,-0.0023700117693111755,-0.006039392250018927
2022-12-23 14:15:00,17843.4492,32.72228173765221,31.455127933240995,35.59058265575749,0.0012946824204818075,-0.0006808324928566645,-0.0022164324597062635,,-0.0010844091735356942
2022-12-23 15:10:00,17810.6504,33.24781109193177,32.91265770940097,37.45752376121188,0.000755121216685195,,,,0.000755121216685195
2022-12-26 14:25:00,18028.1504,65.20453306591904,63.971369364099864,30.000045488146707,0.0019552754563219032,0.0029315042767783517,-0.00102899074993279,,-0.00102899074993279
2022-12-27 10:50:00,18048.5508,57.26514932277397,55.63566941299855,22.57954013372502,0.00040721274973498645,-9.977532378946385e-05,0.0006814286718244134,-0.0008033886022582593,0.004845220038386611
2022-12-27 12:05:00,18055.5508,58.18460563988656,57.95840732763472,14.805474129656051,-0.0003074290040490091,-0.0005317810631400022,-0.0004292308822835267,0.0032316710050184216,0.0044556491735494586
2022-12-27 13:25:00,18063.6504,56.843269636900295,55.78346496709587,24.57833055811263,0.00018543317246666469,0.0021478936505547885,0.0012594353575399175,0.004005259092038305,0.004005259092038305
2022-12-27 14:50:00,18137.8008,66.9556944703786,65.1888415905783,39.574509423172906,-0.001177187920158529,0.00034458422324279425,,,-9.928436307449218e-05
2022-12-28 11:20:00,18136.3496,58.57282342586574,58.46329923561641,20.80183264344039,-0.0006229919608519152,9.099956917446583e-05,-0.00029496564181807905,-0.0003638880009239065,-0.0016237666702235698
2022-12-28 11:55:00,18146.5996,59.09935443004003,57.31199003114621,18.757511716511935,-0.00025895760658112277,-0.0011214001768133919,-0.0004601192611315419,0.0005951969095079335,-0.0021876936106532963
2022-12-28 13:50:00,18158.25,56.76949045534041,53.98889315488083,25.03168586535829,0.0007104429116240318,-0.00034699379070124436,-0.0023763523467293934,,-0.002827893657153191
2022-12-29 10:30:00,18008.6504,30.253871208729663,29.92847082044254,50.535683010662744,0.0007441090643862669,0.0005191727193505358,0.0002387075047001197,0.000596935348359029,0.011202949444784505
2022-12-30 14:50:00,18201.4004,47.344523445840714,47.1234418486755,21.833311076307844,-0.004700231747003181,-0.004727702160763236,,,-0.004634236824986204
2023-01-02 09:30:00,18122.8496,41.492535014060586,39.78854978298242,30.150614782945212,0.0022347478952757793,0.0022099615062742828,0.002353404731670894,0.0028693059396134313,0.004750886416891031
2023-01-02 12:10:00,18192.0508,53.91259628008768,52.60522964119885,15.181120191510013,-0.001368751674770019,-0.001217586749483024,-0.0005332658811616486,-0.0012066369119857479,0.0009288892267165227
2023-01-02 13:15:00,18186.0996,51.28730525577606,50.58694966989333,20.05661161064859,-0.0006735913840481,-0.0006845448047586578,-0.002746559245722091,0.0009842902213070825,0.0012564321378729648
2023-01-02 14:45:00,18190.1992,47.85684286410924,46.169624907443406,31.98774863468711,-0.000349067095427813,0.0007586942753217141,,,0.001030774858144401
2023-01-03 09:40:00,18193.6992,52.990375803008256,52.294304690646264,23.281271592006778,0.0008630020661217763,0.002008981219168593,0.0016187582127333844,0.002028196662721582,0.002231629728164375
2023-01-03 13:25:00,18194.1504,46.56510184207369,45.343462395527624,40.43049195825558,0.0005084051630133146,0.001483993448795573,0.0018576739917461893,0.0022067752061674106,0.0022067752061674106
2023-01-04 11:35:00,18105.8008,34.46953452825225,33.387372380067504,43.359654984946715,-0.001687348730800231,-0.0034050081894196893,-0.0031454670593746847,-0.0009031138793927918,-0.0038082380758325263
2023-01-04 12:20:00,18061.4004,27.957200905807092,27.623738591046493,60.97709660890814,-0.0006948962827930671,8.023741060547707e-05,0.0008332022803725359,0.0016166631243057505,-0.0013592965914203115
2023-01-05 09:15:00,18063.0996,39.988383958883304,37.48892362431833,38.94391659088123,0.0025936633821139754,-0.0011404244263815144,-0.00020760556510468486,-0.0011182576881767492,-0.0035043155051860397
2023-01-05 13:00:00,17943.9004,26.66295440273393,24.64348192519796,68.03097114254022,-0.0009808123990699968,-0.0021066099987936404,-0.00025633222975296466,0.00226541605190822,0.0031152870197608262
2023-01-05 13:40:00,17906.9004,24.4302593020631,23.02106823044081,57.02888585471807,0.001781458504119593,0.00030430727140262626,0.0021584081631460528,,0.005187966533839683
2023-01-06 11:40:00,17939.1992,42.57860947077272,39.802760062878015,31.93191715555977,4.747146126793389e-05,-0.0009141099230336458,-0.0035563906330891015,-0.006201503130641384,-0.00421976472617569
2023-01-06 13:45:00,17849.8008,31.98697813854671,28.683241111076228,57.054507723544646,-0.0010588577548721334,-0.0027479746440643993,-0.00016806910248545748,,0.0007674707495894939
2023-01-09 11:10:00,18105.1992,75.61955083867383,75.57937398139083,48.47317960814869,0.0005744427269269714,0.0013836246551763853,0.001380818831311137,-0.0016486755914840723,-0.0009085346048001153
2023-01-09 11:25:00,18115.5996,78.3833935774144,77.82968674052161,51.669584687201194,0.0008087173664403924,0.0005824151688580415,-0.0011316213899980054,-0.0032706618223113937,-0.00148212593526309
2023-01-09 14:40:00,18065.1992,52.622581209377564,52.33340320713447,24.655369071293656,-0.00010789806292310633,0.0022833958011378996,,,0.0013036557050531972
2023-01-10 11:15:00,17964.9492,34.75072045792326,34.01822660454589,37.35390604954593,-0.001561306947642227,-0.0015975107794904408,-0.00042856786925948853,-0.0037350286523492038,-0.002204270079427695
2023-01-10 11:50:00,17941.1992,31.211315318829968,30.51919992925425,46.988094461998216,0.0005100216489430931,0.0003846119717572094,-0.0030934387039189826,-0.002287963003052784,-0.0008834192086779602
2023-01-10 13:00:00,17902.8496,32.378339116114745,30.56487402319809,39.34348287944434,-0.00027928514799113735,-0.00027088425073973355,0.00033797971469295973,-0.0004998757292806744,0.0012567831659604511
2023-01-11 11:55:00,17915.8496,47.9425821173121,47.70468533937597,28.610731929257998,-0.0006306594580923752,-9.767887312472912e-05,-0.0009293670337577886,-0.0012140088516929826,-0.0015321182423859714
2023-01-11 13:05:00,17913.6992,49.472564347295396,48.110371162031655,18.09796983845036,0.00040755401318781637,0.00029874343318225804,-0.0018253739573789174,-0.0009656743594310679,-0.001412259953544437
2023-01-11 14:40:00,17916.8008,50.711818656828044,46.6649836123656,25.62826713587447,0.000948830105874654,-0.0013926146904529313,,,-0.0015851267375814881
2023-01-12 09:15:00,17914.25,48.57628885614912,48.38130141510301,24.25878559182679,0.0013647905996623244,-0.0015993078136119498,-0.004178215666299279,-0.005598939391824986,-0.002693386549813659
2023-01-12 11:15:00,17813.9492,32.96293831654687,32.71543822366787,42.613127723164204,-3.925013999694915e-05,-0.0004097238584244156,0.0008504795781050234,0.0007101401187334933,0.0029219124527424256
2023-01-12 13:55:00,17810.4004,40.84487545258649,36.998666100803774,34.58157503726624,0.0010499034036317578,0.0016507433488133216,0.0005474329482226814,,0.003121749020308373
2023-01-13 10:25:00,17801.75,44.44441196023108,43.806219078744135,20.654764525878107,0.001086949316780661,0.0005645961773421693,0.001317241282458026,0.005252292611681364,0.008355920064038624
2023-01-13 14:05:00,17995.0996,77.0272805294085,76.92420236148452,67.8415497013261,-0.001480980966618417,-0.003059099489507666,-0.0019116537704522152,,-0.002478430294434286
2023-01-16 13:05:00,17913.1504,36.617181476893535,32.43201095568,40.85920316966821,0.000979660171892549,0.00017859505048334334,-0.0022106440863689514,-0.001063509185966427,-0.0011975112987383518
2023-01-17 13:50:00,17987.75,49.72973371506002,48.93624533875463,26.926019580202926,-0.000669944823560531,0.0006309627385303607,0.0010590985531819808,,0.0038387680504787802
2023-01-19 10:35:00,18113.9004,43.50585559249764,42.53842049723175,31.75528841608785,-0.0001463185697984093,0.0006983807860621027,0.00035334190089741924,0.0011869337649665912,-0.0013718525249259983
2023-01-19 13:40:00,18125.5,49.22861902404425,48.08660875546877,18.55132601589743,-0.00040828666795389434,0.00032272764889262895,-0.0010510496262172708,,-0.0020109348707620933
2023-01-19 14:05:00,18125.1992,49.16448483467725,48.05539060545647,18.27195641824971,-0.001594376960005972,-0.001555800832246823,-0.0002840465334029707,,-0.0019943725639163246
2023-01-19 15:05:00,18120.0508,47.294031690622774,43.942243620373546,14.625827132896681,-0.0011534404749020677,,,,-0.0017108119807257571
2023-01-20 09:15:00,18095.8496,43.68233272480048,42.54202594955399,19.92606177706829,0.00013264920150524162,-0.0006050669209807236,0.0017573532441381712,0.00042557824972200287,-0.0037880951442037514
2023-01-20 12:30:00,18108.9492,48.45139238256981,47.866572434178295,19.78557769495213,-0.0013556170338144824,-0.0008945411365999245,-0.0016510289840560022,-0.004660590687393329,-0.0045087320693349975
2023-01-20 13:15:00,18104.1992,46.92201919315808,45.90354784016144,19.672718119456583,-0.0013890920952747132,-0.0014554413431331348,-0.002944002074391716,-0.004366324029399737,-0.004247544956310412
2023-01-20 14:55:00,18049.4004,35.74215008946664,33.076683247551216,28.67910472527661,-0.001110884547721458,-0.0012243952436225003,,,-0.0012243952436225003
2023-01-20 15:25:00,18027.3008,33.9630419704287,33.839213406206255,29.76330889285544,,,,,0.0
2023-01-23 13:35:00,18116.4004,45.78923993045655,45.52803361991653,39.134872293814055,0.00012689054940517863,0.0005353822937144148,-0.0003035923184828704,,-0.0006320902468019973
2023-01-23 15:00:00,18124.9004,51.76220397500311,50.91760100241848,18.691487578412588,-0.00023179161856246022,,,,-0.0011007619109454359
2023-01-24 09:15:00,18168.5508,53.46649196820203,50.389010510427454,22.792289465326405,0.00121636558926852,0.0010650051406411176,-0.0013209639152947927,-0.0013099999147978547,-0.0037097290115182258
2023-01-24 12:55:00,18140.4492,49.23775553546159,46.557461813730576,28.65485925077154,-0.0004712562465101211,-0.001022510512032948,-0.0025384597422207777,-0.0009701854571494417,-0.0021663631129927863
2023-01-24 14:30:00,18117.1992,43.88252726918599,39.80311907473212,31.976772652930883,-0.0006015499349368847,0.0003808756488146159,,,-0.000885832286924404
2023-01-25 11:00:00,17934.9004,22.851590201615835,18.161553916657255,72.69080440604709,0.0003595893958798779,-0.004376940950282626,-0.0014664592171360624,-0.0007164578399330157,-0.0013855443546259005
2023-01-25 15:15:00,17901.9004,42.1935906297689,39.990614397360986,31.358269109095946,,,,,0.0004552812728195743
2023-01-27 10:30:00,17706.6992,28.152892422277393,26.907704910752557,55.06756764923654,-0.0002032902891352384,-0.0013554191963683904,-0.001778987695233436,-0.007759684537928857,-0.005579741254089887
2023-01-27 12:45:00,17548.5996,22.836100081293935,22.035887067731302,52.654587430209,0.001777988028172972,0.0004445254993450387,5.13089374949427e-05,-0.0009488164514279696,0.003379232608395455
2023-01-30 11:30:00,17558.0508,42.15435002034378,41.94513847483817,16.203758812996583,1.4238482554107534e-05,0.003391538199672972,-0.0015804715635063804,-0.004283003896992876,0.006219323616491579
2023-01-30 11:45:00,17558.3008,42.58767140444481,40.79593207400818,12.33152742636466,0.0033772516301806554,0.000657740184061506,-0.0022781247716180397,-0.007338500545565396,0.006204996784199057
2023-01-30 14:00:00,17517.9004,38.249278879381094,35.624091764683946,39.46254655467008,0.0004367190031520085,0.0020122274470746326,0.008554084483777702,,0.00852554225048574
2023-01-31 11:30:00,17617.3496,55.08136443848808,54.71198918352158,20.51801636803301,0.0008854680388472591,0.0013084147458819473,0.0012034273305219223,0.002395434100938676,0.0037009653256809827
2023-01-31 12:35:00,17639.1504,57.81418850551913,56.8244174357895,24.73091250050359,-0.000921246184283353,-0.0010715028542417349,0.0017404012837263227,-0.0010006377631429642,0.0024604586397767303
2023-01-31 13:15:00,17668.9492,57.655720343208145,57.355918993077935,21.79242861576881,-0.0005319161820895868,0.0002745833917503493,-0.003330679110221113,0.0008772451504925893,0.000769802428318922
2023-01-31 15:25:00,17682.5508,59.401276674594605,58.99724839195439,24.583745797004017,,,,,0.0
2023-02-01 12:50:00,17959.0996,69.29001886648264,68.32276061736465,31.728465502897315,-0.0017010206903691483,-0.006562110719626535,-0.013862008984014018,-0.027801995151249148,-0.01969470674353868
2023-02-01 15:10:00,17634.5996,39.44763755720819,35.88282123039575,48.76826662835348,-0.0016557903588581002,,,,-0.0016557903588581002
2023-02-02 14:10:00,17543.75,41.69564704863797,41.009141995234536,38.063626805942754,0.002747371571072188,0.0033231663697899094,0.0038247011043819334,,0.0034826989668685915
2023-02-03 11:50:00,17663.9492,53.89603018985679,52.66453728069398,20.669250078544987,0.0003425508039844871,0.002035286650394097,0.0025391603820963393,0.003679811307428338,0.00944588314373096
2023-02-03 13:40:00,17734.8008,63.281934927264516,60.93243039082171,20.69314783605636,0.000555382612473343,0.0007330220478145577,0.005367931733408549,,0.0054130858915539815
2023-02-06 11:50:00,17733.8008,47.4595513387256,47.141976158476105,16.50945200034151,0.0006315171872235403,-0.00015231929299663882,-0.00023128713614517515,0.0015055542971926794,0.0015901385336412055
2023-02-07 09:15:00,17790.5996,56.97574819225575,55.37231104258398,21.264156459667213,-0.0007953863454945864,-0.0030268569475309093,-0.0028526301047211433,-0.00201508666408301,-0.0039458591378788155
2023-02-07 13:25:00,17696.5996,33.39977604856735,28.736540916984385,53.833758631347095,0.001223421475840869,0.0004690618642915201,0.0011584146369001402,0.0013449363458502006,0.0013449363458502006
2023-02-08 09:15:00,17788.9004,52.495460557352885,49.88750718445929,29.114382219260108,0.002273844874638886,0.002928770122295088,0.0031564851529553017,0.0030777619059578765,0.004137388952945242
2023-02-08 13:25:00,17881.4492,60.80644869235904,60.39820991989622,26.659166001387256,-0.0007661124021199894,-0.0002319946193174438,0.0002544983881955787,-0.0010597127664573325,-0.0010597127664573325
2023-02-09 10:10:00,17855.8008,48.214027145428496,47.49425797962076,31.90112907989376,0.0005207719387192444,0.000613201285265097,0.0005431960240058764,-0.0012433606450179546,0.002312906626960265
2023-02-09 13:30:00,17857.25,47.342977465238704,44.13016256949686,29.519169534915054,0.001654834870990829,0.002847560514636971,0.0020215654706072783,,0.002231564210614767
2023-02-10 10:40:00,17844.6504,46.27334002490678,43.581514121625084,22.767744091150092,0.00042872232453494696,0.0012355971961210965,0.000324960134831187,-0.0006500323480698178,-7.289579626601483e-05
2023-02-10 13:40:00,17840.3008,46.166617953520074,41.22983369306168,23.919443149364067,0.00015129789739853905,0.0005745418821638815,-0.0002635157362368412,,0.00017089397954550556
2023-02-13 10:35:00,17784.1992,35.92487918015193,35.142772731874516,42.616489591414094,8.160052548222829e-05,-0.0002867489248544741,-0.0014281441471931666,-0.0029295443339387717,-0.0011048234322520445
2023-02-13 12:30:00,17742.6504,35.300509104157946,34.8645051868745,36.95003314016489,-0.00014938016250376496,0.0005466601539982907,0.0015893454114388472,0.0027335262154519757,0.0012343364438947013
2023-02-14 09:15:00,17818.0508,52.23362195306098,50.130912396045666,32.87483080155617,0.001801521409962481,0.00035909651800958287,0.0008221101266585595,0.0020961664336480723,0.005825485692295906
2023-02-14 11:50:00,17875.4492,70.18103718195245,68.93739259176236,42.44001427217611,0.0013622930382080067,0.001415393801684095,0.0019776621893228263,0.002892302141419778,0.002595761341762648
2023-02-15 10:15:00,17931.6992,54.40975473111751,53.31997439236551,42.21182680930983,-0.0005548386624731894,-8.637218273210845e-05,0.0005660590157570144,-0.0006217146448674882,0.005102695454539008
2023-02-15 12:55:00,17941.5,55.33040563458506,54.688038304739166,20.25069316708055,-0.0009864949976311488,-0.0007635481983111481,-0.0009001699969344301,0.0015940473204583139,0.004553643786751271
2023-02-15 14:10:00,17935.9492,53.36554735553218,51.913963196687,16.964460161977488,3.626236853992992e-05,0.0011904360210834852,0.00441294737833009,,0.004864532065021576
2023-02-16 13:40:00,18095.0508,57.497676816020295,57.272291014706816,37.77411134784174,-0.0009809312057857955,-0.0006825954862752504,-0.00130981671518704,,-0.004410089857277533
2023-02-17 09:50:00,17995.0,37.369586607200645,37.205134362802404,39.689320120812674,0.00043903306474013526,-9.442622950817103e-05,0.00014999722145025984,-0.0002667852181161834,-0.0029119422061683053
2023-02-17 13:15:00,17932.3496,26.400381596183706,24.61004935361625,46.337876943289444,-0.0013634130800128652,-0.0012965395231866461,-0.00033731218356347625,0.0008727467592979377,0.0005715926930176529
2023-02-20 13:10:00,17903.5,36.985622948986205,36.49444281373541,26.362255335710014,-0.0014075013265562042,-0.0025748931773117434,-0.0034322450917417813,-0.0033317731169881792,-0.003116753707375741
2023-02-20 14:35:00,17847.6992,28.73701147739716,26.356846385992483,56.10279603597339,0.0001877889111892017,-0.0004902592710661624,,,0.0
2023-02-21 13:15:00,17853.0508,43.60806898650576,42.673067893046806,33.09327591080296,9.51770103068128e-05,0.0014450639439171908,0.0008064952125717006,-0.0015207708925581986,-0.0006134077655791659
2023-02-21 15:20:00,17836.1504,41.509240677290194,41.06659955525604,23.361783854396588,,,,,0.00033354731074730637
2023-02-22 11:00:00,17662.5,26.474550022358443,25.21444397745004,51.6724614237197,0.00018964472753024708,-0.00031139419674452995,-0.0010615711252653925,-0.002199552724699294,-0.006227883934890266
2023-02-23 13:05:00,17574.8008,44.26538732596764,43.60580185351431,35.21213096637267,-0.00029305595315776145,-0.0016216400017461385,-0.000418303460941738,-0.0032917357447375117,-0.002901882108387821
2023-02-24 09:15:00,17586.5,46.28274577495523,42.744501763294934,36.87130220879727,-0.0011855457311006345,-0.003465681062178372,-0.0017200693713927961,-0.0034572427714441023,-0.006883166064879376
2023-02-24 11:30:00,17529.9004,43.82772950446647,42.63690523662025,11.451794546713465,-0.0020365888673274934,-0.0015630664963731666,-0.004255563254654704,-0.005211073532397137,-0.0036766438216614405
2023-02-24 13:15:00,17448.9004,27.093099489962643,25.81440133230068,51.151727973322586,-0.0005931376627031915,0.0013181346372979075,-0.001048822537837224,0.0009627426150016216,0.0009484150645961975
2023-02-27 10:30:00,17312.5996,30.585834240536467,29.9451590661307,37.26637231504443,-6.926747153579438e-05,0.0019581345830927965,0.002059217034049432,0.0015682451294025679,0.005415131301251819
2023-02-27 13:30:00,17332.8496,40.90044271463803,37.68691027854321,29.394993517970324,-0.00013848848027864236,0.0018289664268476002,0.0006346330957605062,,0.004240502958036352
2023-02-28 12:10:00,17385.0,51.26104220039924,48.75607179860838,20.87990239003868,0.00038534368708642575,-0.001748656888121869,-0.0020937819959734316,-0.007121127408685646,-0.003899959735404135
2023-02-28 14:30:00,17304.0,36.09228295286286,35.184443797598796,34.27867795599079,-0.0007455154877483716,-0.00032360147942678275,,,0.0007627831715208977
2023-03-01 14:10:00,17442.9004,62.32250954064346,60.89934515100426,26.99546652654305,0.00016336732622757033,0.0012985455102410004,0.00024073977972172145,,0.0008226613505171176
2023-03-01 14:35:00,17452.5996,66.60399468361855,65.54860114692265,25.772470201799916,0.0001948363039279144,-9.736085390987803e-05,,,0.00026645887183462946
2023-03-02 10:40:00,17382.9492,44.203269797153496,42.7049577638698,37.02893576059546,-0.0009807771859564607,-0.0003940413057179626,-0.00039684865442735084,-0.00029617528882830424,-0.0036989580571288316
2023-03-02 11:00:00,17371.0,43.71840114599641,41.842837083870954,29.249583817449153,-9.50089229174722e-05,4.317540728804303e-05,0.0010823095964538343,-0.0008232571527259092,-0.0030136204018191837
2023-03-02 14:15:00,17328.0,34.003855895613185,33.84340946036295,49.55107315113446,0.0007098799630655961,0.0,-0.00041265004616797274,,-0.0005395660203140196
2023-03-06 09:35:00,17763.3008,74.54667543802782,72.8905556451993,55.78626191485692,0.000461580879157264,0.0005122696565493801,0.0011822127112772751,0.0006811571867317845,-0.0024461219504878784
2023-03-08 09:50:00,17670.0508,38.78612646430456,37.42332237373955,29.6544069015013,0.0011968499830230517,0.001522259347437549,0.0015760905452517626,-0.000806449294418532,0.004609449113751163
2023-03-08 11:45:00,17671.1992,41.00362800258581,40.59344940352976,19.64825870906361,-0.001066684823517683,-0.0008147947310784831,-0.00028570783130554833,0.000730024026892373,0.0045441624584257045
2023-03-08 12:30:00,17664.25,38.80706535024114,35.52877141360055,26.05104640051325,0.0001075845280722465,0.0009086601469070477,0.000990701558231999,0.0023040434776455676,0.004939354911756899
2023-03-09 11:15:00,17703.5508,50.51598479353094,49.834234222077875,18.14833979719439,0.0007991843082686412,0.0002851857266961133,-0.0019121361800482628,-0.0025729753604006866,-0.006820665603422316
2023-03-09 13:25:00,17666.75,41.617554306241914,40.85455020620116,25.402813363174854,-0.002286804307526813,-0.0027706963646397798,-0.0025783350078537604,-0.004751819095192844,-0.004751819095192844
2023-03-09 14:35:00,17620.5508,33.84342283583731,33.778386232020196,40.89682333977073,-0.000754845870084897,-0.001058445914188022,,,-0.0021423847885617686
2023-03-10 10:05:00,17393.3496,22.504762164311465,18.738062753498575,70.65008209378595,0.000779079378706804,0.0011901790325654638,0.001888629893347149,0.00041974663695576453,0.0014517042766737376
2023-03-13 10:20:00,17462.5,55.30585171224995,55.16672926552792,30.949334490664235,-0.0018697437365783331,-0.0013114044380815315,-0.004251968503937054,-0.006376498210451054,-0.015914124552612652
2023-03-13 13:00:00,17272.8496,26.815943651325203,26.247019475648067,66.77666673287342,0.0006744920652814734,-0.00206101487735999,-0.0032478485773419496,-0.0075001405674255395,-0.005109174342605272
2023-03-14 13:25:00,17044.1504,36.84195471741087,36.45469280566935,30.363468648361792,-0.00018483760856735643,-0.0013524170732498453,0.001129419745087512,0.0014374433119295205,0.0014374433119295205
2023-03-15 11:35:00,17155.1992,57.91024899061041,55.758463243783055,21.83163108455511,-0.0012241186916674973,-0.002780451537980344,-0.0035236664579213484,-0.00619630228484902,-0.010571115956496624
2023-03-15 14:15:00,17060.3496,41.87706174253037,39.66988821749423,27.058451309480677,-0.0012250862666965956,-0.0020104394578174256,-0.006547298421129777,,-0.005070236075349843
2023-03-15 14:45:00,17026.0508,38.596054013130626,37.39962113063632,22.21151170248119,-0.001597622391682263,-0.004545998417906927,,,-0.0030659605455892747
2023-03-16 09:55:00,16883.3008,25.867887780993264,25.790335294374373,66.25873498775482,-0.0003346738926787163,0.0034027232399957974,0.007756137354373305,0.004655464054753811,0.007528125069002911
2023-03-16 13:00:00,16965.9492,44.92656871177786,42.11788031303023,28.943918026463052,-0.0006659692226357317,0.0018743896745843092,0.0009785246793030389,0.001429333526473231,0.0026200243485345887
2023-03-17 09:15:00,17102.0,55.37247744490009,53.879288926830846,30.99386344507935,-0.001131423225353867,-0.001716150157876406,-0.001248368611858397,-0.004636931353058205,0.0012688106654192843
2023-03-17 13:20:00,16986.3008,43.95772054948088,42.51090276750344,15.514398011530258,0.0018161458673802144,0.004674260801975194,0.0021163642645489755,0.006693582160042677,0.008088777045558881
2023-03-20 10:50:00,16933.1992,39.72554053156589,37.838848552498135,41.88841383509728,-6.193749849703334e-05,0.0003838613083817499,-0.0016683203018127424,-0.004810030227483497,0.0041486549098175285
2023-03-20 12:40:00,16884.4004,34.48954812041001,33.4369984873572,38.186001196739696,-0.0022595057624905657,-0.0008676884966550835,-0.0015605884352278832,0.002623652540246546,0.007050815970936153
2023-03-21 10:10:00,17066.0508,67.8344202188579,67.07499315527994,44.993193999708964,0.0007822313525516211,0.0003895687454533725,-3.811075026227684e-05,-0.0020568085968666328,0.0023964771041229405
2023-03-21 13:00:00,17090.3008,62.802628346551856,62.3898813090903,29.334638185207638,0.0002749629778311391,-0.0009187199326532447,0.0006787241568033675,0.000868890499574837,0.0009741431818448554
2023-03-21 14:40:00,17123.5,63.3370862023135,63.2214440502757,35.33844087704746,-0.00029781294711950235,-0.0011271527433059925,,,-0.0009665547347212922
2023-03-22 09:25:00,17172.3496,63.78736928134718,63.215454719101395,37.58117707132155,-0.00021541606630248733,-0.0009636887429779195,-0.0014500287136014478,-0.001563536768433904,-0.0017236779293150484
2023-03-22 15:00:00,17146.0,51.10128714146375,49.988114520056186,19.211845375193246,0.0004899335121892889,,,,-0.00018954858275987974
2023-03-23 09:55:00,17125.0996,45.56902251631711,44.69447204762929,31.549753958818428,0.0006773449656314323,0.0025255327566093833,0.0009138866555846725,0.0025021518706962453,-0.0033080333150297125
2023-03-23 11:25:00,17145.3008,52.186447733778245,51.85073859460172,18.343036252161134,0.000813587359167256,0.0013209683670289962,0.0009593999074077875,0.0023999812240096396,-0.004482371052947798
2023-03-24 09:45:00,17070.25,33.81154333603418,28.695327613694168,37.655373291172644,-0.0010574420409777963,-0.0006443959520218145,-0.00252483707034179,-0.0004188808013941836,-0.008063760050380009
2023-03-24 13:05:00,17066.6992,45.9146339388617,45.20618183594917,27.243932128130577,0.00040431954176600726,-0.0024696281047713597,-0.002375901720937379,-0.005686442285219417,-0.007857383459362599
2023-03-27 09:15:00,16963.1992,32.40998070798843,30.03004426005137,40.01347976835628,0.0027707037714914673,0.003649099398655986,0.003999929447270789,0.0008990049471329087,1.4737786018681476e-05
2023-03-27 11:30:00,16993.4492,45.73187622453409,45.35759532359216,31.844665020148625,0.00204789502062952,0.0018772174868419977,0.0031924066363171466,0.0009651013050371304,-0.001765386158332105
2023-03-27 13:55:00,17042.6992,49.83922880929822,49.83058938912626,25.43258754203637,-0.00016720356127608582,0.002402858814758657,0.0007217636042065045,,-0.004650085005314164
2023-03-28 11:15:00,16958.5508,39.098344352753756,39.00470560837883,30.267622101608094,-0.00013866750925450866,0.001385731615699104,-0.0008402840648388255,0.0011409937221757982,-0.0001003151755160081
2023-03-28 14:40:00,16946.8008,42.92310766415933,42.58846750827803,24.38417213638098,0.00038943043456307613,-0.00021252388828463253,,,0.0005929614750650458
2023-03-29 12:55:00,16976.4492,46.350329333984945,44.342524617366585,29.809351043455308,0.0002061679659135507,0.0024475554051668347,0.0029512414174337476,0.0022944256211128167,0.008193798264951813
2023-03-29 15:00:00,17061.4492,57.33519831121811,56.80554342217002,25.790297492292105,0.002250711504624192,,,,0.0031709850298062836
2023-04-03 12:05:00,17359.1992,54.82021064483476,51.69618519249818,28.125900567348296,-0.00022176138171148274,-0.0006163417953057859,-0.0003168348917846897,0.00035722846017005594,0.002333056930414079
2023-04-03 14:05:00,17365.4004,56.064160029978375,53.30802393689272,22.80196331275874,0.00038577860836430666,0.0008320683466649381,0.00180529093933246,,0.0019751229001319093
2023-04-06 10:40:00,17597.25,67.64999494182649,66.5571459425991,35.44542120262787,0.0007216582136413408,0.001193368281975804,0.0007387517936041643,0.0015656309934790613,0.00026992853997076516
2023-04-06 14:40:00,17595.9004,50.698030330610024,50.51884668318567,32.190474655990194,0.0005541063417249248,-0.00025862842460722124,,,0.0003466489273831197
2023-04-10 11:45:00,17645.6992,59.04705081405348,58.994673123928365,27.677651958631966,0.001589667809819728,0.001632171084498646,0.0025389076109831876,0.0003457839743750135,-0.0018502185507048852
2023-04-11 09:15:00,17679.75,47.94658288761349,41.84145084038565,39.844453424670576,0.001563958766385154,0.0019457514953546973,0.0032720824672294313,0.0015610854225880377,0.0021098035888516
2023-04-11 13:30:00,17690.9004,50.78567446730197,48.38388268041392,24.319333698991173,0.0004239467653099904,0.0013198649855041822,0.0013961527927659478,,0.0014781836655415326
2023-04-12 09:20:00,17752.3008,63.51720164585674,60.51995394231616,27.462752285360633,0.0005012533361308247,0.000673107116346161,-0.0004450352711464767,0.00026470934967481874,0.00369527312200546
2023-04-12 13:20:00,17805.3008,67.72308878351441,67.36955872546103,33.642759359835125,0.000744160413173045,-0.0001938299183352754,-0.0001882360785503412,0.0008003234632238954,0.0007076319654200081
2023-04-13 11:55:00,17769.1992,43.295694716592706,40.44605923552285,32.19297795202799,-0.0012718412206216279,-0.0016095041581838387,0.00039119376859697574,0.0007597416095148635,0.0033176058941362108
2023-04-13 12:40:00,17752.3496,38.59543533862357,37.84167784867752,29.437212541412393,0.0013407126682540849,-0.00013235431100355743,0.0010252839995894547,0.00243354828929232,0.004269902390836133
2023-04-17 10:40:00,17645.5996,39.338935829455366,37.18441550404225,35.569372323748276,0.0005440223181760739,-0.00026354445898235657,0.0006914585095765258,0.0018248855652374107,0.0033152741378081885
2023-04-17 15:00:00,17706.8008,56.741747177482225,53.445356268230135,18.931745080979088,0.00014956965009726986,,,,-0.00015255155521931574
2023-04-18 11:25:00,17686.3496,49.11960166562387,49.111760332642945,14.935287099985217,-0.0006473466972519715,-0.0009131562117262737,0.00010457782650630243,-0.0012438971578397906,-0.0014021434926289045
2023-04-18 12:10:00,17682.1504,48.2966670893852,46.384624807886965,20.61630636456656,0.0003420850893791627,0.0006814103334400468,0.0004495607050147843,-0.0025873549859637412,-0.0011649940495923605
2023-04-18 14:30:00,17646.5,41.12463311941247,39.91283250453934,28.789196014778557,0.00024371971779113544,0.0014252344657579297,,,0.0008529056753463493
2023-04-19 14:20:00,17610.5996,34.435631994474925,33.61564294896198,57.21952952985438,-0.00024698761534514,-0.0006160835091612027,7.952029072311184e-05,,-2.2736307059179062e-05
2023-04-20 11:25:00,17621.5,47.49895632096451,45.88599589410266,22.134698806690036,-0.00018155094628713453,0.00027809210339624357,0.00021280821723457244,-0.0011094855716029528,0.0001362199585732693
2023-04-20 13:50:00,17605.6504,44.23033686392896,42.49160982336835,36.621331669448196,-0.0007014566187226734,0.0002243143485345378,-3.6942685173291245e-05,,0.001036599022777418
2023-04-20 14:15:00,17607.4004,44.715995708695544,40.07866235213718,34.6682575944414,0.00024137577969773893,0.00010216158882836446,0.001274986624374197,,0.00093710596823815
2023-04-21 11:40:00,17607.25,48.23036755689558,47.3233439603211,8.26536689224622,4.54812648198466e-05,-0.000675880674154028,-0.0011216970282128536,-0.0008548069687203119,0.0006616819775944194
2023-04-21 13:30:00,17593.9004,42.46502306724997,38.71856704397917,39.06598720153944,0.0005711524887341834,0.0007161345530863894,0.0019751163306573893,,0.0014209470004729052
2023-04-24 12:25:00,17644.6992,56.93581317415955,54.073244013915755,20.674826669947006,0.0006744461815479941,0.0014934570264593106,0.0030462406522633323,0.00396719712852911,0.00585449481621092
2023-04-24 15:20:00,17750.5996,75.29003881147416,74.88650041302945,51.5363289304089,,,,,-0.00014645139085900372
2023-04-25 14:25:00,17798.6992,61.68283537829225,59.87897678045181,30.208481174900662,-0.00023307321245125134,-0.0009241798973713689,-0.00215462936752131,,-0.00215462936752131
2023-04-26 10:15:00,17757.8496,45.68452807519896,43.369188522970525,37.26741706626753,0.00021964371181515396,-5.9061205248678306e-05,0.001072810077183961,0.0014388453881262198,0.0033984745540358574
2023-04-26 15:00:00,17799.3008,54.19388367785359,54.17220215160451,18.834660668389304,0.001030916899836809,,,,0.0010617495716460645
2023-04-27 15:20:00,17929.6504,77.04547253468188,75.22016726617574,38.60459002156476,,,,,-0.0003598062347048847
2023-04-28 11:05:00,17948.3496,66.38263079683469,64.02936980386025,30.77362908057673,-0.0002841264023518697,5.0166172381516105e-05,0.000863589151394839,0.0012870041265520271,0.005638468285685594
2023-04-28 15:05:00,18060.3008,70.29124154842751,69.11744301464698,30.302786280975496,0.0013150390053304761,,,,-0.0005952281813600413
2023-05-03 10:15:00,18092.19921875,36.55183713012232,35.592430137302664,41.198182588588566,0.00010503922723947845,0.0011330850247743829,-0.001019733340703044,-0.0014094472259388313,-0.0005250881822125297
2023-05-03 14:00:00,18071.75,41.320977063538535,40.278466622359886,25.169898577039874,-4.982310097245701e-05,0.001380564624344549,0.0007387004233125882,,0.00060587484609953
2023-05-04 14:55:00,18228.849609375,74.44872389193492,73.48667045108687,49.5321684465364,0.0018816755848574118,0.0005348664457127672,,,0.0005348664457127672
2023-05-05 10:50:00,18212.849609375,58.240316554071825,57.80856119212105,23.861631687274706,-0.003346495472000499,-0.004691699573800667,-0.00573770729135159,-0.0028797920081107264,-0.007846130270105722
2023-05-05 12:20:00,18145.19921875,41.72793494634244,40.84533174624106,37.82879034232429,-0.00019837805755695825,0.0008377517210884644,0.00021495441179664176,-0.0005124676788001992,-0.004147102442515038
2023-05-05 14:05:00,18129.400390625,42.543183462101226,41.91844857236892,25.948968391039962,0.0003585336447951004,-0.0008411750897114878,-0.0028710702024605794,,-0.003279268513797229
2023-05-08 09:15:00,18159.400390625,39.53542696791315,34.55439777254674,47.141435189253826,0.0016245029772694597,0.0026762783092821874,0.002522045174390364,0.004292499591024068,0.0060767209820413726
2023-05-08 11:35:00,18251.349609375,64.01317750211996,64.00542453055752,31.509823885705586,0.0005287494257435466,0.0009095003783432531,0.0009287626525049664,0.001169755104796888,0.001008166027105739
2023-05-09 14:30:00,18278.44921875,38.72735838002934,35.04907638601212,46.98666172507488,-0.0011543435180133566,-0.00044312344433961037,,,-0.0011023056310123236
2023-05-10 10:15:00,18236.650390625,37.6687663420043,37.28931330637161,27.742445047447298,0.0012090393604482497,0.0005921497585188451,0.0012063618882176552,0.002377059846323748,0.00407693341608506
2023-05-10 14:10:00,18288.55078125,53.75568414665566,53.502111488120846,22.334653097942113,-4.923247532129249e-05,-0.00010935803628853158,0.0016868263507585635,,0.001227501239355444
2023-05-10 15:00:00,18313.0,56.647404185007915,56.420908413634244,18.906358756050757,0.0004450603737782277,,,,-0.00010921203516622846
2023-05-11 14:15:00,18339.25,54.607608870596216,54.36017032312133,22.006489284864067,-0.000937836539116943,-0.0016304042218193704,-0.0025137129040173622,,-0.0018948430279318584
2023-05-12 10:00:00,18245.0,35.413023135946155,33.55282491140102,43.90623660998303,0.0006742001233215333,0.0009208430391887124,0.002077302856947183,0.0018443623252946129,0.003683158057001812
2023-05-15 09:40:00,18364.75,62.97556968850234,61.69236224544558,33.32175350606094,0.0003811650036074088,0.0010182550810655666,0.0010482037599204297,0.002736220204467843,0.0010808750459438965
2023-05-16 10:05:00,18405.95,48.12924717635957,47.12575010882461,21.769956898110202,-0.0009344804261666173,-0.0018499452622656731,-0.00123058032864376,-0.00256982117195792,-0.007019469247716126
2023-05-16 10:50:00,18390.15,43.3505264130979,42.23859253940883,25.704326106932058,-0.0003724820080316382,-0.001663934225658914,-0.0012805768305317322,-0.0019602885240198598,-0.006166344483323982
2023-05-16 11:50:00,18366.6,36.56995365138775,34.753160392877675,43.240953077295266,-0.0004328509359379229,-0.00011978264893863777,-0.0006805832326070016,0.00028856729062542996,-0.004892032275979119
2023-05-17 10:00:00,18265.1,20.672811394215383,19.67493975117599,24.942376394231477,-0.0003503950156308333,-0.0010238104362964018,-0.0026717619941856174,-0.006646555452748615,-0.0036764102030647505
2023-05-18 15:15:00,18131.1,33.52478159383003,32.78396378090139,49.302579180906456,,,,,0.00019579617342602162
2023-05-19 12:45:00,18120.6,46.96454058324722,46.648968905123255,29.467363329496933,0.0002676511815282723,0.0003007626679027986,-2.7592905312179283e-05,0.0034629096166793882,0.004682516031478068
2023-05-19 13:00:00,18125.45,46.082919099740785,45.22628253070288,24.903522679893307,3.310262641753603e-05,-0.00023447693712430606,0.001751680647928744,0.0036937013977584865,0.004413683522340062
2023-05-22 14:50:00,18318.45,58.280406654036334,57.58462301350143,22.763490423209106,-0.00011190903160473997,-0.00082976452702066,,,-0.0008270350384449454
2023-05-23 09:15:00,18381.15,59.73740979057193,59.102162383654175,31.710454282223974,0.0010799106693542004,0.0006637234340614029,0.00023393530872661827,0.0014172127424019187,-0.002578728752009596
2023-05-24 09:40:00,18330.0,35.33880459053516,33.22616665272444,60.01884919131519,0.0011238406983087312,0.0017894162575013972,0.0024113475177305332,0.0017375886524821915,-0.0023458810692853493
2023-05-24 13:40:00,18316.25,37.09298746621727,35.35519212023018,38.923362353802936,-0.0004886371391524813,-0.00020200641506862294,-0.0020500921313041376,,-0.0015969426056097191
2023-05-24 15:00:00,18270.55,31.47754516014902,31.067965966904886,32.471300406582266,0.00099066530564218,,,,0.0009003560374483133
2023-05-25 13:45:00,18215.55,35.09494663616887,33.096616042770144,32.466319574298915,-4.9408335186074126e-05,0.0012022694895297281,0.002797060753037872,,0.006606992377391929
2023-05-29 14:00:00,18617.2,61.18881951800453,61.095519456074825,37.65762779784943,8.594203209932871e-05,-0.0009023913370431735,-0.00034913950540360617,,-0.0008647916979998005
2023-05-30 09:20:00,18638.9,55.94429768082934,52.811422936517616,28.9660154408232,-0.0008047685217474898,0.00011266759304451313,0.0006143066382671147,-0.0017865861182796428,5.633379652225656e-05
2023-05-30 12:15:00,18626.95,51.56432440141825,50.05850798412217,16.95454790370324,-0.0010737130877572776,-0.0016723081341819546,-0.0006844920934452325,0.00010468702605637148,0.0006979135070421805
2023-05-30 13:05:00,18616.5,49.95499770274533,47.72729498015053,17.993432930567792,-0.0002820078962211259,0.00021486315902552455,0.00045927000241707816,0.0012354631643971548,0.0012596352697875624
2023-05-30 15:20:00,18643.8,57.45034879146193,57.22304062050149,24.449735168718195,,,,,-0.00020650296613344832
2023-05-31 11:00:00,18547.75,36.06240323256429,34.32442070037509,42.57381298957422,0.0004205361836340238,-0.0011510830154599638,-0.002523217101804809,-0.0030111469046110173,-0.0014260489816824151
2023-05-31 12:15:00,18509.4,30.021873187141644,26.54344654817082,56.07004514109737,-0.001088636044388358,-7.833857391381649e-05,-0.0008617243130517593,0.0005348633667217051,0.0006429165721200114
2023-06-01 13:25:00,18559.75,53.10452592956381,51.19002760423972,18.91206545259317,-0.0005172483465563094,-0.0016999151389430756,-0.0016217890865986018,-0.003968264658737453,-0.003968264658737453
2023-06-02 09:15:00,18568.45,42.427417742292114,34.534381827653725,51.96529638926004,-0.0003904472371145662,-0.0018122137281249007,-0.004149511671679651,-0.0033066841874255237,-0.0022942141104940195
2023-06-02 10:35:00,18504.3,41.1506379503777,40.97969624115164,33.2563041132512,0.0005052879600959681,4.8637343752711004e-05,0.001007873845538576,0.0016455634636274308,0.0011645941754079292
2023-06-02 15:10:00,18537.25,51.19166700859439,51.1540103419632,36.51597179970718,-0.0006149779498038077,,,,-0.0006149779498038077
2023-06-05 09:15:00,18618.05,54.61075926956108,50.41392705212951,33.82545201708233,-0.0015629993474074455,-6.176801544721666e-05,0.0003598658291281698,0.0009238346658215768,-0.0009748604177127751
2023-06-06 09:40:00,18610.15,47.793000365882925,47.529759228304755,30.44435064138169,-0.0013594731907051738,-0.00158784319309635,-0.002420722025346489,-0.003444356977240992,0.0003734521215572606
2023-06-06 11:30:00,18553.6,32.05562772044106,30.07053444626298,52.00497815641351,-0.00043657295619170533,-0.0006009615384614531,-0.00031530269058288596,0.0004392678509832493,0.0034225163849603835
2023-06-07 14:35:00,18705.9,70.82936324586747,70.60147600821558,45.79926449984414,0.00020581741589542624,0.0010905650089008123,,,0.001307074238608985
2023-06-07 15:05:00,18726.3,76.42286843000267,74.73417769628158,56.36022840395428,0.000616779609426299,,,,0.00021627336953899956
2023-06-08 13:35:00,18687.35,38.67761240673944,38.65276269600367,37.11717143881567,0.001190645008521729,0.0005618774197517773,-0.00012575351775390153,,-0.002164565869424928
2023-06-09 09:15:00,18663.65,37.77516187552807,33.27897515294927,47.369898165536114,-0.0014788104148975023,-0.0004768627787169466,-0.0018672660492455861,-0.002180709561098726,-0.005162441430267006
2023-06-09 11:15:00,18622.95,38.198909150509266,35.439709556463896,28.68562603700733,0.0002577464902175919,0.00037319543896119356,0.00033023769059137287,-0.0010390405386903057,-0.002988248370961677
2023-06-09 14:30:00,18587.3,34.13803281759543,31.40132334303179,43.06991192748576,-0.0008554227886782284,-0.0012131939550122928,,,-0.0010760035077714836
2023-06-12 13:15:00,18610.3,52.25236701641538,50.51095426153819,23.210384027387462,1.8806789788605727e-05,0.00020687468767310868,5.373368511030208e-06,-0.0005722637464198321,0.00024717495150539115
2023-06-12 14:55:00,18621.15,54.83726381686523,54.437267308582136,24.738040671382418,-0.0013130230947068222,-0.0003356398503852054,,,-0.0003356398503852054
2023-06-13 09:15:00,18672.6,57.70857672182488,54.002096701084554,28.502623172019085,0.000990756509537949,0.0013522487495045699,0.0011808746505577172,0.0018529824448658694,0.0024661803926611103
2023-06-13 11:00:00,18707.2,70.94949918120591,69.78969723230779,46.26873552921208,0.0,0.0001416566883338799,-2.9400444748528543e-05,3.4745980157291356e-05,0.0006120638043107807
2023-06-13 11:20:00,18711.95,71.42521983831512,70.69266222015449,48.96349133039958,4.008133839605854e-05,-0.00011222774750907494,-0.00020842295965950441,-0.00022712758424425772,0.000358059956338197
2023-06-13 15:05:00,18713.75,59.43762850529305,55.495278805630065,28.50894308487746,0.0004381804822657376,,,,0.00026183955647596235
2023-06-14 10:45:00,18732.55,59.728597124122686,57.07215097273115,29.053758429073966,-5.0713864369833495e-05,-0.00032296724151270606,-0.0001468032915966644,0.0006672876890758683,0.0009128495586561147
2023-06-14 12:20:00,18747.4,66.21452413698243,65.35454480099152,29.246356272741437,-3.467147444458085e-05,-0.0002160299561541068,0.0005334072991454164,0.0005707458100854268,0.00012001664230765208
2023-06-15 10:05:00,18780.0,59.99844177585657,58.601996097846836,48.81706769919851,0.0006522896698615277,0.00023695420660274635,-0.0009744408945686622,-0.002742279020234273,-0.005210330138445074
2023-06-15 12:30:00,18732.2,43.11423728305643,41.56407509627056,28.306325154569315,0.00016815963955107982,-0.00022421285273488412,0.0007713989814330802,-0.001740318809323127,-0.002671869828423712
2023-06-15 15:05:00,18700.35,35.26946323480223,32.65306503815045,43.86813048539086,-0.000933137615071189,,,,-0.0009732438162920465
2023-06-16 14:10:00,18789.85,60.35190401209907,55.860771378577454,17.663031136928648,0.0009765910850805248,0.0018121485802176096,0.001764250379859389,,0.001796182513431388
2023-06-19 12:15:00,18792.7,45.55908557132096,41.4116303418088,38.71380898306074,-0.0002367940742948882,-0.0005720306289144217,-0.0027696924869763384,-0.003080983573408913,-0.002048667833786544
2023-06-19 13:50:00,18739.25,32.98467406217963,32.15148326753156,45.36004709389874,-0.0004375842149499931,-0.00028549701829039265,0.0018784102885653908,,0.0007977907333538425
2023-06-20 09:50:00,18699.75,34.74420473928681,34.73466114922731,33.68915731687353,0.0001550822871965174,-0.000783432933595396,-0.001433174240297319,0.0010829021778366865,0.0071631973689487705
2023-06-20 10:40:00,18672.1,31.583505497944866,31.54348628203971,33.42467529108666,0.0008756379839440775,0.001488852351904768,0.002642980703831066,0.0029402156158118142,0.008654623743446166
2023-06-20 14:30:00,18770.95,62.988152310994664,62.442789383691235,28.99994562908809,-0.00033296130456905715,0.0013052083139106774,,,0.003342931497873014
2023-06-20 15:05:00,18810.85,66.78722377769046,63.54457356859427,30.14209360987016,0.0012997817748798823,,,,0.0012147244808182744
2023-06-21 12:55:00,18849.35,60.63390599532398,60.05250801105869,19.06553405447356,0.00021486152042382578,1.0610445453140827e-05,0.0003527973113131022,-0.0001167148999831058,0.0006764158976304557
2023-06-22 13:20:00,18818.05,40.46174109107592,37.20842288949312,35.693353251828476,0.0015862429954220936,0.0017828627301978983,-0.0008475904782908605,-0.002404606215840599,-0.0020565361448184882
2023-06-23 10:00:00,18698.4,33.3318221083811,32.35745657399919,33.089606831531334,0.0002219441235613573,0.0015589569160996408,-0.0003850596842510656,0.001350382920463744,-0.0015963932742909526
2023-06-23 14:45:00,18695.0,41.06594186556153,39.45117614151505,23.409279014895766,-0.0009093340465364808,-0.0016769189622892755,,,-0.0014148167959348035
2023-06-26 09:20:00,18680.05,39.00719017745023,36.51983265460219,25.36572462591144,0.001153637169065247,0.00042826437830734143,-0.0002168088415180902,-0.00015256918477191128,0.0007842591427753565
2023-06-26 10:55:00,18668.45,40.7655219271597,40.09476908979312,16.449385126738317,-7.767115105972167e-05,0.0005008450085570715,0.0007231451995211025,-0.00042853048860513887,0.0014061156657354523
2023-06-26 13:30:00,18670.3,44.763935385517065,44.51475044874296,23.570373265570243,-0.00042848802643769,-0.0008060930997358939,7.766345479187642e-05,,0.0013068884806350933
2023-06-26 14:05:00,18667.75,42.178673642310976,42.093470008601756,24.89392072994544,-0.00043390338953530616,0.0002035596148437513,0.00155080285519138,,0.0014436662157999436
2023-06-27 12:10:00,18750.6,68.64367200207656,67.32956443158753,41.17490355120832,-0.0002693247149424538,-0.0001946604375325789,-0.000407986944417682,0.001322624342687817,0.0036265506170469752
2023-06-27 14:00:00,18761.95,66.33949825311751,66.19820089465651,42.51816007690084,0.0017375592622301816,0.0014124331426104142,0.0029154752038034193,,0.0030194089633539534
2023-06-28 09:25:00,18871.05,78.01186278208124,77.15315193407164,71.22959083933455,-4.76920998035979e-05,0.0009538419960732902,0.001467856849513005,0.0043664766931359456,0.006462279523397063
2023-06-30 09:25:00,19087.45,67.75886344823206,63.60436850316785,39.4602219138678,0.0008120518979748415,-0.0004898506610365727,-7.334662304292472e-05,0.00048199209428179124,0.005016385111683341
2023-06-30 13:10:00,19145.4,72.89834354510602,72.75859498352693,44.75617488764024,0.0005327650506126158,0.0001984810972870399,-3.395071400968952e-05,0.0025515267374929262,0.0019743645993293146
2023-06-30 13:25:00,19155.6,74.36238757214466,73.96932078522458,51.90784996547204,-0.0003341059533503721,-0.00013312034078805102,-3.6542838647513065e-05,0.0014408319238239375,0.0014408319238239375
2023-06-30 15:10:00,19194.25,77.20686321799248,74.63175647527419,52.82200363480914,-0.000575693241465558,,,,-0.000575693241465558
2023-07-03 09:15:00,19273.8,78.0183585327296,75.79372270847016,58.90465790862858,0.0015565171372535769,0.0019819651547696715,0.0022880801917630755,-0.00014008654235286855,0.002949599975095918
2023-07-04 09:15:00,19404.95,62.62130747721014,61.411930471906146,27.86216178101689,-0.001535690635636744,-0.0025946987753125983,-0.004400938935684051,-0.0029605847992394407,-0.000999744910448186
2023-07-04 12:00:00,19359.5,58.814415898358575,58.160267296887845,16.092315242880385,0.001487641726284128,0.001443735633668286,0.0013559234484361582,0.002376094423926167,0.0013455926031147314
2023-07-04 13:25:00,19432.5,71.69909132448485,69.24489537834222,39.17304504163344,-0.0006072301556669935,-0.0008619580599511512,-0.0035198764955616246,-0.0024160555769973113,-0.0024160555769973113
2023-07-05 11:30:00,19397.0,51.570512117084476,49.41805882563702,16.5572534257757,-0.00039181316698455593,-7.733154611533344e-05,-0.0007114502242614451,-0.0021472392638037796,0.0009434448626075564
2023-07-05 14:15:00,19381.85,50.002621969466695,49.16177279796498,16.233712349743858,-0.0003173071713998832,-0.0014394910702537622,0.0013208233476165177,,0.0017258414444440984
2023-07-05 15:05:00,19392.0,46.350187013291446,43.20989387241532,24.811037727308516,0.0012427805280528226,,,,0.0012015264026401518
2023-07-06 14:40:00,19486.95,59.67680073330402,59.21014663327917,30.67139332871331,0.00014368590261693015,0.0009493532851472253,,,-3.592147565423254e-05
2023-07-06 15:10:00,19505.45,65.32372720262822,64.88661590435679,42.19329346610579,-0.0009843402741285256,,,,-0.0009843402741285256
2023-07-07 12:15:00,19385.7,33.666465375178944,31.46341904910588,49.621752473581054,-0.0012380259675947025,-0.0007557116843860401,-0.0012896103829110883,-0.00031982337496194724,-0.003149228555068939
2023-07-10 09:15:00,19381.85,40.98391932506922,38.9488573332831,40.5275425354863,-0.001202155624979051,0.0011170244326523804,0.0018574078325857002,0.00012124745573838247,-0.000722325268227797
2023-07-10 12:30:00,19371.9,44.111741733187394,42.5850819633274,31.73178327655662,0.00028649745249564873,7.226962765649603e-05,0.0012414889608143298,0.0003639291964132596,-0.00020906570857803786
2023-07-11 09:15:00,19449.05,51.94791097598971,44.3799382074051,40.00341516015732,0.00044989343952539507,0.0013522511382304536,0.0014473714654443803,0.0026556567030266987,-4.62747537796071e-05
2023-07-11 11:10:00,19500.55,72.01605512389617,71.97382177170358,51.613242653054726,-0.0003102476596813508,-5.128060490600106e-05,-0.00036922035532338526,-0.000712800408193548,-0.002687103697075144
2023-07-11 15:20:00,19445.85,41.6950623997229,40.09111816354677,29.884759042219724,,,,,0.0001182771645364955
2023-07-12 10:35:00,19461.55,48.81501844523661,47.932870159993726,18.00201570433614,0.0005420945402601074,0.00038280609715046765,-0.0016494061367156032,-0.002078457265736855,-0.003946242719618853
2023-07-12 12:35:00,19421.1,41.17205107639961,40.05351202976082,31.91747378708729,0.00030894233591305387,0.001292408771902842,0.0006719495806108977,0.0018330578597505198,-0.0018716756517395128
2023-07-13 09:20:00,19481.85,45.8902257162764,39.11722226496298,47.34036071676398,0.0007699474125917316,0.002610121728686021,0.003954963209346296,0.0036777821408131572,-0.001983897833111259
2023-07-13 15:15:00,19425.85,33.1329921199129,32.84036170166969,48.116610396820356,,,,,0.0008931398111280409
2023-07-14 13:40:00,19499.0,55.710100761033864,54.83341609040697,21.182251746456735,-0.0001692394481768167,0.0006769577927072667,0.00016411098005031377,,0.004531001589825001
2023-07-14 14:05:00,19505.4,56.62809866542425,55.87982345716051,20.987401850971914,-0.00016405713289657786,-0.000543439252719824,0.002363448070790586,,0.004201400637771968
2023-07-14 15:00:00,19542.35,58.73087070856421,58.31620539053921,20.699447928192164,0.002036602558034284,,,,0.0023026913344608158
2023-07-18 09:20:00,19793.0,76.85686129997319,76.76312718990721,48.5791676004924,-0.0016470469357853235,-0.0010761380285959632,-0.0011241347951296277,-8.083665942493212e-05,-0.0020941747082302564
2023-07-18 13:45:00,19747.65,51.989502249729654,50.846687129505085,17.343937964696117,0.0014406777515296731,-0.0006228589224541725,-0.0007899674138442947,,0.00019749185346085163
2023-07-18 15:15:00,19758.6,52.461848736693966,51.7234630946668,20.96946624229725,,,,,-0.00035680665634196806
2023-07-19 12:25:00,19755.25,46.52081157896294,45.00153205599143,19.71772615265762,0.0011414687235038468,0.0011515926146214994,0.0007390440515810948,0.0010781944040192393,0.0046519279685148796
2023-07-19 14:55:00,19801.7,55.177586147455145,52.65694210252441,18.279384931280024,0.001590772509431071,0.0022952574778933865,,,0.0022952574778933865
2023-07-20 10:25:00,19831.75,53.64264091656382,53.03885048755622,29.540678530763735,-9.580596770342176e-05,-6.050903223375759e-05,9.580596770342176e-05,0.002077476773355791,0.006968623545577257
2023-07-20 11:40:00,19841.2,59.44520130840319,58.98501988118651,26.88358454562468,0.00043596153458458353,0.0009550833618934274,0.0020210471140857944,0.0031928512388363917,0.006489022841360326
2023-07-20 11:55:00,19849.85,61.017785868624316,60.251859991111715,27.800288307922127,0.0005188956087831542,0.0011637367536783128,0.0021763388640216874,0.003989954584039612,0.00605042355483798
2023-07-21 11:50:00,19787.55,38.62122465390727,36.550253578866936,36.759099778477264,-0.0004952609090058679,-0.0018951310293593426,-0.000606441929394963,0.0011421323003606432,-0.0003360699025396485
2023-07-21 15:15:00,19767.7,40.37996505478352,37.75392643694066,44.69003857050227,,,,,0.0006677559857748427
2023-07-24 12:30:00,19719.1,42.74477743689108,41.630077461285005,32.36169436281822,0.0010472080368779668,0.0017166097844223405,0.001419943100851473,0.000220598303168007,-0.0027232480184185004
2023-07-25 09:30:00,19701.9,40.912168802426564,38.791700972304675,31.88379659603842,-0.0014414853389774773,-0.0012080053192841111,-0.001710494926885242,-0.002048025824920585,-0.0011699379247688269
2023-07-25 13:55:00,19653.95,42.84844489821319,41.517905959075264,34.31091660281727,0.0002925620549558694,0.0015340427751162622,0.0024295370650684323,,0.001266920898852275
2023-07-26 09:15:00,19724.8,56.41483144659934,51.50767957522285,25.316417374433,0.0016223231667749083,0.002240833874107784,0.003812459441920879,0.003531087767683294,0.0024486940298507065
2023-07-27 09:20:00,19848.45,55.11404950560502,50.295333568858155,31.235170144541534,0.000911909998009941,-0.0008161846391028238,-0.0019220644433193268,-0.005063367668508123,-0.00746909708314758
2023-07-27 12:45:00,19735.85,38.53393877686951,37.21008697524565,39.56937939334231,-0.0017936901628253787,5.066921363905408e-05,-0.0026576002553726497,-0.005112523656188972,-0.0018063574662351423
2023-07-27 14:45:00,19634.95,28.973093502344085,26.106066447121954,43.03501018709379,-0.00014514933829734566,0.002144135839408756,,,0.0033231559031217106
2023-07-31 13:35:00,19717.7,63.35468074970004,62.99407226092749,19.15140445155358,-0.00015468335556378943,-9.889591585232616e-05,4.310847614075186e-05,,0.0011690004412279187
2023-08-01 13:10:00,19738.0,47.915838569986796,45.18075094539068,29.665366897174213,0.0006915594285135107,0.0004990373898063893,-2.2798662478451526e-05,-9.372783463357237e-05,-9.626101935356068e-05
2023-08-02 11:15:00,19547.85,22.609924485382813,21.583861031608738,67.29464783605465,-0.0009975521604678184,-0.0005422591231259988,-0.0005576060794408866,-0.002143458231979367,-0.0016907230206901769
2023-08-03 10:50:00,19487.4,43.172316278738826,42.0478309472777,13.146967115287985,0.0010596590617526491,0.00023091843960720837,0.00010776193848327509,-0.005985919106704873,-0.004769748658107309
2023-08-03 14:00:00,19322.8,20.27867959553523,19.829999505540474,62.955805054825014,-0.0005330490405116572,0.0006986565094084796,0.00188637257540325,,0.0037080547332686287
2023-08-04 11:20:00,19501.4,60.82734238818074,60.7437498726143,24.646722174117997,0.0006640548883667385,0.0006640548883667385,0.0015588624406450702,0.0003384372404031666,0.0004435578984072208
2023-08-04 14:45:00,19511.75,55.02973393448476,53.888737932323096,25.81345579643145,-0.000599638679257386,0.00037157097646289827,,,-8.712698758439608e-05
2023-08-07 10:20:00,19577.4,64.78926065374505,63.243588733276816,33.761437247118174,3.830947929750472e-05,-0.0015145014148968405,-0.0012744286779654557,-0.0008862259544168971,0.0010496797327530505
2023-08-07 12:30:00,19570.8,56.446620726671135,55.82915331949858,25.312122772843274,0.00038577881333412556,0.0004803073967338811,0.001400044964947833,0.0010934657755432564,0.0013872708320559202
2023-08-08 12:05:00,19566.6,42.046190278161546,41.61718451577387,26.900007510739158,0.00038330624635851684,-9.454887410176305e-05,0.00020187462308229875,0.0004241922459702341,0.00021465149796084937
2023-08-09 10:55:00,19495.95,32.631320616872976,30.818130955516484,51.389148283028966,-0.0008078600940195635,-0.000748873483980117,-0.000246204981034448,5.129270438164468e-06,0.006924515091595973
2023-08-10 11:50:00,19565.3,49.930012996164976,49.79901116144874,15.592112119820786,0.0007717745191744285,-0.00022999902889297985,4.855535054404392e-05,-0.002606655660787216,-0.0008228854144837205
2023-08-10 14:30:00,19555.95,48.14169436904236,47.32166930460325,21.804520062822068,-0.0010687284432615574,-0.001523832899961386,,,-0.00034516349244095856
2023-08-10 15:10:00,19545.95,47.74223861729343,46.32095308615122,14.55601762985587,0.00016627485489317806,,,,0.00016627485489317806
2023-08-11 10:30:00,19475.85,35.449264049050214,35.37912392329692,35.260769822063025,-1.283641022087334e-05,-0.0013657940474998131,-0.0011835170223635227,-0.001234862663247016,-0.002649435069586148
2023-08-14 10:00:00,19319.4,33.67166767895328,31.100590190091395,55.04683619785012,0.0,-0.0007272482582276751,1.811650465333159e-05,0.0022050374235222936,0.004878515895938795
2023-08-16 10:30:00,19388.65,50.15370957373954,49.502055857159995,30.730261953760085,0.0006679165387997177,2.5788283351424468e-05,0.0002965652585404932,0.0006498647404538094,0.0030094926671015987
2023-08-16 11:15:00,19384.25,48.62788960299703,48.350031671094804,20.77258250036642,0.0005236209809511561,-0.0005545739453421961,-0.00011607361646692738,0.00266969317874044,0.003237164192579023
2023-08-16 12:00:00,19385.8,47.818044268541264,47.22248613707506,18.801811831073902,-0.00019601976704597401,0.0007969751054897056,0.001008470117302318,0.0018596085794757578,0.0031569499324248795
2023-08-17 11:00:00,19412.0,48.825298389930055,47.115913829822446,21.06909243500946,-0.0021223985163816295,-0.0025731506284772943,-0.00263754378734804,-0.004072223366989425,-0.0033896558829589196
2023-08-17 13:15:00,19339.3,34.58559769537672,31.536683329763708,43.57879611194775,0.0004498611635375127,0.0010962134099994358,0.0011168966818861925,0.0011220674998577707,0.0003567864400471077
2023-08-18 10:30:00,19276.7,32.47497860221205,29.2243178958563,51.75814440650215,-0.0005083857714235362,-0.00021269200641205188,0.0010582724221468442,0.000998614908153339,0.00024900527579929665
2023-08-18 13:15:00,19276.75,40.65268483394233,40.14757812437321,28.23828707233733,0.00013747130610708425,0.0001971286653610349,0.004814089511976816,0.001639280480371319,0.00024641083170129363
2023-08-18 13:30:00,19279.4,40.61495983519525,39.378490637731005,32.99855900030709,5.964915920597669e-05,0.003202900505202333,0.0042636181623907365,,0.00010892455159394743
2023-08-18 13:45:00,19280.55,40.154921240425296,37.61060531730644,34.61511284452289,0.003143063864879503,0.004616050890664525,0.0033012543729302735,,4.927245332742025e-05
2023-08-21 09:35:00,19360.7,56.056911889515455,54.12571517634881,31.510344482629318,-0.002388859906924834,-0.0028640493370590825,-0.0005268404551488359,0.00027116788132652836,0.001004612436533936
2023-08-21 10:35:00,19350.5,53.989650290699686,52.67298087854885,27.431819898498375,0.0004521846980698463,0.0010335650241595218,0.0007984289811633349,0.0018552492183665503,0.0015322601483167553
2023-08-21 12:40:00,19396.45,62.99434668661944,60.72395782208496,35.19697872789523,-8.506711279654411e-05,0.0003505796163729702,0.0001005338605775119,0.0002603569209829182,-0.0008403599627766489
2023-08-21 13:05:00,19400.25,64.68162410928592,63.725782091283754,42.23562297303709,-0.0003324699423976618,-0.00017267818713673222,-0.00011597788688288979,-9.535959588147236e-05,-0.0010360691228205043
2023-08-22 09:40:00,19439.9,61.9130800783363,58.99573483824218,28.653989531088584,-0.0022711022176040707,-0.002021615337527649,-0.0010622482625940455,-0.00074846064022982,-0.0025643136024363633
2023-08-22 11:35:00,19423.05,56.04291588525721,55.816505395856076,11.773726294383227,0.0003603965391634212,0.00029861427530697426,0.00010554470075496702,-4.118817590437196e-05,-0.00169901225605662
2023-08-22 15:15:00,19402.75,40.58915758479122,39.61211291909952,30.814319978901295,,,,,-0.0006545463916197702
2023-08-24 09:25:00,19551.95,64.99369983189281,59.80783061622836,40.322450501861866,0.0007927598014521031,0.0009640982101528639,-0.0005626037300627829,-0.004022616669948631,-0.008774060899296443
2023-08-24 13:50:00,19435.95,39.36273372106358,37.04614284057905,43.33030981845238,-0.0004527692240410275,-0.0012476879185221446,-0.001695312037744534,,-0.0028581057267589305
2023-08-25 09:30:00,19305.35,30.22031718169543,28.970485291190613,56.91704469738433,-0.00040403307891334617,0.0014218856430989746,-0.003501620017249074,0.0002615855190402083,-0.003162335829187235
2023-08-25 14:50:00,19277.2,39.39406453545789,37.49501603733905,18.259861022319765,0.0004227792417985654,-0.001556242607847591,,,-0.0017066793932729585
2023-08-28 12:30:00,19337.1,59.731205349804824,58.876671768250546,23.842446894746995,6.981398451699761e-05,0.00013187085964294631,0.0004680122665758901,-0.0008506963298527959,-0.0017815494567435808
2023-08-29 09:30:00,19339.75,50.66089945515763,48.99334551516591,37.18014345055952,0.00014477953437874724,-0.0004653627890742751,-0.00041882651016678096,-0.0003438513941493859,0.0006825320906422849
2023-08-29 11:45:00,19337.45,53.003488183624796,52.934953870327675,18.189647732244755,7.7569689902246e-05,0.0006231431755479022,0.00019392422475550397,0.0011040752529416498,0.0008015534623231346
2023-08-29 12:00:00,19338.95,52.50566281959957,52.283985095405384,17.03132543834002,0.0005455311689621656,0.0005403602574081123,0.0008040767466692689,0.0007808076446755852,0.0007239276175801113
2023-08-29 15:05:00,19343.15,44.64998398050329,44.1602713574842,29.313571304332445,0.0006229595489875006,,,,0.0005066393012513881
2023-08-31 09:30:00,19334.35,29.10029153788181,23.812448896530896,51.79396122704722,0.002345566310737235,0.0022033324109682617,-8.534033986129508e-05,0.00022498816872573713,-0.002834333711761672
2023-08-31 11:15:00,19323.1,34.561394653665765,32.10568818239635,31.599532319804414,0.0008073238766037605,-5.6926683606572936e-05,-0.0005796171421768026,-0.0024064461706454487,-0.0022537791555184983
2023-08-31 15:10:00,19280.55,35.9553634125273,34.55406077178273,36.5565953293021,-5.186574034454772e-05,,,,-5.186574034454772e-05
2023-09-01 12:35:00,19366.55,60.809652941127666,58.077908333423956,17.510340466837448,0.0003846839008496694,0.0015335720611053816,0.0012883038021744841,0.004128252063480664,0.0029328920225852873
2023-09-01 14:05:00,19436.55,75.95069506605196,74.3815074147098,60.768663690795506,0.0008617784534807882,0.0005119221260974083,0.00031898665143770266,,-0.0006791328708026789
2023-09-01 14:20:00,19453.3,78.47233787097495,77.08265907275447,63.71915500633126,-0.00034955508833978133,-0.0006348537266169796,-0.0008815984948568056,,-0.0015395845434965638
2023-09-04 12:10:00,19490.25,61.82194920256936,61.14667880116018,26.374306882721505,0.0007644848065058163,0.0007593540359922546,0.0011595541360422956,0.000913277151396219,0.0022857582637472174
2023-09-04 13:05:00,19517.45,66.85123132967585,65.70270525602949,42.785789365845694,-7.173068203081279e-05,0.0,-0.0006711942390016379,0.0008069701728452561,0.0008889480951661533
2023-09-05 09:25:00,19550.2,68.68339403050413,68.12747083089701,43.57657016110808,0.0009309367679104508,0.0012736442593936914,0.0005984593507994962,0.0013426972614090094,0.0014040777076449462
2023-09-05 14:05:00,19554.5,50.375327950748556,48.567039807987896,20.43547664106451,0.0005983277506456108,-2.3012605794070495e-05,0.000841238589583071,,0.0011838707202946885
2023-09-06 09:35:00,19594.95,61.437241551018815,60.26890689318304,45.78187432604152,-0.0008369503366939535,-0.0012273570486273089,-0.0006659879203569918,-0.0019086550361190335,0.0012222536929158423
2023-09-06 13:40:00,19511.35,32.92949355430352,31.159139960420656,39.61372983383244,-0.0005278978645761878,-0.0002741993762603867,0.0018450799150238062,,0.005512176246133871
2023-09-07 10:40:00,19610.05,60.894358560030874,59.40588061448062,26.101298517109896,0.00048189576263202305,0.0014252895836575075,-0.0005507380144363916,0.00026262044206926127,0.0057725502994638855
2023-09-07 13:40:00,19650.5,63.15033085908649,60.602839615257054,38.16223264106693,-0.0002188239485000354,0.001124653316709523,0.0039057530342738733,,0.0037021958728784554
2023-09-11 09:25:00,19893.55,61.60854971910807,59.950466216293236,32.56415418720996,0.0001859899314100577,0.0016965297797526535,0.0015381870003092768,0.002400275466168722,0.005350980594212684
2023-09-11 09:50:00,19906.25,66.35308328696726,66.0587654413021,46.08703136854755,0.00134128728414451,0.001120251177394005,0.0012885400313973339,0.001436734693877506,0.0047095761381474865
2023-09-11 14:40:00,19965.45,67.44956077595512,65.83847969731038,27.86280978772068,0.00015025957341308072,0.0016127860879668887,,,0.0017304894204739352
2023-09-12 11:25:00,20016.85,58.91574048195146,57.85746093339754,21.431029660382286,0.0010041540002549976,0.0008817571196266805,-0.0019283753437727702,-0.000926719239041085,-0.0015586868063655057
2023-09-12 13:25:00,19998.3,51.35812352266904,49.88093241247246,27.79792358621628,6.750573798774973e-05,-0.0007100603551302154,2.5002125180639823e-05,-0.0006325537670700543,-0.0006325537670700543
2023-09-12 14:05:00,19999.1,51.555508271599564,50.91842881802576,19.704164705357393,0.0007400333014986327,0.0009075408393377504,-0.000720032401457904,,-0.0006725302638617148
2023-09-13 09:25:00,20012.55,52.3364410012357,50.55536469798075,21.45425542525444,-0.0020037426514861734,-0.001466579721224881,-0.001266705142523028,0.0006795735675864112,0.0025384071495135885
2023-09-13 10:45:00,19982.45,47.31555631966688,46.94280060351009,24.874130922973137,0.00060052696240942,0.0009708519225619661,0.001966725801891167,0.003845874755097567,0.004048552604910771
2023-09-14 09:30:00,20155.0,66.49703016187442,66.33095534819715,42.73731636935049,0.00031257752418745177,-0.0014562143388736626,-0.0030290250558173692,-0.0028082361696848412,-0.002637062763582332
2023-09-14 13:05:00,20091.25,49.11506236326019,47.782633920692106,21.08599138397526,0.0003285012132145937,-0.00010203446774093017,-0.0018714614571019306,0.0005126609842591723,0.0005275928575871891
2023-09-14 14:25:00,20077.75,45.722557087850745,44.918601305172466,20.449664302592023,-2.2412869968069238e-05,0.0009239083064584985,0.0012003337027306493,,0.0012003337027306493
2023-09-15 14:10:00,20181.5,57.915240237273665,57.667516017995254,17.770753540949524,0.00017838119069435443,0.0007060922131654213,0.0002105889056809307,,-0.0006193791343557242
2023-09-18 10:20:00,20178.75,53.84386597733671,53.44487494429666,18.141861336326603,-0.00011645914637914423,-8.176918788338483e-05,0.00034937743913765473,-3.2212104317697055e-05,-0.002730595304466288
2023-09-18 11:20:00,20185.8,54.4836958941285,52.75496404768071,13.713481089211951,0.0002353139335573573,3.467784283994746e-05,-0.0003814562712401992,-0.0007480506098345163,-0.003078897046438489
2023-09-18 14:30:00,20154.75,40.413183991672064,38.92361364238379,32.92696034403988,0.00010171299569572412,-0.0007392798223744279,,,-0.0015430605688484533
2023-09-20 10:30:00,19969.25,20.49300143678709,17.181555599109398,63.70120288493837,-0.00029044656158838666,-0.000848805037745537,-0.0007636741490041343,-0.0009714936715200517,-0.0029895965046259354
2023-09-20 13:55:00,19900.95,21.24445812157027,21.11504549903697,58.00592456916261,0.00035425444513959015,-0.0001859207726264689,-9.044794343981977e-05,,0.0004321401742126696
2023-09-21 10:20:00,19763.1,19.01615776131841,17.680359390235218,67.49431610538088,-9.866873111996632e-05,-0.0003719052172987958,0.0002884162909664312,-0.0018190466070604483,-0.0007210407274163
2023-09-22 15:25:00,19684.6,35.07117485492346,33.73578636484993,43.14215747436095,,,,,0.0
2023-09-25 09:25:00,19655.5,34.30909301396344,34.2364454325389,45.167687729004946,0.0015466408893185513,0.0010836661494237898,-0.0017450586349876396,-0.0024140825723080184,0.0009844572765891346
2023-09-25 14:55:00,19701.3,50.725692384393284,48.958767673570485,28.085554408146777,-0.001091298543750896,-0.001342550999172687,,,-0.001342550999172687
2023-09-25 15:10:00,19679.8,51.10838760223908,51.07762810538483,21.551742642664212,-0.00025152694641206175,,,,-0.00025152694641206175
2023-09-26 09:15:00,19681.55,50.74609237443889,50.72517816953048,16.35660981803659,-0.0008180250031120107,0.00012956296633137576,0.0003810675480335757,1.0161801280883509e-05,-0.00040393160091556357
2023-09-26 09:45:00,19684.1,51.3957892521168,50.177492221745936,14.474059353039973,0.0006832926067232847,0.0002514720002437798,-0.00045976193983976454,-0.0006197895763584427,-0.0005334254550627415
2023-09-26 11:25:00,19688.55,52.10106404994881,51.36207912667264,18.02817324038834,-0.0004494998361991298,-0.0007694827704426421,-0.0005713980968633514,-0.0011681916646985036,-0.0007593245820540773
2023-09-26 13:25:00,19665.55,44.76765434390312,43.62593817738507,29.146274336528894,0.0007856378285886478,0.00045256806954308004,0.0006407143456450548,0.0004093452763842542,0.0004093452763842542
2023-09-27 10:45:00,19576.0,30.055325533589972,26.832159118321663,52.41568712874164,0.0007968941561093956,0.002669084593379667,0.003877196567225294,0.0047609317531671635,0.007746730690641579
2023-09-28 13:00:00,19609.3,33.367392239574805,32.80505962689374,49.75000396744065,-0.0016267791303105072,-0.002343275894601038,-0.0032306099656794762,-0.004842090232695773,-0.002855787814965316
2023-09-28 13:55:00,19559.45,27.769647652369716,27.556203354525362,45.68319836991601,-0.0004115657648859905,-0.0006902034566411697,-0.0019300133694966082,,-0.00031442601913656
2023-09-28 14:10:00,19551.4,27.430059964616074,26.511050193011407,47.823657918990094,-0.0002787524167067179,-0.0007262907004101926,-0.0026673281708727847,,9.717974160405873e-05
2023-09-29 14:05:00,19710.05,72.43983428564164,71.80505756591701,40.28912266310871,0.0003272442231248007,0.000598679353933651,-0.003959908777501742,,-0.0036453484389942226
2023-10-03 10:30:00,19518.7,35.03813495173578,32.929028980961576,43.38056892178804,-0.0009580556082116054,-0.0006327265647815272,0.0006071101046687399,0.00032276739741887717,0.00021773991095708212
2023-10-03 15:00:00,19535.1,46.6491804297371,45.79248704963518,22.99016219212417,-0.00024827106080838046,,,,-0.0006219573997572336
2023-10-04 10:20:00,19407.3,29.692795002719315,27.286952765276787,58.63374189777565,0.000695614536798006,0.000695614536798006,0.00045086127385052244,-0.001945144352898165,0.0020018240558965505
2023-10-04 12:00:00,19371.65,28.803107908469947,26.561958725598885,45.557148544746994,9.808147473222562e-05,-0.0009808147473240325,-0.0013679784633729986,-0.0005317048367073918,0.0038458262460863146
2023-10-05 11:20:00,19573.65,72.05308379276002,71.52058215222912,46.10263207255772,-0.0003576236419881029,-0.0011086332901630858,-0.002171286397784744,-0.001997583485962129,-0.0013819599308255714
2023-10-06 09:20:00,19611.7,61.32582422050989,56.89655855421772,35.88573970738318,-0.00028299433501421944,-0.0003671277859644828,-0.0008387850109883299,-9.688094351845145e-05,0.0019478168644229132
2023-10-06 10:40:00,19640.45,64.89574605667957,63.75818800520655,35.75405746548308,0.0005600686338653738,0.00010183066070279523,-0.0009572082106061863,-0.0001069221937379794,0.00048114987182068525
2023-10-06 13:20:00,19651.85,65.91064605246507,64.54337606000428,20.709264741034172,7.63286917007111e-05,0.00018064457035871229,5.851866363726366e-05,0.00020608746759220864,-9.922729921085782e-05
2023-10-09 10:15:00,19582.55,45.12737852138987,44.91050380091286,23.459434218841757,-0.0005898108264755786,-0.0008604599503128085,-0.0011719617720878928,-0.002425628940051272,-0.00434315244950223
2023-10-09 10:45:00,19565.7,44.0007611451987,41.94728279718718,19.89504529611051,0.00042165626581214255,-0.0003117700874490925,4.344337284112321e-05,-0.0024737167594310883,-0.0034856917973801194
2023-10-09 13:20:00,19523.9,32.76843886583083,31.58561163681301,48.2484466899326,4.8658311095461926e-05,-0.0003867055250232898,-0.0003073156490250861,-0.0011114582639739634,-0.0013521888557102013
2023-10-10 12:10:00,19652.45,66.55319377336816,66.3154791239044,32.64605132641351,0.0006945698882325768,0.0009617121529374995,0.0012237659935530054,0.0022185529030731566,0.001987029606995483
2023-10-10 13:40:00,19700.75,78.17677420625985,77.3073869911583,67.89435274157162,-7.867720772047893e-05,-0.00023856959760415464,-0.00012689872212989783,,-0.00046952527188048876
2023-10-11 09:35:00,19815.5,76.52863999945434,73.19127309761409,55.68171327481469,-7.065176250919958e-05,-0.0009285660215488933,0.0010194040019178008,0.00013878024778590792,-0.00035325881254577585
2023-10-11 14:40:00,19820.35,57.14617535732293,56.9956223232103,21.708526226528527,0.00013874628853671744,-0.0005297585562313856,,,-0.0005978703706038813
2023-10-12 10:50:00,19816.9,51.16303395709066,50.72735436067645,32.89922943396061,0.0003229566682980689,-0.0002523098971080051,0.0004718195075918974,-0.00013372424546731487,-0.0017157073003345458
2023-10-12 15:20:00,19793.95,43.41832359067814,43.2215107259662,30.572183017268063,,,,,-0.0005582513848928494
2023-10-13 10:30:00,19697.1,24.85512292107223,20.887449681619632,60.25288962128786,-0.0009925318955581464,-0.0009239938874249232,-0.00023607536134750973,0.0005939960704874903,0.0018606799985785294
2023-10-16 10:10:00,19749.3,50.150439813538476,48.4498444367616,36.962734510645184,0.00022026097127514355,0.0007924331495294812,-0.00034684773637538857,0.0006430607667107235,-0.0009291468558378924
2023-10-16 11:30:00,19758.75,52.57561498090547,52.10710435005914,19.023151950726024,0.0006402226861517146,8.097678243812467e-05,0.0006326311127982098,-8.85683557917405e-05,-0.0014069715948630268
2023-10-17 09:20:00,19819.95,51.16229091188578,43.27757099095132,53.122302199216705,-3.784066054657309e-05,0.0005903143045264958,0.00025479378101356254,0.0007315861039003391,-8.072674249948175e-05
2023-10-17 15:05:00,19818.9,46.25700363790925,42.92161326431882,37.005336329829916,-3.279697662339487e-05,,,,-2.7751287912214373e-05
2023-10-18 09:30:00,19796.55,45.708684527634524,44.941778457930624,32.24587724294334,0.0007122453154717601,0.0015053127944009148,0.0017023168178293968,-0.002750479250172466,-0.006470824461837998
2023-10-18 12:40:00,19696.05,31.43689030702911,30.18662188434427,59.53910714824319,-0.0002614737472741435,0.0006904937792096,0.00022593362628553493,-0.0006117977970201416,-0.0014012961989839923
2023-10-19 09:50:00,19572.8,23.84515235663941,22.477638727531424,68.1228433665,0.0004828128831848577,0.0006156502901986105,-0.0003167661244175557,0.0033720264857353133,0.0019976702362463072
2023-10-19 13:40:00,19651.8,52.93686043577135,52.710047807127566,18.8559246271669,0.00023153095390759937,0.00029768265502405633,-0.0003892773181081166,,-0.0020303483650351284
2023-10-20 10:00:00,19579.3,33.726631888150045,31.611384949590068,41.19271272401885,-0.0010342555658271468,-0.001261536418564524,-0.0013432553768520927,-0.002410709269483613,-0.0019178418023115817
2023-10-23 10:55:00,19482.4,28.97785357284202,28.925646986816997,50.977125081878455,0.00010522317578942619,-0.00015655155422344968,-0.00011035601363285075,-0.0014679916232087642,-0.01046842278158755
2023-10-25 09:15:00,19319.1,22.49949041759818,18.739917162174542,68.02260004163301,-0.0016123939520991115,9.317204217595965e-05,-0.0002639874528316266,-0.002282715033308902,-0.010013406421624071
2023-10-25 13:15:00,19127.55,25.445696441852782,20.39854134549267,71.83427105508447,-0.0004626834069182406,-0.0011815418074975215,0.0014534009844437978,-0.0009279808443841686,-9.933316080723564e-05
2023-10-26 10:35:00,18904.2,21.784517945445785,20.34399354706816,65.62532870913007,-0.0003385491054899159,-0.001340971847526018,-0.0023830683128616137,-0.001983686164979237,-0.0029464351837158453
2023-10-30 10:20:00,19052.3,50.78137929599002,47.01306792444493,44.42527317034316,-0.00024144066595621627,0.0018370485453200747,0.002228077449966781,0.002989140418742098,0.005067629630018278
2023-10-30 15:05:00,19146.6,65.04233992716586,64.7077367776685,25.531036842754567,-0.000242862962614665,,,,0.00011751433674911382
2023-10-31 09:15:00,19175.15,68.38677476273743,68.180154766826,36.930657071252554,-0.0026779451529714837,-0.0021121086406103995,-0.003697493891834047,-0.004239862530410643,-0.004620563594026739
2023-10-31 11:25:00,19116.1,49.62025299514999,47.16268694070497,22.490477771125605,-0.001352263275458787,-0.0019303100527826578,-0.001619054095762018,0.0001464733915392813,-0.0015458173999925995
2023-10-31 12:15:00,19097.35,44.801265863031986,43.64820760565297,22.780924316699036,-0.0004712695740508588,-0.00029847073023203663,0.000623123103467238,0.001578753073070427,-0.0005655234888609639
2023-11-01 10:20:00,19052.9,38.27001781402068,37.89220661498735,38.82620933272467,-0.0008213972676076597,-3.673981388663261e-05,-0.0003988894079117733,0.00023618451784246375,-0.0032803405255892315
2023-11-01 13:35:00,19017.75,33.51280248670516,33.15041352457667,42.805478883007815,0.0002629122793180727,0.0003523024542861908,-0.0003891101733907165,,-0.0014381301678694225
2023-11-02 09:15:00,19142.15,45.45900046770038,32.72006810506775,40.772305769343596,0.0009377212068653051,0.0007052499327400152,-0.0008071193674692445,-0.001042202678382509,0.00014104998654795864
2023-11-02 13:05:00,19105.45,55.082536438979425,53.07741359793856,27.875055991349566,-0.000363770547147535,0.0001360868233932777,0.0010311193926340056,0.0012797395507564424,0.0020622387852680113
2023-11-02 14:55:00,19132.55,56.711836898976166,56.30811837558241,27.71878469127184,-0.0006324300733565602,0.000642883462998789,,,0.000642883462998789
2023-11-06 09:20:00,19349.7,54.21071872603244,50.10726914781879,48.81635084302298,-0.000493547703581898,-0.0008372222825160369,0.0007261094487251984,-0.000824302185563619,0.0032119361023683624
2023-11-06 14:20:00,19379.95,70.82315466052235,70.40436464441291,38.88515748377131,-0.00016253911903807428,0.00015479916098848356,0.0018962897221097563,,0.0016460310785113563
2023-11-07 10:50:00,19385.0,58.334018260879475,58.31206234944443,36.70470163488611,0.00046169718854782715,0.0002914624709828839,-0.002788238328604531,-0.0010600980139282568,0.0016610781532113705
2023-11-07 12:35:00,19365.7,47.028323738214,46.56645214433749,30.670933204114085,-6.45471116458296e-05,9.294784077007456e-05,0.0001652406058134659,0.0008055479533402021,0.0026593409998090234
2023-11-07 13:30:00,19370.85,49.893631960731256,46.97996174071354,19.254014545194497,0.00013938469401186815,0.0017758642496328303,0.0009189065012635833,,0.002392770580537329
2023-11-07 14:50:00,19395.6,56.65205874784138,56.01144769855342,23.84447528030492,0.00011600569201264399,0.0011420115902576189,,,0.001113654643321249
2023-11-08 09:55:00,19444.0,66.36212599938699,65.15872634300723,56.160551511298955,-0.0008640197490228374,-0.0009848796543922012,-0.0007894466159226177,-0.0006428718370705688,-0.0003882945895905543
2023-11-08 13:10:00,19448.05,60.49644397503319,58.44109349529572,13.32511206044966,0.00024166947328918553,0.000323939932281192,-0.00034193659518555464,6.427379608742179e-05,-0.0005964608276921579
2023-11-09 10:00:00,19448.95,51.78006431877477,50.88111594823731,19.52871367212054,-0.00021594996130902544,-0.0016813246987626984,-0.0007506831988360885,5.655832319995113e-05,-0.0023111787525804672
2023-11-09 11:05:00,19436.95,49.7106866013644,48.02583569147164,17.380172277996525,6.431050139044103e-05,0.0004913322306225876,0.0007074155152944073,-0.0005530703119573932,-0.0016952248166508532
2023-11-09 15:00:00,19396.95,32.8539515962681,32.71379613449334,28.122790416297136,7.733174545476729e-05,,,,0.0003634592036376727
2023-11-09 15:15:00,19398.45,34.339940435595146,30.672432143545347,27.878518401828465,,,,,0.00028610533315798214
2023-11-10 09:50:00,19346.8,27.206473280702554,26.967735348936163,52.36668124729432,-0.00016281762358616447,0.0007236338826059896,0.0014937870862365976,0.0014860338660656058,0.004995658196704333
2023-11-10 15:05:00,19409.35,54.53971512663509,51.84808021618191,35.48946252408942,0.0015301903464053357,,,,0.0017568852125393608
2023-11-13 11:40:00,19446.45,57.915573673839475,57.76552466628888,30.4361884315228,-0.00043709777362965774,-0.0004576670806240024,-0.00020055074319480504,-0.00012341584196606803,-0.00032396658516076204
2023-11-13 13:35:00,19448.85,59.0650805024611,57.94569667368998,18.34586442609895,-0.00037534352930890247,0.0002673679934803719,6.427115227891633e-05,,-0.0004473272198611822
2023-11-13 14:05:00,19454.05,59.898897496450786,57.927965207579184,17.478742783686375,-7.710476738642669e-06,-0.00020304255412118,-9.509587977818423e-05,,-0.0007145041777931738
2023-11-15 09:15:00,19613.65,54.08616758173075,54.04644886747242,29.765852330597724,0.000782618227611831,0.0007290840817490984,0.0009457699102410899,0.0005327922135858199,0.0032196964868853595
2023-11-16 10:10:00,19713.75,65.37717876712608,65.36014110741792,33.59511171608576,-0.00018514995878515794,0.00021812186925362909,0.004146851816625441,0.004423308604400544,0.002404413163401342
2023-11-16 11:00:00,19762.55,67.41953305611094,67.38980051152873,35.1956577634518,0.0015660934444188257,0.0012903193160802573,0.001717895716898843,0.00201897022398434,-7.084106049060068e-05
2023-11-16 14:40:00,19858.8,80.023330019513,78.92861284571516,58.19351829558188,-0.0006621749551835032,-0.006453058593671179,,,-0.004917215541724418
2023-11-17 10:30:00,19792.95,52.26002131726572,52.11966435880541,24.343801570931248,-0.00012125529544615432,-0.00043197199002675823,-0.0016925218322685343,-0.0011721345226457514,-0.0037008126630946325
2023-11-17 12:30:00,19769.75,45.64216519443647,45.04814227381385,24.231445886613205,-0.00031108132373958153,-0.00021750401497233618,-0.0004577700780231675,-0.0016768042084498447,-0.0025316455696202667
2023-11-17 14:05:00,19763.75,43.55440714178416,40.30458877082834,28.269560755876952,-0.0005515147681994792,-0.0011131490734298533,-0.0009613560179622116,,-0.002228828031117569
2023-11-17 15:00:00,19741.95,41.44986023442055,39.87569282447546,22.613558096763327,-0.0007775321080238928,,,,-0.0011270416549530315
2023-11-20 09:15:00,19746.55,42.014630365962255,38.47895201828943,24.42023942164504,-0.0016078758061535137,-0.0015293810817585962,-0.0006836637286007363,-0.0030790188665867912,-0.0026789489809611045
2023-11-20 12:05:00,19692.9,38.99114798642662,37.323985227130535,39.15358048181855,0.00010663741754646239,-0.0002792884745264068,0.0009140350075407255,0.00011933234820671323,3.8084791980974586e-05
2023-11-20 15:15:00,19695.45,47.029462203007135,46.71120023813615,23.50068785111344,,,,,-9.13916666032133e-05
2023-11-21 09:15:00,19763.6,53.52715678516526,46.02177042238973,26.969099875039614,0.0008626970794796129,0.0005464591471191493,0.000662834706227633,0.000933534376328149,0.0008702867898562339
2023-11-21 12:20:00,19824.1,71.73233225747076,69.5023655041492,45.45346588891859,-0.001001306490584608,-0.0006406343793663449,-0.0019925242507856655,-0.0014225109841050632,-0.002184210128076347
2023-11-22 09:20:00,19806.55,52.40238420187616,51.395217078285185,24.11793818878525,2.0195339420547853e-05,0.0006235311046094427,-0.000517505572651511,-0.0003357475178664693,0.00020447781163301926
2023-11-22 13:05:00,19743.4,35.63589325568209,34.7620754474125,47.53835300522394,0.0005875381140025837,0.00026844413829429925,-8.863721547458514e-05,0.0037404904930253835,0.003403669074222071
2023-11-23 12:25:00,19829.2,52.17418552711273,50.191123324096786,32.779639266504034,-0.0010313073648962057,-0.0004942206443022679,-0.0009455752123131989,-0.001028785830996748,-0.0009178383394187195
2023-11-23 12:50:00,19816.15,52.21821781912489,52.01618038101922,23.152104657965843,-0.00012868291772127893,-0.000247273057581876,0.00013877569558173874,-0.0008427469513503372,-0.00025988902990747853
2023-11-23 13:15:00,19815.15,52.51437492210565,51.914247988448935,18.41201379736779,-0.0004895244295400891,-1.7663252612432068e-05,-0.000360835017650718,-0.0006207371632312997,-0.000209435709545569
2023-11-23 13:50:00,19818.9,52.02875310022512,50.90172872905142,18.355512515933842,-0.0001866904823174531,-0.0004137464743250163,-0.0009813864543440909,,-0.0003986094081912528
2023-11-23 15:20:00,19812.95,46.32015165651654,45.91703054147821,33.52434507479921,,,,,-9.842047751595917e-05
2023-11-24 10:40:00,19818.75,50.7329080733162,47.19238537413163,21.58792040082526,-0.0003784295175023322,-0.00046168401135293635,-0.0002396720277515474,-0.0007997477136548747,-0.0015162409334594784
2023-11-24 13:55:00,19791.95,41.28698093355485,39.57031217038515,41.132521595253344,0.00016673445516990348,0.00043957265453897776,0.0001414716589320797,,-0.0001642081755460767
2023-11-28 12:10:00,19834.9,62.48885923806172,60.71474509931528,36.735699760896125,-4.033294848992952e-05,2.0166474244742716e-05,-0.0004310583869846507,-0.000594910990224462,0.003708110451779323
2023-11-28 14:20:00,19865.8,57.60696997194981,53.99041674298976,25.24910723252834,0.0006493571867229875,0.0001761821824441956,0.0020814666411623772,,0.002146905737498761
2023-11-30 13:10:00,20067.7,50.47767574806334,48.1487552496813,17.77069205438275,0.00022174937835428565,0.001731638404002478,-0.00028902166167521504,0.0033636141660480234,0.0029649635982200717
2023-11-30 14:35:00,20106.35,57.38388150875547,55.440767860993105,32.17881102131469,0.0008579379151363309,0.0012607957187655838,,,0.0010369858278604926
2023-12-04 09:20:00,20542.05,63.38887484021011,56.1641641064294,35.588117680552315,0.001718426349853086,0.0005671293760847185,-1.9472253256047622e-05,0.001348453537986849,0.007046521647060544
2023-12-05 13:35:00,20822.45,64.03266001839303,64.01726791977254,33.93101054532541,-0.00025933547685319525,-0.0004706458654000212,0.00016808780907151544,,0.0016448592744850998
2023-12-05 15:05:00,20854.7,67.58685038248424,65.03212345896924,32.36713866797509,0.0001654303346487751,,,,9.59016432746651e-05
2023-12-06 13:55:00,20917.8,53.77246685353532,50.76288356919417,33.990062577816275,0.00043981680673876866,0.0009370010230522752,0.0017210222872385827,,0.0008652917610840749
2023-12-07 10:35:00,20885.6,45.98677298089985,44.55606891042899,20.60240637266289,0.0013789405140385291,0.002164170528976994,0.0007229861722910513,0.001352606580610649,0.0014603363082699161
2023-12-07 15:20:00,20912.1,48.242514896371475,45.98181222776897,21.724203079720183,,,,,0.0001912768205967197
2023-12-08 13:55:00,20889.7,35.349289374152434,34.840878140986085,51.73189712058179,0.0012685677630601688,0.0007276313206987517,0.002292996069833464,,0.003944527685892929
2023-12-11 13:30:00,20987.05,53.418876796457816,52.00884308769945,23.674929249721888,-0.00024538941871288245,0.00015962224324050922,0.0007028143545662058,,0.0006194296006347688
2023-12-11 14:00:00,20990.4,53.7555965432818,52.302253551324796,18.08613363100532,-3.811266102615729e-05,0.0005431054196203267,0.0008646809970271896,,0.0004597339736258643
2023-12-12 09:20:00,21033.65,60.51038076712574,57.05183067641784,25.580532821937474,-0.0003351772041467749,-0.0002971429114775326,-0.002462720450326139,-0.0015831774323525893,-0.0063350868727015675
2023-12-12 12:10:00,21013.1,53.2152496485465,52.654377069214206,14.163011729448938,-0.00013087074253681497,-0.0012539796603070474,-0.0023033250686474993,-0.0034335723905563054,-0.005363320975962482
2023-12-12 15:05:00,20912.25,25.691372914591565,24.664246691007722,66.44901200950264,-0.00018410261927814808,,,,-0.0005666535164795539
2023-12-13 14:55:00,20880.55,56.415511936392086,55.28904540955719,27.017004279333214,0.0020904621765232,0.0027250240055938235,,,0.0027250240055938235
2023-12-14 13:30:00,21208.85,74.91013226698692,73.90896586497435,49.08949214332783,-0.0008180547271539051,-0.0008817074004482395,-0.0008675623619384121,,-0.0006412417457806185
2023-12-15 10:05:00,21320.4,71.93494981562851,71.8253191810964,52.62252159681812,0.001383651338624059,0.00021106545843418978,-0.0006496125776253026,-0.0002837657830060403,0.0060177107371344185
2023-12-15 13:55:00,21361.8,68.79921148815357,67.83962587330336,38.112526480954905,-0.001458210450430153,-0.0007255942851257524,0.0018561169938864364,,0.004068009250156823
2023-12-15 14:55:00,21401.45,69.78973984147345,65.9850103064791,43.08781815382845,0.0026166451338578423,0.002207794331692492,,,0.002207794331692492
2023-12-18 14:25:00,21444.7,51.3742316948951,49.730001184214984,23.07482769378487,-0.0011331471179358843,-0.0009466208433784873,-0.001580810176873615,,-0.001580810176873615
2023-12-19 09:20:00,21430.35,46.3780681901214,45.69827849353139,30.859232495888314,-0.0012178989143900587,-0.0027671036637292312,-0.0030307484478786506,-0.0018735111652398162,0.000730272720697478
2023-12-19 10:30:00,21385.7,40.70493394236402,38.26241784449539,21.968752536093717,9.11824256395466e-05,-3.7408174621278434e-05,0.0003740817462136725,0.0034812982507002044,0.002819641162084885
2023-12-19 14:05:00,21482.55,64.09321053782558,63.812835010000654,42.94762304549559,-0.00032119092007221184,0.0005329907296853786,-0.0006191071357916078,,-0.0017013808882092585
2023-12-19 14:25:00,21486.9,65.19350600533629,65.18970478342655,42.908187625166065,0.0001023879666213201,-0.002566680163262336,-0.0019034853794638318,,-0.0019034853794638318
2023-12-20 09:20:00,21569.95,57.20342261772127,56.266666274028864,42.71508835722945,0.0009364880308020407,-6.0269031685211694e-05,-0.00044506361859908417,-0.0010268915783301358,-0.021717713763824253
2023-12-20 14:30:00,21259.9,26.347183045812276,25.306702247122452,71.26078679129068,-0.002410641630487431,-0.004395599226713287,,,-0.0074506465223261875
2023-12-20 14:50:00,21237.85,24.097821525917098,22.6222134412125,73.69388245007265,-0.003543202348637031,-0.005195912015575899,,,-0.006420141398493673
2023-12-21 09:35:00,21038.9,14.680894580940492,14.589054890178552,76.52755149181583,0.001242935704813375,0.00405677102890345,0.00209611719243874,0.0055587506951406684,0.011602317611662194
2023-12-21 14:35:00,21256.95,57.8273340374386,55.700611449753595,24.659543868429697,-0.00032459971915077546,-0.0010725903763239009,,,0.0012254815483876413
2023-12-21 15:20:00,21267.6,58.57013730984858,58.38062065395637,19.70199667243282,,,,,0.0007241061520810721
2023-12-22 09:45:00,21332.3,61.17619997207846,59.76207564844937,35.2424363321681,0.0006328431533402235,0.0005133061132649441,0.0010828649512710786,0.002355582848544202,2.3438635308181688e-06
2023-12-22 10:55:00,21378.05,70.03502776533531,68.70199056771287,40.668575026216104,-0.00042800910279461313,-7.718196935635468e-05,0.00025259553607570595,-0.0012068453390275957,-0.002137706666417216
2023-12-22 14:20:00,21318.1,46.77533186923183,46.750880624379505,31.62885457056372,0.0010085326553492813,0.0022258081161079524,0.0012196208855386192,,0.000668446062266348
2023-12-27 09:15:00,21522.2,58.94783872237092,55.42403172117756,31.11982966155901,0.000290397821784083,0.0014868368475342564,0.0015844105156535004,0.0025926717528876875,0.005889267825779809
2023-12-27 14:15:00,21565.5,53.894348203724846,53.067463646400796,24.06557269567041,-0.00017157033224368679,0.0014258885720248582,0.0045813915745054334,,0.003869606547494797
2023-12-28 12:40:00,21765.0,70.47786485431257,69.74892690104268,30.55428477451717,-0.0005858028945554539,0.0001056742476452932,-0.0005490466345049461,-0.0004709395818975892,0.0003997243280495777
2023-12-29 10:45:00,21722.55,45.41724272295883,44.60500913270893,16.662071454341884,-0.0005731371316903822,0.00044423882094890565,0.0005823441538861385,-2.3017555489390773e-06,0.0002647018881301033
2023-12-29 11:00:00,21710.1,44.296966415930996,43.72406833860671,12.970081299792032,0.0010179593829600098,0.001275903841990722,0.0016835482102801613,0.001031777836122405,0.0008383194918495374
2023-12-29 13:05:00,21737.3,47.023456932599814,46.63490697286641,29.617906751019024,-0.00020011684983867184,-0.0011454964508010868,-0.0012398043915298196,-5.9805035584004074e-05,-0.0004140348617354128
2023-12-29 14:40:00,21705.65,43.128821030273734,42.063805093244206,31.27701839228405,0.0012531299454288103,0.000490655658780037,,,0.0010435071052927736
2024-01-01 09:45:00,21720.45,46.975681580191015,46.66738026364859,21.506826825328513,0.00011740088257838899,-0.00037752440672278453,0.0007987863971510301,0.0004304699027875003,-0.0014272264156589554
2024-01-01 10:30:00,21718.5,49.44239631000837,48.15507474393056,15.846814327511979,0.0008886433225130386,0.000508782834910404,0.0007850450077122595,0.00034302553122911306,-0.0013375693533163036
2024-01-01 12:50:00,21746.8,55.54767413457264,53.489827738849854,18.316113183872893,-0.0003632718376955779,-0.0003494767046184899,0.0003839645373113765,0.003361414093107973,-0.0026371696065626837
2024-01-02 11:25:00,21599.35,36.345971851605675,35.90320090701929,39.453748017665,-7.639118769764419e-05,0.0001504674909198478,0.00129633530638662,0.0010393831295849587,0.0028774014032830753
2024-01-03 10:50:00,21563.05,37.78183092208787,37.55226220701892,36.75056805042861,0.00020405276619039903,0.0004591187239282313,0.0008857745077808232,-0.00027361620920962615,-0.0018248809885428319
2024-01-03 14:50:00,21566.15,42.392598894035984,41.289713441113264,33.6928774311528,-0.002255850024227901,-0.0023485879491703665,,,-0.0019683624569059033
2024-01-04 09:15:00,21600.4,43.831608040071075,38.26535932662042,43.79928958915274,-6.712838651135034e-05,9.027610599798841e-05,0.0018217255236012697,0.002062461806262794,0.003203644376955861
2024-01-04 12:25:00,21665.65,65.13420085834605,64.80597617006966,26.849239726702105,6.923401790381867e-05,-0.00029770627698688656,-0.00027693607161571876,-0.0007684975987335418,0.0001823162471468187
2024-01-04 15:25:00,21669.6,56.77580362981653,55.80288658461743,30.420741702268913,,,,,0.0
2024-01-05 12:25:00,21699.3,53.15304264556078,52.74353723721425,25.60453311031897,-0.00043549791928776393,-0.0009562520449968304,-0.00029724461157731863,-0.002587641075979308,0.00047236546801054935
2024-01-05 13:15:00,21698.9,51.69835726573429,51.20758500028107,20.56989533561496,-0.0005391978395218322,-0.0010968297932154591,-0.002774334182838789,-1.3825585628901571e-05,0.0004908082898209543
2024-01-05 14:40:00,21679.2,41.41430992526381,40.2593864183887,47.30327422255945,0.0010978264880623367,0.0016559651647660711,,,0.0013999594080962297
2024-01-08 10:30:00,21724.5,52.921638074759706,51.75761595582458,18.831777848142032,-0.0023567861170568083,-0.00327970724297455,-0.0044143708715966845,-0.00536030748693872,-0.009811503141614386
2024-01-08 12:30:00,21608.05,39.38424712115273,35.59942209846662,36.45450362718431,-0.0007659182573160894,-0.0014277086548762918,-0.0010111972158524107,-0.003785626190239255,-0.0044751840170677015
2024-01-08 15:25:00,21511.35,32.8102567501804,32.262820922235065,56.31019596776114,,,,,0.0
2024-01-09 11:35:00,21697.65,60.491181078278736,60.45948012894634,35.06850221729416,-0.00025348367219490964,-0.0005922300341282272,0.0003318331708732636,0.00014517701225691404,-0.006715012916145291
2024-01-09 13:05:00,21718.45,64.75844125546756,63.727188986673525,45.102878225775946,-0.0008794366080453475,-0.0008126730959162609,-0.0025347112708319353,-0.007320964433465527,-0.00766629294447807
2024-01-10 09:30:00,21529.35,31.41471928938971,30.494375515960265,79.49346394136809,0.0009150299474902646,-0.0004621597958134327,0.0010288280881680656,0.0002229514592870796,0.004461351596773744
2024-01-10 12:30:00,21524.95,40.50688080255179,38.743925742097446,28.43021682944915,-0.0012822329436306124,-0.00116841154102576,-0.0016562175521894762,0.0008060413613037998,0.004666677506800276
2024-01-10 13:00:00,21499.8,35.57873189769572,35.30004814860771,41.23652120401595,0.00016511781504946477,-0.0004883766360617159,0.0006348896268804083,0.006541921320198485,0.00584191480851004
2024-01-10 13:40:00,21502.3,37.889792904605855,35.27436423487249,35.87853594126541,0.0010836050096965089,0.0013765969221897212,0.0031205964013152343,,0.005724968956809295
2024-01-11 15:25:00,21669.4,52.97131292036822,51.09604120657928,17.157617972891444,,,,,0.0
2024-01-12 13:45:00,21888.7,78.12857886333737,77.48282020956205,56.48799389639188,-0.00038375965680925717,-0.0005527966484990543,0.00034949540173689897,,0.0008931549155499763
2024-01-15 09:35:00,22064.8,75.00679867096962,74.57784792122234,47.722669553140676,-0.0032993727566077435,-0.0021232913962510036,-0.0015182553206918303,-0.0012621913636198245,0.002039447445705278
2024-01-16 13:50:00,22035.35,38.15975403380107,37.99963656125085,43.74965671664841,0.00017698833919133072,0.0004311254416200505,-7.714876323716702e-05,,-0.00017018109537625392
2024-01-17 10:30:00,21776.45,24.9107080242135,24.37667517073153,66.7131360376959,-0.0015521354490745098,-0.0018735836190012511,-0.002123853979872803,-0.00503066385935258,-0.009147496492770912
2024-01-17 11:05:00,21749.1,22.641341225922048,20.734314878881612,66.67356921578617,-0.0005563448602470267,-0.0020851437530747807,-0.004340409488208574,-0.004466851501901181,-0.007901476382930706
2024-01-18 13:50:00,21454.95,41.78672844066773,41.61418232725975,22.13249772226301,-0.0006035903136573095,-0.0004963889452085368,0.0006105817072517006,,0.0010393871810467914
2024-01-18 14:30:00,21436.85,41.70002193834811,41.16206816757576,18.36754478614334,0.0018286268738176847,0.0008513377665095856,,,0.0018846052475061104
2024-01-19 12:50:00,21617.8,57.44685345891962,57.243656526854814,22.422812601289174,0.000150339072431116,0.0004880237581992297,-0.00021047470140345137,0.0003700654090610378,0.0009436667931057574
2024-01-19 14:40:00,21629.2,55.58666066776946,55.37227083723845,19.12686790662808,-0.0007697926876630845,-0.00043690936326823415,,,0.0004161041554935352
2024-01-19 15:20:00,21635.2,56.2482990869552,55.89850515244173,16.877456598243615,,,,,0.00013866291968644973
2024-01-20 13:15:00,21649.2,50.169286801745585,50.10077505094704,17.954574793452906,-0.00039493376198651564,-0.0017113796352751232,-0.0020300981098608784,-0.0029516102211629702,-0.0028753949337619877
2024-01-20 15:20:00,21584.6,38.62964986953119,37.34038850942539,42.43554142603751,,,,,0.0001088739193686461
2024-01-23 12:50:00,21397.25,27.228809985689225,26.72391795947152,44.160908095841386,-0.0022456156749114387,-0.0022386054282677037,-0.0033251936580636077,-0.0071364310834336475,-0.007206533549872107
2024-01-23 13:15:00,21364.2,25.120134721796,23.169768123927472,48.1953413077438,-0.0010157178831877722,-0.0001825483753195023,-0.003009707828984909,-0.005623894178111155,-0.005670701453834082
2024-01-24 12:50:00,21258.2,40.430019501153254,38.43585975768327,31.572986719210775,0.00244141084381555,0.002213263587697911,0.0019427797273521286,0.007945169393457574,0.00952573595130346
2024-01-25 11:35:00,21348.3,46.21602888369646,40.42913057312382,36.66144625264995,-0.002344448972517732,-0.002634870223858554,-0.0022976068352046353,-0.0036536867104172144,0.001051605982677728
2024-01-25 13:00:00,21276.25,41.56910266337284,40.38495976951807,16.811590164373328,0.0004042065683567131,-0.00014335232947526588,0.0009141648551789228,0.0021150343693085993,0.004441572175547748
2024-01-25 14:50:00,21273.6,43.239641620790636,41.959470793471866,14.764223729191228,0.003424432160048285,0.004916892298435727,,,0.004566692990373156
2024-01-29 10:55:00,21628.15,76.94840594174589,76.48657559107522,69.45932795884971,0.0003028460594178828,0.00023349200000910564,0.0012113842376715311,0.003328994851617084,0.005393434020015464
2024-01-30 13:40:00,21687.1,46.817104153074816,46.61250095766898,30.59643399008665,-0.0013003121671406603,-0.0009844561974629018,-0.005579353624965977,,-0.007218576942053079
2024-01-31 09:25:00,21521.35,28.994849834712717,26.06749184614014,73.08920024380409,0.0025556017629004835,0.0016123523849573829,0.0033199590174408655,0.006674767149830396,0.00868672271953197
2024-01-31 15:05:00,21722.05,58.8027740095028,56.846559393314365,21.4904316585271,0.0004143255355733011,,,,-0.0006329973460147409
2024-02-01 10:10:00,21783.9,63.6123050740495,63.234210994040026,26.478083444436948,0.00042921607242041304,0.000107877836383663,-2.9838550489214022e-05,-0.0020841079880095092,-0.0042967512704337185
2024-02-01 10:25:00,21793.25,66.54096249434403,66.11275716937428,23.571987280703535,-0.0003212003716747125,0.00017666020442108632,-0.002064859532194596,-0.0035125554930999225,-0.004723939751987483
2024-02-01 12:55:00,21740.75,50.50920583189995,50.38632262591842,23.7640487023669,-0.00048756367650604204,-0.0014373929142278419,-0.0014212941135886004,-0.0008601359198739944,-0.0023205271207294986
2024-02-01 14:00:00,21715.0,45.089586365807754,43.92983155679497,32.02062040647268,2.9933225880851566e-05,-7.828689845734704e-05,-0.001105226801749959,,-0.0011374625834676966
2024-02-01 14:45:00,21716.25,46.790491574386785,43.908332588038704,21.192490869992664,-0.0011627237667645174,-0.0007068439532607051,,,-0.001194957692971843
2024-02-01 15:15:00,21700.9,43.750024515054285,43.212677338058434,26.07658087386551,,,,,-0.0004884590040045156
2024-02-02 11:15:00,22021.55,72.61695895472722,72.33839410945653,42.50180546642984,0.0021297320125059915,0.0026723822800849284,0.001714229924778321,-0.007415463489173102,-0.007542611669024146
2024-02-02 14:10:00,21892.8,46.79067433110152,46.18534265787145,36.865911479510835,-0.0009249616312212439,0.0002283855879559038,-0.0016946210626324065,,-0.0017060403420301462
2024-02-02 15:05:00,21868.3,44.98993774007164,44.97547771366758,23.7898809863083,-0.0010105952451722189,,,,-0.000587608547532259
2024-02-05 09:20:00,21882.3,44.61659243261114,43.36638258786799,27.619296978264845,0.0009276904164552402,0.0032583412164168823,-0.0002513446941134756,0.001663444884678622,-0.005529583270497129
2024-02-05 10:50:00,21907.45,51.55613793119042,51.467770208281436,22.162946825212703,-0.00018486861775324215,0.0005135239382036971,0.0005249355812748657,0.0008741318592533354,-0.0066712465394193066
2024-02-05 12:55:00,21931.55,53.783010883026506,53.712400808051626,16.514248789894395,0.00023938116548993804,-0.0011604286974701283,0.0004605237659902617,-0.00891181881809544,-0.007762789223743849
2024-02-05 13:55:00,21941.65,54.33420828389154,53.34186554265444,17.054395925188203,-0.0013854928868157756,-0.0023858734416054572,-0.009368028384374116,,-0.008219527701882168
2024-02-06 09:20:00,21797.85,36.797682790612726,34.36947440732073,45.66638656572974,0.002202052037242108,0.0026103491858142647,0.002062129980709093,0.0026470500531015073,0.0064662340551935316
2024-02-06 13:10:00,21905.45,56.569053772532996,56.52135382897562,23.605713944827574,0.0004610724728320026,0.0005637866375718392,0.0004313994919074027,0.0006391103583811564,0.0015224521751435738
2024-02-06 13:40:00,21917.8,59.123693664932546,58.986864037247784,25.39999108893032,-1.8250006843634203e-05,-0.00013231254961709737,0.0008942503353439601,,0.0009581253592969574
2024-02-07 09:15:00,22031.9,62.607456838776926,61.74185908747274,23.395446100550483,-0.0014728643466973557,-0.002199084055392486,-0.0009894743530972638,-0.00347677685537795,-0.003726414880241946
2024-02-07 12:30:00,21924.4,44.09036676790309,43.740433765506864,45.404030723834595,-0.0011539654448925463,-0.0012201018043823675,-0.0003398040539308589,0.0007571472879530639,0.0011585265731330896
2024-02-07 14:50:00,21949.15,53.400552780193905,53.135654225302915,21.56624120211826,-0.0008246333001507011,-0.0006173359788421706,,,2.9613903044012346e-05
2024-02-07 15:25:00,21949.8,52.20439022364839,51.434307791150204,17.064673706871233,,,,,0.0
2024-02-08 10:00:00,21989.35,57.664919855078935,57.37154077092548,20.19253596508391,-0.0036563154436123346,-0.0011801167383299616,-0.01072792056154448,-0.00871330894273814,-0.010443692060019827
2024-02-08 11:45:00,21775.55,34.67257411585095,34.588460088613786,48.241228097154355,0.0010194920449770883,0.001026380504740576,0.0011549650869897565,9.184613017820809e-05,-0.0007278805816615108
2024-02-08 14:15:00,21743.45,34.109149803289654,33.93300040320639,46.260687849897785,-0.0016395742166032123,-0.001791344059935307,-0.0011957624020106916,,0.000747351501256599
2024-02-08 14:50:00,21694.05,28.75183102086883,28.63070642599542,67.92866391174844,0.0015741643446014475,0.002205673905979033,,,0.003026175379885254
2024-02-09 11:15:00,21674.55,40.130819117930656,39.530686299490306,43.600525965060235,0.0003714033278661155,0.0026390397955204925,0.0033126408622092818,0.002719779649404508,0.005141975265922527
2024-02-09 14:05:00,21748.05,53.52116084467532,53.383907366383035,20.164562555809635,0.0008644453180859379,0.0016530217651697932,0.001896721775055621,,0.0017449840330512334
2024-02-12 09:15:00,21823.25,62.849860541474314,62.40366484759561,28.3247044923662,-0.0010837065973217097,-0.004064472523570117,-0.005551418785011419,-0.005246697902466457,-0.009652549459865156
2024-02-12 11:05:00,21708.25,42.157905174483844,40.503562824021124,27.697722363598675,0.0005297525134453362,-0.0002763926157106633,-0.0038211279121993513,-0.004546658528439718,-0.00440615894878682
2024-02-12 12:20:00,21665.45,38.59386889365385,38.57418502826022,27.652033371736245,0.0001777022863591604,-0.000888511431795802,-0.003078634415624948,-0.001114677978071188,-0.0024393677491121313
2024-02-12 13:25:00,21618.85,35.26127940804537,34.62784604462207,39.290967437445524,0.0004995640378653299,0.0007678484285704723,0.0006753365697065306,-0.0002890995589497347,-0.0002890995589497347
2024-02-13 13:10:00,21686.05,49.797473203390894,49.67576831231399,33.96725873369661,0.0011804823838366119,0.0022157100993496215,0.0019482570592614934,0.0031287394430983273,0.001934423281326092
2024-02-13 15:10:00,21753.9,58.39946356438775,57.66457839505862,24.12600957167698,-0.001190591112398276,,,,-0.001190591112398276
2024-02-14 10:20:00,21610.6,42.99025386571341,42.56202728069758,26.206546854783575,0.00020129010763247912,0.0005136368263722879,0.00013650708448631477,0.0005923019259068685,0.011017741293624539
2024-02-14 14:10:00,21718.95,58.551267005500556,54.91964158375758,24.795149392712613,0.0015539425248458638,0.004440822415448187,0.0043878732627498085,,0.005974045706629516
2024-02-15 13:40:00,21943.95,62.839507206555396,60.92885544711197,26.26769386676765,0.0004033002262582297,-0.0013306628934171005,-0.001911688643111198,,-0.0007701439348887229
2024-02-16 09:15:00,22005.45,62.93278424608974,62.68532790916822,24.014783366389853,-0.0008861441142989923,-0.0012451460888098786,0.0009384038953985652,0.0014519130488128695,0.001374659459361105
2024-02-19 09:25:00,22072.75,55.55599134696195,55.30550735713015,32.18552533840223,-0.00048476062112789986,-0.0021474442468655264,0.0008970336727411876,0.00218595326817006,0.0020024691078366352
2024-02-19 10:20:00,22093.7,55.72270203073951,55.57349144939987,20.701252677979195,-4.5261771455251676e-05,2.7157062873151006e-05,0.001504953900885786,0.0027021277558760826,0.0010523361863337133
2024-02-20 10:10:00,22097.95,42.79122647971168,42.163823607098216,31.806635836337914,0.0014752499666257357,-0.00015838573261317546,6.335429304527018e-05,0.0027989021606076303,0.004986887923992933
2024-02-20 15:00:00,22176.6,52.932544632456526,51.884431627292145,21.938826502291036,0.0012851383891128165,,,,0.0014226707430355923
2024-02-21 12:50:00,22235.9,59.02174525745922,57.30255205976359,22.535298963831636,-0.0009758993339600286,-0.001232241555322755,-0.003622520338731672,-0.009403712015254695,-0.009316015992156923
2024-02-21 15:10:00,22095.05,35.01271838913082,29.459997149247787,52.86245743636365,-0.0030006720962386657,,,,-0.0030006720962386657
2024-02-26 10:30:00,22136.8,37.382221337943456,36.85098237607965,40.00427370047971,4.96910122511629e-05,-0.00034783708575769623,-0.0010570633515231131,-0.0012693794947779002,-0.0008876621733944212
2024-02-27 09:35:00,22136.5,46.942218493759476,46.31513697255497,16.10116174587686,-0.0002981501140649767,-0.0011361326316265963,-0.0005556433943938455,0.0011971178822307582,0.002606554785083537
2024-02-27 10:15:00,22123.5,47.622941281871974,46.10810026091485,17.035826126291667,-0.00012204217235067816,0.0006486315456415426,0.00038194679865299896,-0.00026216466653106174,0.0031956968834045973
2024-02-27 10:30:00,22120.8,45.910116936617634,44.65144584128207,21.450331056486004,0.0007707677841668481,0.0014556435571950743,0.002047846370836437,0.0004520632165201377,0.003318144009258228
2024-02-27 12:40:00,22161.1,53.3117142943393,50.419641644797586,27.677581684592628,0.0019200310453904024,0.002023816507303433,0.00032940603128928103,0.000812234049753835,0.001493608169269578
2024-02-27 14:50:00,22182.0,54.912821976510166,54.53145339925064,20.255984848875308,0.0010842124244883067,0.0007506086015689473,,,0.000549995491840205
2024-02-28 09:40:00,22209.5,59.24164461097685,59.12093519770977,16.48666561773877,-0.0015173686935771036,0.00042774488394603516,-0.00039622683986584306,-0.008399558747382851,-0.01275355140818113
2024-02-28 12:15:00,22042.8,34.70601473971482,32.51370068374187,63.80495189053367,-0.00024497795198419325,-0.00018373346398825596,-0.0029306621663308663,-0.0007440071134338089,-0.005287440796994947
2024-02-28 13:15:00,21978.2,31.645235467005737,27.04749278928581,59.17832417514852,0.0019678590603415813,0.0012694397175381233,0.002193082236033872,-0.0023341310935380832,-0.0023637058539826006
2024-02-29 09:15:00,21936.35,34.65891339200378,33.986340626170175,31.890576491204914,0.002220059399125285,0.00029175318592211674,-0.0028400349192093666,0.000774969400105352,0.004818486211243034
2024-02-29 15:10:00,21996.7,50.145711627131355,50.116251902360595,19.938170627934113,0.0020616728872966394,,,,0.0020616728872966394
2024-03-01 11:35:00,22286.7,74.34481213849526,74.24619400529349,51.702341354831944,0.0005025418747504062,-0.00011441801612621649,0.0006909950777818086,0.0009781618633535327,0.0017656270331631863
2024-03-04 12:35:00,22416.4,58.714878940098174,58.52961044306909,16.982956533594255,-0.0016974179618495233,-0.0006869970200389375,-0.0003702646276834143,-0.00044610196106420474,-0.0008364411769954394
2024-03-04 14:10:00,22428.2,55.17420807237288,54.076564825328774,26.906397867860477,-8.917345128012233e-05,-0.0009073398667749366,-0.0010589347339510224,,-0.0013621244683033051
2024-03-05 10:55:00,22314.95,34.00514615861847,30.637159203588116,59.75314764879281,-0.001178582071660439,-0.0008917788298876683,0.0011091219115435536,0.003932341322745447,0.0019516064342515183
2024-03-06 10:30:00,22300.4,43.5893719091477,43.00038225866702,22.245544529130655,-0.00041030654158680235,-0.00013004251044834714,-0.0017667844522968323,-0.001170382594034236,0.008055909311043719
2024-03-06 11:00:00,22297.5,44.128766260552084,42.153160239632925,16.20246304357246,-0.0011368987554657428,-0.0016369548155622526,-0.003018275591433972,-0.0014485928915797253,0.008187016481668419
2024-03-06 11:45:00,22254.4,40.87566594666558,40.427485775550764,17.301506974286248,-0.0010874254080092127,-0.0001303113092243624,0.0010357502336615365,0.003808235674742866,0.010139567905672386
2024-03-06 12:10:00,22259.2,40.68970217254499,39.3686697151753,16.88596533625021,0.0004447599194938867,0.0009524151811386439,0.0017430994824612078,0.006480466503737681,0.00992174022426684
2024-03-07 13:10:00,22509.15,63.20274713814281,63.18194864411701,27.44838653327385,-0.0003220912384519492,1.7770551086870867e-05,-0.00044204245828927125,-0.00037318157282706377,-0.0011395365884541153
2024-03-11 11:15:00,22422.35,37.57485951222641,37.27878551480014,48.53742008008692,0.0006109975091816988,-0.0003523270308418702,-0.0015698622133717421,-0.0011082692046104903,-0.004571331729279038
2024-03-11 11:30:00,22436.05,39.83945599432574,35.496498695972306,48.460847672842,-0.0009627363105358944,-0.0016647315369683335,-0.0017405024502975541,-0.0011410208124870147,-0.005179164781679568
2024-03-11 14:30:00,22385.4,38.97165256104703,37.620934245745744,30.729675841279267,0.0006008380462263485,-0.0009738490265978061,,,-0.002928247875847778
2024-03-12 09:20:00,22351.55,38.51484850232293,36.25888240500975,29.708192290309473,0.003279414626726096,0.0021989526453423114,0.0042032879151558955,0.0008746596992155187,-0.0008433419606246328
2024-03-12 12:05:00,22344.95,42.349995197108015,41.884282574709175,23.28711336957275,0.0010226024224713193,0.001100919894651664,0.000505707106079889,0.0017587866609680702,-0.0005482223052636348
2024-03-12 15:20:00,22335.95,42.266604942976414,41.93669331912454,26.43555133810148,,,,,-0.0001455053400459816
2024-03-13 10:10:00,22336.15,42.22502638078926,40.42111314339961,22.202905257944494,-0.0021982302232033124,-0.0011237388717394436,-0.00434945144977994,-0.011459002558632525,-0.015897994954367833
2024-03-13 12:35:00,22112.5,27.366678946297075,22.899360499039375,58.148761422303366,-0.0007552289429055836,0.00011305822498597351,-0.0017817976257773482,-0.008226116449971843,-0.005944601469756949
2024-03-14 15:05:00,22152.8,53.51806144421153,52.49481612999083,25.179291710469826,-0.00017379292911046118,,,,1.1285255137050143e-05
2024-03-15 11:00:00,21963.9,33.92916521473694,33.44964839357518,31.7608796591858,2.2764627411353544e-05,-0.00017984055654962638,-0.0006237507910707984,0.0007398503908686571,0.0014774243189961123
2024-03-15 11:15:00,21964.4,34.47068247445959,31.487697789102562,34.95268027627053,-0.00020260057183441038,0.0010016208045746655,-0.000553167853435621,0.000744386370672423,0.0014546265775525757
2024-03-18 09:25:00,22031.65,52.383050056327896,51.92443844546669,23.61593120726866,-0.0030751214729718424,-0.0008147369806619231,-0.0002382935458760116,-0.0028141333036790783,0.0009009765496454936
2024-03-18 10:20:00,22020.75,51.07390929107538,49.48226340590692,23.216077707017188,-0.0012056810054152933,-0.0008741754935686075,-0.0025861971095444414,0.002543055981290454,0.001396410204012044
2024-03-18 11:50:00,21996.25,49.74330499675952,47.61641234183677,18.272292472902237,0.0018503153946696216,0.003659714724100649,0.0026663635847019584,0.0030050576802862494,0.0025117917826902314
2024-03-18 14:20:00,22109.85,60.207896769197035,59.23736442218995,17.863371785463173,0.00017865340560874188,-0.0008570840598193241,-0.002783827117777804,,-0.0026390952448794858
2024-03-19 11:15:00,21877.8,34.54042297905942,31.0550824475662,46.43370357285275,-0.00115185256287198,-0.002575670314199696,-0.001654645348252548,-0.0012204152154239312,-0.003083033943083846
2024-03-20 10:55:00,21785.35,36.05222501152431,34.901663399608935,47.484480536339674,0.0002478729972206217,0.0002754144413561477,0.0027931614594212117,0.003695143754862684,0.003201692880766105
2024-03-21 09:15:00,22004.85,57.11503693764662,50.30466203154574,25.244135663219993,-0.00105885747914658,-0.00019541146610857485,0.002563071322913002,0.002585793586413976,0.00044308413826943394
2024-03-21 13:35:00,22025.2,55.73907097429645,55.599157907825436,18.962505528176372,-0.0016413017815957165,-0.0015209850534841918,0.0001044258394928832,,-0.0004812669124458768
2024-03-21 14:35:00,22027.5,55.417595968285895,54.52411037269046,21.723219468061828,-0.0010804675973214994,-0.0005084553399160585,,,-0.0005856315968676418
2024-03-22 10:00:00,22007.4,48.346890027144994,47.9278871958029,27.620452617543656,0.002276506993102334,0.00208339013240999,0.002212892027227076,0.0035737979043410917,0.0033352417823095948
2024-03-22 14:20:00,22139.05,63.70317670177903,62.84208422605483,34.5410598571057,-0.0002732727917412747,0.0003094080369303587,-0.0025678608612382803,,-0.002631097540318983
2024-03-26 10:50:00,22029.8,42.24033780705528,41.78741428099518,35.16816816347012,0.0002950548802076458,0.0006627386540052349,0.0011734105620568869,0.001527476418306195,-0.0004539305849349251
2024-03-26 15:25:00,22019.8,40.29080393451478,37.16396055176693,34.39078344524963,,,,,0.0
2024-03-28 09:25:00,22217.7,56.997041199436076,52.11493487403097,38.904684549121534,0.001809368206429962,0.0036817492359695336,0.0030448696309697265,0.006818887643635474,0.005644148584236897
2024-03-28 14:25:00,22487.25,77.1387320429163,76.43293971290149,67.18417236532392,0.0007092908203538695,-0.0029928070350976332,-0.00641029916952951,,-0.00641029916952951
2024-03-28 14:40:00,22503.2,78.75874298447232,78.42743679899755,74.21617268080733,-0.0036994738526076043,-0.010411852536528099,,,-0.007114543709339172
2024-04-01 09:55:00,22520.05,61.31184401457786,60.078665355675454,37.19329037874913,-0.0007282399461812084,-0.000888097495343021,-0.001909409614987534,-0.0017095876785353514,-0.002264648613124698
2024-04-01 10:20:00,22508.55,61.071493242017,60.83030461677682,29.71117579184887,-0.0006486424047750239,-0.0009996201443451813,-0.001108467671173896,-0.001159559367440277,-0.001754888697850343
2024-04-01 14:00:00,22471.1,50.15657225786111,50.04601594256712,24.44249484045521,-0.0004383408021858548,-0.0008588809626586258,-0.0007943536364485304,,-9.122828877983213e-05
2024-04-01 14:50:00,22460.25,47.534540816800714,47.15693578259711,18.91893731252073,5.56538774056925e-05,-1.7809240769883772e-05,,,0.0003918032969356666
2024-04-02 09:30:00,22491.1,50.19426517509787,48.77781840817073,22.206898641031373,-0.0013138530352005962,-0.001738465437439607,-0.0025988057498298467,-0.0029722868156737414,-0.0011915824481683046
2024-04-02 11:10:00,22432.4,42.774619594971874,41.78372804562516,25.691373068621008,-0.0006664467466700463,-0.0002942172928444009,-0.0003521691838591634,-0.0010409051193810415,0.0014220502487471975
2024-04-02 13:30:00,22418.95,44.01161533946946,43.636134298313706,22.23606065703562,-0.0002587097076356404,-0.00042597891515883113,0.00019180202462654172,,0.0020228422829793313
2024-04-02 14:00:00,22409.4,42.713057223030745,42.259742635284255,23.81424704611118,0.0005890385284745836,0.0006180442135887976,0.0015439949306985667,,0.0024498647888830938
2024-04-03 10:05:00,22431.55,50.25642739591785,46.32477410493504,35.61640598992646,0.0013217989840204059,0.0009696164553942843,0.0006352659535342475,0.0013842110777007033,0.0006241209368054168
2024-04-03 12:05:00,22462.6,57.366343693961525,56.83463911575083,29.743119083563904,0.0007768468476490042,0.001046183433796699,0.0012821311869508634,0.0004362807511153477,-0.0007590394700524028
2024-04-04 09:20:00,22544.8,51.100145260476694,46.22723535275394,44.76226702201966,-0.0026214470742698115,-0.0061477591284907485,-0.004790461658564227,-0.006265302863631472,-0.0001596820552853817
2024-04-04 10:45:00,22418.8,44.17057276399014,43.97588613521824,18.843097854372676,-0.002558120862847235,0.00019180330793799882,-0.0002854746908843575,0.002667404142951524,0.005459703463164933
2024-04-04 11:10:00,22417.45,42.63868724495817,41.88817509027652,32.01074875895175,-0.0004416202556490889,-0.0012646398229951838,-0.0014341506281937422,0.0028370755817455073,0.005520253195613334
2024-04-04 14:40:00,22563.95,65.73900534797637,65.41019567043696,31.606230528594956,-0.0021826852124738894,-0.0025128578994370043,,,-0.001008245453477774
2024-04-05 10:50:00,22500.65,52.23975914524128,50.75010031246254,16.3764371725829,0.00019999422238914377,-0.0005955383511143664,-0.000182216958176884,5.1109634610524424e-05,0.0010110819020783257
2024-04-05 11:35:00,22503.9,51.792940009463464,51.5217512224036,17.694571296647368,-0.0003266100542573813,1.110918551905371e-05,-0.00036882495922940794,-0.0006065615293350257,0.0008665164704784178
2024-04-05 11:55:00,22500.9,51.1102922518097,50.98527646802391,13.302864525242356,-9.110746681262327e-05,0.0001533272002451902,-0.00029109946713257173,0.00033109786719620615,0.0009999600015999643
2024-04-05 12:50:00,22501.8,51.110286333275525,51.075804405352386,10.946159069788887,-0.0005266245367037126,-0.0003155303131304743,9.999200063992575e-05,-0.00023331466815990076,0.0009599232061436869
2024-04-05 13:30:00,22502.9,50.17638789016723,49.74918512103674,13.138546764034379,-0.0004866039488243823,0.0009732078976485425,0.0001599793804354377,,0.000910993694146045
2024-04-05 13:50:00,22504.05,51.31492671007028,49.69579950646484,13.472430034661635,0.0005821174410829411,4.221462359010886e-05,-0.00033327334413135734,,0.0008598452278589797
2024-04-05 15:10:00,22515.45,53.3855670048425,51.90223648424555,21.081787443229167,0.000353090877597495,,,,0.000353090877597495
2024-04-08 10:10:00,22626.25,69.57391673599263,68.9441560751313,41.040246466696345,-0.0005082592121982143,-0.0002850671233634028,-0.00010607148776320408,0.0011933042373348801,0.0015358267499032685
2024-04-08 12:55:00,22681.1,78.75335770432622,78.12803138822386,73.22628219332245,0.000623867449109694,-0.0018208993390972372,-0.0011132617024747216,-0.0002667419128701276,-0.0008862004047421879
2024-04-09 09:40:00,22730.0,64.0139605030266,61.80589710948088,30.392411867170107,0.0004531456225251862,0.0008380994280685616,0.001326440827100761,0.0005323361196656329,-0.0038693356797184775
2024-04-09 14:20:00,22664.85,33.71274561225538,33.152720898414636,55.967176519282106,-0.001294956728149499,-0.001089793226074609,-0.0008096237124886052,,-0.0010059629779151091
2024-04-10 12:05:00,22705.3,52.57309254216446,51.774395543932165,16.359809067004136,-0.00024003206299849644,-0.0001783724504851314,-0.0002466384500534602,0.0013521072172577586,0.0013102667659092848
2024-04-10 13:10:00,22714.9,55.84876416268167,53.7585468805936,13.622267927595331,0.0005767139630814544,0.0012370734627931146,0.00028175338654357063,0.001661904740940967,0.0008870829279459258
2024-04-10 13:55:00,22737.75,61.83173649445653,61.63771994261363,35.20832095466791,-0.0007234664819518732,0.00023749051687182998,0.0002814702422184734,,-0.00011874525843591499
2024-04-10 15:00:00,22772.7,63.913341669774354,63.85788511118474,30.2827478560165,-0.0011570872140765909,,,,-0.0016532953931681638
2024-04-12 10:45:00,22656.9,40.280244061150896,39.01358672466412,44.616758433184096,0.0002162696573668743,0.0013064452771560653,0.001123278118365656,-0.0036037586783718156,-0.006068791405708596
2024-04-12 13:30:00,22586.55,35.04194448182382,32.04170465954697,59.68982104005142,-0.0006707531694746249,-0.0008323537680610116,-0.0012463169452615608,,-0.0029730082726223683
2024-04-15 09:55:00,22343.85,23.671526399112814,21.504830451669644,69.35480372973156,0.0007362204812511042,0.0010875475802067935,0.0036117320873529923,0.0017767752647821489,-0.0029717349516756864
2024-04-15 13:45:00,22344.1,36.68750924303227,36.3191123020296,41.254798177219385,-0.0001924445379316575,-0.0004632095273472414,-0.002192972641547386,,-0.002982890337941413
2024-04-15 14:35:00,22323.35,34.835850444516204,34.55805333306277,42.056365021340035,-0.0009407190229064888,-0.0021703731742770405,,,-0.0020561430072097986
2024-04-15 15:15:00,22271.95,31.933254388862842,30.55063664729164,45.87693639309142,,,,,0.00024694739347030925
2024-04-16 09:30:00,22202.3,29.731844676244837,26.450624680611472,51.81476193159804,-0.0008895474793152447,-0.0005202163739792542,-3.378028402467592e-05,-0.00035581899172598686,-0.0011192534106826413
2024-04-18 11:05:00,22274.95,57.95486248472808,53.330095080331546,21.98501202883062,0.00048260489922546945,0.0004309773983779408,0.0006442214236170862,0.00048036022527542244,-0.01028958538627478
2024-04-18 15:25:00,22045.75,32.52355018433157,30.842424821000783,50.316072991453275,,,,,0.0
2024-04-19 09:45:00,21873.2,31.001683175714383,28.242192061645795,59.884540708117285,0.000960079000786429,0.0003863175026974641,-0.0004411791598851744,0.0025053490115758414,0.01264104017702028
2024-04-22 15:10:00,22347.4,67.46453315523888,66.57995060758547,37.865509091117346,0.0010336772957926232,,,,0.0010336772957926232
2024-04-24 09:25:00,22409.45,51.72187938823804,49.86830827296637,36.286475475209656,0.0002945186071054984,0.0011401440017493325,0.00216649672348046,0.002333836841154069,0.00012271608629399466
2024-04-24 15:25:00,22412.2,39.0005970044565,38.925791607826994,45.124314915319204,,,,,0.0
2024-04-25 09:35:00,22386.55,35.44531720143653,34.1588039430569,48.64712890953174,0.00015857736006652523,0.0008665917705050763,0.0022759201395481377,0.0012485175250318559,0.007714453544650723
2024-04-25 11:05:00,22432.1,47.36287194584254,45.265590531790295,29.88120210678973,-0.0016226746492747912,-0.000784589940308722,-0.0015825535727818085,0.0006642267108296629,0.005668216528992076
2024-04-25 12:35:00,22407.2,47.756959498215856,47.07501022266115,17.37244511152244,-0.0004507479738656839,0.0017762147881037471,0.002401013959798526,0.008341068942125718,0.006785765289728296
2024-04-25 12:55:00,22423.3,49.61717257180594,46.68686267550641,18.240734626697844,0.0012866081263687157,0.0012955274201389422,0.0033001386950182177,0.0077285680519816324,0.006062889940374516
2024-04-26 14:15:00,22454.4,35.43185601592424,32.976001723393246,50.04149589605203,-0.0013004132820293446,-1.1133675359875639e-05,-0.0012425181701583021,,-0.00018704574604533342
2024-04-29 13:25:00,22599.15,72.76696598936516,70.24352709779112,31.435574915960032,0.000893838927570112,0.000953575687581143,0.0006416170519687459,0.00150448136323722,0.00150448136323722
2024-04-30 14:15:00,22779.8,65.5471215744485,65.08498228676021,35.91235034363576,-0.00030948471891756313,-0.0025088016576088057,-0.008817022098525862,,-0.00843071493164993
2024-05-02 09:50:00,22639.0,41.92429792360936,41.600968489117626,25.484337602517297,0.0011793807146958102,0.0008370511064976771,0.002102566367772285,0.0020804805865983766,0.000784045231679853
2024-05-02 11:25:00,22682.25,47.017320254283604,45.93141384741636,25.428895271985443,-0.00014548821214821483,4.408733701444234e-06,0.0005995877833988583,0.000797980799964737,-0.0011242270938729426
2024-05-02 13:05:00,22690.35,51.60506040203346,50.59755976235134,11.855858158595828,8.153245763087291e-05,0.00021154367385256556,0.0002203579935964317,-0.0017672711086430537,-0.0014808057169677369
2024-05-03 09:15:00,22769.75,51.47393329550685,42.55184513306398,27.60014887647194,0.000270095192085984,9.881531417788025e-05,-0.003983355109300701,-0.008623283083916133,-0.013748504045938081
2024-05-03 12:20:00,22503.25,28.801415461966357,28.145021376416658,55.33053737032986,6.88789397087497e-05,-0.0030328952484640626,-0.004019419417195302,-0.0048859609167565266,-0.002068590092542122
2024-05-06 10:20:00,22470.4,48.12847069632207,48.008976828785904,18.895691142324516,0.001590981913984546,0.0020827399601253127,-2.002634577047413e-05,0.0014196454001706993,-0.000551837083452078
2024-05-06 11:55:00,22519.75,52.09317217642333,51.024824371605206,20.216978206321578,5.3286559575482784e-05,-0.0013477059025965854,-0.002260238235326839,-0.003372595166465042,-0.0027420375448217182
2024-05-06 14:15:00,22453.55,43.777920618542744,43.09628503482679,33.43671931710506,-0.0017346922869657666,0.001080007393040372,-0.0006257362421532298,,0.0001981869236713507
2024-05-06 14:40:00,22446.85,43.454945577696,42.74027219005786,35.13962542008849,-0.0008820836776651797,-0.00026061563203738647,,,0.0004967289396953234
2024-05-07 11:45:00,22283.9,30.539954349474392,27.84715533485387,53.753033766673376,-0.0005250427438644456,0.0003657349027772483,-0.0005945996885643456,0.0013799200319513094,0.0009244342327867638
2024-05-08 10:05:00,22283.75,45.00432807222646,42.3230971664056,30.89875868965696,-0.0026678633533404605,-0.0032041285690246335,-0.002335782801368702,0.0016648903348852606,0.0010321422561283544
2024-05-08 11:00:00,22231.25,41.44931445036147,40.333205807172604,31.085482936525345,0.002489738543716591,0.0013427045262861537,0.0029260612876018666,0.00420804048355361,0.003396120326117469
2024-05-08 15:10:00,22301.95,50.77081273461918,49.646746446150956,21.834569207760662,0.0002152278164015975,,,,0.0002152278164015975
2024-05-09 11:00:00,22148.95,31.44194824172287,30.54250659533172,63.92257117605811,-0.0008217093812573628,-3.386165032659427e-05,0.0005982224891021293,-0.0037450985261152647,-0.008162915172051033
2024-05-09 13:30:00,22044.35,28.54893212258887,26.115853447356688,52.51073948337062,0.001125004819829245,0.00012248036344919555,-0.000630547056275077,,-0.003456668035120014
2024-05-10 11:15:00,22075.15,48.38346027548231,48.013412288481184,27.31632530637651,-0.0005096228111700629,-0.0017553674606967107,-0.002330674989750925,-0.0039388180827764074,-0.0009580908849997627
2024-05-10 13:30:00,22023.75,42.38080158614303,41.25987602627488,32.795406487881756,0.0007151370679381319,0.0004926499801349848,-0.00018162211249217464,,0.0013735172257223205
2024-05-10 14:40:00,22030.65,48.10738097405292,46.3555788354547,16.572374877465112,0.0003018521922866224,0.0010871218053030152,,,0.001059887021036543
2024-05-13 10:25:00,21873.8,34.6384564677795,34.60427796191782,59.6428432702217,-0.001872102698205147,-2.514423648380948e-05,0.0028504420813941778,0.006848375682323216,0.01122804450987025
2024-05-13 10:45:00,21848.25,34.00799265346414,30.69468356123152,55.773116371780844,0.0018147906582908213,0.0042245946471684,0.00470518233725814,0.007593285503415759,0.012410604968361438
2024-05-13 13:55:00,22102.0,58.60978229132598,56.02333618745117,36.79133264714484,4.7507012939984605e-05,-8.596507103431072e-05,0.0008030947425572421,,0.0007872590715773953
2024-05-14 13:05:00,22227.15,71.28515933446155,69.87719695401567,46.11353245414445,-0.0005691237967980767,0.0002879361501586519,0.0016668803692780898,-0.000211453110272819,-0.00015071657859877519
2024-05-15 11:05:00,22227.45,48.2413256284394,47.90792494788166,40.29134985564252,8.997883247974237e-05,-0.0020200247891684064,-0.0005151288159460643,-0.0012304605341594277,-0.0007670695468890987
2024-05-15 11:55:00,22223.9,48.085605105918376,46.84174101008544,25.981413930578643,-0.0008931825647164882,-0.0008279374907195214,-0.0015298844937207123,-0.0015816305868907587,-0.0006074541372126374
2024-05-15 13:00:00,22199.6,48.27628650053523,47.833450796960314,24.728018547740398,-2.7027514009181353e-05,-0.00037838519612953814,-0.0004031604173047043,-0.00045496315248916286,0.00048649525216681866
2024-05-15 13:15:00,22199.0,47.897151442992474,47.24295250418214,20.55674503845852,-0.0003513671787016559,-0.0007590432001440828,-0.00011937474661027903,-0.00023424478580114094,0.0005135366457948987
2024-05-15 14:05:00,22196.35,47.22890336035415,45.73423537082374,31.915000324529462,-0.00027481995913736235,0.0007028182561548135,0.00043475616486499113,,0.0006329869550625311
2024-05-15 15:25:00,22210.4,51.723421259568504,50.99404266420501,21.628861767242082,,,,,0.0
2024-05-16 11:40:00,22182.4,45.326394881489335,43.644777234594116,28.33757046273563,-0.0007866596941720205,0.004828152048470757,-0.00034035992498571144,-0.005058064050779021,0.009464710761684758
2024-05-16 14:15:00,22097.2,40.52055514768716,39.65076548003748,28.82122002769205,0.003396357909599468,0.007424017522581927,0.014495049146498129,,0.013356895896312615
2024-05-17 11:10:00,22469.3,69.88397870310108,69.75016738190037,40.19907466787788,-0.0004495022096815404,0.0006319734037107949,-0.000498457895884652,0.00023587739715957845,-0.00017357016017405247
2024-05-18 09:25:00,22512.05,59.72793956911602,58.70157791675783,30.323009784168114,-0.00011549370226160427,-0.0013237355105376603,-0.0008240031449823215,,-0.00023320843725915807
2024-05-21 10:55:00,22477.95,48.30220054939559,46.92670549856758,27.4802538541617,0.0011522403066115405,0.0015170422569672493,0.002653711748624721,0.0046356540520822165,0.00131684606469884
2024-05-22 09:25:00,22557.7,50.5321162412608,49.47614689152697,25.406817353529,-0.002276384560482736,-0.00015072458628329066,-0.0005851660408641157,-0.0002881499443648794,0.002783971770171645
2024-05-22 10:10:00,22558.4,52.17365121378353,51.131913993212386,19.33844355848155,-0.0006161784523726066,-0.0005319526207532288,-0.0005363855592596112,0.00025932690261720737,0.0027528548123980645
2024-05-22 10:30:00,22557.15,53.022042726328124,52.45431680968295,15.28218571603884,-0.00034135518006483956,-0.0009930332510977857,-0.00039012020578854667,0.0007336919779314943,0.0028084221632607154
2024-05-22 10:50:00,22571.0,54.573727915930284,52.59196097280255,14.671925524067639,-0.0011851490851092494,-0.0014709140046963443,-0.0003632980373045047,-0.0005870364627176272,0.002193079615435689
2024-05-22 11:50:00,22562.8,52.32130648004786,52.30024060413322,13.114176777065829,-0.00017285088730112363,0.0002348999237682392,-0.000223819738684905,0.0006204903646711557,0.0025573067172515174
2024-05-22 15:25:00,22620.5,60.0989651043761,58.8121980886994,24.508996186159088,,,,,0.0
2024-05-23 09:40:00,22680.3,62.66192739840337,59.20246914720253,23.965285268116965,0.0001256597134959847,-0.00025572853974586973,-0.0008752088817166603,0.0018694638077980663,0.011935468225728885
2024-05-23 10:20:00,22707.6,67.32180174199482,65.56850873520138,37.599186280497264,-0.0007948880551004178,-0.00042716975814249825,-0.00025101728055787476,0.002803026299564859,0.010718878261022802
2024-05-23 11:55:00,22760.4,69.32729622227845,67.59897833085971,40.40453058913493,-6.810073636676073e-05,0.0015816945220645806,0.0035873710479603638,0.004283755997258387,0.00837419377515336
2024-05-24 13:00:00,23013.55,66.53880441094344,65.74646530814103,27.12886310271235,-0.0005648846005940067,-0.0003932465873365265,-0.000454080313554428,-0.0027679345429105773,-0.002674511320504669
2024-05-27 09:25:00,22987.85,49.90254276923795,49.65212248704102,31.62647630106597,0.00042196203646716057,-0.0015051429342021194,-0.000150079281011406,0.0005502906970422661,-0.002470870481580456
2024-05-27 10:25:00,22984.4,48.196424796401814,47.96891343018761,16.969351566586525,0.0006112841753536102,0.0008092445310732277,0.000700475104853604,0.004474774194671127,-0.0023211395555247094
2024-05-28 09:40:00,22962.35,40.51258431990219,39.682107477938224,38.392929173619464,-0.000574854054571805,-0.00020468288306718652,0.000914540541364417,-0.00019379549567000165,-0.004080592796468885
2024-05-28 12:50:00,22942.6,37.45337151051884,35.8221125594092,42.66626130914568,0.00010678824544729792,0.0004511258532162721,-0.00013947852466578148,-0.0010831379181086565,-0.0032232615309509827
2024-05-29 09:30:00,22815.7,29.653903265346145,25.4533024564622,62.92830067123472,-0.0014419895072254052,-0.0015077337096823795,-0.0036597606034440844,-0.004207628957253129,-0.004816858566688786
2024-05-30 10:20:00,22590.45,20.145224667181488,18.13504727551529,61.61652840980106,-0.0004625848533340582,-1.3279947942534953e-05,-0.0018636193612788787,-0.0012062619381199013,-0.001476287546286259
2024-05-30 14:45:00,22486.55,29.57202521214601,27.295558778485937,47.52908311453747,0.00033353271177660737,0.0007026422461426929,,,0.003137431042111727
2024-05-30 15:00:00,22494.05,31.8252505641006,24.06182114717131,52.99211804456523,0.00036898646530958423,,,,0.0028029634503345946
2024-05-31 11:35:00,22545.2,46.45010847432884,45.343770044780925,12.802019014556276,-0.0009713819349573827,-0.0015147348437805075,-0.001162109894789154,0.0004768198995794837,0.00023286553235268848
2024-05-31 12:45:00,22524.0,46.97106452384641,45.97634713622175,13.141937429816963,0.000947877819214904,0.0013452317527968827,0.0031699520511454526,-0.0016027348605930358,0.0011743029657254045
2024-05-31 15:20:00,22560.6,50.18142142297904,48.51306750961619,32.31008346489343,,,,,-0.00044989938210848734
2024-06-04 12:40:00,21794.35,28.822348224200034,23.279258076687384,59.33791812486132,0.004287808537533744,0.006900871097325734,0.01271430439540544,0.008965626412350103,0.009273045537031566
2024-06-04 15:10:00,21949.7,42.43105217405115,42.353215915071004,15.639927258920975,0.0021298696565328346,,,,0.0021298696565328346
2024-06-05 12:15:00,22347.85,58.69144171707573,58.51311017366657,23.585243431596716,-6.488319905484374e-05,-0.004423244294193829,0.0023067095939879323,0.005170519759171599,0.010074794667048526
2024-06-05 13:20:00,22390.05,60.269656780821606,60.04376254684427,18.82474515431398,0.002148275684958456,0.0028115167228299764,0.005473413413547457,0.00849707794310417,0.008171040261187423
2024-06-06 13:40:00,22841.85,56.0379437440405,54.83572959071005,27.226809093732406,-0.0026508360750113757,-0.002646458145903141,-0.004995217112449213,,0.00031521089579000794
2024-06-06 15:00:00,22817.85,52.137208886099344,52.10986827983187,17.32775573371924,0.0005828770019964402,,,,0.0013673505610738435
2024-06-07 10:40:00,23033.8,70.6224094630158,69.8504877515031,29.708042630440755,0.000744557997377937,0.0018255780635414443,0.004269812189044098,0.007990431452908231,0.010256666290408
2024-06-07 11:10:00,23075.85,75.3715537538813,74.4294054227284,40.22061777068898,-0.0014235661958280632,0.0024397801164421917,0.00493589618583945,0.0057376001317395176,0.008415724664530222
2024-06-07 11:50:00,23208.3,77.1115293536304,76.79255100924635,48.68620318009878,0.0003037706337818413,-0.0006096956692216438,-0.00033393225699429596,0.0009436279262160507,0.002660686047663896
2024-06-10 13:40:00,23358.35,56.135720472239534,55.52647846579383,19.959171392044183,0.0004281124308866957,0.00020977509113451198,-0.002607204704099253,,-0.005304313018684836
2024-06-11 09:50:00,23271.55,44.08117185400337,43.17285245168024,28.034275940884424,0.001422337575279764,0.0020045935917463176,0.0024364513751771177,0.002573958331095305,-0.0004189665063134562
2024-06-11 12:40:00,23337.55,56.07037711880841,55.58591921507096,14.19900830393944,-0.00015211536772274936,-0.0002442415763437289,0.0017761076034117362,-0.00019710723704924327,-0.00324584200140976
2024-06-11 13:25:00,23353.5,58.271341627615044,56.96243029360347,19.569572117882156,0.0010919134176889944,0.000886376774359432,-0.0003768171794377162,-0.0039266062902777454,-0.0039266062902777454
2024-06-12 09:25:00,23356.45,47.52978219792092,43.91026674506933,44.72093060314774,0.0007043022377115626,0.0020551068334442313,0.0020700919874381274,0.000993301636164734,-0.002057247569729137
2024-06-12 14:50:00,23379.55,45.89603988851137,45.05371991205435,35.08181569468034,-0.0021942252951832053,-0.00276309851986023,,,-0.003043257889908002
2024-06-13 09:15:00,23434.7,40.31937400167291,38.71540039267031,46.000720021534796,-0.0005184619389196898,-0.002295740931183232,-0.0015340499344989045,-0.0031257067510999104,-0.001508446875786884
2024-06-13 11:45:00,23396.3,50.40607220951552,48.83126299372775,14.983103999168844,-0.00011753995289853769,0.0002051606450592658,6.197561152831987e-05,-0.00023507990579707538,0.0001303624932147418
2024-06-13 15:15:00,23403.9,53.14710183825953,52.87647229008062,13.154043551880477,,,,,-0.00019441204243753063
2024-06-14 09:50:00,23381.8,43.417222360070625,41.411234842366255,15.154755941500103,0.0025532679263358116,0.0029360442737513814,0.0024998075426185817,0.002837677167711661,0.003094287009554497
2024-06-14 13:10:00,23459.15,62.3152266630089,58.82697225168176,25.39562966211755,-0.00016198370358699865,-0.000701218927369518,-0.0005456293173453641,0.0005434979528242678,-0.00021313645208798082
2024-06-14 14:30:00,23463.4,57.54909126919728,56.77250370032611,19.280901724112958,-0.00018539512602611108,0.0008822250824687128,,,-0.00039423101511293357
2024-06-18 09:20:00,23517.55,61.86315276879399,60.182595344298754,30.302652837815675,0.001299029873434998,0.0017816481733854417,6.378215417823796e-06,0.0011842219959137257,0.001902834266324538
2024-06-18 15:10:00,23555.75,61.31023061732839,60.47496798650758,23.52020339322225,0.00027806374239824905,,,,0.00027806374239824905
2024-06-19 11:25:00,23500.6,47.266622781490476,46.78973782121082,28.594574642686958,0.001765912359684485,0.0014829408610845807,0.002233985515263548,0.0016808081495791605,0.0008850837850948867
2024-06-19 14:10:00,23560.65,54.67036838856998,54.28625082235424,25.04861510808142,0.001005914522731688,0.0021561374580072457,-0.0021073272596470183,,-0.0016659132918659392
2024-06-20 10:15:00,23495.35,43.348583518997636,42.43007299750505,19.835444722995714,0.000576709859610558,0.001298129204289289,0.0018854794672138464,0.0026473323444851093,0.0035666631908017887
2024-06-20 13:05:00,23562.55,56.728419230651625,54.77397706198479,22.762471496008125,0.001964982567676188,0.0015872645363086413,-0.0010546396718520423,0.00012944269614267867,0.0007045077888430118
2024-06-21 09:15:00,23614.8,57.014180471849755,54.77911525462299,21.455215107940152,0.001041719599573332,-0.001399546047394007,-0.0011708758913900885,-0.004287565425072359,-0.006845283466300756
2024-06-21 11:40:00,23548.1,45.08132605510137,45.080723696192656,33.015369497769726,-0.0004926087455038308,-0.00037370318624430077,-0.00372853860821043,-0.003433398023619638,-0.004032172447033799
2024-06-21 13:25:00,23466.7,35.415552782037786,34.42438434663765,50.12198370313439,2.3437466708076116e-05,0.0023948829618141154,-0.0008139192984101262,-0.0005774139525369648,-0.0005774139525369648
2024-06-24 09:55:00,23421.75,40.71802695178201,39.60377492169332,28.8691821035597,0.0010246885907330139,0.0009948018401699787,0.0020493771814660278,0.004833114519623871,0.005418040923500733
2024-06-24 15:20:00,23551.6,57.19740370057167,55.005159413843046,30.56276409853594,,,,,-0.00012525688275943914
2024-06-25 12:35:00,23663.4,66.02984604326006,62.0285986523784,34.70171257148707,-0.0002197486413617611,-0.000604308763744954,6.127606345662784e-05,0.001400897588681227,0.0024721722153198122
2024-06-26 11:05:00,23776.25,69.57233019511399,68.83274108575333,37.16886535864561,0.0005762052468325507,0.0011124546553809012,0.0023721150307556282,0.002245938699332317,0.002691761737027454
2024-06-27 10:10:00,23945.95,66.21911484361928,65.6080001900161,38.12027225916616,0.0010377537746466547,-0.003967267951365483,-0.0010001691308969551,0.002480586487485281,0.003764728482269275
2024-06-27 12:10:00,24005.35,63.355367334406225,61.76025974401654,32.56401191400451,-0.0010143572162037984,-0.0005707061134287983,-0.0018120960535880082,-0.0021245264076549253,0.001280964451674249
2024-06-27 14:50:00,24019.5,57.657417308307686,56.60746704176098,19.191611190271544,0.00027685838589475154,0.0021940506671662696,,,0.0006911051437372695
2024-06-28 13:40:00,24080.05,49.694619643294175,47.26079013401389,31.168102564257584,0.0003945174532444806,0.0015427708829509612,-0.0003675241538119156,,-0.002917352746360624
2024-06-28 14:45:00,24097.15,51.99445877900983,51.35579131261452,35.62976630453813,-0.0034734398051221582,-0.003952749599018923,,,-0.003624909999730308
2024-07-01 09:25:00,24042.7,42.99955536877909,42.51752150535668,29.217569607772198,0.0015638842559280164,0.0015576453559709158,0.0014266284568704712,0.003011309045988897,0.0033461300103565517
2024-07-01 13:40:00,24138.15,63.779409230080454,62.19383181113973,20.939358125447516,0.0002423549443515416,0.00014085586509304804,0.00033556838448678405,,-0.0006214229342348387
2024-07-02 10:55:00,24162.4,55.945631915178694,55.01677071686406,12.9733724609628,0.0008298016753303106,0.0007656524186339109,-0.00013243717511512987,-0.003815846108002563,-0.001845843128166158
2024-07-02 13:40:00,24121.95,47.56972806769642,46.09672511995974,31.068344124404554,-0.0001409504621310287,-0.0005679474503512694,0.000926542008419684,,-0.00017204247583635368
2024-07-03 09:15:00,24230.2,57.13359183452756,49.212608053103885,27.699853131812837,0.0014919398106494342,0.002808478675371928,0.0018654406484470698,0.001537337702536501,0.0025010111348646724
2024-07-03 15:15:00,24293.4,56.02023933302206,55.72953584862568,38.17867892231714,,,,,-0.00010702495327963302
2024-07-04 12:35:00,24346.7,56.59735565602372,56.374795178704,21.518634713801866,0.00025260096850909797,0.00019715197542158336,-0.00029367429672200185,-0.0004476992775201971,-0.0017271334513506709
2024-07-05 10:10:00,24226.05,35.60503053390967,31.55264066624642,55.03329881224692,0.000681085030370232,0.0010443303799010373,0.00029513684649384864,0.0019421242835706565,0.0037439037730047087
2024-07-05 15:00:00,24288.7,41.99077005018259,36.9922066741778,49.56401386590224,0.002217080370707336,,,,0.0011548580203963876
2024-07-08 10:25:00,24323.05,54.28524542211965,53.06171035254846,19.134699972027835,-0.000744150096307794,-0.001145004429954244,-0.0014142963156347221,-0.0020947208512090976,0.00032890611991498453
2024-07-08 12:40:00,24289.55,49.032792117103256,48.24951749936139,38.960184361170676,0.0003190672532014105,0.0003499447293178193,-0.00024907830733789105,0.0003170087547936795,0.0017085536784338107
2024-07-08 13:50:00,24309.55,53.58072854832555,51.045552464880785,24.355461837037286,-0.0004998035751381247,-0.00024064616580721232,-0.0005491668912011027,,0.0008844260794627079
2024-07-08 14:20:00,24303.7,52.94941942574267,51.863701133306954,17.3066875206525,0.00042586108288023006,-0.00030859498759450155,0.0014977143397918447,,0.0011253430547610854
2024-07-08 15:00:00,24315.55,54.26238379140369,53.423234242892974,19.53204250770578,-0.0004441602184609428,,,,0.0006374521653838006
2024-07-10 11:15:00,24213.6,27.79721433064796,26.144454280476943,62.94655579667228,0.0007619684805233451,0.001168764661182209,0.0017861862754815494,0.002709221264083128,0.00408035153797881
2024-07-10 14:20:00,24249.65,40.52157930904147,39.89201299743487,35.80460151568275,0.002513438338285212,0.0016247657182679731,0.0030350953518916146,,0.0025876662137391815
2024-07-11 11:40:00,24269.55,44.94593071825719,44.03818029951969,25.04245285255254,0.00013391266010298608,-0.00022044084047700974,0.0007087070011599916,0.0005212292770158111,0.0028410085889520875
2024-07-11 12:15:00,24270.0,47.29469321188631,45.209613581293944,24.86362676364144,0.00019571487433034385,0.0013123197362998607,0.0012484548825710817,0.0018088174701278437,0.0028224145035022907
2024-07-11 13:45:00,24291.15,53.56073955949017,52.644185393459296,17.490350239173765,0.0014099785312757795,0.0009365550828182023,0.0004157892895149118,,0.0019492695899534507
2024-07-11 14:55:00,24331.35,58.98612569255799,57.7858947177775,14.66486838847845,-0.00011096794875731231,0.000293859568005983,,,0.000293859568005983
2024-07-12 09:20:00,24383.95,65.65442396711344,63.391155903320495,29.027921400387143,0.0011893069006456702,0.0003670447158889978,-0.0008776264715110171,0.0041256646277572084,0.005267809358204811
2024-07-12 10:55:00,24526.85,65.6843093443161,64.02932927038198,29.947335309375184,0.00046479674316102226,-0.0013862359006557856,-0.0013311941810708605,-0.0008969761710125868,-0.0005891502577786145
2024-07-15 10:40:00,24585.05,58.56933124163275,57.475241335693184,18.201357197038952,-0.00024608451070873283,-0.0001647342592348,0.0005064053154255621,0.00012609288978482347,0.00013422791493211683
2024-07-15 11:45:00,24602.1,62.46094582565032,62.018450950036765,26.078984010364724,-0.000554830685185359,-0.00018291121489633078,-0.00022965519203632656,0.0008332622011941737,-0.0005588953788497886
2024-07-15 13:15:00,24629.55,63.51271954678193,61.86742362836212,22.93903480088514,-0.0003085724262115175,-0.00028218136344349,-0.0011469961895365088,-0.0017600808784569155,-0.0016727873631471324
2024-07-16 09:20:00,24627.75,52.31392987133842,52.26464553572983,35.91067351080583,-0.0001441463389875164,-0.00040807625544347914,0.00033701820101295077,0.0009481174691150507,-0.0010821126574698248
2024-07-16 10:55:00,24656.0,65.63190079168888,65.59642868666593,42.59697250083067,-7.908825438029954e-05,1.825113562614611e-05,-0.0006306781310836396,-0.00014600908500972398,-0.002226638546398485
2024-07-16 14:50:00,24616.75,44.02503793248847,43.29717990557043,35.7499685545933,0.00044075680177102505,-9.546345476141305e-05,,,-0.0006357459859649417
2024-07-18 09:40:00,24580.9,33.7708894918069,32.171892384808444,37.638863727740656,0.0022924303015754433,0.0030348766725383225,0.002638227241475999,-0.0017106778026843017,0.008073341496853237
2024-07-18 12:05:00,24563.6,40.53250561689809,40.34740831244376,34.84176542766004,0.002110846944259004,0.0025668061684771537,0.0031896790372747397,0.009277955999934973,0.008783321662948484
2024-07-19 12:10:00,24661.75,39.825296004865876,37.58197241349461,27.07986496456055,-0.0008332741999249604,-0.0012367329974555252,-0.0019848550893590833,-0.0036939795432197053,-0.005510557847679176
2024-07-19 12:40:00,24631.25,38.38085829522432,38.065898162548,28.395035773837353,-0.0009337731540217664,-0.0007490484648566831,-0.0009845216950012947,-0.0026003552397868557,-0.004279116975386965
2024-07-19 14:40:00,24567.2,34.87386385274803,34.02366623505805,43.60657692871819,-0.0004477514735093946,-0.0014979322022858899,,,-0.001683138493601355
2024-07-22 09:25:00,24467.4,29.645413237380268,28.023324767692053,59.87469183252988,0.0010912479462468205,0.0027199457236977143,0.004113636920964225,0.0025585064207884756,0.001982229415467218
2024-07-22 12:55:00,24502.4,38.08883358298618,37.680380787282616,38.11259127870204,-0.0005958599973880929,0.0004407731487527933,0.0008590995167820914,0.0001326400679118045,0.0005509664359408806
2024-07-22 13:15:00,24493.05,37.84842703373137,36.686475594617356,38.0469739445903,0.0011942163185065802,0.0014738874905331212,-0.00017556000579754816,0.0005981288569614218,0.0009329177052266324
2024-07-23 10:40:00,24464.5,37.54042645379282,37.40551237781736,25.886787857705333,0.0007071470906823141,0.003190337018945888,0.0008583866418687691,-0.004578062089967139,0.0004864190970590432
2024-07-23 12:10:00,24469.3,44.92139934699017,44.85457554905079,36.76170129097554,-0.013369814420518655,-0.004773328211268746,-0.007750528212903451,-0.00038415483892051405,0.00029015950599320384
2024-07-23 12:50:00,24383.45,40.86435566656608,39.12932552676432,49.15146104637017,-0.001232393283148947,-0.003418302168069043,-0.0005721093610625561,0.005690335042826122,0.0038120118358968558
2024-07-24 10:50:00,24492.1,52.446741929278005,49.94913844516327,16.429849991921387,-0.00165971884811833,-0.002404857076363287,-0.003123456134835334,-0.006800151885710037,-0.0020496404963231685
2024-07-24 13:10:00,24362.0,41.57418471952297,39.43736079684866,44.61997590229073,-0.0007675888679090637,0.0005089894097365377,-0.0015413348657745685,0.0018635580001642449,0.0032796978901568075
2024-07-25 10:30:00,24300.5,43.0905511146922,42.58413124244821,27.256893626505157,0.0004979321413138837,0.0007263225036522325,0.0012880393407541657,0.002897059731281404,0.004711837204995684
2024-07-25 14:00:00,24418.9,58.08556260698772,57.85263769850363,34.086667341028054,-0.00011671287404435571,-0.0004975654103993588,-0.0006654681414806074,,-0.00015971235395539907
2024-07-26 09:15:00,24467.45,60.93208594724002,58.5751599221695,31.537532425981578,0.0009400243997637059,0.001992443021238355,0.005376530860387918,0.007426192758133832,0.015706581601270253
2024-07-29 11:45:00,24988.9,77.25386478279694,76.9797278134127,56.113963627753854,-0.00023810571893922994,-0.007285234644182181,-0.0043519322579225195,-0.005256333812212688,-0.0059206287591691
2024-07-29 14:45:00,24855.5,47.4764119195361,44.130131816370906,30.74514864814666,-0.0019371969986522464,-0.000708092776246616,,,-0.0005853835167266563
2024-07-30 12:35:00,24957.3,65.2193886552955,64.40048789066267,29.722289421500996,-0.0005669683819963245,0.00010017109222548726,-0.0024261438537021007,0.00027246537085345857,-0.004663966054020197
2024-07-30 14:15:00,24950.5,54.65371649136688,54.438706130810665,17.34266365473032,-8.617061782334456e-05,0.0003787499248513182,-0.003863650027053578,,-0.004392697541131363
2024-07-31 09:55:00,24914.05,49.66128820759479,47.41582827921871,21.275486206632003,0.0010455947547669542,0.0008489185820852452,0.0008047667882178366,0.0007786770918418728,0.002619004136220404
2024-07-31 12:00:00,24934.6,52.27404945738268,51.95378760332371,21.95385552175056,0.0002225822752321971,-0.0004271173389586158,-0.0008261612377979954,0.00016443014927047805,0.00179268967619306
2024-07-31 12:45:00,24944.9,54.26134145019449,53.63968638298869,18.134048166816648,-0.0012387301612755142,-0.00013028715288498915,-0.0001944285204591445,2.0044177366784766e-06,0.0013790394028436737
2024-07-31 13:30:00,24945.9,54.954296599702445,54.443399579963696,14.822872470542315,-0.00023450747417419482,-0.0002886245835989065,0.00021446410031300545,,0.001338897373917014
2024-07-31 14:25:00,24958.85,53.747928059549885,52.04333988540776,24.910870215185334,-0.0003545836446791073,-0.0003205275884105019,0.0008193486478744738,,0.0008193486478744738
2024-07-31 15:25:00,24979.3,59.57954374519359,55.78291264136439,23.329575113750863,,,,,0.0
2024-08-01 13:10:00,25000.1,49.14472453382684,47.54646365110597,34.3159046997672,-0.0008499966000136139,-0.0010379958480164486,-0.0007459970160118568,0.0007439970240119553,0.00023599905600391047
2024-08-01 14:00:00,24991.9,47.52345922632459,45.73163932840851,21.12062256066682,-0.0005241698310253229,-0.0011303662386613622,-0.0005481776095455082,,0.0005641827952256318
2024-08-01 14:45:00,25002.35,48.570296828479854,47.34732230064251,29.319698366420685,-0.000965909204534654,0.0007639281907501072,,,0.0001459862772899001
2024-08-02 10:30:00,24789.85,32.46735425009189,30.40973157124927,51.16709687803175,0.0008430869892315229,9.277990790601542e-05,0.0006353406737031886,-0.0009520025332948601,-0.0036466537716040026
2024-08-02 12:55:00,24776.65,37.198931739408266,35.220386495574935,29.33958836426422,-0.0002482175758224958,-4.641466864974131e-05,0.0009928703032895392,-0.0018364064552713888,-0.003115836886746215
2024-08-05 09:55:00,24332.45,23.322281016089793,22.495904594051503,62.91910850884202,-0.0016562245067800463,-0.002443239377867834,-0.009690762746866755,-0.014055304747364161,-0.011533980343122141
2024-08-05 11:30:00,23948.2,18.041057238348458,16.278447362461165,72.79653891044981,0.004046233119816778,0.002392664166826597,0.0012464402335039537,0.004933564944338054,0.004326003624489427
2024-08-06 15:00:00,24001.3,34.94363164444693,33.86209282938302,42.03589584803213,-0.00029790053038780684,,,,0.0013228450125617464
2024-08-07 14:10:00,24246.0,54.95842581732152,51.949358850672496,17.940885525611996,0.0015404602821083024,0.0009279881217520991,0.002614864307514786,,0.002856141219170105
2024-08-08 11:05:00,24211.95,46.60797750134074,44.759009282739214,19.63689524817849,-0.0005637711956286706,-0.0005369249482176652,0.0010531989368887107,-0.0024182273629343998,-0.0046774423373582286
2024-08-08 14:30:00,24163.3,44.66577355741289,43.781581498761106,37.168383351685804,0.0007407928552805032,-0.0006145683743528085,,,-0.0026734758911240997
2024-08-09 09:15:00,24346.8,43.72758103045906,40.30260105187276,43.74468945241765,0.0011705850460841383,0.0028011894786994507,0.0006243120245781331,7.187802914554453e-05,0.0007228876074063528
2024-08-09 11:55:00,24371.0,63.217785161081,61.74225003325742,29.268165304334303,-0.0007898732099627104,-0.0006708793237863997,-0.0011140289688564842,-0.0002564523408969954,-0.0002708136719871135
2024-08-09 14:05:00,24381.65,61.66019224578178,60.93255653199011,22.61738269665723,-0.0004101445144196747,-0.0008243904739836383,-0.0001804635863447146,,-0.0007074992873739028
2024-08-12 10:20:00,24295.0,41.59351732805365,37.81423571318437,46.68839584376013,0.001037250463058248,0.002772175344721184,0.006777114632640524,0.004484461823420549,0.002214447417163923
2024-08-12 14:05:00,24436.75,59.73571042723139,58.79081954948559,24.54172112136865,-0.001352471175585901,-0.0011110315406099858,-0.0038446192722028094,,-0.003599087440023796
2024-08-13 10:10:00,24330.1,40.08941342594836,38.57700233154233,42.068736732716495,-0.0014159415703181022,-0.0013666199481301433,-0.0006884476430429887,-0.0014015560971799568,-0.007764045359451743
2024-08-13 10:45:00,24308.2,37.66505702900354,35.17014346153875,41.57596141287755,-0.00046280678947840936,0.00027357023555829585,0.00028591174994452295,-0.0028920282044742063,-0.006870109674924518
2024-08-13 13:15:00,24248.3,34.173760295397486,30.712725561385323,62.5959312025437,0.00022888202471915697,-0.0021114882280407477,-0.004084822441160818,-0.0048003365184362545,-0.0044168044770148684
2024-08-13 14:15:00,24149.25,26.82840165765374,23.21873109776066,68.06231119072739,-5.3831899541334494e-05,-0.0007267306438087928,-0.0007184488131101174,,-0.0003333436856216565
2024-08-14 14:10:00,24171.25,51.77315942373953,50.31005131290045,15.043627803289077,-0.0006309148264984632,-0.0012101153229560069,-0.0014769612659668585,,-0.0011066866628742789
2024-08-14 15:20:00,24151.0,45.1359424048823,44.29503838822416,30.0431132693151,,,,,-0.00026913999420319357
2024-08-16 11:40:00,24333.15,59.24227919346615,57.70078846933059,33.58005591221542,0.0021657697421006983,0.0035609857334539807,0.0041568806340321895,0.0054596301752958265,0.008467872018213862
2024-08-16 14:05:00,24507.6,74.89368927430385,74.01959194517013,41.826456637053234,9.79288057583183e-05,-0.0006753007230410057,0.0019871386835104143,,0.00128939594248334
2024-08-19 14:40:00,24586.3,56.31495535331463,55.84556239822145,12.43965772382826,-0.00034368733807044194,-0.0006039949077331075,,,-0.000296913321646608
2024-08-20 09:15:00,24628.4,56.783719767627545,55.23362894886186,21.59928005384714,0.000310617011255232,0.00241997044062936,0.0037903396079321805,0.003122411524906221,0.0018048269477513035
2024-08-21 10:05:00,24708.0,48.64452976284953,46.401523011708576,23.889526896368242,0.0014529706977497447,0.0002954508661161537,-0.0006455399061032763,0.0007831471588148897,0.0029909341104097376
2024-08-21 12:05:00,24727.35,53.465944889560525,52.696775698688114,14.409037156904729,4.246310259703456e-05,-0.0001799626729106496,-0.00013952162281838376,0.00041249871094151125,0.0022060592825354775
2024-08-21 14:00:00,24737.2,55.890605293270966,53.257393024553764,14.213997883077813,-0.0001475510567081617,-0.00039010073896805775,0.0010611548598871146,,0.001806995132836331
2024-08-21 14:45:00,24746.75,57.45901320577572,57.10050491153004,17.41784129610942,0.0006748360895876271,0.0011132775010860296,,,0.0014203885358683443
2024-08-23 09:20:00,24834.5,50.766735352108725,49.14771918844663,32.36310714967648,-0.0022831142161107154,-0.0007207715073789256,-0.001061023978739195,0.0007409047897080079,-0.00010670639634380308
2024-08-23 09:55:00,24822.25,48.488083681323715,48.1461770349997,26.99289473263915,-0.0008359435587024233,-0.00017524599905316407,0.0005922106174904851,0.0005035804570496794,0.0003867497910141626
2024-08-23 10:25:00,24817.9,50.35405223347124,48.578623984843574,16.40053601630556,0.0004875513238427054,0.0007675911338187458,0.001206790260255497,0.0008723542281980912,0.0005620942948434404
2024-08-23 14:25:00,24842.75,54.83495817923627,52.60406844297729,22.268962406388468,-0.0004206458624750331,-0.0007366334242384642,-0.0004387597991366565,,-0.0004387597991366565
2024-08-26 09:15:00,24887.45,55.44298095047557,49.15929090751021,32.53598243551662,0.0020753431950641943,0.0034354664700482207,0.005896546251223045,0.003939736694599016,0.004982430903929469
2024-08-27 10:55:00,25025.75,52.63206913194414,51.91269669548869,18.057086435096615,0.00048350199294722174,0.0017242240492294503,0.0006413394203970135,0.0007112673945834924,-0.001146818776660119
2024-08-28 09:45:00,25009.7,40.98317563398909,40.865053163171524,37.523055866969365,-0.0001119565608543871,-0.0005617820285729325,0.0003138782152525277,0.0038704982466801763,0.0014054546835826631
2024-08-29 09:45:00,25090.0,45.61663720914909,45.23580064149009,44.12909209659652,0.0004922279792745066,0.00026305300916695806,0.0003447588680749458,-0.0001375049820645513,0.002660422479075386
2024-08-29 11:05:00,25098.25,54.758850931375406,54.34250348364262,23.801557437802572,-6.374946460407926e-05,-0.0002868725907184677,-0.0005916747183567495,0.0018467423027501706,0.002330839799587592
2024-08-29 12:25:00,25142.9,55.55539987264146,51.51381960207585,27.22930223083702,0.0007994304555161147,-0.0001889201325224743,0.00022073826010515774,-0.004281526792852097,0.0005508513337759702
2024-08-29 14:55:00,25173.75,48.97668298008996,43.89137024830838,38.338214892943725,-0.001735935250012477,-0.0006753066189979506,,,-0.0006753066189979506
2024-08-30 11:10:00,25239.1,61.76357276454077,61.33224800169068,17.6146648319411,-0.0003823432689754602,-0.0005546948979955335,0.0002852716618262363,0.00012480635204914492,0.0003130064067260463
2024-08-30 12:05:00,25251.8,63.15697537540055,62.56307477879004,15.871735776879232,-2.7720796141328385e-05,-0.00031482904189006344,-0.000689059789797053,-0.000245527051536909,-0.00019008545925436326
2024-08-30 12:25:00,25252.15,64.02835768576864,63.38549832799309,12.077950641726941,-0.0004633268850375849,-0.0005227277677346542,-0.0006593497979380247,-0.00026730397213703405,-0.00020394303059345642
2024-09-02 09:15:00,25312.95,60.487332593005696,58.21447910143908,27.4258549390133,-0.0010745487981448365,0.00021332954080799382,-0.0007545544869326237,2.3703282312048657e-05,-0.0015426886238071313
2024-09-02 14:00:00,25277.7,43.73911583519832,41.29310761903954,42.40355743593784,0.0004529684267160494,-0.00016219830126962265,1.978028064253401e-05,,-0.0001503301328839024
2024-09-03 10:40:00,25262.8,45.66937398055291,44.74273983539179,15.240489917473036,-0.0003028167899044032,-0.0007501147932928998,-0.00043938122456732565,-4.94798676314856e-05,0.00023948255933614604
2024-09-03 12:00:00,25252.35,44.18068602067399,44.066679407171605,25.403364290558827,0.00021582149780119408,0.00018216126419923206,0.0009424865408567129,0.0004633232154631628,0.0006534045346273665
2024-09-03 14:35:00,25285.35,55.6909623243164,54.27241821322817,22.649026640032716,0.0004132827902323388,-0.00019181067297857624,,,-0.0006525517740509912
2024-09-04 10:15:00,25143.9,36.315173615823156,35.951704621622305,49.87090783592951,-0.0017002135706871702,-0.001173246791468352,-0.0006045203806888111,-0.00018692406508147297,0.002483703800921777
2024-09-04 10:45:00,25114.4,35.307523314350476,33.17841411340214,44.269805390559476,0.0006848660529417128,0.0005693944509921334,0.0006390755900995693,0.0010173446309686973,0.0036612461376739347
2024-09-04 14:40:00,25180.2,54.32105293139574,50.989444061870756,26.309830828516386,-0.00040706586921468446,0.0011874409258068042,,,0.001038514388289169
2024-09-05 12:05:00,25188.5,49.67730869544614,49.25498782142812,22.52697302837603,-0.0002382039422752502,-0.00022430871230927352,-0.00040693173472017286,-0.0007562975167239028,-0.001734918712904765
2024-09-05 15:05:00,25160.75,40.16143898565739,36.970096373475535,23.423202139673336,2.5833888099624502e-05,,,,-0.000633923869518993
2024-09-06 10:00:00,24973.5,26.52590356270759,25.204087439249143,41.50196678974612,-0.0025987546799608463,-0.0023725148657577355,-0.0026327907582036625,-0.0019520691933448964,-0.004204456724127614
2024-09-06 10:20:00,24936.1,21.75884856707691,20.8060717624533,54.75364145521317,-0.0015359258264122655,-0.00023660476177100875,-0.0016702692080957648,0.0006576810327196814,-0.0027109291348687004
2024-09-06 13:25:00,24872.9,31.889241632357717,28.768405464548774,43.22813784339088,0.0003839520120292317,-0.00021308331557645666,-0.001565961347490652,-0.0001768993563275867,-0.0001768993563275867
2024-09-09 12:55:00,24864.2,48.16314694945966,48.03576905054817,19.45453031054495,0.0007219214774656368,0.002356802149274806,0.0010758439845239831,0.0024271844660193054,0.0031390513268072517
2024-09-09 14:45:00,24904.0,54.36309390538534,54.21061698832701,23.200217425451996,0.0009596851911339854,0.0013953581753936017,,,0.0015358978477353347
2024-09-10 10:50:00,24961.1,58.33112753457497,58.198647765942354,20.84211278295489,-0.0003044737611723747,0.000831293492674634,0.0019109734747266849,0.004466950575094941,0.003645672666669375
2024-09-11 10:30:00,25072.15,52.863519693128524,50.8404103676894,18.486219973240356,-1.595395688047674e-05,-8.176402901238777e-05,0.0002253496409361233,0.0013481093563973978,-0.004800146776403391
2024-09-11 12:00:00,25095.35,55.89373228493221,53.914407429471254,15.934306702766413,-0.0004104346024262906,0.0004223890083223658,-0.001283106232827902,-0.005002918867439532,-0.005720183221194386
2024-09-11 15:15:00,24917.3,30.877417839325837,26.684867834333826,58.56337923446304,,,,,0.001384580191272633
2024-09-12 11:35:00,25012.15,47.82633053923675,46.95125358039627,15.692568680670506,-0.0007856181895599113,-0.0003998056944325423,-0.0003758173527665942,-0.0005357396305396556,0.012106116427416325
2024-09-12 11:55:00,25002.65,48.93196651063375,48.30443741726026,11.4639175877037,0.0003419637518422558,-0.0005739391624488555,-9.199024903372433e-05,0.0003499629039320773,0.01249067598834519
2024-09-12 12:40:00,25003.7,49.469920168378096,48.87951066229783,15.812798052876422,-0.00013398017093479986,-0.00029395649443886285,-0.0003459487995777222,0.01018249299103724,0.012448157672664495
2024-09-12 13:00:00,25008.5,50.363461884368526,49.40923727703902,15.404346662993989,-0.0008757022612312371,-0.0010816322450366567,0.005016294459883719,0.016174500669772218,0.012253833696543204
2024-09-12 13:20:00,25009.75,50.69965374184283,49.195192794860844,15.418857289353353,-0.0004398284668979402,-0.0005897699897040587,0.009562270714421395,0.013532722238327022,0.012203240736113008
2024-09-12 13:35:00,24998.75,49.48667007492918,49.01232569188581,14.113542249532976,-0.00015000750037497124,0.00824841242062102,0.010182509125456152,,0.01264863243162151
2024-09-16 09:25:00,25397.35,53.52604424983225,52.66631515347165,30.15352295210188,0.0014765320003857774,0.0007815776055377643,0.0004272099254449824,-0.0006457366615020277,-0.0007933898615405388
2024-09-16 12:40:00,25374.05,44.568350111280566,44.03313936390794,29.853373720142226,-0.00018719912666675942,1.7734654105261427e-05,0.0014936519790889058,0.0006167718594392024,0.00012414257873705203
2024-09-17 10:25:00,25381.2,47.48597480121163,46.15827131172342,17.29422025223586,0.0008529935542842537,0.001109088616771281,0.0014518620081003242,0.001424282539832511,0.0010224102879297092
2024-09-17 12:35:00,25424.0,59.52750442217116,59.07886666069429,24.451102109613956,0.00017896475770928788,9.243234738831596e-05,0.00018093140339825453,-4.1299559471297265e-05,-0.0006627595972309441
2024-09-18 09:50:00,25425.9,51.709106084873206,51.24565803506892,31.811439093016517,-0.00031070679897271525,-0.00028907531296840094,0.001242827195890639,0.0015358355063144202,-0.0032427564019366084
2024-09-18 10:30:00,25426.0,52.28306287800322,52.05340928284842,16.93428994831086,0.0013293479115865647,0.001124832848265589,0.0013214819476126127,0.002027452214268921,-0.003246676630221046
2024-09-18 12:25:00,25474.35,65.31350111024861,64.31543150158166,19.186010244079228,7.654758610131651e-05,-0.0018567696526112787,-0.00441031861460639,-0.005150278613585746,-0.005138502061877825
2024-09-18 14:15:00,25345.15,36.004757076304415,35.70874567743485,48.110731515752,0.00011244754913652955,-9.074714491741354e-05,0.0007555686196372147,,-6.707397667804482e-05
2024-09-19 12:45:00,25456.35,49.296249545413524,48.50457948097812,26.176623503636606,-0.0014750739992182016,-0.0025258923608451056,-0.003050319468423268,-0.002301979663227427,-0.00044586124876500044
2024-09-19 14:10:00,25403.1,44.100210372196806,43.90998598868772,19.129287305638062,0.0004271132263387045,6.692096633886813e-05,0.0009113061004366596,,0.001649404993878667
2024-09-20 15:10:00,25792.85,57.23207052475097,56.182219705952335,28.306519497938428,0.0010661869471577656,,,,0.0010661869471577656
2024-09-23 13:25:00,25893.95,62.90251064817859,62.615600989864326,33.406245115974414,0.0004325334682426796,0.0004672906219405082,0.0013767694770399075,0.0013980099598556173,0.0013980099598556173
2024-09-24 12:30:00,25947.05,52.613576505333185,52.43532593359766,30.703810910117355,0.0003198822216783359,0.00058195440329456,0.000635910440685894,0.0010213107077683414,0.00018691912953494594
2024-09-25 10:45:00,25916.3,40.46466377471323,39.21371318993013,24.471670118616657,-7.717150982200494e-05,5.9807920111953905e-05,-0.0006231599418126121,-0.0012714006243175202,0.0037505353773494843
2024-09-25 12:15:00,25888.95,34.17871983710676,32.24066713501961,30.136120956363182,2.3175910958128654e-05,-0.0002163085022761635,0.00044806761185745003,0.001485189627234762,0.004810932849729221
2024-09-26 14:50:00,26199.4,73.628598303426,73.60015319517413,34.691423804881616,0.0006049756864661138,0.0003511530798414597,,,-0.0005629899921372195
2024-09-27 13:55:00,26220.7,50.90074092413792,47.12495171872138,29.391461326854795,-0.001292871662465167,-0.0011174377495642984,-0.0012699889781736529,,-0.0017428977868630957
2024-09-27 14:15:00,26201.85,47.82122506025313,47.42007337600196,23.36446304466224,6.2972652694393e-05,-0.00036638634294905437,-0.0006965157040438319,,-0.0010247368029355775
2024-09-27 14:30:00,26203.5,47.87479731181681,46.664710618650304,19.04582547455063,-0.0004293319594710354,-0.000526647203617836,,,-0.001087640963993386
2024-09-27 15:00:00,26189.7,45.383862825837056,45.27568176684241,20.194234195371298,-0.0002329159936922398,,,,-0.0005612893618484049
2024-09-30 10:25:00,25990.0,24.38946456031485,24.367425236269163,65.57559516907573,-0.000767602924201638,-0.0019295883031935634,-0.003212774143901531,-0.0034320892651019674,-0.006433243555213575
2024-10-01 10:55:00,25786.9,34.60057172942006,33.920099348466586,42.23749108395049,-0.0015957714963800163,-0.00102571460702916,0.0013514614009437764,-0.0005370944161571245,0.0009946911028466676
2024-10-01 13:05:00,25780.3,42.46006190330953,42.020015538359445,33.950484247862356,0.0010434323882966279,0.0008436674515037712,0.0004887452822504024,0.0008940935520533877,0.0012509551867123658
2024-10-01 14:55:00,25780.05,43.23297252913971,42.74853255522824,30.678556041111108,0.00031031747417098465,0.0012606647388193615,,,0.0012606647388193615
2024-10-03 10:45:00,25509.55,27.687090326066198,27.097079446426193,57.677423039613814,-0.0007252185946047263,-0.0020933336730752927,-0.004023983174928469,-0.005172572624762117,-0.009547404795458903
2024-10-03 11:00:00,25491.05,25.47553346357455,25.214774624420716,60.907885567088556,-0.0013691079810363993,-0.0032481988776452697,-0.003693453192394891,-0.00491937366252071,-0.008828588857657804
2024-10-03 11:45:00,25406.9,20.08643582875156,19.13261686724655,78.54144545360903,-0.00039359386623316617,-0.001064671408160911,-0.0011532300280633345,-0.005335164856790975,-0.0055457375752256954
2024-10-04 14:45:00,24998.05,30.183849735426683,29.85265844648541,34.749475298468354,-0.0005160402511394935,0.0009740759779264252,,,0.00204215928842455
2024-10-07 11:15:00,24902.45,28.813026351138607,28.699658896485218,50.56338972884961,0.002588098761366897,0.0015661109649853788,0.00018472078048548113,-0.004883053675441618,-0.003351075898154643
2024-10-07 13:15:00,24780.85,30.26777054148529,29.676953711848462,44.77522939388841,-0.0006819782210859548,-0.003115308796913574,-0.001196488417467445,0.0010592856984323884,0.0015394952150551422
2024-10-07 13:50:00,24740.85,27.87560892362572,25.886359295447257,52.31464105105609,0.003170869230442852,-0.0003233518654370826,0.005094812829793849,,0.0031587435354889504
2024-10-08 13:10:00,24975.15,56.54373117651574,56.39882203104114,26.204335100884276,-0.000336334316310416,0.0007787741014566585,0.0024464317531625035,0.0014334248242753311,0.0025765611017349865
2024-10-08 13:30:00,24982.3,60.65556011187205,59.5390664716013,23.956061580252303,0.001529082590474129,0.0014029933192700739,0.0009566773275480056,,0.0022896210517047155
2024-10-09 09:40:00,25086.55,63.8643193089546,63.841870782487504,38.71381536559237,-0.00038267517853185495,0.003366345711148133,0.0037191243913570204,0.0031152151252364924,-0.002670753850170682
2024-10-09 15:25:00,25019.55,38.52488239542808,36.354168191538264,45.35031598760178,,,,,0.0
2024-10-10 11:55:00,25041.05,44.30239225963879,43.820671102884496,20.138199476422116,-0.0003414393565764895,3.3944263519325446e-05,-0.0012838918495828855,-0.000942452493006396,-0.0013378033269371148
2024-10-10 13:10:00,25035.4,45.774591793296885,44.274472691630834,15.361175085720031,-0.00040342874489729397,-0.0005452279572126795,-0.0005632025052526579,-0.0014719157672736793,-0.0011124248064741105
2024-10-10 14:10:00,25021.3,45.15567797324825,44.86412730372507,18.02279564012,7.993189802291134e-05,-0.0007253819745576262,-0.0009092253400103667,,-0.0005495317989073767
2024-10-10 15:20:00,25013.9,43.728522888153655,40.92118598027241,34.990682512849546,,,,,-0.0002538588544770404
2024-10-11 09:45:00,24997.3,43.14499543909385,38.565975014916425,40.81371069929693,0.00013801490560982899,0.000496053573786126,-0.0004860524936691757,-0.0023202505870634216,-0.0008900961303820454
2024-10-11 11:55:00,24944.0,36.45328220243697,34.31337010404318,41.666738989694636,6.213919178965632e-05,0.0007115939704938068,0.0004931045542013734,0.0009501282873636274,0.0012447883258499548
2024-10-11 14:30:00,24955.45,45.860549291542874,44.854437103341766,14.201113582994001,0.000390696220665232,-0.00020636774732574192,,,0.0007853995820552573
2024-10-15 09:15:00,25198.5,62.045647758469364,60.22647444172662,27.02085861853346,-0.0006548008810047801,-0.003166855169950522,-0.005174911205032107,-0.005210627616723196,-0.005291981665575318
2024-10-15 11:50:00,25068.55,43.649483899110685,42.54230612744534,26.602717976218475,0.00013363357673279452,-5.185780589622713e-05,5.983592988023645e-05,-0.0006661733526670544,-0.00013562810772849154
2024-10-15 13:35:00,25060.15,44.36060555467088,41.08495887664194,28.514277469579714,-0.00033120312528067686,-0.000786108622653936,-0.0007242574366075338,,0.0001995199549882365
2024-10-16 09:30:00,25046.6,46.322345867537805,44.908823151485,22.10892204279676,0.001319540376737871,0.00039925578721256016,-0.00034535625593878905,-0.003269904897271414,-0.003461547675133403
2024-10-16 12:15:00,24960.45,36.689821120191844,35.15411434979742,50.125766159746185,-0.0008854007039136302,-0.0007191376758031165,0.0008854007039136302,0.0022235176048508443,-2.2034859147090913e-05
2024-10-17 10:35:00,24848.55,32.930045250318315,29.537213197966274,38.94636964739105,-0.00024347497137655605,-0.0016942638504057195,-0.0021993235017736534,-0.002509200738071149,-0.003957977427254233
2024-10-18 09:35:00,24652.0,32.33675525662238,30.50720605816233,37.3761521180531,-0.0008275190653902476,0.0003366866785656786,0.002782735680674886,0.005149683595651489,0.008544945643355506
2024-10-18 13:25:00,24854.6,64.80889266076092,64.39895545174055,38.312524732332164,0.0005411473127709954,0.000549194112960949,0.0009957915235005999,0.0003238837076438017,0.0003238837076438017
2024-10-21 10:55:00,24822.8,50.45417193544541,49.83462773399667,14.696668682615723,-0.0005720547238828866,-0.000997067212401448,-0.003249029118391089,-0.003684112992893618,-0.0033578000870166935
2024-10-21 12:25:00,24752.9,39.77786971435413,39.63756921951304,40.23142283962584,0.0002989548699343647,-0.000870605060417251,0.00035753386471881754,0.0033794020094615185,-0.0005433706757592693
2024-10-22 09:40:00,24851.3,52.54874034817263,50.38923895652646,26.55503184435052,0.0002997831099378345,-0.0037603666608990727,-0.007339656275526796,-0.008335580030018441,-0.014870449433228794
2024-10-22 11:10:00,24729.7,44.415732568952755,44.02336284960158,34.301306524408304,-0.001342515275155054,-0.0034594030659490516,-0.0030732277383065387,-0.004371262085670402,-0.010026405496225244
2024-10-22 12:20:00,24695.35,43.828811658609055,40.89364223296464,21.095672015903702,-0.002704962675159517,-0.003559374538121496,-0.004423909764388889,-0.004166776336435696,-0.008649401607994989
2024-10-22 12:55:00,24622.8,39.171686750591576,38.944743244681405,16.622438747921485,-4.873531848537116e-05,-0.0014925191286124795,-0.0006883863736050211,-0.004309014409409118,-0.005728430560293707
2024-10-22 13:10:00,24621.6,39.25677808174783,37.86034377184271,16.180009215363587,-0.0014438541768203583,-0.0012021964453974299,0.00044473145530754543,-0.006995889787828613,-0.0056799720570555046
2024-10-22 15:25:00,24481.75,29.77234317912982,29.528451445282286,47.792490177793255,,,,,0.0
2024-10-23 12:45:00,24573.15,50.807889950198714,50.6461471031065,20.56871987537702,-0.0007752363860555889,-0.0010316137735699726,-0.0015321601015743092,-0.005040053879946327,-0.0055812950313656184
2024-10-24 09:15:00,24437.7,32.216064155428285,32.052246812979526,40.78504504234428,-0.0017207020300600284,-0.0034004836789059967,-0.0002434762682249625,-0.0016449993248137673,-0.0009452608060497303
2024-10-24 09:55:00,24409.6,30.000762296906874,27.958445132103847,29.341975587252467,0.0014789263240693185,0.0010794933141060614,-0.00016386995280548433,0.000133144336654345,0.00020483744100685541
2024-10-24 13:45:00,24400.95,41.53330941399451,38.88004343686452,18.097788425088638,-0.0006741540800665469,-0.0007684127052430823,0.00021925375856257645,,0.0005594044494168227
2024-10-24 14:30:00,24388.8,39.64493537414074,36.87647443939545,34.09556897284466,0.0007175424785146323,0.0007298432067177618,,,0.001057862625467365
2024-10-25 11:10:00,24170.0,25.73504346829521,23.239402018560583,48.65505337199399,-0.000937112122465944,-0.0008398841539097868,-0.001334298717418303,-0.0017976830781961661,0.0017294166321886184
2024-10-29 10:25:00,24222.8,35.55026672863425,33.48660846651194,47.566757212054924,-0.002152930297075417,-0.0006873689251447601,-0.0013458394570403653,0.002140545271397176,0.009544726456066188
2024-10-29 14:00:00,24373.2,56.850866543960855,55.95617464500115,31.73264015692256,0.002139645184054517,0.0011159798467168525,0.0034053796793198643,,0.003315116603482382
2024-10-30 11:20:00,24466.05,61.85896660571374,61.008650037549515,17.651286888638168,-0.00093599089350338,-0.0011771413857161184,-0.0008215465921143084,-0.0034578528205410075,-0.004731045673494472
2024-10-30 14:45:00,24357.05,39.20082127266039,38.9536373608243,31.424373695645915,-0.00042082271867893706,-0.0006158381248960731,,,-0.00027712715620320516
2024-10-30 15:20:00,24355.1,39.03973954720034,36.914665904995076,31.33947143013992,,,,,-0.00019708397830431323
2024-10-31 09:50:00,24289.85,32.51861731665922,31.76254288622858,47.06726246324244,-0.000426103907599229,-0.0010662890054898844,-0.0020996424432427885,-0.0021140517541277104,-0.0021140517541277104
2024-11-04 10:45:00,23925.1,22.918283407202928,22.196082018349735,65.59779979239268,-0.002894449761965512,-0.0037220325097909734,-0.002716812050942319,-0.0024096033036433706,0.002752339593147024
2024-11-04 11:20:00,23863.0,18.468833020686045,17.538011393259474,66.84237095014663,0.00023886351255075766,0.00014038469597288383,0.0010329799270838436,0.0004064870301303536,0.005361857268574743
2024-11-05 12:35:00,23906.65,41.897186644941,40.083425548673766,32.427101001200356,0.0009683498106174415,-0.0003994704402332516,0.006052709183427929,0.012285284638374527,0.012193260034341957
2024-11-07 11:05:00,24222.1,35.4427182762838,34.44632199025522,43.8647130653604,-0.0006729391753811376,-0.00011972537476101497,-0.0006006911044046381,-0.00029518497570391045,-0.0011353268296308006
2024-11-08 09:25:00,24170.5,39.214647776288984,39.015684498627046,29.674796625820647,0.0005399143584121635,0.000883308164911778,0.0006143853043998337,-0.0009950145838935054,-0.002488570778428345
2024-11-08 12:15:00,24128.45,31.072592826476548,28.923450176438305,38.471385329822596,0.0004890492344100661,0.0004994104470033012,0.0013966914575946898,5.595054800444643e-05,-0.0007501517917646305
2024-11-08 14:40:00,24169.45,47.509642320328716,42.850825687250406,18.575506414782225,-0.00040133308784440214,-0.0005544189048571901,,,-0.002445235617691055
2024-11-11 09:35:00,24124.15,42.20127383543055,41.183553916306515,37.58858579573001,0.0014922805570352082,0.00092645751249254,0.005272724634857395,0.007747423225274108,-8.497708727572828e-05
2024-11-11 14:35:00,24191.5,42.763838074186424,39.570223298643526,51.09883731524443,-0.00011574313291851102,-0.0009156108550524289,,,-0.002868776223053593
2024-11-12 11:05:00,24154.45,46.804650635820906,46.58002467575088,16.441619617182912,7.0380406095083e-05,-0.0006851739534536883,-0.0011302265214070406,-0.005870553873095763,-0.012896174410926386
2024-11-12 11:20:00,24156.15,47.09453999239727,46.06912216976726,13.796951544020741,-0.0007555011870683526,-0.0007534313208024113,-0.0015337709030620594,-0.007612968126129438,-0.012965642289851642
2024-11-12 12:15:00,24124.95,43.272370773677025,42.738542862094846,15.894304356850933,-0.0006880843276360071,-0.005519182423176061,-0.00707566233297896,-0.00710053285084522,-0.011689143397188406
2024-11-12 13:45:00,23945.15,26.152813595021186,24.674005605321124,59.66040211630203,-0.00014825549223962398,0.0003549779391651686,0.00017540086405798405,,-0.004268087692079647
2024-11-13 15:15:00,23585.1,34.77050169387329,28.90900850638453,46.51470983615753,,,,,0.0007547137811585447
2024-11-14 11:40:00,23513.4,35.34919398234365,34.80047606375109,46.71289876391954,0.0006102903025508866,0.002105182576743525,0.00036787533916826654,0.00046994479743456274,0.0019648370716272012
2024-11-14 15:10:00,23540.15,46.21664638010653,44.96515082034699,36.40150075110287,0.0008262479211049722,,,,0.0008262479211049722
2024-11-18 10:05:00,23487.05,40.05121819032965,37.16472419779722,29.95413678669392,-0.0014795387245312153,-0.004508867652599946,-0.005034689328800357,-0.0007748951017688688,-0.0009260422232677534
2024-11-18 13:55:00,23492.4,50.89104467119806,50.81401345691042,30.024017765691262,-0.00032776557524993866,-0.0020942943249732116,-0.001802710663874385,,-0.0011535645570482922
2024-11-18 15:25:00,23465.3,48.277112097148276,47.24348561114026,20.281462426709993,,,,,0.0
2024-11-21 10:00:00,23345.8,21.657597276616457,21.109477489048032,82.74641257728244,-0.0012636105852016355,-0.0011222575366875986,-0.00046046826409884556,0.0006532224211635018,4.069254426930513e-05
2024-11-22 12:10:00,23635.1,68.31174494258255,67.7150514226536,35.599093982752656,6.346493139441911e-05,0.0016818206819517734,0.0027966879767804542,0.008878743902077879,0.010086693096284849
2024-11-25 14:40:00,24249.25,56.29348198584134,53.01779158071583,20.763278371598535,-0.0008082724207965075,-0.001113436498035969,,,6.391950266504409e-05
2024-11-25 15:15:00,24236.6,54.15240435179813,54.08939978349873,24.864862523178765,,,,,0.00058589076025517
2024-11-26 11:35:00,24228.85,49.866719493401426,48.75617740933829,15.483341149605433,-0.0007986346855091142,-0.0019707910197966916,-0.0031924750865186535,-0.003475195892499894,-0.0014817046620041463
2024-11-26 13:15:00,24173.0,42.83340107948497,41.31757452431157,25.406629044325207,-0.0004447110412443278,0.0001613370289166305,0.000783932486658756,0.0006701691970381063,0.0008253009556116186
2024-11-27 09:50:00,24222.65,48.09022313760575,47.55313986467422,31.109381870509885,-0.0010671829878234895,-0.0015625870827511434,-0.001649282799363383,-0.0021777138339529323,0.0022582169993785595
2024-11-27 11:00:00,24206.85,51.821166552670974,50.37786480967224,16.32823940044134,-0.0004420236420681345,-0.00030156753150445414,-0.0010203723326247527,0.0038191668887113117,0.0029123987631600734
2024-11-27 12:15:00,24216.25,52.22500652284684,51.95453452730965,17.380691897233945,0.0029319155525731055,0.0036834770040778952,0.004457750477468769,0.003206524544469236,0.002523099158622699
2024-11-28 10:00:00,24330.25,61.14383359109142,57.366133545091586,35.465662436410355,-0.000337029007100198,-0.004293009730685138,-0.009354610001952257,-0.011352123385497515,-0.015322489493531655
2024-11-28 11:45:00,24107.2,30.853029569317506,30.351283176371247,54.02606976766088,-0.0022047355147010173,-0.001256885909603711,-0.003384880865467621,-0.005469320369018482,-0.006211837127497177
2024-11-29 13:20:00,24149.15,58.37291485389727,57.954094261912445,29.52964751092524,0.00015321450237371081,-0.0005445326233014525,-0.0006708310644474302,-0.0011573906327966288,-0.0010559377866301567
2024-11-29 14:40:00,24161.9,58.667034431622035,58.61068821122801,29.886080681141987,-0.0004738865734896791,-0.0014340759625692812,,,-0.001583070867771208
2024-12-02 10:00:00,24133.15,51.76416113465962,51.5809715512176,22.541621041612224,0.0016118906980646663,0.0006795631734770602,-0.0002341178006186606,0.0002465488342797695,0.005888166277506102
2024-12-02 10:15:00,24172.05,55.30127563287016,51.35366644057207,21.112426651793132,-0.0009308271329904194,-0.0020436826830987354,-0.0009328956377303577,-0.0009990877894096029,0.004269393783315811
2024-12-02 11:15:00,24149.5,52.67734562127795,51.598576071838934,13.311042928581397,-0.0002111844965733134,-0.0005880038924201969,-6.625395970927261e-05,0.00046170728172434394,0.005207147145903646
2024-12-02 11:55:00,24144.55,53.72647575984167,53.59853277802279,17.690313157813577,-0.00016359799623522076,0.0017374521372317542,0.001729168694384553,0.0033879281245663417,0.005413229900743666
2024-12-02 13:55:00,24226.35,59.17854593669958,55.92202684947801,21.84228881847564,0.0009349324186269659,0.001537582012973493,0.0014839214326549666,,0.002018463367366552
2024-12-03 09:55:00,24337.85,69.98061582021364,69.93433504150627,47.762536625086014,-3.69794373783483e-05,0.002368738405405635,0.002931647618832578,0.004160186705070457,0.0044375324854084575
2024-12-03 10:15:00,24369.75,74.03575732023407,73.14888980253217,48.21785217309906,0.0007386206259809569,0.001546999866637977,0.002509258404374437,0.001996327414109711,0.0031227238687305814
2024-12-03 11:20:00,24432.05,81.70144517561795,81.29200734484894,60.182461568291714,-0.0003622291211747841,-0.0011746865285557906,-0.0016351472758119323,-0.0005914362486979519,0.0005648318499675842
2024-12-04 09:35:00,24543.05,69.70078834795926,68.19959766647288,38.16038066453758,0.0007924850415901297,0.0004298569248728512,-0.0002444683932926184,0.00017316511191567407,-0.0033206956755578165
2024-12-04 13:30:00,24513.45,53.06221132495109,49.96465442315193,15.410945367586805,4.487332464409022e-05,0.0005629562546274336,-0.0026475261540094275,,-0.0021172050445775747
2024-12-04 15:20:00,24479.3,47.58376682705829,47.23982648242639,25.68596506579624,,,,,-0.0007251024334846701
2024-12-05 09:15:00,24496.75,49.951691948968474,46.626236685344466,26.042454231224713,0.0007409146111219123,-0.0031126578015451267,-0.004592445936705936,-0.006160000816434863,0.00836029269188776
2024-12-05 11:45:00,24354.1,38.233153246197986,36.440013834205836,49.85906346526664,0.001977079834607043,0.011476507035776295,0.009647246254224084,0.012106791053662525,0.014266591662184247
2024-12-06 12:40:00,24710.8,54.27786994867024,53.64814085452175,10.63659170443146,-5.260857600719593e-05,-0.00011128737232302122,-0.0009651650290560809,-0.0012443951632484795,-0.0016915680593100335
2024-12-06 15:05:00,24686.45,47.034538735837955,46.94310992722052,23.15255594105558,-0.0008020594293630667,,,,-0.0007068655071912344
2024-12-09 09:15:00,24680.95,45.875921006204024,45.82523087687131,28.433449190851007,-0.0008630137818843586,-0.0014262011794522467,-0.0034581326893819986,-0.0013350377517883372,-0.002202103241568998
2024-12-09 10:35:00,24595.85,33.599247914328444,33.280382365172656,37.37547448320947,0.001260375225901944,0.0009778072317079278,0.0031265437055438827,0.0011851592850014026,0.001250210909564009
2024-12-09 13:30:00,24642.5,47.20638818869696,47.08442269977887,21.18868862931412,-0.0004889925940955164,-0.0008968245916607387,-0.0010429136654154236,,-0.0006452267424166269
2024-12-09 14:45:00,24637.3,45.3009742371098,41.69202664023786,31.01801099203395,-0.0010532810007590765,-0.0008543955709432449,,,-0.0004343008365365053
2024-12-10 11:10:00,24651.4,50.592229780304464,50.5515223404161,18.399778797423362,-0.00011966865979218255,0.0001318383540083179,-0.001241308810047359,-0.004070762715302267,-0.0012534785042634944
2024-12-10 13:50:00,24526.35,31.75142061306601,31.629517870246985,44.29502027777226,0.0008868013381526652,0.0002548279707335066,0.0011803631604376807,,0.0038387285511296554
2024-12-11 10:25:00,24653.2,59.02732318690907,58.594972421546146,26.521198371274973,0.000525286778187084,6.692843119737724e-05,0.00020078529359279784,8.112537114968177e-06,-0.0009613356481106283
2024-12-12 09:20:00,24648.5,48.56485860788221,48.10242857771078,29.658380586107384,0.0005091587723391466,-0.00022922287360294114,-0.0012455118972757306,-0.0021745745177190745,-0.0044221757916302895
2024-12-12 11:30:00,24600.6,36.98343937474998,35.989175315412034,56.94118665057377,-0.00030283814215903426,-0.0010812744404606889,-0.0008048584180873064,-0.002225555474256735,-0.002483679259855376
2024-12-12 12:30:00,24580.8,31.804617535244777,28.23319537541481,62.0992621031619,-0.0002522293822820876,-0.00028680921694979045,-0.001421841437219351,-0.0011960554579182325,-0.0016801731432662947
2024-12-13 10:45:00,24217.9,16.59330290788834,13.347108803078704,83.39644290740587,0.001725996060764956,0.0041023375272009055,0.006391966272880856,0.014051589939672704,0.023263784225717288
2024-12-16 12:35:00,24642.15,43.43308062643642,41.32612911064271,22.79052654649999,0.0001947881982700128,0.0009556795977623267,0.0003388503032404344,0.0014791728806129445,0.0002475433353015255
2024-12-17 10:50:00,24446.25,27.377340805153295,25.682123962053183,66.79329642082246,0.0018837244976221967,0.00033952037633588894,-0.001675103543488321,-0.0013008130081300084,-0.005190980211688956
2024-12-18 10:20:00,24272.05,37.11772428132844,35.48972962604538,27.145817822253893,0.000690094161803323,-0.001060891024861954,-0.002119722067151386,-0.0029086953924368775,-0.002362800010711874
2024-12-18 13:00:00,24218.35,38.25448546802591,35.498220213126416,35.53524729090809,3.716190409353004e-05,-0.0009538222050634593,0.00012593756387224708,-0.0006317523695874572,-0.00015071216660089704
2024-12-19 10:00:00,23965.7,34.71446575745653,34.70037741008976,37.84636084618034,-0.0017399867310364803,-0.0002607893781529924,-0.001132869058696473,-0.00010431575126113035,-0.00015647362689175104
2024-12-19 10:15:00,23924.0,33.382061552486356,33.27115642902409,35.81470411617422,0.0014817756228056034,0.0007900016719613046,0.001172462798862961,0.002140110349439839,0.0015862731984617184
2024-12-20 09:30:00,23932.3,41.66991176628956,38.499483370962764,29.843085542569163,-0.0029102927842287185,-0.0035057223919137126,-0.000231904162993124,-0.0009338843320533252,-0.012575055468968754
2024-12-20 10:15:00,23944.9,43.604857912830155,41.32096302858327,30.92988647647025,-0.000757990219211635,-0.0004927980488539374,-0.0015055398017951305,-0.0036688397111702686,-0.013094646459162584
2024-12-20 14:15:00,23708.45,29.58214822521623,28.797910931899292,51.81888535364649,-0.000752896119316171,-0.0014593952788984899,-0.005666755945665014,,-0.0032520050867940187
2024-12-20 15:20:00,23597.15,26.177789603536816,24.366608927655232,57.434470747142846,,,,,0.0014493275671001449
2024-12-23 13:50:00,23686.1,40.84268368213038,40.54241039118063,32.067910402005715,-0.0002343146402320473,0.001745749616864023,0.00210460987667882,,0.0025795719852572674
2024-12-24 09:45:00,23770.3,53.70627204678558,51.58309571326646,31.158843451680017,0.001533426166266283,0.002734504823245887,0.0023790191962238527,0.0021413276231263545,-0.0016806687336718973
2024-12-24 14:50:00,23739.45,39.3656092579923,38.41241374549825,17.494009350436524,-0.0005749922597196866,-6.950455886722828e-05,,,-0.00038332817314645773
2024-12-26 11:10:00,23759.95,44.56430920564509,44.05042735513869,29.109420923758407,-5.26095383197589e-05,-0.00021675129787734893,-0.0010627126740586634,-0.0003914149650987575,1.4730670729434792e-05
2024-12-26 13:00:00,23750.65,48.65847955567396,46.790161504365834,13.790128852108294,-4.4209316376719876e-05,-0.002448354045047285,-0.00010526027708712693,-0.00022525699296660484,0.0004063046695563788
2024-12-26 14:00:00,23748.15,49.44278467189157,47.20305413060014,36.63343956790306,-0.00010737678513916826,-0.00025686211346998,-0.0001200093480966391,,0.0005116187997800115
2024-12-27 13:55:00,23856.45,52.74353015503158,50.66165775334958,19.229219148804315,-0.0006161855598800781,-0.0006413359908955529,-0.0020434725200103587,,-0.0010060172406204382
2024-12-27 15:25:00,23832.45,41.65086216158889,40.74959084302484,28.730297496536583,,,,,0.0
2024-12-30 10:00:00,23760.65,35.64754588745803,32.83177761205345,44.166685646777665,0.0005976267484264497,0.0015466748594841206,0.0007680766309001719,0.005456500558696842,-0.004292811854894496
2024-12-30 14:35:00,23667.25,30.16133412501068,29.70682596961877,59.476853847544035,0.0003675965733238584,-0.0009211040572942863,,,-0.00036337132535457783
2024-12-31 09:35:00,23580.7,33.62392643277751,32.69160973367456,38.11392416731714,-0.002535972214565252,-0.004543970280780574,-0.002109776215294734,0.00021203781058232174,0.003736106222461455
2024-12-31 10:15:00,23521.8,31.9860400828829,28.690249457748422,36.05018501930958,-9.565594469806982e-05,0.0006313292350075272,0.0028314159630642433,0.0031545204873777433,0.006249521720276485
2025-01-01 10:25:00,23653.25,51.741422037594816,50.19990237688471,33.11588426467295,0.00014162958578634033,0.0036422056165643646,0.003790176825594793,0.0040438417553614325,0.004458161140646677
2025-01-01 12:30:00,23762.0,61.49893554301179,61.492351556676354,33.015231847275544,-7.575119939395858e-05,-0.0008900765928794296,-0.0009826613921386507,0.0008963891928288614,-0.00013887719888894257
2025-01-01 13:55:00,23785.4,62.08515694187872,60.86256899862282,22.413820031455295,0.00015555761097130194,-0.00024594919572518137,-0.0018582828121452843,,-0.0011225373548479078
2025-01-02 09:35:00,23815.05,58.205028105764725,57.880874178096484,23.264186701758735,0.00011757271137358138,0.0011379358850811538,0.0023472552020675774,0.006021402432495382,0.014818360658491292
2025-01-03 11:15:00,24076.15,45.4918691447597,45.33303364797488,32.373231448317185,0.000996837118891536,0.0018192277419770697,0.0005399534393994987,0.0010653696708151639,-0.003571999676027948
2025-01-03 13:05:00,24107.4,51.87166593484352,50.829818764830335,26.25434486379092,-2.488862341032405e-05,-0.0009810265727536738,-0.0031442627574936877,-0.004042327252213096,-0.004863651824750903
2025-01-06 09:20:00,24080.6,42.17049954578194,36.16778843339294,45.00267798156924,-0.0024791741069573048,-0.006299676918349095,-0.0043624328297466874,-0.013633381228042474,-0.018728769216713848
2025-01-06 12:10:00,23719.8,30.452524269314228,26.489386212179088,49.32031299306218,-0.0017179740132715615,0.0008726886398704448,-0.00021501024460568452,-0.00404514371959297,-0.003802730208517846
2025-01-06 13:55:00,23632.2,35.46878927220248,35.45350527051192,42.510215368334656,-0.00035333147146698884,-0.0007426308172746587,0.00045911933717546205,,-0.00011001938033705638
2025-01-07 13:30:00,23759.7,52.63508586327168,51.38850635785546,15.167616327769313,-0.001689836151129942,-0.002586312116735545,-0.002077046427353957,,-0.0027399335850201156
2025-01-08 10:00:00,23676.05,42.156182613208024,40.59927045955207,18.360309511805198,-0.00048572291408410795,-0.003205771232954735,-0.0044728744870871084,-0.005566806963154702,-3.590125886698825e-05
2025-01-08 10:30:00,23600.15,38.77372277119685,37.92144921722254,22.98380954199088,-0.0008644012855850702,-0.0012711783611545346,-0.00026059156403668293,-0.003813535083463493,0.0031800645334880695
2025-01-08 10:45:00,23579.75,34.50855317535435,34.18312952914776,31.807537805353217,-0.00040712899839900896,-0.0001675166191329458,-0.0005767660810652719,-0.002546676703527373,0.004047964885123934
2025-01-09 12:05:00,23555.5,39.382636174086144,38.72507658667552,30.917847711630724,0.0010655685508691448,9.551909320548724e-05,-0.0007408036339708879,-0.0005816051452951498,7.216998153292131e-05
2025-01-10 10:15:00,23420.2,34.22259411542764,31.38186204136489,34.549292267074236,-0.0010162167701385227,0.0014560080614169912,0.006833844288263835,0.005715151877438984,0.000732273849070264
2025-01-10 12:50:00,23537.1,52.46225801173553,51.9635135579515,14.687592031744753,-0.0007774959531973158,-0.0005565681413597368,-0.0011874869886263628,-0.004703213225078606,-0.004237990236690137
2025-01-10 15:15:00,23443.6,39.70296050979391,36.65016501553942,35.75098517849713,,,,,-0.0002665972802812222
2025-01-13 10:00:00,23261.45,31.744577726095713,26.80891833254481,46.95350819428712,0.00023429321903845057,0.0031231930941535424,0.0005868077871327149,-0.0014659447282951987,-0.0074264501997940435
2025-01-14 14:10:00,23182.45,47.35345129390788,44.86369307792482,21.89112172333719,2.8038451501011252e-05,-0.0002976389467033158,-0.0003968519289376804,,0.0010525203332691913
2025-01-14 15:05:00,23176.3,48.97888385324106,48.1774642333852,16.772894102693417,0.0008953111583815954,,,,0.0013181569102920232
2025-01-15 09:55:00,23217.2,56.885995054729285,56.08830067134364,29.233656996567532,0.00010552521406537174,0.0007106800130938229,0.0026424375032303438,0.0010444842616681438,0.000469479523801164
2025-01-15 10:25:00,23233.7,60.96658804271392,60.78041250316911,25.88779689245847,0.0014870640492044007,0.001930385603670537,0.0005853566156057699,-0.0004648420182751245,-0.0002410291946612908
2025-01-15 14:35:00,23200.55,43.79519411635979,40.154699406323445,20.80038523717358,0.00020904676828781277,0.0008986855915054104,,,0.0011874718487276947
2025-01-16 12:45:00,23314.5,60.65670922208551,60.547995445003316,24.79245830998817,0.00034527868922773486,0.00011366317098815415,0.0005168457397757287,-0.0004825323296661077,0.0015569709837226497
2025-01-16 13:50:00,23327.7,65.17889256629832,64.56152542911283,26.789335602478438,0.0003000724460620052,-0.0012217235303951801,-0.00122815365423945,,0.0009902390720044618
2025-01-16 15:25:00,23350.8,58.58867148744412,55.20188826146388,32.62244253039371,,,,,0.0
2025-01-17 10:20:00,23226.15,42.325335962999404,41.4223277326635,24.19789133951698,-0.00018083065854657132,-0.004036398628270321,-0.003403491323357599,0.0006242963211724462,-0.0009924158760707957
2025-01-17 11:30:00,23172.95,40.881900096138125,37.30958815676424,28.21085195352051,-0.001495277899447478,0.0008328676323039463,0.002261257198586941,0.00046390295581710816,0.0013010859644542183
2025-01-17 14:10:00,23198.5,46.43885265567789,45.73819281895676,17.15430148853306,0.0006077979179688331,0.0014375929478198657,-7.974653533626697e-05,,0.0001982886824578589
2025-01-20 09:15:00,23227.6,52.506410015159624,51.04574348346176,22.48893466911526,-0.0017608362465342253,-0.000505863713857635,0.0006630043568858213,0.004083504107182945,0.004712066679295246
2025-01-20 09:55:00,23226.65,51.39737217704195,51.08222745970606,30.439436941814435,6.0275588601887975e-05,0.0010246850062320956,0.0019008337405521658,0.005429108373355529,0.004753160701177261
2025-01-21 09:25:00,23413.8,61.810209835271436,60.29835940950469,28.123733438910072,-0.0031477163040600775,-0.0048966848610647595,-0.011629893481621911,-0.011508170395236994,-0.01540758014504262
2025-01-21 11:35:00,23162.75,35.375102741772494,35.05996110444411,46.698034197395636,0.00944404269786614,0.006570895079383909,-0.0008893589923475442,0.0031753569848138596,-0.004736052498084287
2025-01-21 12:55:00,23239.95,44.8779515201982,43.055736345501586,32.30514097185948,0.0007035299129301009,0.0014457862430856672,-0.000993978042121535,-0.009412670853422678,-0.00804218597716444
2025-01-22 09:15:00,23109.2,39.78377560608584,35.9403814324276,42.384736075594304,-0.00035700067505584077,-0.002105222162602005,-0.0012549114638326087,-0.0022177314662558123,0.002273986118082716
2025-01-22 11:50:00,23055.2,39.838071640776,39.54886961393051,29.551932455428933,-0.0016373746486693097,-0.0017132794337069157,-0.0020581040285923002,-0.0019496686213956727,0.004621517054720803
2025-01-22 12:15:00,23045.8,39.33614412844489,36.66939497750279,35.202657983276914,-0.00042307058119051,-0.0011824280346093285,-0.0005597549228057996,0.001959142229820632,0.005031285527080875
2025-01-23 09:45:00,23203.6,62.252819034482975,62.22434010438323,36.7288323469783,0.0004956127497457441,0.000954593252771252,0.0012411867124069165,-3.663224672023624e-05,0.0005473288627626527
2025-01-24 09:20:00,23281.15,53.40058452757479,49.793651281248266,49.41584134782252,-0.003734781142684107,-0.005278948849176346,-0.005336935675428367,-0.00042738438608058704,-0.00819547144363586
2025-01-24 10:35:00,23217.0,46.78575860318759,42.642598419076094,24.023234400289823,-0.00016367317052157215,0.0011564801653960455,0.00240556488779764,0.0007688331825816963,-0.005455054485937083
2025-01-24 14:30:00,23153.25,38.45160459168068,37.00707535392589,20.98083971069623,-0.004092298057508104,-0.0036798289656959637,,,-0.0027166812434540333
2025-01-24 15:00:00,23068.05,31.006436870751138,30.7494576357354,30.32766245346499,0.001324342543041146,,,,0.000966705031417936
2025-01-27 14:50:00,22826.85,37.679906182956145,35.08287631321055,27.05930842286935,0.0006133128311616165,-0.00022342110278017469,,,-0.00043808059368677377
2025-01-28 13:10:00,23065.25,69.0329045059077,67.79855034587844,46.46899547836126,-0.00169519081735503,-0.0011857664668710743,-0.0005852960622582115,-0.0042358092801942915,-0.0038564507213232346
2025-01-28 14:35:00,23132.9,72.08290758985106,68.62492038406607,44.48727033064686,-0.0070267886862435125,-0.008059949249769827,,,-0.006769579257248415
2025-01-29 09:50:00,23048.5,54.81272935504808,53.4031202071987,22.212769167628156,0.001364513959693614,0.002236588064299161,0.0017940429962903792,0.0025988676052672854,0.005540490704384338
2025-01-29 12:20:00,23138.0,60.162013124680506,59.67803702012186,26.166332233965612,-4.9701789264444685e-05,-0.0007671363125594244,8.64378943732369e-06,0.0002398651568846777,0.0016509637825223855
2025-01-29 15:25:00,23176.2,60.146779112160644,59.80022781721746,27.783146622751786,,,,,0.0
2025-01-30 09:35:00,23205.5,63.839441061712456,61.27083464988392,27.43861302635423,0.0007239663010922825,0.0032212191075391416,0.0034539225614618196,0.0016289241774578578,0.003983969317618685
2025-01-30 15:00:00,23225.15,43.53682642036863,39.66213671362923,46.03826361238332,0.0017976202521834406,,,,0.0031345330385379455
2025-01-31 12:55:00,23480.85,71.15941262358007,70.58510905292277,44.25261746990502,0.0008198169998103744,0.0017737858723172462,4.045850128941986e-05,0.0005664190180509898,0.00225715849298469
2025-01-31 13:20:00,23513.1,74.098964725572,73.52426505833161,58.18792175001918,-0.00019350915021831838,-0.0007782895492299824,-0.002879246037315264,0.0003466152910505116,0.0008824867839629658
2025-01-31 15:10:00,23515.15,64.82414820882826,63.342634175274306,34.78291421505297,0.0007952320100019783,,,,0.0007952320100019783
2025-02-01 09:35:00,23549.8,64.9914086929983,64.73000972884067,33.873604205751434,0.001208078200239493,0.0003545677670300229,0.0005307900704039081,0.0015456606850166033,-0.002314244706961399
2025-02-01 13:25:00,23442.1,41.55532732230958,40.496431917411286,31.2737033437312,0.002258756681355445,0.0022672883402083954,0.003918164328281293,0.0022694212549216886,0.0022694212549216886
2025-02-03 10:25:00,23282.1,36.81049505658722,34.70917199824142,36.89105007759439,0.0011854600744778399,0.0015226289724723507,0.00036079219658025075,0.00027918443782981583,0.0033330326731695337
2025-02-05 13:25:00,23749.3,54.79531961438451,54.7690024125759,24.944370950137458,-0.0005852804082645546,0.0009010791897023918,-0.0005073833755100399,-0.0026337618371909954,-0.0026337618371909954
2025-02-05 13:55:00,23770.7,56.796157586054306,54.028292358912566,23.895756325032853,-0.001161093278700287,-0.0014071945714683176,-0.001701674750848814,,-0.0035316587227133267
2025-02-06 10:25:00,23632.9,33.07116288821002,32.580737843374145,31.79181824551501,0.0005543119972579724,0.00037447795234601955,-0.0011424751088524587,-0.0008060796601349063,-0.0002052223806643383
2025-02-07 10:40:00,23573.9,45.3200563196722,44.01514356523037,22.246642348171047,0.0016670979345800863,0.0017837523702060043,0.0046534514866016785,0.0003945040913890807,-0.0004560127938101344
2025-02-07 13:35:00,23576.9,44.76728885807994,44.384168932118236,23.698310013177352,-0.0032701500197227507,-0.004322027068868306,-0.0038300200620099423,,-0.00058319796071582
2025-02-07 14:45:00,23467.9,34.49308363331032,33.37725323938559,40.018729304999965,0.002460808167752626,0.0045892474401201255,,,0.004058735549409942
2025-02-10 09:55:00,23445.9,39.66303964227526,39.45883343657487,40.06292255430476,-0.0031050204939884196,-0.0025740108078599055,-0.0021581598488435993,-0.0034760875035720895,-0.0029791989217732295
2025-02-10 10:50:00,23392.85,37.65432937929593,36.503908678733815,38.458861146172275,0.00031419856922099143,-0.0003013741378241619,-0.0002629008436337843,-0.001521832525750333,-0.0007181681582192345
2025-02-10 12:25:00,23365.6,35.639705575900095,33.63902410413938,61.50808261664424,-7.489642893832027e-05,-0.0006227103091723807,-0.0005841921457183652,-0.0011491252097098892,0.00044723867565998887
2025-02-11 11:05:00,23280.5,37.606297723298454,35.65900459332394,26.824194993292654,0.00011597689053077787,-0.0006915659027940668,-0.0014303816498786315,-0.006672966645905332,-0.009020424819054629
2025-02-11 13:30:00,23035.75,22.24429756550842,22.09774539439014,74.30130193283291,0.0012741065517727357,-0.0013848040545674234,0.00020837176996613138,,0.001508524792984911
2025-02-12 10:15:00,22856.15,25.402275746287632,21.92926542613442,61.06346209021858,0.0014744390459460188,0.0037364123004091088,0.003379834311552976,0.006998116480684491,0.008822570730415924
2025-02-12 15:05:00,23043.95,48.18940503739634,47.9220519861031,27.981023865407124,0.000607534732543602,,,,0.0006010254318378205
2025-02-13 11:55:00,23220.85,68.30475050511697,68.18217858582811,42.73037401938734,-0.0010787718795822743,-0.0011089172015666948,-0.0013199344554569725,-0.006156105396658451,-0.008675393019635269
2025-02-13 14:50:00,23055.7,34.407315122883844,33.125119447792144,55.488216847334314,-0.000654935655824862,-0.0013836057894577314,,,-0.0015744479673138745
2025-02-14 11:10:00,22893.95,29.162444377900943,28.168995476038067,46.675541432367986,-0.001710058770985401,0.0003144935670778004,-0.0022669744626856447,-0.0038263383994462385,0.00014414288491071403
2025-02-17 10:20:00,22805.5,40.32994204967292,38.93906965513184,38.534126402108846,0.00294008024380088,0.0046458091249919065,0.0013746683913966606,0.0003047510468965342,0.006928153296353878
2025-02-17 12:45:00,22845.85,48.84485921041738,48.08354715985984,16.666354400018236,0.0010439532781665317,-0.00038956747067842024,0.003383546683533467,0.003066202395621165,0.0051497317893622885
2025-02-18 11:35:00,22843.35,44.099442566357766,44.03819107029551,25.058328444626923,0.0005603381290397724,0.0004902958629098286,0.001969938734905252,0.0023223388863717886,0.0034933580232323624
2025-02-19 09:55:00,22989.1,57.23586965003915,54.47895385792956,31.849377085318768,-0.00015224606443919875,0.0019661491750437854,-0.002659956240131045,0.0005459108882037711,-0.0032493660038886985
2025-02-19 12:10:00,22999.35,56.95496902388475,56.36358534147311,20.988391049088982,-0.0013022107146505313,-0.00240876372593124,-0.002630509123083935,-0.002110929221912805,-0.003693582644726745
2025-02-19 14:10:00,22950.8,47.610743823807304,46.51883331907495,18.873979492439464,-0.003812503267859979,-0.00304782404099202,-0.00047275040521455036,,-0.0015860013594296563
2025-02-19 14:55:00,22917.8,44.46391563063186,42.12969788466744,25.072032044701697,0.0009664976568433126,-0.00014835629947018703,,,-0.00014835629947018703
2025-02-20 10:00:00,22874.7,43.17914511253056,42.96923589345526,33.99860902109514,0.0005508268960903173,0.0008000104919407836,0.0010994679711644473,0.0009595754261257916,0.0013792530612422027
2025-02-20 12:15:00,22892.9,47.707401768739636,47.40528302338208,17.729546063802253,2.402491602193635e-05,0.0001485176626814244,-0.00031450799156074183,0.0004324484883959645,0.00058315023435207
2025-02-20 13:35:00,22891.9,47.22221304319418,45.78624313519665,22.238682265071652,0.0010746159121783894,0.0003887838056255699,0.0008125144701838227,,0.000626859282104153
2025-02-21 10:55:00,22776.45,30.32318013165451,29.704166919004994,52.19499069472548,-0.0003731924860985725,-0.0005049074811922516,0.0006651607252226022,0.0004566119829911841,-0.0005312504802109652
2025-02-21 13:30:00,22765.8,38.7480713823538,37.12941161095893,31.511790525786004,-0.0015308049793988365,-0.0005512654947332774,0.00018887981094439787,,-6.369202927203332e-05
2025-02-21 13:50:00,22752.75,35.812197708198006,34.65798051966548,41.58667512566997,0.00078012547933759,0.0013339046928393383,0.0013866455703155367,,0.0005098284822713239
2025-02-24 10:45:00,22576.95,29.41681721300401,26.448085176565204,58.23791414260681,-0.0006798969745692718,0.0001262349431609966,0.0016410542610936218,-0.0004850079395135598,-0.0012047685803441288
2025-02-25 12:10:00,22572.65,49.320859395066265,46.499036462342005,19.387518996859157,0.00025030291082339673,-0.00022150700072876006,0.000890458142929651,0.0004164331613700778,-0.0020533698967556413
2025-02-27 10:05:00,22548.95,43.20626817883624,42.0530953859089,20.298697560543282,-0.0009202202319842367,7.09567407795042e-05,-0.0002505659908776936,-0.0011463948432189897,-0.0016896573898120826
2025-02-27 10:25:00,22535.85,41.747371882891436,41.56391624429568,21.978768642405505,0.00077875917704473,0.0006234510790585901,0.0001774949691268901,-0.000403801054763786,-0.0011093435570435073
2025-02-27 12:40:00,22526.8,38.13655341863479,37.69443642472004,15.587653087070104,0.00033293676864887267,4.439156915325704e-05,0.0005326988298381963,0.0008722943338601574,-0.0007080455279933062
2025-02-28 10:20:00,22291.05,26.171153940471882,22.679825272193693,67.74271432228568,-0.000195145585335732,-0.0017989282694175213,-0.002126413964348872,-0.0022071638617292555,-0.007341511503495712
2025-03-03 10:15:00,22058.45,36.405593260448015,32.94613790911088,32.07902595958023,4.080069089162919e-05,0.0007412125511991885,-0.0021080356960710978,9.97350221796367e-05,0.0038397983539188996
2025-03-04 10:15:00,22066.5,46.85948615116297,45.65692662735464,17.8039525132943,0.0002719053769288937,0.00016767498243952517,0.00012009154147696322,-0.00011102802891260755,0.0006253823669362113
2025-03-04 12:25:00,22068.65,47.64162128787252,46.43678240718903,24.696081509847378,-0.00019937785048029788,-0.0007159477358154032,-0.00082016797583917,0.0007589952262598842,0.000527898172294039
2025-03-04 13:20:00,22062.5,46.16345172349456,44.907133216825976,35.1782832317478,-0.0008226628895184884,0.0001133144475919945,0.0012872521246458657,0.0006390934844191509,0.0008067988668554182
2025-03-04 13:40:00,22058.65,44.935961757551866,43.95401233577674,37.55706407385561,0.0004760037445628029,0.0013124103242945218,0.0011084087194817016,,0.0009814743875984355
2025-03-05 09:15:00,22133.55,57.15618974952824,54.803371489135735,24.437215693371492,0.003406593158350235,0.005611390852348519,0.0038809861048048067,0.00695550420063662,0.00962791779899752
2025-03-06 11:00:00,22387.1,60.09233833768442,59.817556363027656,30.94321018064719,0.0016259363651389691,-0.0015410660603650816,0.0014383283230074984,0.003426080197971082,0.006347405425445984
2025-03-06 12:20:00,22428.0,60.83799808066868,59.99017509917301,31.688372875890543,0.0006821829855536699,0.0018191546281434157,0.0021535580524343345,0.00348671303727488,0.004512216871767505
2025-03-07 13:35:00,22569.9,53.09578231405354,52.76058463546874,16.353607843781358,-0.00128711248166824,-0.0009082893588363561,0.0005338969158037443,,-0.001459908993836967
2025-03-07 14:20:00,22567.6,52.48919689505445,50.65951958106604,18.448103616646115,0.0006358673496518197,0.0008020347755188784,-0.0011808965064958876,,-0.0013581417607542168
2025-03-10 09:25:00,22583.75,51.491643416641686,51.252965262210765,29.104625844975807,0.003104001771184972,0.0033187579564952774,0.00107156694525945,0.0014634416339180945,-0.006316488625671135
2025-03-10 13:10:00,22601.8,48.997633132109556,48.72890383904899,30.63520758833185,-0.0004822624746700921,-0.001619340052562146,-0.0023537948305002443,-0.005846879452078957,-0.007110053181605069
2025-03-10 15:05:00,22477.7,30.727507089840312,28.74202751580691,49.80950436666629,-0.001232332489534138,,,,-0.0016282804735361367
2025-03-11 09:35:00,22383.3,27.683276986171517,25.428861643493093,57.262757656616266,-2.680569889157436e-05,0.0011593464770609518,0.0017446042361939362,0.002376771968387148,0.0061295698132088905
2025-03-12 12:20:00,22355.85,34.58851259669897,34.19952379198502,44.47533672818782,0.00039363298644445877,0.0006776749709809238,0.0037752981881700176,0.004253920114869469,0.005038949536698478
2025-03-13 09:35:00,22494.7,61.055037054158724,60.71243393579785,43.10718106622691,0.0005112315345392471,0.0017826421334803388,0.001238069411905851,-0.0027584275407095404,-0.004952277647623737
2025-03-13 12:50:00,22451.3,46.83988916330884,46.0013709243845,24.553631918499626,-0.0009977150543619695,-0.0005144468249054235,-0.00022047721067375292,-0.0028684307812909537,-0.0030287778435992285
2025-03-13 13:30:00,22442.3,43.793626276572375,42.83079230847565,23.1573227130304,-0.00022056562830019555,-0.00019160246498794997,-0.0019605833626678004,,-0.0026289640544864268
2025-03-13 15:15:00,22408.55,38.63345316078751,36.933561436719046,44.35095836636411,,,,,-0.001126802046540254
2025-03-17 11:35:00,22522.55,54.977574179840296,54.413143488714645,20.164032229199368,-0.0012254385049649263,-0.00044621945561218457,-0.0029592563897070656,-0.0015917380580795504,-0.00032411960457401356
2025-03-17 12:05:00,22512.5,55.89342857740883,55.835057732073416,17.491104511696655,-0.0014014436424208965,-0.0025141588006661886,-0.002729594669627966,0.0005619100499723029,0.00012215435868956348
2025-03-17 13:25:00,22494.9,49.918107507061826,48.483559989342226,28.76707715434644,-8.001813744462627e-05,0.0007134950588800759,0.0003689725226605489,0.0009046494983306896,0.0009046494983306896
2025-03-17 14:50:00,22515.6,54.112797988760455,53.65219158893055,20.444834057424668,3.997228588192847e-05,-0.00011547549254731226,,,-1.5544777842824153e-05
2025-03-17 15:05:00,22516.5,55.122028728467534,54.40833376005866,15.001698134174523,-0.00015544156507452112,,,,-5.551484466947976e-05
2025-03-17 15:25:00,22515.25,55.20662021992074,54.94206459270367,11.51113553672949,,,,,0.0
2025-03-18 15:05:00,22834.4,72.4887898226599,69.0244170435671,41.6367000539242,0.0009371824965840325,,,,0.0006284377956065068
2025-03-20 09:20:00,23058.45,60.093856193269154,59.936776122415445,35.38910329977742,-0.0005030693737003711,-0.0013400727282190106,-0.0009345814657967244,-0.0001713037953549046,0.004651223304255048
2025-03-20 12:15:00,23080.5,67.85429738539261,67.0238222158487,36.02408227417287,-3.2494963280726985e-05,0.000892528324776265,0.0032841576222351065,0.0043933190355496254,0.0036914278286865887
2025-03-24 09:15:00,23514.05,59.18668125980818,56.339672559539274,23.68753455773512,-0.002515517318369187,-0.0004848165245884273,0.0019137494391650023,0.003750948900763662,0.006808695226896422
2025-03-25 09:50:00,23845.25,72.29446446412064,70.87849961529133,33.57122865340783,-0.0013210178127719407,-0.001318920959100911,-0.005336492592864395,-0.007030750359086291,-0.010035541669724535
2025-03-25 12:45:00,23701.25,49.883559926641766,49.64067606626851,24.564513050943653,-0.001016824007172512,-0.001894414851537407,0.0011792626971152131,-0.00038816518116135956,-0.004020884974421102
2025-03-25 13:35:00,23713.75,49.897808446408625,47.01522257502011,26.268375068515862,0.00080333140055866,0.0004976016024458296,0.0003057297981128304,,-0.0045458858257340085
2025-03-26 09:20:00,23722.85,43.82846280952567,43.53931557804363,33.98788896706185,-0.002737866655987631,-0.003056125212611449,-0.002765266399273214,-0.003094063318698992,-0.010898774809940615
2025-03-26 09:55:00,23674.9,45.2113322477874,45.02369697155561,29.54502519243301,0.0001795150137908763,-0.0005110898039697442,0.0002576568433234616,-0.0036219793959002544,-0.008895496918677637
2025-03-26 12:35:00,23617.8,40.79284323137621,39.83572957743821,29.321942809797257,0.00031755709676595245,-0.002214431488114843,-0.0035015962536730783,-0.0034804257805554073,-0.006499335247144078
2025-03-26 14:00:00,23551.95,34.071131398884035,33.123259433315084,45.19445109094765,-0.0007366693628341192,-0.001048745432968401,-0.0026430932470560276,,-0.003721560210513397
2025-03-27 13:35:00,23602.2,54.40782994062,53.57664029318874,11.852696569587568,0.00019066019269398105,0.00038343883197322626,0.00011227766903076919,,-4.872427146629388e-05
2025-03-28 10:25:00,23559.25,41.850587141287164,40.374616462963374,17.44807755892236,0.0022836041045448674,0.0027462673896665457,0.0007130957055083709,-0.0012712628797606484,-0.002720799685898223
2025-03-28 11:55:00,23589.5,48.90263572744228,48.53311173143838,14.65264148530895,0.0002946226075160041,-0.002551982873736258,-0.0026410055321223203,-0.004928040017804558,-0.003999660866063182
2025-03-28 13:30:00,23516.65,41.25973640192279,39.88055191398746,37.386173185687106,-0.0022197039119092876,-0.002587528410721851,0.001235294993121805,,-0.0009142458641004936
2025-03-28 13:55:00,23473.25,38.40600782429617,38.290564063215186,36.283889013598134,0.00128018063114399,0.0041983960465636905,0.005037649239027386,,0.0009329768992363263
2025-04-01 09:35:00,23532.35,45.52678447115484,45.17645657427063,35.31837756127181,-0.0002677165688934613,-0.0029618801352180313,-0.009212849545413015,-0.013836272195509536,-0.014985753654012335
2025-04-01 12:10:00,23209.9,28.423384032357657,26.451447224323278,62.368668428923534,0.0001723402513582606,0.000781993890538013,-0.0007518343465504618,-0.0020831627882930137,-0.0013011688977548896
2025-04-02 14:40:00,23308.75,57.683853277769956,57.43181993738495,16.213117708670964,-5.577304660264737e-05,0.0012441679626749025,,,0.0009459966750684501
2025-04-02 15:05:00,23337.0,61.314625761645416,59.42128876705863,23.766755675557853,-0.00035994343745993085,,,,-0.0002656725371728008
2025-04-03 10:20:00,23302.7,50.688582066630325,49.14726035212759,30.1667563335732,-0.0005686036382049897,-0.001072837053217035,-0.0014376016513107936,-0.001347483338840605,-0.0026220137580624803
2025-04-03 11:40:00,23283.05,49.93659845367099,49.8114036444819,20.016599148715414,0.0002877629863784481,-0.00041016962983797534,-0.001060857576649088,-0.0007902744700543085,-0.0017802650425954303
2025-04-03 13:30:00,23276.45,48.062929400851324,45.971079900176946,21.290721291796743,-0.0001245894455556007,-0.0005692448805552086,-0.0009279765599995438,,-0.0014972214405548634
2025-04-03 15:05:00,23256.2,43.23647654742417,41.65775871602426,37.261635086717504,-9.029850104502746e-05,,,,-0.0006277895786931387
2025-04-03 15:20:00,23254.1,43.25939771418391,41.5244177320355,39.989706519844304,,,,,-0.0005375396166698021
2025-04-04 09:45:00,23047.3,29.177665636268607,27.237600473305104,56.44800804478565,-0.0035253587188086577,-0.003312752469920466,-0.004169685820030966,-0.0033214302759976277,-0.005868366359616961
2025-04-04 10:00:00,22966.05,24.70226588817592,22.437409905647094,60.82452985328754,0.00021335841383263165,-0.0016371992571643235,0.0016589705238820862,-0.0003875285475734014,-0.0023512968055020567
2025-04-04 10:15:00,22970.95,23.899206157880233,18.470699480570175,65.37077599658448,-0.0018501629231703065,-0.0008597815937085862,0.000894608189909496,0.0005028089826497606,-0.0025641081452879577
2025-04-07 09:30:00,22141.75,29.65523783629882,25.60812406982313,52.894626026079024,-0.005376720448925676,-0.007120033421025962,-0.00816556956880099,-0.0051644517709755755,0.004346991543125567
2025-04-08 12:10:00,22552.3,62.358812949177334,60.65425734121497,30.121694379265147,0.0013989703932635322,0.004063887053648685,0.005059350930947337,0.0020441374050541583,-0.00022614101444196066
2025-04-09 10:45:00,22402.7,42.67467171580276,42.538539647843095,36.227972491106364,-0.0015846304240113573,-0.0006293884219313872,0.0007409821137629446,0.0015734710548283015,0.0007900833381691008
2025-04-09 11:15:00,22388.6,41.98054053146614,41.11591931071883,35.58819168507104,0.0013020019116871673,0.0013712335742297466,0.0016168943122840673,0.0015543624880520746,0.0014203657218407884
2025-04-09 15:25:00,22420.4,49.32286596135705,43.19318326077058,27.006935370624152,,,,,0.0
2025-04-11 15:25:00,22844.5,54.8266484094308,53.74913542975522,26.377141316526345,,,,,0.0
2025-04-16 11:40:00,23333.95,54.49501554474845,53.10633776625342,17.47883758838109,-0.0002678500639625714,0.00031070607419669827,0.0010006878389641205,-0.0011699690793885997,0.004257744616749326
2025-04-16 14:05:00,23401.05,58.3542116972379,54.38190195186729,40.80352695672593,0.0003910080957907347,0.0004358778772748373,0.0015683056956845576,,0.0013781432884421019
2025-04-17 10:40:00,23421.95,55.016715084604456,53.89765387925598,19.553617729592204,-0.0006532333985854732,0.0007749141296944373,0.0074524110930132,0.012398626075113217,0.017752578243912298
2025-04-17 11:10:00,23440.1,55.9070951302821,54.38184547240512,17.385849854024475,0.003071659250600378,0.0066723264832488915,0.008291346879919503,0.01486981710828883,0.016964518069462198
2025-04-22 10:20:00,24203.35,63.33452299717071,63.17792400598625,32.39162039377788,0.0005804981541812637,0.0009502816758837351,-4.338242433377104e-05,-0.00031607194871774436,-0.0028632400060322194
2025-04-22 10:35:00,24217.4,65.6025578239289,64.5219517547679,35.47606121616535,0.00036956898758733203,0.0004666066547192038,-0.000753590393683834,-0.0015113100497989862,-0.0034417402363591254
2025-04-23 09:15:00,24313.5,48.43384958773489,39.076541951269874,43.42161006202832,-0.0011372282888107987,0.0011084376992205325,-0.00391552018425978,-0.0040656425442654465,-0.0005202870833076467
2025-04-23 11:40:00,24239.2,51.95378242326998,49.01763199326944,18.551806126717445,-0.0014068121060102357,-0.0006827783095151307,-0.00040636654675085815,0.0014625070134328677,0.0025434007723026397
2025-04-24 12:45:00,24271.75,46.63248491769878,46.01454719057483,14.480001539598625,-0.00020188078733518466,-0.0005768022495287184,-0.0009599637438585384,-0.0012689649489632249,-0.0011000442901727414
2025-04-24 14:15:00,24251.4,40.82031888182946,40.60825684915957,27.18688982394167,-0.0003669891222775057,-0.000430902958179713,4.1234732840234045e-05,,-0.0002618405535351753
2025-04-24 14:45:00,24240.95,38.76030971987359,38.615477260940615,25.95710321301831,0.00010725652253729123,0.00047234122425066083,,,0.0001691352855395234
2025-04-24 15:00:00,24243.55,36.309231415017734,34.9112787674575,30.897402664507844,0.00036504554819738466,,,,6.187212681307841e-05
2025-04-25 11:05:00,23937.7,29.724461465165675,28.091204121098425,59.267872356724226,-0.0015268801931680454,-0.0006454254168111184,-0.001798418394415524,0.004357143752323767,0.0022537670703535184
2025-04-28 09:30:00,24184.3,53.49514339934459,52.177537457488484,32.7194580616056,0.00015712673097834085,0.0018813858577673148,0.0029068445230997497,0.003347212861236404,0.0053174993694256045
2025-04-28 12:20:00,24321.3,66.89764701939471,65.14670491415401,36.50122835377209,0.0008079337864341785,0.0006002968591318769,0.0005118969791910732,-0.0006825293055880977,-0.00034537627511677105
2025-04-29 09:20:00,24453.7,62.61172158169187,57.30979677895711,28.31479883622334,-0.0034452863983773785,-0.0050953434449593216,-0.004387884042087675,-0.004283605343976538,-0.005244605110882983
2025-04-29 12:45:00,24339.55,50.926623901756855,50.15637163659065,27.794531456751926,0.0011853136150834498,0.0005977924817837099,0.0009819409150950698,0.0005505442787563375,-0.0005793040545120087
2025-04-30 09:40:00,24346.8,47.3548493048131,46.34184639591963,40.04455548458539,0.0007105656595527421,0.000269029194801762,-0.0010370972776709841,-0.0005955608129200041,-0.0042449110355364805
2025-04-30 11:15:00,24357.4,49.94363315109525,47.75214808122464,23.325434497628535,-0.0012111309088819189,-0.0012542389581812197,-0.0005255076485997101,-0.0010386987116852708,-0.00467824973108788
2025-04-30 11:50:00,24333.6,47.46635256128177,47.20314092496301,17.728645422100747,0.00047054278857228127,0.0006595818128021236,0.0008691685570569874,0.00012534109215245337,-0.003704753920504844
2025-04-30 13:40:00,24350.45,50.54511900652395,49.2830087768153,22.88217052540303,-0.00013757445960971282,-0.00040245662811155825,-0.00045173703155387823,,-0.004394169306932705
2025-04-30 13:55:00,24347.1,51.399468272351896,50.943752077892725,21.016810607490505,-0.00026491861453714627,-0.0004497455549119511,0.0008810084157866438,,-0.004257180526633486
2025-04-30 14:45:00,24353.15,50.30969275752075,49.5903519719143,29.839806523552905,0.0006919022795819352,-0.0012606172096834012,,,-0.0045045507460020895
2025-05-02 09:20:00,24403.65,49.62731442717404,46.475484634666074,35.03454271923327,0.005493030755645112,0.006267505065840506,0.006050324439171861,-0.001251861914098984,-0.0036879729056923383
2025-05-02 13:05:00,24299.9,38.96143981021804,38.789300270360584,51.069816817552024,0.002230461853752308,0.00409672467787936,0.0038045424055241917,0.0022654414215697027,0.0005658459499833235
2025-05-02 14:50:00,24372.4,47.99047734878099,46.18689032078494,31.45097716519598,-0.0007159738064368426,-0.0016104281892632688,,,-0.002410513531699743
2025-05-05 09:15:00,24436.9,50.940747075647636,47.51355698353974,24.79409391181454,-0.0009350613211988046,0.0006997614263675178,0.0020031182351278876,0.0013688315621047664,0.0009248308909886038
2025-05-05 12:55:00,24474.3,54.77317898832043,54.58727371845003,20.593707881954387,-0.0009499760973755711,-0.000800840064884345,0.0003391312519662737,-0.0001287064389992043,-0.0006047159673616687
2025-05-05 13:40:00,24473.65,55.25110732907547,53.79973366693372,16.2744345746928,0.00036569943592379417,-3.0645204127655035e-05,9.397862599169748e-05,,-0.0005781728512094242
2025-05-05 14:35:00,24482.8,55.30764166330142,55.20395204849504,25.818243372007974,2.0422500694339263e-05,-0.0010844347868707027,,,-0.0009516885323573865
2025-05-05 14:50:00,24483.3,55.857348733845484,55.57759944911267,24.66378746370831,-0.001104834724077186,-0.0004023150473996262,,,-0.0009720911805188859
2025-05-06 10:55:00,24403.05,40.51752157783985,39.198508320635895,19.463281078728706,-0.0006187751121272678,-0.0012826265569262363,-0.001008070712472331,-0.001012168560897142,-0.002751705217175604
2025-05-06 11:50:00,24384.3,37.23136180291469,34.59201912186746,25.578857632411008,0.00019274697243720773,0.00043060493842350667,-0.000182494473903283,0.0006828164023573446,-0.0019848837161615673
2025-05-06 14:35:00,24382.3,44.6161013284147,44.36284633011046,29.851262410612872,-0.000574187012710059,0.0007197844337900605,,,-0.0019030198135532306
2025-05-06 15:00:00,24390.0,44.425089823739945,42.511633053896645,30.186875924810703,-0.0010168101681016228,,,,-0.002218122181221749
2025-05-07 09:15:00,24365.9,42.89629293926729,41.15865138352453,36.99284993653802,0.0033448384832901468,-0.00039604529280679035,-0.0030616558386926673,0.0011778756376739086,0.0017811777935556883
2025-05-07 10:30:00,24372.85,45.22034280892536,43.01293893450348,33.59878653112036,-0.00033233700613588546,-0.00043696161917861076,0.002141727372876101,0.0009026437203691895,0.0014955165276115956
2025-05-07 12:05:00,24377.7,49.892500510203575,49.81878771247804,22.145249240266807,-0.00014767594974107734,0.00029535189948193263,-0.0008634940950130732,0.0012408881887955303,0.0012962666699483094
2025-05-07 14:00:00,24389.75,48.658164921216205,48.16640137918879,25.84454244229119,0.00018450373620071403,0.0009409690546233751,0.001203374368330845,,0.0008015662317162331
2025-05-08 10:30:00,24408.1,53.62075408968612,53.05987276603007,23.12593354139626,-0.000389215055657699,-0.00044862156415281795,-1.024250146464123e-05,-0.00027245053896030047,-0.01040638148811257
2025-05-08 11:20:00,24408.3,54.66831733111596,53.21263984341904,10.86350194033019,-2.253331858426133e-05,-0.00031136949316412643,-0.00020279986725835197,-0.002161150100580489,-0.010414490152939826
2025-05-08 14:15:00,24326.6,30.687793016306408,30.413043800774698,46.278352624824066,0.0005734463509081689,-0.00033913493870907363,-0.0024520483750296584,,-0.007091003263916873
2025-05-08 15:00:00,24286.6,32.548088440958935,30.390363883882586,43.01522212386139,-0.0008090881391383808,,,,-0.005455683380959031
2025-05-09 10:10:00,24060.65,25.08027237941475,22.74568906888503,65.92673746883685,-0.0005797848354055501,-0.002136268139056985,-0.001986646246049162,-0.0004550999245656051,-0.0009143560128259676
2025-05-13 11:00:00,24802.4,49.860643723136015,48.75051475135628,27.73379544086901,-0.0005080153533529863,-0.00022175273360647285,-0.003402896493887697,-0.006870302873915435,-0.008472970357707332
2025-05-13 12:10:00,24757.6,48.79491550499845,48.17677563540034,14.32553337781705,-0.0018156040973276166,-0.004548098361715103,-0.005026739263902735,-0.00670703137622386,-0.006678757230103027
2025-05-13 14:05:00,24606.75,38.73601396878639,38.19577324874044,50.51948428748349,-0.00037388115049730164,0.00025602730957974273,-0.0010058215733488307,,-0.0005892692045881276
2025-05-13 14:20:00,24597.55,38.964661229416905,37.6649669339696,51.36740103915973,0.0006301440590628093,0.0006911257421979844,-0.0015082802962083086,,-0.0002154686137439965
2025-05-14 13:25:00,24644.95,45.217622380406766,43.071006716375855,34.30924210811938,-0.0006674795444908677,-0.0009393405139795918,-0.001369448913469129,0.0016555115753937866,0.0016555115753937866
2025-05-14 14:15:00,24618.4,43.61715423961736,42.487534276276165,29.043007751360697,-0.0013099957755174918,0.0006153933643127107,0.0015963669450491658,,0.0027357586195690953
2025-05-14 14:40:00,24625.55,43.093452497629876,41.7376803653381,28.153378912210783,0.00031268337153900205,0.0017867621230793773,,,0.00244461545021335
2025-05-15 10:30:00,24622.15,44.585520573440846,39.80994218341693,32.863115585191174,0.0041852559585575655,0.003661337454283986,-8.93504425892866e-05,0.001122972607997097,0.016779606979894002
2025-05-15 12:05:00,24699.8,51.86965060492753,50.05232970893685,16.283142550761983,-0.0016133733876386724,-0.0005566846695115313,0.004661981068672771,0.014738985740775146,0.013583105936080475
2025-05-16 12:40:00,25001.55,54.571086547136105,52.9741233052597,17.628251050320408,-0.0005039687539372117,0.00020998698080720857,-1.1999256046113516e-05,0.0005359667700604032,0.00046197135777581444
2025-05-16 14:00:00,25020.75,57.654086231864895,57.20544537362402,21.895933178119574,-0.0007453813334932224,-0.0008173216230529246,9.991706883294427e-05,,-0.00030574623062862294
2025-05-16 15:05:00,25032.9,56.43276730145953,56.18485385410156,15.75366842891577,-0.0006771089246552231,,,,-0.0007909590978273373
2025-05-19 09:20:00,25044.85,57.58803614014326,56.334038228100894,21.151326603254855,-0.0024096770393913225,-0.0011998474736322207,0.0003094448559284313,-0.0007865888595858239,-0.004372156351505452
2025-05-19 10:10:00,25040.85,55.19983359597996,54.60725074500477,18.805117493358594,-0.0006689070059522351,-0.0014975529984005975,-0.0005510995034113675,-0.002130518732391229,-0.004213115768833764
2025-05-19 12:50:00,25014.2,49.33562919574746,47.731566228245704,19.20951024044494,-0.0012273028919573825,-0.0004677343269023915,-0.0012313006212471,-0.0036799098112272333,-0.0031522095449785237
2025-05-19 15:00:00,24948.65,34.89073166113217,32.92831470179358,41.21699171097287,-0.0001302675695878941,,,,-0.0005330949770830928
2025-05-20 12:05:00,24885.1,34.96506510550369,33.02552055392433,25.031164136415498,-0.0010749404261988227,-0.0008318230587780473,-0.0038938963476135013,-0.006011629448947287,-0.00688162796211389
2025-05-20 13:30:00,24781.3,22.56071046670187,21.49709409039072,48.04004338551866,-0.00020580034138639736,-0.0012146255442611054,-0.0029598931452344823,,-0.0027218103973560837
2025-05-21 13:10:00,24800.05,47.00775552664679,45.402423636452795,28.098473116661697,-0.0010060463587775459,-0.0015020131007800197,-3.42741244472311e-05,0.00037701536892065235,3.629024941487202e-05
2025-05-22 10:15:00,24609.7,36.31539404394722,34.0647464653271,42.38274583669755,-0.00041853415523140924,-0.00042869275123225137,-0.00040634384003057633,-0.002129241721760211,0.0011093186832833446
2025-05-22 13:10:00,24539.65,33.13010373408414,30.07415347688274,39.635023847501316,0.0004890045294043688,-0.0006295933316082802,-0.0004013912178862933,0.002713975138194602,0.00396704924479363
2025-05-23 10:50:00,24878.25,70.9605287630628,70.44679651731036,59.89447381745885,0.0002612723965713659,-0.0006994061077447711,-0.0014591058454673789,0.0003758302935294999,-0.0013304794348476534
2025-05-26 09:20:00,25017.45,60.883051174662846,54.753459172950784,31.050593895716244,0.001319079282660729,0.0018786886753046073,0.00014589816308219206,-0.0008833833983880046,-0.0008434112989134102
2025-05-26 13:45:00,25002.85,56.568155826111315,56.30355930409455,18.384691956474008,-0.000687921576940087,-0.0004959434624451919,-0.0007379158775898675,,-0.00025997036337854773
2025-05-26 14:10:00,25001.0,56.697729149424006,56.04811944556812,24.114360550160598,-0.0006359745610176049,-0.000281988720451154,0.00013799448022089322,,-0.0001859925602976098
2025-05-27 10:50:00,24778.8,33.19615183784089,31.049263726568253,35.65318337886679,0.0036059050478636223,0.0067577929520397095,0.006769900075871416,0.002847191954412631,0.002377031978949784
2025-05-27 14:40:00,24780.65,37.88165574070833,37.70666026514774,32.33467147184823,0.0014951181667954838,0.002064110505575867,,,0.002302199498398938
2025-05-28 10:45:00,24782.45,44.50489622790674,41.57949777253022,19.722709474657446,0.0006456181693093033,-0.00037930067446934057,-0.0007828120302876274,0.0010914982174885512,-0.0010208837302203566
2025-05-28 14:15:00,24793.3,51.06527603930931,49.74265541042735,21.543918362625217,-0.0004093847934723005,-0.0003993014241749915,-0.0018392065598367147,,-0.0014580552003967684
2025-05-28 14:30:00,24783.15,49.38385096181928,48.639013348625745,19.72355356121922,1.0087498966138142e-05,-0.001073309889985774,,,-0.0010490998924672645
2025-05-30 09:20:00,24857.85,52.58699647659678,44.54697266434183,37.927560563193325,-0.0017841446464597066,-0.0020315514012676505,-0.004292406624064271,-0.0034717403154335136,-0.004875723363042095
2025-05-30 11:20:00,24771.55,46.95728178873922,45.12261193614499,24.72625111119965,-0.00039359668652139135,-0.0001877153428024858,-0.000821506930329341,-0.0007670089275801928,-0.0014088742932920617
2025-05-30 12:20:00,24751.2,44.948963621049025,44.10298204622312,26.87408122959466,-0.0006585539286984021,0.00012928666084888185,5.454281004557693e-05,0.0007999612140017209,-0.0005878502860466872
2025-05-30 12:50:00,24754.4,46.003790219429455,43.24791366502411,29.2781474630924,0.00020198429370132942,-7.473418866954518e-05,0.0008382348188604727,0.000698865656206582,-0.0007170442426397416
2025-06-02 10:10:00,24581.95,32.782052294761,31.993600010772077,49.466279266026056,0.0002847617865955332,0.0019282440978034554,0.0016760265153903386,0.003417141439145288,0.0044239777560364235
2025-06-02 15:05:00,24734.85,56.09059653449266,54.40047070121982,33.755643096657096,-0.0015605512060917759,,,,-0.0017849309779520706
2025-06-03 10:15:00,24705.5,47.65869134099464,45.5009137997632,27.684167004022605,0.0011191839873712084,-0.0018052660338789828,-0.003980894942421709,-0.0043087571593369844,-0.006763676104511118
2025-06-03 11:45:00,24608.05,42.1648054363046,42.02432825617771,21.031741673605026,0.0012272406793711887,-0.0003657339772960011,-0.0005851743636735574,-0.003035592011557231,-0.0028303746131854712
2025-06-03 13:30:00,24561.8,39.034026346809895,38.02617453310522,31.683367361869198,-0.0011583027302559668,0.00012417656686403156,0.0009018068708319671,,-0.0009526989064319036
2025-06-04 09:15:00,24572.45,43.4340897505749,40.73204506605981,26.928771686821648,-0.00048021259581354503,-0.0011740791007815998,0.0002340019005024896,0.00041713382263464105,0.0016095261156294782
2025-06-04 13:00:00,24613.9,57.879484904079305,56.29593111291485,17.97594400512451,-0.00046924705146289547,-0.00027423528981596057,0.00010563137089203423,0.0010278744936804696,-7.719215565193949e-05
2025-06-04 13:50:00,24618.6,59.90137398568362,57.78937063691175,14.68396070266319,0.0003472983841485977,0.00010967317394161569,-0.00011576612804942155,,-0.00026808998074623336
2025-06-05 09:25:00,24715.5,62.92919281707583,59.40906008451098,34.08187694181996,0.0012805729198277493,0.0013635168214278792,0.0003378446723716344,0.0008678764338168055,0.0018449960551070177
2025-06-05 12:10:00,24869.55,73.20132052339304,68.81883750719143,43.308814799096844,-0.0019079557129100255,-0.0020748264443867237,-0.003723428851748367,-0.006272731110936847,-0.004360754416545598
2025-06-05 15:05:00,24747.05,50.664135698735635,50.50673686490928,22.132635139738312,0.000929403706704468,,,,0.0005677444382259367
2025-06-06 10:10:00,24750.6,46.006556971873344,45.86378780087317,36.52202010721008,0.003270627782760771,0.006541255565521764,0.009391691514549105,0.010030059877336406,0.01008864431569334
2025-06-09 09:25:00,25095.35,67.73903203256867,65.19744957113168,38.43100644437998,0.0005200166564722775,0.00022115650907461593,0.0011276989561812556,0.0005738114830038388,0.00030882215231109456
2025-06-10 09:15:00,25127.1,57.705916628130424,53.35655320962406,27.442306855884567,-0.0004656327232349655,-0.00010944358879461102,0.001261586096286571,-0.00012138288939034236,-0.0014167970040314115
2025-06-10 11:55:00,25145.7,59.33517340776805,56.79858894477425,17.764825791545714,-0.00048517241516443654,-0.0009087040726646345,-0.0003340531383100309,-0.0007297470342843004,-0.002155438106714147
2025-06-11 09:15:00,25128.2,40.811162165463756,37.66145059495849,16.916497424925307,0.000543214396574232,0.00017112248390249718,0.0009511226430862774,0.0025807658328091954,-5.571429708461917e-05
2025-06-11 14:50:00,25150.85,44.34490385307853,43.455990802732785,27.93104659268541,-0.00011530425413053269,-0.0008687579147423907,,,-0.0009562301075310975
2025-06-12 09:15:00,25164.05,46.71416548955734,40.64480517131533,22.96301269853261,0.0009934807791274203,-0.002189631637196654,-0.002914872605959684,-0.003747409498868426,-0.012241670160407336
2025-06-12 10:15:00,25090.7,39.315493555307405,39.23098995181181,34.60757501504449,0.0002132264145677798,-0.0012913151087854402,-0.0008349707262053085,-0.002044582255576688,-0.00935406345777523
2025-06-12 10:45:00,25058.3,36.35507785265099,36.069663896413275,38.590412816807465,-4.988367127856108e-05,0.0004569344289118149,-0.000626538911258967,0.00046491581631635803,-0.008073173359725128
2025-06-12 11:15:00,25069.75,36.08416120773654,33.36195467499512,44.79523633495481,-0.0005584419469679691,-0.0010829784900129313,-0.0012106223636054736,-0.0010789896189630221,-0.008526211868885802
2025-06-12 14:20:00,24860.55,25.399283300481628,24.400515670492496,62.60344324805652,0.0003177725352014882,0.0014581334684873326,0.00041632224548537877,,-0.00018302089052735226
2025-06-13 15:05:00,24727.9,44.150950257324766,42.89740985246016,25.643193259483635,5.863821836871175e-05,,,,0.00030936715208329524
2025-06-16 10:10:00,24763.7,55.02315257655229,54.708545410114915,23.83857845574282,0.002513760060087966,0.004280458897499173,0.005776600427238154,0.0061864745575177515,0.0071576541469973165
2025-06-17 10:35:00,24896.9,45.32940342816364,43.60332735308131,30.008056030479253,-0.0008495033518229889,-0.0009840582562488098,-0.0001686957010712531,-0.0018596692760947109,-0.0022251766284155927
2025-06-17 13:25:00,24839.2,37.95284926687291,37.3834859952552,46.18766881126681,0.0004025894553769671,0.0004025894553769671,0.0008796579599985588,9.259557473662028e-05,9.259557473662028e-05
2025-06-18 09:20:00,24879.75,48.50409590860195,44.47697574740127,24.53522050225592,0.002238768476371389,0.001489162873421046,-4.220299641266578e-05,-0.0026407017755404327,-0.003255659723268911
2025-06-18 12:05:00,24820.25,38.408511913448116,37.792015243304874,55.93767692844278,-0.000999184133922859,-0.0010797634995618477,-0.0012026470321612193,-0.001740514297801199,-0.0008662281806186556
2025-06-18 14:30:00,24792.25,41.785295448780765,36.507540020757574,34.0481802573402,0.0006292288920932698,0.0006514132440582632,,,0.00026217870503897345
2025-06-19 12:05:00,24815.9,48.28077299020427,47.115392014238054,22.244399372401563,-0.0002296914478218115,-0.0008401871380849801,-0.0004694570819515631,0.0006366885746638129,-0.002869128260510445
2025-06-19 13:30:00,24789.95,41.527283025614494,40.85959429623555,25.331369138817035,5.647449873835697e-05,0.0015066589484851178,0.0014259810931445127,,-0.001825336477080386
2025-06-20 09:20:00,24840.4,44.20895733904856,43.849033358796056,35.29643229152866,-0.00014895090256195065,0.0012781597719844218,0.005577607445934829,0.00685174151784973,0.009635513115730854
2025-06-20 15:10:00,25116.6,64.78040208593902,63.47989433947903,29.936152176118405,-0.0014671571789174331,,,,-0.0014671571789174331
2025-06-23 10:35:00,24903.35,42.34806181803284,40.64081465051563,41.32540229533292,0.00048186288190144033,0.0006424838425351798,0.0021222044423743203,0.0016363260364569143,0.002230623590802061
2025-06-24 09:20:00,25228.5,55.522727830045575,51.56635504658368,40.42827129360121,-0.002584378777969354,-0.002449610559486226,-0.00015458707414239825,0.001313990130209941,-0.006221138791446257
2025-06-24 10:05:00,25204.95,65.70054827995668,65.5632233087436,32.2824414188862,0.0007796087673253016,0.00040269867625197797,0.0023487449885837286,0.004019051813235031,-0.005292611173598916
2025-06-24 15:10:00,25041.5,39.56725576085349,38.866318911433986,44.05024537464936,0.0012000079867420244,,,,0.0012000079867420244
2025-06-25 13:10:00,25240.4,59.871706797582796,59.07151541541008,26.56910752994293,0.0007250281295065886,0.0006913519595568296,0.00022384748260706466,0.000332799797150507,-0.00016045704505485148
2025-06-26 09:20:00,25331.75,60.22564852064472,59.673286717794035,28.325394354974282,0.0008941348307953678,0.0023843595487875735,0.0016560245541661356,0.0006691207674163202,0.007841937489514228
2025-06-26 12:20:00,25402.45,61.043987547963404,60.89179248442707,28.544553887551178,0.0001673066967950998,-0.001732116390348204,0.00024407094591283318,0.00433422760403035,0.0050369157305694134
2025-06-26 13:50:00,25482.5,65.99148254402414,64.57751801170068,34.49209422671246,-8.633375846167635e-05,0.0011792406553516876,0.0012067104875894685,,0.0018797213774159882
2025-06-30 11:20:00,25556.9,40.33575780993108,38.89667139772436,31.043382155557367,3.912837629016508e-06,0.0006769209098129725,0.0013949266147301742,-0.0019544623956739837,-0.0019348982075291232
2025-06-30 14:10:00,25489.65,33.113831513911535,32.19220361230437,42.672972488904854,6.277057550807541e-05,0.00022754333621688438,0.0013927221440859228,,0.000698322652527672
2025-07-01 12:15:00,25535.65,47.877514410676476,46.00292641063239,27.7651923794288,0.00018797250118951503,0.00023888172026165222,-0.00023888172026176324,0.00023104953271202433,-0.00010377648503179238
2025-07-01 14:00:00,25537.45,49.9457815524011,48.89581729059957,16.42311512853757,0.0001605485277502705,-0.00018795925200043584,7.24426283751356e-05,,-0.0001742538898754642
2025-07-01 15:00:00,25539.3,51.5565206220696,50.657659981914485,17.357865484887412,0.0003817645745967102,,,,-0.00024667864820093754
2025-07-02 11:45:00,25497.9,40.868434619461205,37.27140243442621,27.97523357378525,-0.00031963416595093275,-0.00022943065899549975,-0.0005196506378957189,-0.003888555528102411,-0.002159001329521404
2025-07-02 14:05:00,25413.4,28.908956193729296,26.943267601100878,57.81009452565455,-0.00024199831584914566,-0.0008676524982884626,0.002309805063470227,,0.0011588374637001575
2025-07-03 13:35:00,25569.5,54.09956822535516,51.60529210006786,30.40858464941546,-0.0023406793249769464,-0.0024599620641780895,-0.006554684291832036,,-0.006730675218521998
2025-07-04 09:20:00,25414.6,37.2509400821468,34.844649569592725,30.135168366406305,-0.001192228089365921,-0.00028133435112087657,8.853178881440549e-05,-0.0008125250840067544,0.002093284962187081
2025-07-04 12:30:00,25364.45,35.60554256940304,31.88579634145895,45.28256126976353,-0.0002641492324888528,-0.00013798840503143062,0.00030751701692710576,0.0012793496409344574,0.004074600474285761
2025-07-07 09:30:00,25478.0,66.6949013494473,64.91089367170758,43.49913266274373,-0.0012304733495563935,-0.0008105031792134954,-0.0013541094277416121,-0.0010479629484261288,-0.0009047020959258578
2025-07-07 13:15:00,25457.5,52.084322793142235,51.9388326995267,22.45091097570586,-0.00024747127565549754,-1.178434645976445e-05,9.820288716433367e-06,-7.856230973213307e-06,-0.00010016694490810885
2025-07-07 15:10:00,25459.95,52.58177497854434,50.087276185970666,27.593398224467695,-0.00019638687428691348,,,,-0.00019638687428691348
2025-07-08 11:50:00,25444.45,47.219908635643726,46.726596287302115,16.134045708430968,0.0005718339362807967,0.0005364627649644405,0.0011259822869034153,0.0012596067118761933,0.0030910473600331834
2025-07-08 15:00:00,25504.05,56.93899351348105,54.97533720437877,35.122696473838424,0.0007430192459629836,,,,0.0007469401918518415
2025-07-09 10:15:00,25531.8,61.04059019053237,61.00419137614679,28.746419854716763,-0.00036620998127823157,-6.26669486678555e-05,0.0002937513218810306,0.0002134592939002644,-0.00263005350190737
2025-07-09 11:20:00,25538.35,62.85666705631616,62.665981608435864,23.47123510795105,-9.006063430094802e-05,-0.0008359976270979619,-0.00014292231095580643,-0.00020165750723899478,-0.0028858559773828896
2025-07-09 15:15:00,25470.2,38.7623901693348,38.41867048771101,55.6574081353076,,,,,-0.00021790170473723336
2025-07-10 09:45:00,25453.5,35.316338540502755,31.814069238996574,30.416652465878816,-0.0013063036517571014,-0.0013888070402890973,-0.0019624020272261955,-0.002915119728131743,-0.004138919991356738
2025-07-10 11:10:00,25397.0,26.377611956820637,23.54566942110331,41.88461064497712,-0.0007737134307201909,-0.0009351498208449716,-0.0011320234673386498,-0.0005807772571563286,-0.0019234555262431785
2025-07-11 10:00:00,25258.9,31.47068139214154,31.34397011528241,51.4797888265815,-0.0007660666141440231,-0.0015440102300575687,-0.0038125175680652212,-0.004313331142686394,-0.004685477198136168
2025-07-11 10:15:00,25239.55,29.09029247212221,28.177196139317118,56.49295293461408,-0.0007785400294378908,-0.0018997961532595253,-0.0027674819875948,-0.0029695458120291285,-0.003922415415488767
2025-07-11 10:30:00,25219.9,25.330725719186006,25.276172187599418,62.63017916746809,-0.0011221297467477465,-0.0022720153529555143,-0.002020230056423711,-0.001671299251781444,-0.0031463249259514603
2025-07-11 10:45:00,25191.6,23.33685168730124,22.42574077125675,69.0713176066611,-0.0011511773765858768,-0.0008693373981802921,-0.0008594134552786237,-0.0005458168595880997,-0.002026469140507081
2025-07-14 09:45:00,25087.95,31.947265843473282,29.666575332433517,48.40351720464276,0.0008669500696549814,0.0012515968821684709,-9.566345596201398e-05,-0.0019630938358853323,-3.388080731991927e-05
2025-07-14 12:05:00,25051.7,30.673041005725068,25.71767507319324,54.065965895209054,-0.00031135611555299647,-0.00022553359652244254,-0.0012334492269986397,-0.00038121165429882975,0.0014130777552021634
2025-07-15 10:25:00,25129.95,57.4744028842755,57.102405441402965,31.105161751324587,0.0012097119174530047,0.0025029894607828673,0.003259059409191023,0.0029168382746482813,0.0035694460195903055
2025-07-15 15:15:00,25204.85,52.65310172622972,52.149697797005686,31.53254493447396,,,,,0.0005871885768018448
2025-07-16 11:10:00,25145.75,43.31279112851065,41.86438006864111,18.937826903539378,6.164063509728201e-05,0.0003161568058220876,0.0013262678583856324,0.002738037242874025,0.002099758408478536
2025-07-16 14:10:00,25243.75,64.98364734340882,64.86439288534976,35.620128297769725,-0.0007447387967318697,-0.00039217628125776116,-0.0014359990096558528,,-0.0017905422134192328
2025-07-17 11:10:00,25178.9,40.414149476010685,38.67377051973779,31.532836036805616,0.00014893422667383582,0.0007148842880349005,0.00021446528641044793,-0.00046864636660071124,-0.002756276088312082
2025-07-17 12:40:00,25193.55,49.09439590849999,47.54376468553909,29.505310889191094,-0.0005497438828588885,-0.001049871891813603,-0.0009804096683476704,-0.0021870677216985213,-0.0033361713613205835
2025-07-17 13:50:00,25179.45,45.504523945297024,44.23641741603654,20.496640525058908,-0.00043686418885247047,-0.001117975174199648,-0.0023689953513679196,,-0.0027780590918388137
2025-07-18 10:40:00,24942.35,16.978344350903473,16.642547934667142,73.65487314315538,-0.00045504934378670647,0.0006434838738131887,-0.0008158814225603939,-0.00024255934184225225,0.001006320575246633
2025-07-21 09:45:00,24996.4,43.166330994098516,42.57260651612536,25.841417858967993,0.0017422508841273832,0.0022563249107869776,0.0022243203021234947,0.000744107151429807,0.0038765582243842633
2025-07-21 14:55:00,25050.45,52.57014798675133,51.28093206909981,30.462711515588875,0.001502967012568579,0.0017105481139061407,,,0.0017105481139061407
2025-07-22 12:20:00,25100.15,55.361279980501266,51.89908974904955,32.70779793162014,0.00025497855590495,0.00030477905510517544,-0.00028286683545719615,-0.0012968049991733954,-0.001404374077445758
2025-07-23 09:15:00,25132.6,50.6002771855058,42.877552061925435,37.07189564295828,-0.0007281379562799062,-0.0013607824100967392,-0.0009211144091736401,0.00017109252524627472,0.0030478342869422193
2025-07-23 10:40:00,25114.65,56.18370681150165,55.92504215292354,18.650168485014962,0.0003105756998404985,0.0005255896458837839,0.00042206441260383976,0.002301445570613181,0.003764734925631119
2025-07-23 12:05:00,25158.65,65.0241493744119,64.46825561733982,22.390274153173493,0.0007075101406475159,0.0010791517032908704,0.0004292758156736465,0.0010910760315039347,0.0020092493039172155
2025-07-23 12:35:00,25185.8,71.66144629203019,70.63983742085577,21.856116959995816,-0.0008040244899903959,-0.0006491753289551427,-0.0005459425549317887,0.000998578564111563,0.0009290949662110748
2025-07-24 12:25:00,25078.05,29.042751198597863,27.88476919892869,52.809269752022665,-1.9937754330845436e-06,-0.001485362697657866,-0.0007656097663095718,-3.3894182362659286e-05,-0.0010427445515100997
2025-07-25 10:00:00,24929.9,32.11583876157573,29.59869213067665,41.674782444104004,-0.002655445870220152,-0.0025190634539249412,-0.002176101789417517,-0.0035118472196038475,-0.003918988844720639
2025-07-28 14:00:00,24670.75,28.525930213094792,27.447527897251597,66.83827553451047,0.00034048417660592634,0.00037696462409941844,0.0008836375059533275,,0.00012970825775471262
2025-07-30 11:25:00,24898.7,64.28618081064793,62.4615295721985,32.44179204324482,-0.0011667275801547916,-0.0008996453630110146,-0.0012631181547630987,-0.002524228172555265,-0.0021748123396001517
2025-07-30 14:30:00,24887.45,58.35069454457751,56.742154181328935,21.797474536238802,-0.0008679073187490838,-0.0010587665670851454,,,-0.0017237603691820924
2025-07-31 10:20:00,24686.25,30.885587644801177,29.944919407982823,66.74868485591449,-0.00022279609094133512,0.001583877664691924,0.004109575168363078,0.006493493341434897,0.003214339966580493
2025-08-01 10:10:00,24745.65,39.366942202621615,37.0332091896802,41.85175151339743,0.0007597294878090022,0.000961785202651777,-0.0014305544610871967,-0.0037016606959203724,-0.007011333305045553
2025-08-01 12:10:00,24654.05,34.44562020050599,34.26879021312186,43.71369716067897,0.00043400577187124867,-0.0007544399398881074,5.475773757268598e-05,-9.329096030874506e-05,-0.0033219694127333277
2025-08-04 09:15:00,24639.75,38.29572958561098,31.156299424683954,41.17057849617346,0.0006818250996865061,-0.0014346736472569122,-0.0002840937915360442,0.0011444921316166035,0.00353696770462375
2025-08-05 10:50:00,24626.9,39.84335069095344,39.38243192040907,44.6716817315702,-0.0007897867778730028,0.0007410595730685809,6.496960640589577e-05,0.0003065753302282648,0.0009176956904848321
2025-08-05 13:50:00,24625.15,41.59878956472467,40.70857157477972,34.04170312473238,-0.0009522784632783887,-0.00070862512512615,-0.0007573557927565977,,0.0009888264640012245
2025-08-05 14:10:00,24612.25,41.82445864910338,41.56211396419616,34.32616127232009,0.00041036475738698286,0.00048756208798472755,0.002244817113429276,,0.0015134739814524067
2025-08-06 10:20:00,24633.2,46.13516389768647,46.047285852394864,27.111032724938855,-0.002602179172823793,-0.002823425295942039,-0.0031542795901466913,-0.000832210187876492,-0.0025818813633633475
2025-08-06 11:25:00,24569.4,35.30705570169667,34.92089462968919,46.16851822051554,-0.00012210310386084888,0.00044567632909209287,0.0019170187306161157,0.00206964761044226,8.140206923856752e-06
2025-08-06 15:10:00,24576.35,41.990478009706045,41.05756688526598,36.33144415172502,-0.0002746542916258754,,,,-0.0002746542916258754
2025-08-07 10:15:00,24483.05,26.620393867485998,26.573907595026654,56.616746942426175,-0.001786950563757328,-0.0026467290635766583,-0.0025119419353389905,-0.0017032191659127616,0.005865282307555786
2025-08-07 10:30:00,24439.3,23.96704357275022,23.51085402210716,60.100892660996564,-0.0008613176318470472,-0.001258219343434508,-0.000795849308286245,-0.00030074511135746995,0.007665931511950053
2025-08-07 11:00:00,24408.55,19.244103462861812,18.492698051529935,68.39324920708239,0.0005326002568772914,0.00046295253097783373,0.0010549582011221137,0.0010774912889131016,0.008935393540378422
2025-08-08 12:25:00,24436.3,44.81062268246789,42.55535040110452,21.976933339801292,1.841522652767935e-05,0.0009637301882854388,-0.00043787316410426325,-0.0014241108514790879,-0.003496846903991213
2025-08-08 14:15:00,24432.5,44.83720137565952,44.66213104925069,17.78609195374235,-0.001143968075309587,-0.0007060268085541388,-0.003573109587639345,,-0.0033418602271565456
2025-08-11 09:20:00,24408.9,38.818708472677756,36.79825200359381,39.84265426830806,-0.0013150940845347847,-0.000548980085132933,0.0010160228441264962,0.0025093306130141713,0.006278447615418958
2025-08-11 12:40:00,24460.65,55.766381289049235,54.321607258143786,18.04929938113482,0.0006377590129451605,0.0005948329255354157,0.001839689460419125,0.00393897954469713,0.0041495217829452535
2025-08-12 10:05:00,24689.9,81.19815915840704,81.03916654881947,49.292232420724545,-0.001302151892069281,-0.003819375534125369,-0.006061182912851071,-0.00505267336036197,-0.008264513019493935
2025-08-12 12:20:00,24617.8,53.34770503402809,51.541294069952116,27.65937851539337,0.0007961718756348546,-0.0007778924193062586,-0.0015557848386126283,-0.003200935908163949,-0.00535994280561225
2025-08-13 09:15:00,24566.3,42.39680898329502,37.1012223406124,34.28621299483502,-0.00045997972832700906,0.0010034071064832784,0.00046201503685949774,0.0010278308088722543,0.0026092655385629993
2025-08-13 12:25:00,24594.85,54.462704299037725,51.63425159365421,18.9632615152124,0.001034769474097308,0.0012441629040227387,0.0008253760441718772,0.0015735001433228035,0.0014454245502617535
2025-08-14 10:40:00,24656.5,58.1385053569133,57.782003413942526,21.684853577551625,-0.0004076004299068403,-0.00040557256707152156,-0.0015371200292012555,-0.0006570275586559315,-0.00164054103380451
2025-08-14 12:30:00,24648.0,52.210387220086474,51.31778339637938,23.384340071390767,-0.00024139889646224155,0.00031848425835767635,-0.0006166828951639225,-0.000760710808179188,-0.0012962512171372786
2025-08-14 14:50:00,24652.8,49.69928350943677,48.164703623323845,26.162627089475723,-0.0006084501557632738,-0.0010891257788161468,,,-0.0014907028816198986
2025-08-18 09:15:00,24943.3,52.82687514813692,46.701497228923714,29.224988244358777,0.001814114411485157,0.002950692169841229,0.0020265963204546544,0.0004891092998922097,-0.002375387378574567
2025-08-19 09:55:00,24907.5,48.820393711168094,48.405702220180316,20.817162077034986,0.0005781391147245962,0.00019271303824153208,0.0006945699086620127,0.001953226939676922,0.003300210779885626
2025-08-19 15:20:00,24992.8,59.96622436788011,56.85158426812657,17.202501918751146,,,,,-0.00012403572228791848
2025-08-20 10:05:00,24985.0,54.69155967624892,53.787786317453886,17.616168082111038,0.000526315789473708,0.0010366219731838822,0.0010346207724634127,0.0018411046627977434,0.002487492495497401
2025-08-20 11:25:00,25022.6,60.22100966527208,60.118133624529825,22.328498462885058,-0.0001238880052432112,0.0004435989865163581,0.0006793858352049931,0.00047157369737771404,0.0009811130737813478
2025-08-20 12:10:00,25037.1,63.338358604527755,62.51469240916839,30.901823509562963,9.985181989935477e-05,0.000361463588035571,0.0006470397929472238,0.001381949187406084,0.0004014043159952241
2025-08-21 09:55:00,25104.35,60.79054790435079,59.373234328041015,43.45948011856453,0.0004302043271386946,0.0011133528651410263,0.0009321093754668386,4.7800480793114275e-05,-0.0010914443114439232
2025-08-21 14:10:00,25125.35,55.72703912286491,54.10896544968094,21.824942257519908,-6.567072697483134e-05,-0.0007820786576107075,-0.0017452493199099361,,-0.0019263413245983463
2025-08-22 10:45:00,24912.6,20.179515119671485,19.19496801490104,70.41904545779805,0.0,-0.0001625683389128163,0.0010516766616091022,0.0005037611489768778,-0.0017320552652070331
2025-08-22 14:50:00,24895.65,34.0859139329399,32.36818885501617,45.0664339102736,-0.0009640238354893249,-0.0011909711134274747,,,-0.0010523926870759093
2025-08-25 13:50:00,25008.25,69.52329850251436,67.3073409993251,51.910249159989924,1.3995381524134487e-05,-0.000949686603420874,-0.0011136325012744974,,-0.0011876080893306051
2025-08-26 10:55:00,24793.15,32.830436544478005,32.26057863264659,49.43819131044542,0.00024805238543712527,0.0012644621599109396,0.0005243383757207454,0.00012301784968826723,-0.003325515313705618
2025-08-26 14:35:00,24790.05,41.223206067844,38.88531552232995,18.93261527281674,-0.0010649433946280373,-0.0028277474228570743,,,-0.0032008809986263653
2025-08-28 09:50:00,24596.65,28.05270061273221,25.459233407074585,53.5368161535632,-0.00029068999233639037,-0.0009228899057391882,0.0018437470143291002,0.00156728660203731,-0.0025836851766399827
2025-08-28 14:05:00,24549.9,32.82450490825916,29.738318701439596,48.61497763905062,0.0015417578075673788,-0.00017108012659927674,-0.002419561790475755,,-0.000684320506397329
2025-08-29 14:20:00,24524.1,47.6294561548625,43.5171054922733,28.397473561150647,-0.00266064809717792,-0.0023772533956393227,-0.004573052629861962,,-0.0036882087416050258
2025-09-01 09:15:00,24523.5,41.514435085111515,38.502101864550326,25.142438599896906,0.0007095235182581483,0.00045466593267695643,-0.00034252859502115207,0.0009256427508308462,0.004110343140253159
2025-09-01 12:20:00,24557.15,57.41619823553286,55.108857218431496,24.74302203864174,0.00037260024066299025,0.0003298428359967964,0.0012562532704323282,0.0021317620326462006,0.002734437831751535
2025-09-01 14:30:00,24616.05,67.45976690364407,67.1327488252463,40.76579674167387,4.468629207377006e-05,0.0003899894580976504,,,0.00033514719055260933
2025-09-01 14:55:00,24632.25,68.43024221670848,67.6061574280648,43.5410256803475,-0.00031665803976488327,-0.0003227476174527677,,,-0.0003227476174527677
2025-09-02 09:40:00,24688.75,71.2829914156096,70.52835346251759,51.77059082414722,0.0014460027340388315,0.001620171130575665,0.001940154928864457,0.0018186420940713433,-0.004607361652574582
2025-09-02 14:55:00,24574.45,34.54180907332579,34.028501007296846,35.03163268535569,0.0004211691411200036,2.2380968851765104e-05,,,2.2380968851765104e-05
2025-09-03 13:45:00,24639.1,55.44155166478797,54.06907488257186,24.53897502340193,0.0004099175700411628,0.001073497002731516,0.0010836434772374393,,0.003023649402778439
2025-09-04 15:20:00,24748.05,41.802184160723186,41.702984744063336,23.08987411307579,,,,,-0.0003333595980289372
2025-09-05 11:00:00,24697.6,41.415458146722614,41.30163769234167,25.825422146594477,-0.0003502364602228081,-0.00010122441046900299,-0.001538611039129334,-0.0023706756931847206,0.0018767005700959238
2025-09-05 12:05:00,24670.2,39.24483094494761,38.538078311102154,25.81165158945124,-0.000547218911885583,-0.001234282656808694,-0.0007357054259795603,0.003536655560149482,0.002989436648263899
2025-09-05 12:20:00,24656.7,37.09487292506235,36.89034653250422,30.167810341699862,-0.0006874399250508256,-0.0009084751811880842,0.0008456119432040943,0.004075971237026854,0.0035385919445829472
2025-09-05 12:55:00,24644.95,36.08871752227557,34.66783483693556,39.82627979414741,0.0010428099874417729,0.001734635290394193,0.005086234705284465,0.004199643334638514,0.004017050146176038
2025-09-08 09:15:00,24787.65,58.25427974466521,56.20269418254988,24.88418005818574,0.0014503190096679663,0.001611689692245788,0.0006918768015522492,0.0010872349738679787,0.00014321648078774452
2025-09-08 12:35:00,24852.3,65.40086810108068,63.8003953243206,22.731275471532342,0.00023136691573810708,0.0004748051488192573,9.254676629533165e-05,0.0009093725731623703,-0.002458524965496145
2025-09-09 09:25:00,24850.25,51.6084263377946,50.0014452347617,41.41743321155215,0.0001810846973371305,-0.000120723131558087,-0.0008490860252914345,-0.00036820555125205434,0.0011488818019940172
2025-09-09 11:05:00,24841.2,51.36845247300291,50.44694709481255,21.62003067085039,0.0004770300951644213,0.00016303560214470103,-0.0010124309614673033,0.0007447305283159178,0.0015136144791716433
2025-09-09 12:30:00,24853.05,53.51612598091303,53.28463560211624,14.648595161772755,0.00043053065921494493,0.0001951470745040762,0.0006981034520914253,0.0007624818684226486,0.0010360901378301257
2025-09-09 13:25:00,24859.65,57.44620818767209,57.31294657884111,9.971526286935282,-4.625970196692197e-05,-2.815807945810711e-05,0.000649647118925456,0.0007703246023174071,0.0007703246023174071
2025-09-09 14:10:00,24873.75,60.81670736566119,60.243824433774485,10.428283853585963,8.241620181914655e-05,-0.0013588622543846407,-0.0001366902859440966,,0.00020302527765214684
2025-09-10 09:15:00,24962.65,61.24329446434305,59.76496807039412,20.798983176627388,0.0011136638137376753,0.0016444568184867947,0.0018447560655618922,0.0007431102066486339,0.0005968917562837461
2025-09-10 14:55:00,24940.55,42.12239870648994,42.0668103170548,28.747094261498937,0.0015256279432489528,0.001483527829177822,,,0.001483527829177822
2025-09-11 10:35:00,24987.6,53.391771667922455,52.88218865903474,27.329659253697297,-0.00030014887384144373,-3.201587987633481e-05,-0.0010044982311225858,0.0004922441531001187,0.0008204069218331611
2025-09-11 11:05:00,24986.8,54.4931732796319,53.73441521733609,17.493338156140318,-0.00031816799270012464,-0.0009725134871211294,-9.60507147773626e-05,0.0008524500936493151,0.0008524500936493151
2025-09-11 12:10:00,24986.95,52.86031627123234,51.88818481823211,21.49497767291016,0.0007784063281033315,0.0005542893390348969,0.0008144251299178062,0.0010765619653458902,0.0008464418426417097
2025-09-12 09:25:00,25059.1,60.883909455615196,60.014424853830356,37.158253230542314,-0.0003751132323187578,-0.0001915471824606163,0.00048485380560370217,0.002943042647182148,0.0019394152224143646
2025-09-12 10:05:00,25073.75,68.4149705923675,66.83956375921339,36.0797675220988,2.193529089189461e-05,0.00019542350067314196,0.0011565880652075755,0.001980158532329579,0.001354005683234405
2025-09-12 11:15:00,25114.65,74.39486212912115,74.05406779741853,44.44047341753317,0.0005395257349793958,0.00040016484402527475,0.00040016484402527475,0.00023492264475111213,-0.00027673091203739286
2025-09-15 10:30:00,25095.85,45.33269479411626,45.292231105830055,16.264748614041046,-0.0008148757663118955,-0.0004423042056753701,-5.777847731780472e-05,0.0005678229667454016,-0.0010420049530101005
2025-09-15 10:45:00,25075.4,43.06793720647036,42.726912861058196,18.500419131390814,0.0003728754077700902,-1.7945875240288345e-05,0.0008354801917416221,0.0008574140392576535,-0.000227314419710134
2025-09-15 11:00:00,25084.75,42.477237841761195,40.695515747614465,18.74783374828412,-0.0003906756096831998,0.00038469588096368135,0.0008630741785349283,0.000613918815216552,-0.0005999661148705648
2025-09-15 14:40:00,25094.85,45.08163121181572,44.978153654173305,42.236193438789876,-0.00044232183097325795,-0.0011058045774332559,,,-0.0010021976620699924
2025-09-16 09:15:00,25106.75,46.28555372262249,44.21800302127258,28.207242776805025,0.0008324454578947371,0.001119220926643072,0.0023917870692145016,0.002156790504545647,0.005882880101964583
2025-09-16 12:40:00,25198.35,71.5566222087115,70.29571316716033,36.75597830207862,-9.32600745683354e-05,-0.00044050503306758415,-0.0007718759363211092,0.000515906795484522,0.002226336248206895
2025-09-16 15:25:00,25254.45,71.05400745008848,69.70200441279587,40.52048403488668,,,,,0.0
2025-09-17 15:00:00,25329.2,54.56371343572663,54.11027557514196,34.11371516081878,-7.303823255377928e-05,,,,3.750611941955029e-05
2025-09-18 14:45:00,25387.55,43.21276856668756,39.89083396219168,34.63196444896529,0.0013372696459486022,0.00183948431416181,,,0.0013077276066417731
2025-09-19 11:25:00,25316.3,39.29179808502931,37.6388323200629,37.94076580989458,-0.00032390199199727743,-0.0006379289232627539,-0.0008255550771636422,0.001131681959844144,0.0014299087939391164
2025-09-19 12:10:00,25305.0,37.652300605926875,35.4490094339463,22.765215720840274,-0.00037937166567869607,-0.00032799841928465856,0.0010136336692354586,0.0019304485279587613,0.0018770993874728248
2025-09-22 10:00:00,25322.2,49.19181257750658,48.35696993683549,20.919112451753104,-0.0004166304665471632,-0.0002033788533382097,-0.0008115408613785791,-0.0013328225825560702,-0.004817906816943274
2025-09-22 12:00:00,25288.45,41.382906393768806,41.205026910924786,33.79611146202657,3.954374427861396e-05,4.745249313420352e-05,0.000824487068207036,-0.0011665404562162252,-0.003489735432578911
2025-09-22 12:15:00,25289.45,42.7008085391885,40.34130966419118,31.12814296439187,7.90843612663572e-06,0.0006405833262486116,-9.687834255001082e-05,-0.0007433929958935437,-0.003529139621462729
2025-09-22 14:10:00,25276.5,39.13598454256572,38.640881498952936,32.29287726784336,-0.0015864538207425172,-0.0038593159654224385,-0.003202579471050182,,-0.0030186141277470657
2025-09-22 15:15:00,25202.05,32.65043345613748,30.4993905277561,39.55209347026498,,,,,-7.340672683364691e-05
2025-09-24 10:15:00,25106.1,40.48761501249761,38.54317327829702,31.696826750598742,-0.00043415743584218625,-0.0014199736319061573,-0.00197362393999867,-0.00042021660074642586,-0.0018003592752358077
2025-09-24 11:15:00,25056.55,34.477606796700755,33.24346731209332,47.61689225074921,0.0003651739764651829,0.0008540680979625126,0.0015564792439501929,0.0031289223775818886,0.0001736073002869265
2025-09-25 09:20:00,25081.2,42.69510123767367,38.89091986925456,49.678228653774234,-0.00036481508061825263,-0.001371545221121817,-0.0015509624738848649,-0.0018320495032135842,-0.007043123933464179
2025-09-25 11:00:00,25006.4,30.863006624581054,30.491907754005492,35.883433057684556,0.0007478085610082008,0.000531863842856195,-0.0010257374112228046,-0.00047587817518723874,-0.004072957322925452
2025-09-25 12:15:00,24987.35,31.431866429656274,29.919986452711463,33.85308745968766,-0.00031415896443598434,-0.0006243159038472612,0.00044022275271293765,-0.0008464282927159728,-0.0033136767204204887
2025-09-25 14:35:00,24961.6,36.53317637383863,35.07260284332715,21.146764938175714,-0.001077655278507672,-0.003210931991538879,,,-0.002285510544195901
2025-09-25 15:25:00,24904.55,28.17596407120545,27.641845882539283,39.53892676512756,,,,,0.0
2025-09-26 09:45:00,24814.35,23.360367826113507,22.6070116990867,54.62581177049349,-0.0006145637504105794,-0.0015716712305581249,-0.0004735163322835412,-0.0023232524728633575,-0.005692270802982957
2025-09-26 14:15:00,24647.55,22.955862210709007,22.654248486325617,63.05228017269598,-0.00018865972480019977,0.0005598933768264924,0.00018865972480019977,,0.0010366141868054513
2025-09-29 13:00:00,24681.35,39.60979867065507,35.10474134257155,39.4435655724754,-0.00040719004430467276,0.0013897132855376082,0.0021129314239294317,-0.002619386702915283,-0.00015396240481169166
2025-09-30 09:20:00,24706.6,48.957989870548595,46.28449337099486,34.462593445070496,-0.002078392008613039,-0.0019326819554289498,-0.002436595889357407,-0.0023435033553785845,-0.002954676078456786
2025-09-30 09:45:00,24665.65,46.3944492034227,44.65247506958695,21.38581897628,0.00012365374518807926,-0.0006689464903620879,-0.0022744180672312764,-0.0007844917932429141,-0.0012993778797640854
2025-09-30 10:15:00,24649.15,43.68963700453246,42.86241418455667,16.337426615512687,-0.0009371519910423842,-0.0016065462703582778,0.0006186825914888949,0.0006754796818551068,-0.0006308533965675434
2025-09-30 10:50:00,24628.0,39.51307263045308,39.34768103404493,29.314611783677055,0.001427237290888561,0.0008405067402956767,0.0003451356179957621,0.0013846028910182717,0.00022738346597361847
2025-09-30 14:40:00,24640.3,43.18070471506211,41.66387057423211,25.74489702634248,-0.00031655458740353914,-0.0010328608012077911,,,-0.00027191227379541605
2025-09-30 15:25:00,24633.6,44.93768427733451,42.616116334551464,30.257285259696516,,,,,0.0
2025-10-01 14:35:00,24839.4,70.93376555453014,70.51800989263747,29.56575017951107,0.0004146638002529013,-0.0003341465574854263,,,0.0005636206993728798
2025-10-03 11:20:00,24817.25,54.24672638583859,53.946428166996135,19.77089533585059,0.00019744331060045361,0.0003747393446089653,0.00018535494464533286,0.0006950810424199982,0.0031329015100383106
2025-10-03 13:10:00,24843.65,57.72783278051943,56.0525075755177,14.087766165935482,-0.0007567326057162926,-0.0006198767089377055,-0.0013927100083925836,0.0018052902854450714,0.0020669265586981123
2025-10-03 14:35:00,24867.05,55.36790443351597,53.362441407322684,21.133208750031244,0.000575058159291153,0.001317003826348584,,,0.0011239773113418394
2025-10-06 09:35:00,24926.85,67.38695959202165,67.11249126527976,43.5923598240211,0.0005957431444407746,0.00130180909340738,0.002455183867997812,0.0031973554620821076,0.005845102770707156
2025-10-07 09:45:00,25161.05,74.08381034648772,73.7468823550407,36.465924818662366,0.0015440532092263481,0.0007809689977167356,0.00013115509885319732,-0.0015798227816407051,-0.0019176465211110383
2025-10-07 13:05:00,25191.1,67.28756071269649,65.328785923437,43.215658178534675,8.931725887317832e-05,7.740829102353963e-05,0.0007264470388352873,-0.0031697702760101754,-0.00310824060878645
2025-10-08 09:25:00,25176.6,48.5720647263221,46.578949234796724,38.69407019828486,3.17755376024742e-05,-0.00046074529523443264,-0.001765528308031894,-0.0055686629648163954,-0.006069127682053921
2025-10-08 12:05:00,25039.35,33.507394925874365,32.78026025669297,33.15338021078488,-0.0009804567610580683,-0.0005631136591005559,0.002274420062821081,0.0009125636248545899,-0.000621022510568281
2025-10-09 09:20:00,25105.15,45.34329911479276,40.525331770798736,47.46482899712856,-0.00029476023843721944,-0.0018024190255784278,-0.0013244294497344322,0.001455876583091431,0.0025950850721863095
2025-10-09 10:20:00,25071.9,46.317265337343805,44.647672622087356,27.957739412479363,0.0011167881173743677,0.0006760556639104909,0.0027839932354547514,0.003252645391853104,0.0039247125267729555
2025-10-10 09:20:00,25236.25,63.467967514098376,62.660045552648356,24.012498043714647,0.0003150230323443193,0.001220466590717617,0.0016345534697113084,0.002145722918420967,0.0016622913467729816
2025-10-13 10:25:00,25206.3,37.443234018644084,35.6040693594897,54.183130710821125,-3.967262152682061e-06,-0.0005831875364492589,-0.0009719792274153205,-0.0006069911093654623,0.0012239003741130183
2025-10-14 09:15:00,25293.3,59.20417945391479,55.11316951711587,24.534324012308293,-0.00038745438515330743,-0.0023267031190077336,-0.004416189267513526,-0.006029264666927658,-0.006719170689471143
2025-10-14 12:50:00,25089.95,31.81036918282476,30.899302385550644,45.90142508541707,-0.0005998417693139357,0.00025906787379015306,0.0007353541956043319,0.0033359970824970997,0.0013312103053213509
2025-10-15 09:15:00,25239.95,53.58576256749232,49.367054207588055,20.16707931298408,0.000536847339237978,-0.0007250410559450637,0.0005051515553715635,0.0020780548297441026,0.003478612279342874
2025-10-15 13:20:00,25343.0,67.2890446230291,66.34832752107367,42.59256799864753,0.0004300990411554295,-2.367517657730911e-05,-0.0006786883952176748,-0.0003886674821449443,-0.0006017440713411704
2025-10-16 09:20:00,25413.6,63.55439581183434,59.372624553742924,44.91836482576949,7.869801995852299e-06,0.0014775553247081685,0.0014126294582428311,0.0014716529732112793,0.006008593823779496
2025-10-17 10:55:00,25727.75,77.033527804838,76.14594529029647,45.49579620770991,0.0008900894948062898,0.0015022689508410458,0.001053337349748773,-0.0010319596544586807,-0.0008959197753398707
2025-10-17 14:30:00,25705.45,52.00906942286905,50.692117260969624,21.83975898105021,0.0006982954976473277,0.00020229173190910998,,,-2.9176692102228508e-05
2025-10-20 09:15:00,25902.8,59.94446559248367,54.15669285178828,24.817413564000226,-0.0011620365365906382,-0.003188844449248718,-0.0022873975014283676,-0.002185091959170382,-0.0020113655666568198
2025-10-20 10:55:00,25881.0,64.89812477718864,64.20877350511451,27.636281356745418,-0.0002781963602642712,-0.0010084618059579276,-0.0014547351338820569,0.00016807696765952507,-0.0011707430161121968
2025-10-20 12:55:00,25885.35,64.69785889410412,61.59387090327458,24.517474701293484,0.0005041461676200676,0.00010816929266943554,-0.001195657002899253,-0.0024608514082288258,-0.001338594996783793
2025-10-20 15:20:00,25849.5,49.08256230037815,48.9710804220139,27.93093118162545,,,,,4.64225613647784e-05
2025-10-23 09:20:00,26028.55,59.38253439085318,53.43717981952493,39.01667657015943,0.0019862804497370323,0.0013523611572676675,0.0019401772284663998,0.001041164413692064,-0.006079862305045758
2025-10-24 09:30:00,25875.4,33.965463760855855,32.27519705064124,31.23724665862852,0.000301444615348867,0.00040579082835434654,-0.0016714717453643058,-0.002444406656515463,-0.0030125138162115928
2025-10-24 14:10:00,25755.4,32.37007418000161,31.563986730263302,47.12027337926861,0.0007843015445303525,-0.00011259774649208243,0.0017122622828609213,,0.0016326673241340295
2025-10-28 09:25:00,25988.85,56.41156238903014,55.661447425534746,30.67759956586664,0.00117935191437879,-0.0007137676349665556,-0.0033610567608800546,-0.004180639004803921,-0.0009023100291085662
2025-10-28 11:30:00,25872.5,38.36463131799462,37.40847683480543,36.945714467007974,0.000579766160981654,-0.0010571069668566802,5.604406222836644e-05,0.002576094308628818,0.003590685090346879
2025-10-28 15:00:00,25920.15,43.09405064111719,40.41494601017843,36.75142072525056,0.001622289994463788,,,,0.0017457460701424399
2025-10-30 10:25:00,25938.05,39.60703210966686,38.482112007313056,30.230816257489874,-0.0007807063368294731,-0.0008366087658864263,0.0006399864292034874,-0.0006978165282277571,-0.001806226759528906
2025-10-30 13:55:00,25889.0,36.846065181528594,36.23138036332943,36.746033502178726,1.3519255282146148e-05,0.00026459113909371723,-0.0010313260458110207,,8.497817605945812e-05
2025-10-31 11:30:00,25795.75,33.7672040189139,29.93252207932739,52.696702852621456,-3.1012860645662776e-05,0.0011668588817925762,-0.00013761956911506612,-0.000542725061298821,-0.002450015991006249
2025-10-31 15:20:00,25728.35,32.31770879966216,31.070739332516986,43.53361988664948,,,,,0.00016324404790823976
2025-11-03 09:35:00,25709.7,31.654075916629534,28.638583371283058,51.52515471456834,0.0013185684780452345,0.00012057705846424405,0.001911729814038976,0.0010307393707433832,0.002512670315095056
2025-11-03 12:40:00,25733.2,43.204069496186385,42.49488422690702,30.82583516149001,0.0008490976637183234,0.0007344597640401851,0.000868527816206166,0.0016981953274368689,0.0015971585345000427
2025-11-04 10:30:00,25710.5,40.36843196648997,39.80954611634003,35.00188166503505,-0.0005211878415434246,-0.0005386904183115604,-0.0021411485579820866,-0.0014993874098130355,-0.004832655918788009
2025-11-04 11:45:00,25664.7,35.299912391338765,33.81876112132944,37.423955714397295,0.000533807135871589,0.0008162963136135737,0.0005260143309682164,6.0394237999972233e-05,-0.003056727723293129
2025-11-04 15:00:00,25596.95,29.58529413233645,27.647270158843455,48.86100521103392,-0.00015236190249234838,,,,-0.00041801855299172797
2025-11-06 10:45:00,25540.15,31.308897710988454,30.062976043357907,37.22013874086859,0.0012744639322792573,0.00015661615143214291,0.00044831373347453685,0.0022650610900876167,-0.0007909115647324327
2025-11-06 14:30:00,25553.85,44.91263467834476,43.64132873519351,28.79315547225541,-0.0009489763773364857,-0.0015164055514139685,,,-0.0013266102759466047
2025-11-07 09:55:00,25342.25,31.727409883048637,31.476126752111853,40.501902570746736,3.9459795400986764e-05,0.0005761130128538738,0.0005603290946936124,0.003776302419872035,0.006650948514831834
2025-11-10 09:15:00,25554.6,55.94616884013969,55.93158963576828,28.520256783931707,0.00018587651538282124,0.001019385942257145,0.001872461318118912,0.0031990326594819596,0.0007689417952150279
2025-11-10 10:20:00,25618.05,64.55621153309215,63.519362095013,44.34227746246905,-0.000622607887797888,-0.0005367309377567464,0.0010031989163890032,0.0005621036729961393,-0.0017097320053633958
2025-11-10 11:25:00,25649.8,71.82470928996588,70.19007300851611,43.07076746899954,-0.0006549758672581563,-0.001128663771257532,-0.0006530265343199781,-0.0004502959087400171,-0.0029454420697236916
2025-11-11 10:15:00,25506.4,35.59154622265035,33.98074592902641,14.764385021272783,-0.0014349339773548353,-0.001950490857196674,-0.0014114104695291951,0.0017701439638677652,0.007807844305742773
2025-11-11 10:45:00,25456.65,28.885756717378626,28.203857768776274,24.263443706861146,0.0009722410450707653,0.0005401339139281536,0.0018659171572064093,0.004908344185114544,0.00977740590376186
2025-11-13 10:05:00,25894.9,50.80214380363736,49.71504263365463,26.673618682652684,0.0007067028642704365,0.001131496935689924,0.002821018810653886,0.0033616658106421227,-0.0004170705428483412
2025-11-14 09:40:00,25856.2,38.46860582372834,37.91757941486006,27.229189017322526,-0.001759732675335135,-0.002945135015973044,-0.0033299556779419204,-0.002562248126174782,0.002343731870885879
2025-11-14 13:10:00,25799.6,42.82271546643012,42.514016183694764,23.84756277152185,0.0007248174390301898,-0.0014399448053457053,-0.0009767593296019506,0.005062093985953364,0.004542706088466408
2025-11-14 14:15:00,25771.9,40.71194934811675,39.753843713065976,32.37886605352071,0.000434581850775384,0.0005218862404401392,0.0056747853282062,,0.005622402694407391
2025-11-17 12:40:00,25987.2,66.97749076496407,65.67628043375282,28.947334384321596,0.00026551533062413313,-0.00024050301686984188,0.00024242704100485568,-0.00023280692033000872,0.0010428210811475047
2025-11-17 14:00:00,26018.25,68.26130174947731,68.1829567732257,20.58831202130983,-0.0013548182525726649,-0.0006111095096711372,-0.00031516339492476675,,-0.0001518165134088978
2025-11-18 10:50:00,25909.05,38.04179725805666,36.86499627049055,44.93305331238743,0.0008298258716548101,0.001318072256605296,0.0025724602021302,0.0014647391548512356,-0.0005538605236393712
2025-11-18 13:00:00,25960.15,49.571911881136145,49.52368653837073,25.133662434051125,0.0002773481663240762,0.0005585483905139466,0.00098034872679853,-0.001423335381344093,-0.0025211718730439037
2025-11-19 09:50:00,25912.1,42.134282613810996,39.795197194068535,31.830831683096793,0.0008123617923674331,0.0021283493039931933,0.0021360677058208655,0.002317450148772382,0.005426036484885488
2025-11-19 11:35:00,25954.0,52.03047255140325,50.60898863170085,21.047836954982277,0.0006993141712261508,0.001400554827772238,0.0024061801649071235,0.0017376897588039508,0.0038028820220390447
2025-11-19 14:25:00,26045.15,66.57160656251763,65.81062356717884,29.977599070485763,0.0006277560313532327,0.00037243018373844805,0.00028988122548723183,,0.00028988122548723183
2025-11-20 09:25:00,26104.95,71.08745173726875,70.91839534924208,45.5051259163239,-0.0010342866008170581,-0.0010630167841730875,0.00033710081804416703,0.0012124137376243738,0.003541473935019912
2025-11-20 10:45:00,26140.4,72.89088591342036,72.70317221012745,41.30983723367561,-0.00014536885434046631,-0.0004820125170235112,-0.00024100625851186663,0.0012891922082292062,0.0021805328151061065
2025-11-21 11:00:00,26085.7,34.89148824437666,33.47860118402425,51.87220334927172,0.0005309422403845243,0.0,0.0007992884990626337,0.0031128166006662017,-0.0008337901608928
2025-11-21 14:05:00,26142.95,51.12367632113819,49.52721307570599,23.317165491776603,0.00023715762758214076,0.00010901600622714724,-0.0027827770010653285,,-0.0030218471901602983
2025-11-24 09:25:00,26113.7,42.8859099888915,41.13761803510377,42.0403958604313,-0.0014858101303146798,-0.0010837223373171279,0.00028912027020289166,0.00034081727215973245,-0.006523395765441253
2025-11-24 11:35:00,26118.25,51.2178501612847,49.89670598520364,26.245757459360505,-0.0018531103730150544,-0.001736333789591482,-0.0015774410613268453,-0.0018301379303743426,-0.006696467029758901
2025-11-24 12:55:00,26084.75,45.02804699841432,43.472812106494864,22.560854528893916,-0.00015909679027026336,-4.983754875931279e-05,-0.0005827159547244776,-0.0017519815217703627,-0.0054207918419766354
2025-11-24 14:55:00,26039.05,35.827432019388056,35.07227814191391,46.17649178324596,-0.0032508866490904564,-0.00367524928904861,,,-0.00367524928904861
2025-11-25 09:20:00,25955.85,29.447836840599255,27.985859567087466,53.16979980036481,0.0005258930067788548,0.0010806812337105232,0.0022865750880822766,-0.00021575097713999458,-0.00368125104745165
2025-11-25 11:25:00,25962.8,37.96963595296407,35.650608574436966,33.130127923599304,-0.00041020228942945103,0.0009494353459564842,-0.000186805737439677,0.0017871724159181923,-0.003947956306715739
2025-11-26 09:20:00,25969.3,37.46836316834535,35.80542849212859,57.831212460294225,0.0013092382158934601,0.004120249679429255,0.004162607386414052,0.006205404073271081,0.008987535282044545
2025-11-27 09:25:00,26283.8,70.43093445634625,67.24719868809969,29.352743411474997,-0.0017957829537585956,3.8046249020151635e-06,-0.0001674034956892223,-0.00017311043304235607,-0.0024330576248488
2025-11-27 14:05:00,26185.5,41.08295117461115,39.10466140674333,28.063285724748074,0.0005231903152509432,0.0012067747417463526,0.0010425617230909179,,0.0013117946955376603
2025-11-28 10:35:00,26267.65,56.52285101718646,55.62753618372278,20.528887197428357,0.00016179597337417917,-0.0007499719236399027,-0.0008851191484582355,-0.0011972902029683263,-0.0024021943340954977
2025-11-28 13:35:00,26229.5,47.61381517326775,46.938173154678644,28.26785106721169,-0.0006576564555176301,-0.0009245315389161401,-0.0004784688995215225,,-0.0009512190472559245
2025-11-28 14:30:00,26211.05,41.21928095018468,40.366469732379656,39.38080003765607,-0.0002022047953057493,-7.248851152463764e-05,,,-0.0002479870131109063
2025-12-01 12:55:00,26184.95,38.54384654646679,38.08426906870224,50.62236055563232,7.637975249141782e-05,-0.000433455095388835,-7.447025867912682e-05,-0.001642164678565372,-0.0003437088862113802
2025-12-01 15:05:00,26178.3,41.7432297211716,40.9548871505151,29.047600582820703,0.00010313885928425748,,,,-8.976900715473857e-05
2025-12-02 10:35:00,26083.1,33.28689143342939,31.970701619528022,49.122991147040246,0.0003469679600969222,0.000523327365228976,-0.0004313137625512331,-0.0004140612120491216,-0.001000647929118803
2025-12-03 10:20:00,25925.15,32.544992686616325,31.398499593098556,47.43923619190402,-0.0004590137376254688,-0.00019093428581895555,-0.0012208222517516854,0.0014387573456662306,0.0023124263504741283
2025-12-04 14:10:00,26004.05,44.33177088207483,41.47068180107001,32.470235375813516,0.0003826327052902645,-0.00013267164153274447,0.0012940291992977748,,0.000501844904928328
2025-12-05 10:00:00,26085.15,56.99892348264035,53.663805168512226,19.506553439331277,0.0007820541572503004,-0.0014606011466294921,0.001997304980036585,0.0020893113514777184,0.0035077429111967096
2025-12-05 10:40:00,26096.25,56.177599872373015,55.63806560200016,21.61908139184472,0.0007855534799061648,0.0018106049719788242,0.001737797576280009,0.003600134118886933,0.0030809024285098907
2025-12-05 12:35:00,26192.05,67.98347548472226,67.61360269135231,27.285383319283014,0.00010308471463682523,-0.00017753478631865605,8.972188125788705e-05,-0.0015329078861714418,-0.0005879646686685058
2025-12-08 11:15:00,26059.9,36.05687848981681,35.68420576087812,35.73235098578762,0.00019954028987045902,0.0005007693813099401,-0.0007137402676142823,-0.002137383489575928,-0.004877225162030596
2025-12-08 13:45:00,25936.6,22.500347831313505,19.730296757904707,51.20274715355487,-0.0005686944318067377,-0.00044724443450561147,0.00031229999306003897,,-0.00014651110785524057
2025-12-09 10:05:00,25778.1,23.29393508896045,21.884947943363645,54.80877731711579,0.0023935045639515984,0.001348043494283857,0.0026572943700273743,0.0043622299548842225,0.0024691501701057383
2025-12-09 15:25:00,25841.75,43.92294359423599,43.55149009451052,24.44347230925881,,,,,0.0
2025-12-10 13:15:00,25826.95,42.304766586653045,38.75516984715875,32.7168744442456,0.000286522411666823,-0.00033685742993272427,-0.0027858496647881204,-0.0027393865710043652,-0.003264032338313294
2025-12-10 14:55:00,25758.95,38.085595259247356,36.401268846548064,23.153255031498,4.464467689868634e-05,-0.0006327897682164574,,,-0.0006327897682164574
2025-12-12 09:15:00,26002.55,61.32707318226181,58.33304554498194,19.23288111203029,0.0010691259126507369,0.0005018738546795909,3.268910164577754e-05,-0.00040380654974225827,0.0015556166606736088
2025-12-12 11:55:00,26028.3,65.48910266477439,64.73060369767308,34.114936291041076,-0.0005417180530422616,-0.00020170353038806432,-0.00022667634843609452,-9.60493001848084e-05,0.0005647698850865801
2025-12-15 10:20:00,25968.2,45.31597305317964,44.738378231737,38.86520357562119,-0.00046017821797428304,0.0009299835953202606,0.0003176962592710275,0.0021256767893038653,0.0017636955969224655
2025-12-16 10:30:00,25913.25,32.988515314281834,32.41636503779494,38.73584445932812,-0.00044571792422787304,-0.0005074623985799054,-0.0008856473039854373,-0.0002759206197602282,-0.002388739351490088
2025-12-17 10:15:00,25848.75,41.23554325344107,41.08943089139974,27.09462178262541,-0.0010406692780116078,-0.000754388510082693,-0.0003501136418588846,-0.001564872576043319,-0.0010097200058029054
2025-12-17 11:00:00,25822.25,37.862882491986745,36.254460954991885,27.88730056778153,0.000675773799726942,-0.00033498242794494093,-0.000954603103912377,-0.0010591640929817903,1.5490516899197004e-05
2025-12-18 10:10:00,25791.15,42.94248901225756,39.64527919513265,35.50121246564882,0.001496637412445656,0.002374845635033651,0.0015722447428672126,0.0033984525699706225,0.0009499382540134604
2025-12-18 15:05:00,25815.7,40.830670486999395,38.292962004623014,24.972995282910485,3.292570025204e-05,,,,-1.9368058971069857e-06
2025-12-19 13:35:00,25969.6,59.05919897152313,58.10134852147888,17.055938537141742,0.00014054894954096397,-9.049041956743498e-05,0.000198308791818258,,-0.00031575380444814893
2025-12-19 14:15:00,25978.35,61.27760960422854,60.80923856728518,15.619264348240167,-0.00041765547080541143,3.8493591779209524e-05,-0.00030794873423445335,,-0.000652466380659189
2025-12-22 09:20:00,26121.05,64.26035866729502,58.04252908086551,30.953617890569603,-0.0003024380719763853,-8.230909553785803e-05,0.0002813822568388247,9.570825062543697e-05,0.001596413620432502
2025-12-23 11:10:00,26189.75,61.68494077707016,60.981123423311445,25.61393251708713,5.7274315333311066e-05,-0.0007445660993327108,-8.972976068877259e-05,-0.00011836691835542812,-0.00090875246995481
2025-12-23 13:25:00,26191.9,57.30007628749276,57.22038237498768,19.878184597517233,-0.0003016199664782615,0.0002252604812937875,0.0008265914271206043,-0.0009907643202670124,-0.0009907643202670124
2025-12-23 13:55:00,26197.8,57.98720605172808,57.57666966804915,13.790827786731125,0.0002137584071946197,0.0006011955202345209,-0.0003320889540343597,,-0.0012157509409186362
2025-12-23 14:10:00,26203.4,59.20660444579687,58.88366457249865,18.92626665641563,0.00038735431279901533,-0.0013815001106727287,-0.0007403619377638337,,-0.0014292038437759835
2025-12-24 09:25:00,26217.1,53.209623029612125,52.014846268318934,25.978272824901765,-5.3400261661229464e-05,0.00018117945920792522,0.0005282811600062498,-0.00015447932837719947,-0.0028778926731025667
2025-12-24 14:55:00,26148.1,33.493569263182565,30.649275808147255,40.12530900860692,0.0002562327664343833,-0.00024667184231352834,,,-0.00024667184231352834
2025-12-26 10:00:00,26094.85,29.682589750317206,27.025287920059576,61.06730563488074,-0.0002088534710871226,-0.0001552030381473113,-0.00027208433848047164,-0.001548198207692253,-0.0018087860248285903
2025-12-29 11:50:00,25982.15,31.719838146388383,30.476815971511325,48.52124427009609,-8.852231243383635e-05,-0.0006754637318313605,-0.0009102402995903036,-0.001041099370144627,-0.0012450855683614481
2025-12-30 12:30:00,25894.3,36.795757968066184,35.46037364011863,39.007956384793026,0.0006681007016988705,-0.00022205659160512425,0.0007646470458748666,0.0016567352660625811,0.002944663497371991
2025-12-31 10:25:00,26018.1,64.00350404200094,62.57546337210227,18.94796066987133,0.0008782347673350621,0.0010204434605141088,0.0010165999823199545,0.002976773861273596,0.004756304265107758
2025-12-31 11:50:00,26076.7,71.95835180337446,71.29674897015799,49.77558283635127,0.0002780259772132698,0.0007669682130024835,0.0025923525599480524,0.003136899991179831,0.0024983989538551743
2025-12-31 12:10:00,26089.55,73.49892601615477,72.2908739634014,51.72024820361158,0.00022997713643979623,0.0012667907265553335,0.0025220825962886106,0.0029686215362090262,0.00200463403929918
2026-01-01 13:00:00,26151.8,50.167109950467164,49.81132770164927,20.16970735897234,0.0005219525998210184,-0.00019883908564610753,0.0006194602283591255,0.0003823828570117538,-0.0004416521998485967
2026-01-01 13:50:00,26158.4,51.224535567735074,50.043470072687974,17.62698576850264,0.00017776316594275698,9.748302648482365e-05,-0.00011468591351149193,,-0.0006938497767448037
2026-01-02 09:20:00,26192.45,52.728131835647034,48.74970139596235,35.60261720514186,0.0007330356648576064,0.002884418983333026,0.0022735559292850205,0.0027927895252257695,0.005469133280773697
2026-01-02 11:50:00,26294.6,74.76945556492517,74.12055135737954,41.00919523021153,-0.0003137526336205454,2.8522966692756668e-05,-7.986430673978528e-05,0.00040882918926321565,0.0015630585747645753
2026-01-02 15:25:00,26335.7,66.88661511180158,64.8375587171718,41.94867818638579,,,,,0.0
2026-01-05 10:20:00,26367.7,61.230673532472835,59.52006262868005,27.54397316262194,-0.00017824838723135006,-0.00042665837369204596,-0.0017805876128749176,-0.001149133219810583,-0.004666694478471789
2026-01-05 14:40:00,26257.15,35.119797051207044,30.338948391273668,45.13216237334799,0.000874047640356812,-0.0003008704295782705,,,-0.00047606080629469805
2026-01-06 09:30:00,26215.05,34.79591394702935,32.92248658315922,42.2994842899539,0.00045965962300287266,0.0016936835901515401,0.0006198729355846311,-0.0016898689874709216,-0.0015410994829305746
2026-01-06 11:35:00,26177.3,36.99799410870921,36.84183114440801,33.060859695805334,0.0005730155516421309,-0.0007067191803585837,-0.0006169467439345322,-0.0008270524462032913,-0.00010123274745665878
2026-01-07 13:05:00,26106.15,38.86909648320364,37.121407302918655,40.08726505942212,-0.000626289207715458,-0.0009537982429428382,-0.0002394071894936678,0.0015073076650520267,0.0014077142742228155
2026-01-07 13:45:00,26082.9,36.56335243630315,35.01804499032158,34.249607548942535,0.0006230135452729435,0.00032205007878727265,0.0005501688845948038,,0.0023003577056233127
2026-01-08 12:20:00,25923.3,23.64948748887817,23.392196529014477,65.25301910264166,7.522190461872746e-05,-0.0003298191202508738,-0.0005226957987601866,0.0001543013428073614,-0.0020984982621810033
2026-01-09 13:00:00,25689.25,24.9020690825271,22.158479414552424,56.156110699919616,0.0005157799468649138,0.0002121509970123281,-0.00025886314314360614,-0.0003814825267378641,0.0005624920929960808
2026-01-12 11:50:00,25492.15,27.03871973660696,25.805921190572427,57.489271432067675,0.0010924931792728465,0.005990079298921369,0.009193026088423206,0.009971697169520732,0.012315555965267677
2026-01-12 14:20:00,25763.55,62.49376876456241,62.249489841259056,37.520630861290975,-0.0007238909234169588,0.0009431929994119237,0.0013080495506248013,,0.0016515581121390177
2026-01-12 14:55:00,25810.45,65.99706997634775,65.10062893399747,29.269062025696044,-0.0012378707074073292,-0.00016853638739355858,,,-0.00016853638739355858
2026-01-13 09:20:00,25836.3,68.33224191865898,67.81058245240612,38.6783031402057,-0.0038705232560389824,-0.0035957161048600916,-0.002986108692033973,-0.0021307230524494347,-0.004725908895623521
2026-01-13 11:35:00,25810.35,59.661415054283445,58.83039112923596,20.950251091964734,-0.0018306609557793285,-0.0026171671441882483,-0.0038395449887350663,-0.005335069071128351,-0.0037252497544588703
2026-01-13 13:40:00,25676.15,39.846323941324435,39.14725472837841,41.82517341670861,-0.0004868331116619773,-0.001542287297745304,0.0006426197073938766,,0.0014819199918991721
2026-01-13 14:35:00,25662.2,38.85301696038289,34.678848759166044,37.802104343348056,0.0020146363133324297,0.0033025227766909637,,,0.0020263266594446883
2026-01-14 10:55:00,25728.8,50.290375588504226,48.2017012531263,20.331199809459164,-9.91107241690159e-05,0.0016168651472281415,0.001820916638164416,0.0007928857933523492,-0.0023203569540748425
2026-01-14 14:40:00,25676.65,38.88101112716994,38.71504341697361,43.50822712400044,6.03661303169023e-05,-0.0009269121945426617,,,-0.00029404147347888987
2026-01-16 14:30:00,25701.7,40.14592135186102,38.621406989124345,34.2650884189648,6.614348467226527e-05,-0.00017119490150463434,,,7.781586432109577e-06
2026-01-19 10:20:00,25540.65,29.45422317864517,27.649916877514997,55.825231054837175,-0.0014427980493840753,-0.0008222186984278013,-0.0009044405682706591,-0.0003719560778602249,0.0005814260796024318
2026-01-20 10:25:00,25482.6,38.46755360961118,37.44027821954109,39.070380249739316,-5.8863695227007184e-06,-0.0006435764011520906,-0.0007279476976446153,-0.001948388312024596,-0.010095123731487354
2026-01-20 11:15:00,25451.2,34.40464293191301,33.79711255174796,28.900431512617562,0.0002514616206701348,0.0007956402841515775,-0.0007367039668070285,-0.0012730244546426128,-0.008873844848180101
2026-01-20 12:45:00,25423.05,33.660401620533065,31.32787390827338,34.45621097170617,4.326782191754752e-05,-0.00016717113013586804,-0.0022931945616281313,-0.0030090803424451806,-0.007776407630083804
2026-01-20 14:15:00,25359.65,26.787026070945256,26.658422972332435,48.06150532855816,0.0007689380571103133,-0.000516568643494808,-0.006293462252042192,,-0.005295814413842526
2026-01-21 09:15:00,25242.4,23.407038150938423,22.530417465169077,54.1722265179439,1.782714797315954e-05,-0.0017232909707476374,-0.003880375875511044,-0.00660594872119924,-0.002943460209805848
2026-01-21 15:00:00,25177.5,46.670427623432744,46.43319972221622,13.310495360979116,-0.0006990368384469647,,,,-0.0003733492205342248
2026-01-22 12:25:00,25255.25,49.62920345320266,48.66510996060017,23.835976940349944,-0.0004078359944961196,-0.001795666247611849,-0.0030171944447194843,-0.0008077528434682346,0.0025816414408885713
2026-01-22 13:50:00,25233.4,46.838756071996826,44.91342876152671,19.322709104950196,-0.0008560083064510504,-0.00140488400294847,0.00182892515475519,,0.0034497927350258806
2026-01-22 14:25:00,25234.85,47.87450521826016,45.09276700632353,18.79992601483378,0.0019655357570980136,0.002462863856928177,0.003392134290475468,,0.003392134290475468
2026-01-23 12:35:00,25216.65,41.04475601065232,40.61000119259018,28.85672118706513,0.0004937214102584964,-0.0011658963422976898,-0.006111041712519416,-0.005093856638371919,-0.006023797768537897
2026-01-23 14:25:00,25069.35,29.52838161913504,27.188810162564394,47.77012709117223,0.0005704176614074186,0.0008496430900681862,-0.00018349099597714247,,-0.00018349099597714247
2026-01-27 11:10:00,25029.4,40.99609310872711,40.752231716059825,30.59947332001416,0.001130670331690009,0.005004115160571088,0.003633726737356735,0.0023792020583792706,0.008178382222506109
2026-01-27 13:15:00,25098.05,50.24974699625548,49.394146805012944,19.48509636895719,0.00035261703598488126,-0.0015698430754579329,-0.002737264448831711,0.004177615392430889,0.005420739858275736
2026-01-27 14:35:00,25092.4,46.70970216268429,44.52674022774856,29.363206902813854,0.001996620490666512,0.0022038545535700838,,,0.005647128214120389
2026-01-28 11:25:00,25336.95,66.40562163175701,65.2173650654804,34.02708266162813,-0.001754354805925784,-0.0005979409518510614,-0.002571343433207307,-0.003879709278346466,0.00043809535086114515
2026-01-28 14:40:00,25251.55,47.960571652067074,46.40844274155992,25.726575439987183,0.002738445758775354,0.0030928794470044263,,,0.003821547588167773
2026-01-29 10:55:00,25234.0,45.34075854704895,43.59664882401318,30.855409086202812,0.0009431719109138648,0.0017595307917888103,0.0009828009828010131,0.0034794325116904723,0.007454228421970299
2026-01-30 11:00:00,25300.45,47.02660959999256,46.83363182546023,13.509829778074446,-0.0019011519557953216,-0.002158064382254188,-0.001664002023679556,-0.0009288372341202944,0.0006067085763297175
2026-01-30 11:50:00,25287.4,44.22076184664862,42.72891144397854,17.481681497610523,-0.0007434532613080913,0.000773112300987755,0.00042709017138964356,0.0016688152993189487,0.0011230889692099844
2026-01-30 13:40:00,25301.2,47.0806915895315,42.02317813746072,30.556928252423315,0.0016382622168118477,0.0020255956239230155,0.00041104769734223723,,0.0005770477289614995
2026-02-02 10:25:00,24826.4,29.260578400907878,29.166204141837195,44.13540171221377,0.0008257338961750182,-0.0021509361002803873,-0.0040340121805819695,0.0028417329939096625,0.010210904520993713
2026-02-04 12:05:00,25736.35,47.49077134629034,45.987850540883066,25.020452467556577,-0.00033027216369063694,0.00020204885308139353,-9.519609424013531e-05,0.0011734375698186916,4.468388097000897e-05
2026-02-04 13:05:00,25733.9,47.556365463916315,46.6867917520033,16.93013411535981,0.0006489494402324159,0.0014377921729702425,0.0012687544445264543,0.0019721068318443447,0.00013989329250518878
2026-02-05 10:25:00,25669.55,38.29167680273042,38.18867004217287,31.37692868594131,-0.0010479342255707014,-0.0017744759841913371,-0.0006427849339002423,-0.0018699198077098966,-0.001088838721364449
2026-02-05 10:45:00,25639.95,37.88093591285982,35.9767787070187,27.467040612184753,0.00012285515377352674,0.00030616284353124357,-0.00019110801698141167,-0.0005616235601083597,6.435269959559342e-05
2026-02-05 14:25:00,25611.9,40.12212520144729,39.18870054292249,30.635968440068307,0.0004743888583040867,0.0013001768709075545,0.001159617209187891,,0.001159617209187891
2026-02-06 10:20:00,25544.7,36.09114902618464,35.77648074598661,44.007619287756825,-0.0008710221689821607,-0.0018183811123246851,0.0018908031803075431,0.0010021648326266064,0.005046056520530584
2026-02-06 13:20:00,25569.4,47.03656411334575,46.49604790242732,23.166343789442465,0.0006433471258613377,0.0019241749904181926,0.0013825119087658155,0.005144821544502465,0.004075183617918254
2026-02-10 09:15:00,25918.05,65.46753550468182,62.27536186087596,19.055081405470467,0.0009915869442338465,0.0011632819598696997,0.0018500620224128905,0.0015857674477826045,-4.8228936976313364e-05
2026-02-10 14:50:00,25935.35,47.18869538454814,46.12573672052152,19.781374536041298,0.0008771811446539601,-0.0009176664282533054,,,-0.0007152400102562462
2026-02-11 09:15:00,25985.0,52.37471273248761,46.90328023137351,23.349527997242607,-0.001141042909370893,-0.0021223782951703685,-0.0011872233981142788,-0.0011198768520299662,-0.0015258803155667744
2026-02-11 09:50:00,25950.1,51.246809228740936,50.9076644709995,20.342604638791844,-0.0009364125764447229,0.00044508499003859114,0.0004161833673088644,0.00030635720093563634,-0.00018304361062193575
2026-02-11 10:20:00,25961.65,50.75798111249338,49.44420842070925,16.94763413095086,0.0006066640602582218,-2.888876477424862e-05,-6.74071178065061e-05,-0.0009244404727742905,-0.0006278491544259301
2026-02-11 11:35:00,25967.9,54.207505767842925,53.78942605705157,16.401476080469834,-0.00037931446131578284,-0.000980056146242081,-0.001958186838365905,-0.00040627081897282036,-0.0008683798073776394
2026-02-11 13:25:00,25945.05,48.16383891438163,45.31835200605141,26.151888045990642,0.00039699287532690697,-0.0004798603201766616,-7.708599520928061e-06,1.1562899281392092e-05,1.1562899281392092e-05
2026-02-12 10:15:00,25876.3,40.64390426498675,39.49598738755887,33.13804163627067,-0.00013525890486665304,-0.0007535853271140036,-0.0013989635303347514,-0.0015477483256879365,-0.0030974289214453776
2026-02-12 11:00:00,25856.7,37.86836958284361,37.14181337100037,37.695169744939676,-0.0006419999458555647,-0.001374885426214445,-0.0016069335994152167,-0.00012375902570704866,-0.002341752814550957
2026-02-12 12:05:00,25828.0,33.66711242342105,31.383619154250944,58.45436251238449,0.00033297196840642584,0.00039104847452375857,0.00043944556295483217,-0.0003987920086727659,-0.0012331578132258603
2026-02-12 14:20:00,25833.35,40.16479299598779,38.415611042286315,29.68927410851733,-0.0009735477590013808,-0.002243224359209983,-0.001310321735276232,,-0.0014399990709682564
2026-02-12 15:00:00,25823.95,39.83576409612478,34.139555178459176,34.19308879607372,-0.0005188981546201399,,,,-0.0010765200521221097
2026-02-13 10:05:00,25534.95,22.736014682291998,22.234963570638737,61.10036692886062,0.00015468994456613316,0.0017407514015104208,5.6784916359742255e-05,0.0013256340819152168,-0.002913653639423641
2026-02-16 09:15:00,25472.2,30.84477612531721,29.549785896757236,55.72803205813003,0.0019511467403678928,-0.0006732830301270365,0.0030601989620056003,0.0024202856447419485,0.008254096622985152
2026-02-16 11:55:00,25529.1,49.26649919305199,48.038558813373776,17.60192638175494,0.0006502383554454205,0.0018390777583228157,0.0010869948411811325,0.0014454093563815995,0.00600687059081606
2026-02-16 13:20:00,25574.75,58.985498691302226,58.922875497366746,26.458071401987986,0.0006021564238165578,-0.0002913029452878968,0.0003597298116306824,0.004412555352447223,0.0042111848600669965
2026-02-16 13:35:00,25590.15,61.12622845523588,60.39525676111292,27.548297442881474,-0.0008929216905724235,-0.0011000326297423424,0.0018053821489907307,,0.0036068565444125067
2026-02-16 14:35:00,25636.35,64.40175008356924,62.71249689681006,30.865942136751872,0.0005851066942057503,0.0020400720071305223,,,0.0017982279068589069
2026-02-17 10:20:00,25694.65,64.44685019895185,64.0814210351237,36.148798018194654,-7.199942400470949e-05,-0.0014808530180407953,-0.00025880874034089896,0.0020529565493205837,0.0008309122716207984
2026-02-17 11:30:00,25721.45,61.51465570376696,60.454549008606854,23.059101162174663,0.0006453757467015375,9.913904542702134e-05,0.0005540123126805963,0.0011799490308672667,-0.00021188541081473833
2026-02-18 10:55:00,25703.2,47.265509025045944,43.8002598408125,31.64734331005687,-0.00012255283388840077,-0.0003754396339755717,-8.364717233655394e-05,0.0011146472034608834,0.003987830309066576
2026-02-18 14:25:00,25785.2,64.6993075468673,62.662589751858235,28.65620094397662,-0.00020942245939536974,0.00026953446162925054,0.0007950297069636569,,0.0007950297069636569
2026-02-18 15:00:00,25814.55,71.52820738059984,71.3587365279266,36.13078649337912,0.0001452669134267559,,,,-0.00034282991568701515
2026-02-19 12:55:00,25597.5,25.47780912199716,25.280823100365232,56.831231680445605,0.0010567438226389836,0.0008672721945501838,-0.0013692743431975574,-0.002896767262428046,-0.007072956343392889
2026-02-20 09:15:00,25452.9,25.699006391294496,20.91078036492162,48.79731252827738,0.0005284270161749482,0.0021608539694888407,0.0033453948273083345,0.0049071029234388774,0.004439572700949634
2026-02-20 14:15:00,25630.55,56.02720113278904,53.36049801155438,22.232165968094908,-0.0011626750108756356,0.0007530076412718412,-0.0029691130311287894,,-0.002522380518560796
2026-02-23 09:20:00,25736.3,55.7472737646026,52.00195537613843,34.90981956844921,-0.0002953027435955713,-0.0007149434844945235,-0.00038855624157319024,-0.002840346125899895,-0.0012550366602813723
2026-02-23 14:25:00,25673.65,50.25873063474883,47.424354487983294,19.909870153324757,-0.00014022158906124016,1.947522070300245e-05,0.0011821458966683185,,0.0011821458966683185
2026-02-24 11:05:00,25495.55,35.315574085370564,32.48775820800136,37.94571846875218,0.0003490805258172802,0.0010452804509022418,-0.0014571170263044664,-0.003020134886284054,-0.0013845553439717495
2026-02-24 13:00:00,25421.9,29.647806055862805,28.44843234345498,51.99016526703633,2.7535314040205705e-05,-0.003227532167147329,-0.0013039938006207397,-0.0005920092518656439,0.0015085418477769341
2026-02-25 14:15:00,25493.8,39.22051858708749,34.905499606201396,46.08027423490206,-0.0007099765433163929,-0.001704335956193348,-0.0004863927700067272,,-0.0005942621343227872
2026-02-26 10:45:00,25548.15,54.486610735243154,54.02919783374684,14.247670144912743,-0.001031385834199483,-0.000536242350228866,-0.00253638717480531,-0.00373999682951609,-0.002146926489785095
2026-02-26 13:20:00,25438.05,41.0748968708201,39.565933503275836,39.115726873978915,5.1104546142433094e-05,0.00015331363842752133,-0.00031055839578886246,0.0023802925145599563,0.002171943211055849
2026-02-27 10:45:00,25322.9,33.03014995752524,31.283256792277836,56.95476699836216,1.9744973915880593e-06,9.675037219269988e-05,-0.0008253399097259972,-0.0016052663794431377,-0.005572031639346275
2026-03-02 10:05:00,24884.65,28.70364438371589,28.26213930924706,65.88792925640736,-0.0008057175809185191,-0.0011814512159102897,-0.0010629042401641975,-0.004577118826264437,-0.0014024710011996122
2026-03-02 13:10:00,24695.5,21.316875917553247,20.753949453346863,61.347137316377484,-0.0006478913162316635,-0.0008159381263793675,0.0037213257476058637,0.008475228280455882,0.0062460772205461534
2026-03-02 14:00:00,24687.3,23.65983972958351,18.0612823223969,57.135198617376076,0.003842056441976327,0.00455497360991286,0.007084614356369423,,0.006580306473368935
2026-03-04 10:25:00,24419.05,36.892252664119475,36.761876194110854,41.07709050413326,-0.0011589312442539246,-0.0011302651004031494,-0.00219091242288294,-0.0020782954291833633,0.0022482447105847125
2026-03-05 09:20:00,24607.2,54.83906369855198,53.59019490652773,37.64162983900169,-0.0029645794726747,0.0016946259631327454,-0.0010464416918625208,0.0011155271627816266,0.0052931662277706515
2026-03-05 10:55:00,24666.55,61.3846659380962,59.59890899208644,31.872175817508733,-0.0009466260989071662,-0.002175010287210677,-0.003545287038519751,-0.0005310835929628333,0.0028743379191658036
2026-03-05 12:35:00,24652.7,57.473220077951275,57.36179039059759,28.024681146434524,-2.0281754128381735e-06,-0.00034884617100772175,-0.0015677795941215766,0.0008031574634825844,0.003437757324755486
2026-03-05 12:50:00,24652.65,58.33717206330725,58.09806827850606,21.911837105988983,-0.00034681869900410334,-0.0005861438831119559,-0.002435843611133248,0.007865280203142477,0.003439792476670922
2026-03-05 14:40:00,24726.8,52.53096980409538,50.136733026600254,30.294683656783633,0.004939984146755894,-0.00048530339550612034,,,0.0004307067635116457
2026-03-06 11:35:00,24635.55,46.65527882027186,46.025951848282304,19.91680991859845,-0.0006372904197390339,-0.0003673553056456891,-0.0020052322761212604,-0.0014267998887784739,-0.006744318677683214
2026-03-06 12:55:00,24603.7,45.06806698444653,43.810794889492655,19.70353054285167,-4.267650800482414e-05,0.00024183354536111423,-0.0019834415148940465,-0.004924056137898036,-0.0054585285952925
2026-03-06 14:10:00,24585.75,43.15968371093899,41.7355116326013,28.116289921010672,0.0002948862654179596,-0.0017205088313352324,-0.0058611187374799645,,-0.004732416135362905
2026-03-09 10:10:00,23806.2,21.511954540306913,20.24185269174451,69.80612968888225,-0.0010228427888534508,-0.0009577336996244856,0.0005586779914474871,0.0020645882165148954,0.008384370458115908
2026-03-10 10:10:00,24151.05,62.91522336352011,62.838106026152964,44.2912431938472,0.0003954279420563811,0.0027328004372479953,0.002954322896934203,0.0008881601421055763,0.0055939596829124305
2026-03-10 14:05:00,24275.5,62.30586132145611,62.02867275401634,31.0689035276883,-0.0014891557331466743,-0.001938168111882299,-0.0006796976375358366,,0.0004387139296821996
2026-03-10 15:20:00,24291.35,61.09385377678851,61.03697780316216,14.180445038686099,,,,,-0.00021406797069722927
2026-03-11 12:00:00,24021.95,30.739589542408016,29.8685685345284,64.00998244065572,-0.00027683014909285486,-0.0012925678389972273,-0.0025164484981444746,-0.002784952928467588,-0.0072329681811842406
2026-03-12 09:45:00,23623.15,23.990647574960107,21.32316376901789,65.43343557666729,0.0023155252368967094,-0.0004444792502269479,0.002999176655103186,0.0030118760622523943,0.0006857679860643451
2026-03-12 14:30:00,23738.3,47.569962613045355,46.80055080145556,23.51045392724061,-0.002769785536453795,-0.003513309714680446,,,-0.004168369259803795
2026-03-13 10:25:00,23353.45,21.37098906838257,20.586377155783634,67.66127109866524,-0.0012375045228864012,0.0008242893448291433,0.0010234033943592458,-0.0032008118714793588,-0.007816832202522495
2026-03-13 13:00:00,23221.25,28.07796888330421,27.91792571850954,46.50494963718072,-0.00213812779243161,-0.0022953114065780156,-0.0033611455025031045,-0.0035829251224632763,-0.002168272595144516
2026-03-13 13:30:00,23167.95,27.342764595635877,26.514645566908907,54.66324954262673,-0.00033235568964884443,-0.001068286145299857,0.0029156658228284282,,0.0001273310759044577
2026-03-16 11:05:00,23076.75,37.1822082998502,34.463392585283565,43.59833676790022,0.00470820197818167,0.0038978625673025125,0.0035880269102017692,0.0019413478934424688,0.012083590626929652
2026-03-16 13:20:00,23149.2,48.52239669106568,46.81624785741029,18.46435557241828,-0.0009071587787050639,-0.0008272424101049003,0.00808883244345382,0.008870716914623378,0.008916074853558609
2026-03-16 13:50:00,23130.05,45.579674766911026,45.32754019714726,14.480473662502368,0.000326415204463526,0.008923456715398403,0.014185010408537924,,0.009751384022083753
2026-03-17 09:55:00,23496.75,67.972031443545,67.8945573948184,47.461683300609806,0.001238469149988708,0.000217051294327808,0.0011533509953502996,-0.003464308893783241,0.0026407907476566628
2026-03-17 12:50:00,23465.5,55.97691377114596,55.85221667116627,27.170627472898875,0.0021648803562677177,0.003170612175321219,0.00349449191366058,0.006688542754256233,0.003976049945664917
2026-03-17 14:55:00,23654.5,67.93403352035445,65.64568875612963,33.514365231858974,-0.001986936946458351,-0.004045741825022708,,,-0.004045741825022708
2026-03-18 11:00:00,23784.4,66.97517057540193,66.6020665067424,35.242535074112,0.00011141756781740675,0.00030482164780276655,0.00037419485040612877,0.0004940212912665221,-0.000853500613847813
2026-03-19 10:30:00,23274.15,27.48467390752362,24.597443336270192,73.48011104806884,0.0001117119207361128,-0.0010333352668090434,-0.0010848946148409588,-0.0010827463086729994,-0.008004588781974964
2026-03-19 14:15:00,23128.75,28.98652697887238,26.84113418149102,47.157404807770995,-0.0005015402907635469,-0.0027995460195644473,-0.003956115224558188,,-0.0017683618872615936
2026-03-19 15:00:00,22990.0,25.30150936878918,22.86414305819484,59.188479936100656,0.0020552414093084614,,,,0.004256198347107443
2026-03-20 13:05:00,23240.9,49.35665685488688,48.66397133290138,24.146360398502555,0.00031195005356932093,0.0012607084923561551,-0.0006604735616951851,-0.005010563274227775,-0.004571681819550921
2026-03-20 14:05:00,23225.55,48.75128480046504,48.621188261117865,16.869245244762393,-0.0017286996432807067,-0.003242119131732002,-0.004352964730652165,,-0.00391379321480001
2026-03-20 15:25:00,23134.65,39.48583326374752,37.38283855024403,26.21418014722849,,,,,0.0
2026-03-23 10:45:00,22547.55,19.08044188245168,17.524508786943088,63.784025663628896,-0.0006386503189924619,-0.0005854294590764697,-0.0006785659639295671,-0.00018849054553593536,-0.0024348543411588652
2026-03-24 09:15:00,22785.15,47.96108934424829,40.776882635855436,38.6879254076528,0.0013188414383928926,-0.0029075955172557233,-0.0023458261192048635,-0.0024006864119833216,0.007603636579087691
2026-03-24 11:25:00,22728.5,53.015390138125795,53.00602918691132,17.48619553831887,0.0011505378709550929,0.003449413731658524,0.005101524517675982,0.012911102800448715,0.01011505378709554
2026-03-25 09:20:00,23188.5,62.729245583110355,59.0438614352815,38.726657618122616,0.0011816201996679432,0.004277982620695564,0.004472044332319847,0.008635746167281244,0.0051965413890506795
2026-03-27 10:25:00,23006.75,29.661061435522633,28.040372363308045,56.79413363921792,-0.0007649928825235186,-0.0014452280309039667,-0.003140382713768819,-0.0019320416834189835,-0.0072696056592087555
2026-03-30 14:00:00,22462.3,34.955523583888116,31.49574678446231,26.17690582548058,-0.0022593412072673402,-0.004443000048970913,-0.007617207498786804,,-0.0036995321049045904
2026-03-30 15:15:00,22341.8,27.661770119062595,23.316664435591104,44.46361894677968,,,,,0.0016739922477151392
2026-04-01 12:50:00,22873.55,62.41597869822855,62.24973802513724,30.11568418532109,-0.00019236192020910536,-0.0027520870175377077,-0.0076769893610741935,-0.009458523053920254,-0.007449652546281493
2026-04-01 13:05:00,22869.15,63.24030021418427,63.09046697508113,32.87614250089962,-0.0025602175856996867,-0.0045651018949108835,-0.005767595210141252,-0.008179140895048675,-0.0072586869210268246
2026-04-02 10:30:00,22214.0,27.847621738010954,27.321800747227815,59.49912467828836,-0.0003443774196453253,0.0009385972809938803,0.00026109660574413773,0.004616458089493181,0.021909606554425087
2026-04-06 11:55:00,22676.4,57.76756605459646,55.68048065365989,21.07746878022247,-0.0007408583373023081,0.0016316522904871178,0.00555864246529425,0.008219999647210319,0.012482140022225696
2026-04-06 12:45:00,22757.0,60.741478259732034,57.92739400733894,28.23196663852573,0.0004570022410688157,0.004710638484861862,0.0038142110119963046,0.00725051632464746,0.00889616381772651
2026-04-07 11:35:00,22944.25,56.67288462076938,56.407344453245415,21.206759812169782,-5.665907580332252e-05,0.0002092027414275499,8.934700415141883e-05,0.0037460365886878844,0.00809353105898003
2026-04-07 11:50:00,22942.95,56.29229550408367,56.07671594307032,19.15729318701212,0.00026587688156931577,-0.00131630849563813,-0.00013511775948615856,0.0036612554183310664,0.008150651943189535
2026-04-07 13:30:00,23012.8,58.35986338643869,55.254727800969164,19.752852831181432,0.00034545991795864595,3.2590558298073447e-05,0.0009299172634360531,,0.005090645206146105
2026-04-07 14:50:00,23060.05,59.714632424065776,59.040679590024894,17.47048668477399,0.002903289455139957,0.0032653875425248113,,,0.0030312163243357837
2026-04-09 11:05:00,23860.65,44.898868744076545,43.26078212595834,32.80342838006786,-0.0008863966404939472,-0.0001844040292281468,0.001691068768034265,-0.0013013057062570832,-0.00396468662840288
2026-04-09 14:05:00,23785.55,35.77383812249982,34.15738756040099,56.317009558644095,-0.002263979601060284,-0.0033507738942341048,9.249313133397052e-05,,-0.0008198254822781026
2026-04-09 14:45:00,23737.95,32.57665805480991,28.84699340631589,52.27699159235347,0.00015376222462326616,0.0014028170082083236,,,0.0011837584964160541
2026-04-10 15:10:00,24057.5,59.94967581870341,57.29129228749527,29.165734129007625,-0.0002369323495791109,,,,-0.0002369323495791109
2026-04-13 10:25:00,23721.5,39.94650721132641,37.124916917650665,36.33243974450848,8.641949286514183e-05,0.0007798832282950308,0.0008009611533841277,0.0048247370528844424,0.004105979807347726
2026-04-15 09:20:00,24208.85,58.680828495608125,54.24612101310916,42.956688079611155,-0.00237516445432151,0.0001569673900247981,0.002317334363259871,-0.00029741189688881065,0.0001259869840988248
2026-04-16 09:20:00,24387.5,61.79508715054781,61.55448632101239,38.424828615846636,-0.0024889800102512183,-0.0029092772936956113,-0.0034238851870835862,-0.003671963095848274,-0.008164018452075816
2026-04-16 13:30:00,24124.05,34.36448046308333,31.748722758313523,49.32694779038623,0.001137868641459594,0.0008808637024049215,0.00402710158534747,,0.0026674625529297114
2026-04-17 11:20:00,24273.8,58.497256204060314,58.0413273402494,15.964210812424836,0.0006323690563490025,0.0017570384529823624,0.0006014715454523145,-2.0598340597643983e-06,0.003835411019288415
2026-04-17 13:40:00,24301.9,60.6311319637282,58.65528432245487,18.36596671540458,5.760866434312284e-05,0.0002036877774986845,0.0015862957217336326,,0.0026746879873589258
2026-04-20 10:40:00,24439.05,68.49709525714684,66.81792833641038,30.15569934208701,-0.00036621718110974033,-0.0012848289929435763,0.0009697594628268469,0.0009533922145090745,-0.004425294763912624
2026-04-20 15:00:00,24408.55,50.10966946347176,49.972517208928615,23.53209033163735,-0.003416835494119752,,,,-0.0031812623035779586
2026-04-21 09:20:00,24465.05,46.38193419201974,43.71383998826834,35.80325788833437,0.0001900670548395933,0.0013897376052778299,0.0014122186547749216,0.003128953343647378,0.004723064126171739
2026-04-21 15:20:00,24576.2,58.688789166583916,58.68276928062392,30.530796744399304,,,,,0.00017903500134264227
2026-04-22 10:45:00,24424.15,37.1561176652845,35.22394143827154,49.40201195146981,0.0006223348611926749,0.0005732031616247912,-0.0007533527267070683,-0.0006857966398011728,-0.002313284187986042
2026-04-22 14:30:00,24412.1,46.013386097349745,44.744953451004555,25.834115289213475,9.626373806437272e-05,-0.0011060089054198974,,,-0.0018208183646633014
2026-04-23 09:50:00,24282.95,31.787898874354273,31.48698732745324,43.554192319907614,0.00012148441602022331,-0.0005435912852433944,-0.002975338663547933,-0.002870326710716853,-0.00522588894677134
2026-04-24 10:50:00,23942.05,27.315253137320834,25.23338141513947,54.99784043271985,-0.0008520573635089068,-0.0005596847387754345,-0.0017897381385469924,-0.0015224260245050303,-0.0015913424289063505
2026-04-27 12:35:00,24078.65,60.311667934499404,58.43715734735868,20.973541287167055,-0.00018065796878152796,0.0005108259806925197,0.001389197484078064,0.0007475502156475411,0.0013102894057599457
2026-04-28 13:15:00,24033.95,40.77873391696768,38.26546396707161,33.1073113568408,-0.0014583537038230787,-0.0018785925742543785,-0.0016892770435156246,-0.002725311486459825,-0.000726056266240116
2026-04-30 10:40:00,23843.7,26.49933123854127,25.141626501524414,61.47320041146253,-0.0011680234191842054,-0.0018369632229896515,-0.00033761538687360204,0.002904331123105841,0.008387959922327548
2026-05-04 09:20:00,24179.65,62.19657196027559,59.10249012974818,32.70750454218189,0.0033643994019763035,0.0021712473092041495,-0.0011683378378098963,0.0022146722553881837,-0.0023097935660773006
2026-05-04 14:10:00,24103.75,45.2866752516443,43.44586700295418,34.97782691917438,0.000786184722294303,-0.0003215267333921412,0.0008090027485350149,,0.0008318207747757267
2026-05-05 11:20:00,23931.95,34.014860089395206,34.009822185918715,40.63825312098339,0.0003342811597049078,-0.0016860305992617564,0.0014750156171978723,0.004573384116212775,0.005022574424566439
2026-05-05 12:00:00,23899.55,32.5226381607505,30.566507577447616,31.34160406088015,0.002309666918414832,0.0023368640832150955,0.005031475488032289,0.005422696243234881,0.006385057459241006
2026-05-05 14:15:00,24037.15,55.100342885258925,54.06802084183303,25.02404065554983,-4.160226981986259e-05,-0.0005345891671850733,0.0005533101886039393,,0.0006240340472976058
2026-05-05 15:25:00,24052.15,55.74861839030247,54.62322701058714,17.64784104767465,,,,,0.0
2026-05-06 13:20:00,24081.1,45.782816525242,41.98972086125104,46.56336005544213,0.0009322663831801137,0.0012520192183913537,0.007034562374642395,0.010296456557217004,0.010722101565127762
2026-05-07 12:20:00,24377.2,61.851455356737716,59.89908001671474,29.498911144698045,0.002438754245770669,0.0013106509361207053,-0.001308599839194069,-0.0005291830070722758,-0.001673695092135219
2026-05-07 12:35:00,24436.65,62.18870333812358,60.094295732833075,28.632233878973857,-0.0011253588360106148,-0.0016491622214993562,-0.004169966014163196,-0.0034661052149128624,-0.004102444484002543
2026-05-08 10:20:00,24231.5,40.26792211203126,38.38537418625624,54.12419539479826,-3.0951447495985995e-05,-0.0010379052060335292,-0.0010936178115262818,-0.0018859748674247,-0.002133586447392921
2026-05-08 12:15:00,24188.6,38.73690024178644,38.69513717684135,36.802102934597954,-0.0004547596801799392,-0.0007503534722967942,-0.0010604168906012124,-0.0017115500690406682,-0.00036380774414390693
2026-05-08 13:10:00,24167.0,37.43193630508597,36.89098397491185,39.26918593501165,0.001177225141722138,0.00016344602143414377,-0.0008751603426160326,0.0005730955435097052,0.0005296478669258864
2026-05-11 10:30:00,23870.05,28.963064032527253,27.012327602194492,63.00623735572627,-0.0004042722993876646,0.0010955150910869627,0.0022852905628600872,0.0022727225121019767,-0.00208210707560319
2026-05-12 10:15:00,23668.25,24.576764251234344,20.45153904346307,64.25287288423365,-0.0025603920864448737,-0.0027462951422263515,-0.0025434918086466585,-0.004028603720173551,-0.01004299008164955
2026-05-13 13:30:00,23533.55,55.536470854482886,54.55073065824101,21.593534925305033,-0.0009263370804659665,-0.0018441756556064615,-0.001504235442591484,,-0.00445534141682824
2026-05-14 09:20:00,23569.45,48.673228672249955,46.449104309332235,51.04127820361528,-0.0019071297802876197,-0.00415792477126109,-0.0031778425037496394,-0.0011158512396343134,0.006122332086663018
2026-05-14 10:15:00,23513.7,50.93706329479134,50.17128949870198,21.74657520794808,0.00022752693110827948,-0.0032534224728562045,-0.0004571802821333737,0.007142644500865547,0.008507806087515002
2026-05-14 11:20:00,23543.15,50.7653941906471,48.20696578793215,27.70766207645965,0.003606144462401817,0.005547261092929245,0.0065029530882654285,0.00711884348526004,0.007246269084638213
2026-05-15 09:55:00,23817.95,65.76524306531599,65.44326038156277,46.1277978735846,-0.0007431370038143426,0.0004282484428761446,0.00048702764091790307,-0.0038794270707597223,-0.006658843435308315
2026-05-15 12:45:00,23783.6,53.84138571299481,50.919076288428535,27.32988157163424,-0.0003426731024739338,9.460300375052633e-05,-0.0030525235876821544,-0.006628517129450451,-0.005224188095998894
2026-05-15 15:25:00,23659.35,36.50072637477452,36.06749416327388,41.508997742704324,,,,,0.0
2026-05-18 10:00:00,23361.05,21.620019906361872,21.10721000192698,70.15917009544953,0.001020930137986209,0.002251611121931729,0.0040323529978318895,0.005001915581705596,0.012131304029570744
2026-05-19 09:15:00,23734.8,60.599112200395375,59.998454081488184,44.57771624585551,-0.0021403171714107216,-0.0008700305037327993,-0.000383403272831373,-0.0011291437046024866,-0.005418204492980694
2026-05-20 09:50:00,23526.55,31.050251139024294,30.319965918663975,52.64096068971176,-0.001111510187426501,-0.002061500730026311,0.0008394771014024194,0.004265393778518423,0.005848711349518032
2026-05-20 13:40:00,23595.85,49.2278540174739,49.04054251143446,22.56047033170311,0.0013688847827055817,0.0023775367278568993,0.0034645922905933713,,0.002894576800581472
2026-05-21 09:20:00,23774.8,66.03100308190564,63.27335108414552,39.79314379804869,-0.00024605885223005775,0.0014258795026667048,-0.00017665763749852292,-0.0025741541464071593,-0.005308141393408183
2026-05-21 09:35:00,23768.95,67.50442959887361,67.00867138537703,43.22383816337964,0.0016723498513817603,-0.00022508356490302805,-0.0014304376087290738,-0.0016428996653196082,-0.005063328417957091
2026-05-21 09:50:00,23808.7,70.75401334523451,70.65953017697825,46.74092889227108,-0.0018942655415877807,-0.0016002553688359011,-0.0025137869770295307,-0.0034441191665232074,-0.006724432665370261
2026-05-21 13:35:00,23663.35,42.27788844187404,39.89018847254409,39.6632950106243,-0.0004902095434500264,-0.0008726575062278918,-1.0564860850270641e-05,,-0.0006233267901628592
2026-05-22 09:15:00,23693.5,49.508736680235614,44.77810916187565,26.800015334146316,0.0029227425243210092,0.0019963281068646754,0.0029797201764196757,0.0030852343469727206,0.0023360837360457687
2026-05-22 12:55:00,23827.45,61.74240395349346,61.01475526421994,33.39028739168023,-0.0003504361566177838,-0.0007575296559220179,-0.0014814845902519913,-0.004322745404984563,-0.0032987163964252053
2026-05-22 15:25:00,23748.85,41.8811872005475,41.732971644583074,52.229512087465224,,,,,0.0
2026-05-25 14:40:00,24007.8,60.47151615163353,59.76361128968201,31.364289332805804,0.0011329651196694268,0.0011433784020193904,,,0.0017535967477237957
2026-05-26 14:55:00,23913.05,27.052037562287786,26.528786662049768,59.939577978879626,-0.0001777272242562411,0.0008656361275538593,,,0.0008656361275538593
2026-05-27 13:50:00,23911.3,43.24349822922721,40.90341829232136,29.019134355792286,0.00012546369289823112,0.0003743000171467781,-0.001252545867435062,,0.00043075867895092657
2026-06-01 10:30:00,23530.0,22.733072248737074,21.961292020546377,68.29200186577611,0.0017297067573311953,0.002688057798555077,0.0006374840628984302,-0.0007054823629408791,-0.006408839779005526
2026-06-01 14:15:00,23425.1,26.871706507753824,26.251805810665555,49.60109750791839,-0.0013020221898732975,-0.0009242223085492718,-0.002059756415127345,,-0.001959436672628878
2026-06-01 14:35:00,23419.95,26.978531690311,24.671760034023002,57.45557677343836,-0.00164816748114327,-0.0006660987747626468,,,-0.00173996955587008
2026-06-02 09:30:00,23283.7,24.1364134372824,23.851468973642866,55.29711880679467,-1.5031975158730226e-05,0.001496755240790737,0.0025833523022542604,0.002183931248040505,0.01029046070856432
2026-06-03 10:50:00,23242.95,36.19850459205865,36.12129119329269,41.90772880431581,-0.002043630434174659,-0.0007808819448478221,-0.0010132104573644662,0.001387517505307967,0.006625664986587232
2026-06-03 11:15:00,23220.1,35.33049168258508,32.1040488659874,45.32601815682159,6.89058186658098e-05,-0.00010766534166517516,-0.0015159280106458173,0.003776900185615162,0.007616246269396054
2026-06-04 10:10:00,23431.35,59.7510234607852,57.48869419565625,29.441342365138805,-0.0003350212429074073,-0.0008834318125074958,-0.0012589970274866635,0.0003563601755769419,0.0002838078045013237
2026-06-04 14:00:00,23410.05,47.07640515181692,46.98541070336812,36.103648245502846,0.00030969604934627526,0.0008094813979466764,-0.000828703911354256,,0.0011939316661007116
2026-06-04 15:20:00,23430.2,54.620493006725425,53.709089445482626,20.824431442297787,,,,,0.0003329036884021086
2026-06-05 10:00:00,23469.15,59.82313120222487,59.37585561573415,42.88097493474382,0.00039839534026575585,-0.0016212772938092312,-0.0006497891913427312,-0.0016979737229513292,-0.00427369546830636
2026-06-05 12:10:00,23439.5,50.29047246549457,49.909034683078275,11.969317072720749,-0.00010665756522110215,-0.002766697241835314,-0.004351628661020901,-0.005091832163655274,-0.0030141427931483777
2026-06-05 14:05:00,23330.45,38.45866403907283,37.93383719128903,53.57060480493339,-0.0002678902464375854,0.00020788283123551743,0.0013715980617605705,,0.0016459176741125958
2026-06-08 10:05:00,23187.8,36.994775867542465,35.88746885134951,43.68574662030428,-0.00021778693968377283,0.0008689914524018238,0.0007956770370625144,0.0007180500090564479,-0.003626907252951894
2026-06-08 14:40:00,23179.9,37.54699685274018,35.81964355664028,40.18862602117236,-3.882674213440129e-05,-0.0019607504777846563,,,-0.0032873308340416463
2026-06-09 09:15:00,23235.15,41.64231019083888,34.274429378107456,39.7487250278333,0.00018721635108875923,-0.002162671641887437,-0.002803941442168556,-0.003455970802856978,0.0009726642608289815
2026-06-09 11:15:00,23154.85,44.08957631674606,43.685731316599835,21.565625608021975,-0.00075362181141303,0.0008551124278499689,0.0018851342159418305,0.002116187321446805,0.004443993375038202
2026-06-09 11:35:00,23157.65,44.40014028463427,42.17997166114554,28.256468098619933,0.0007319395534519657,0.0008809184006148829,0.0025887773586696916,0.0024937763546819536,0.004322545681448631
2026-06-09 13:35:00,23215.4,57.13291760245257,55.45946249835795,21.294919524822085,-0.0009670305056126427,-0.00031875393058067303,0.0011220999853545077,,0.0018242201297413718
2026-06-09 14:35:00,23241.45,58.61521554710458,56.40435914018813,18.462600712347815,0.0011100856443981844,0.0009573413018550969,,,0.0007013331784375687
2026-06-10 09:20:00,23326.75,64.39378061807292,62.0400244521739,30.723824000499746,0.0004737050810763588,0.001961267643370901,-0.0001757638762364122,0.002212052686293653,-0.004743481196480492
2026-06-11 09:50:00,23150.65,29.162679501372065,28.116448298493022,56.27098404737355,0.0001878996918012188,0.001133877450525178,0.0009438179921512635,0.0052136765058430345,0.0015507123990037286
2026-06-12 09:15:00,23444.65,49.23946660657006,40.11612448832867,33.19031387190839,-0.001565389118626248,-0.0027852836361388356,-0.005024600495209031,-0.003548784050945608,0.007980498749181608
2026-06-12 10:20:00,23355.2,57.03414256421225,56.723536280570954,24.460185986674407,-4.0676166335629205e-05,-4.7098718914950766e-05,0.0004388744262520117,0.0004324518736726901,0.011841046105364184
2026-06-12 13:35:00,23461.7,62.20940049290738,56.43646330300476,35.77148139565145,0.0011657296785825277,0.0020309696228320018,0.00453505074227345,,0.0072479828827407555
2026-06-16 09:25:00,23938.0,50.86090001052119,49.306305315975585,34.118357890204315,-0.0008417578745092413,0.00010861391929140041,0.00022767148466873444,-0.00035926142534881134,0.0023372879939844715
2026-06-16 10:20:00,23940.8,54.9789960899918,53.86318065001532,22.99712852963714,0.0009920303415089649,0.001207144289246953,0.00014410546013499115,-0.0009565260977075773,0.0022200594800507734
2026-06-16 13:20:00,23955.9,55.67432142899697,54.051354502570675,16.48569948792958,0.0005739713390020551,0.00025672172617174915,0.0014213617522196298,0.0012376909237390432,0.001588335232656668
2026-06-17 09:40:00,24061.55,68.01772994523674,64.54600538309845,51.41588176943398,0.00017870835419997455,-0.0005756071408532515,0.0010057539934045234,0.0009039317915928713,0.000847825680390546
2026-06-17 13:40:00,24055.7,51.04748746420181,49.13181155776776,33.49660142343886,-0.0002847557959236857,-0.0003263259851096212,-0.0006006892337366843,,0.0010912174661306118
2026-06-17 14:50:00,24050.6,50.22195473909634,49.58250975446804,23.99183628511514,0.0016943444238397554,0.0012827122816063685,,,0.0013035017837392804
2026-06-18 12:05:00,24094.05,51.826186272435,50.54680272162914,30.399977727477744,0.00022412172299812738,0.001027224563740825,0.0013385047345713108,8.300804555472219e-05,0.0035423683440518605
2026-06-18 15:05:00,24175.55,58.91766554230769,54.5699844687979,29.80252451064989,0.0002771395066503146,,,,0.00015925180606024547
2026-06-19 11:15:00,23961.2,37.70703760250342,37.26774899610646,39.62690683806314,-2.086706842729935e-05,-0.0006886132581005455,-0.0002858788374540122,-0.0016443249920705671,0.003401332153648351
2026-06-19 13:25:00,23928.15,35.82292467843007,34.560043713019255,51.397344612745925,0.0007794167121151219,0.0016194315064055331,0.001249574246232843,0.00478724849183898,0.00478724849183898
2026-06-22 10:55:00,24162.85,67.98477923711286,67.7053296332123,45.73576737407068,-0.00022969144782170048,-9.104886219946096e-05,-0.000929112252900488,-0.0016285330579793866,-0.003145324330532162
2026-06-22 14:25:00,24138.8,55.89455448672882,54.727535015307446,23.91859269247049,-0.00017192238222274447,-0.0002589192503356097,-0.002152136808789229,,-0.002152136808789229
2026-06-23 09:45:00,24120.3,48.31206045299491,46.92658938429739,33.29930348363688,0.00019071072913701137,0.00023216958329719262,-0.0008499065102838266,-0.004081624192070588,-0.013476200544769279
2026-06-23 11:15:00,24126.0,48.45776861104922,47.54073171904851,23.033221481182217,-0.0010051396833291593,-0.004316919505927275,-0.0066670811572576705,-0.008407941639724692,-0.013709276299427975
2026-06-23 13:00:00,23919.0,25.13550496992541,23.56596195547409,68.49242395337586,0.00017350223671575016,-0.0020506710146744878,-0.0010368326435051811,-0.0035766545424139595,-0.005173711275554993
2026-06-24 13:10:00,24031.1,60.840232572638314,59.86104448891963,29.02957382169029,0.0008884320734383611,0.0016811548368573792,0.001063205596081973,-0.0010257541269437231,-0.0007469487455836754
2026-06-25 09:25:00,24147.15,59.41444515239472,58.31566333412179,40.60934772335171,-0.0002277701509287855,0.0012216762640726575,0.0010332482301222967,0.001797313554601665,-0.003901081494089409
2026-06-29 09:25:00,24064.8,35.705529205059364,35.45723730286458,39.44696142468168,0.0012133905122835298,0.0004467105481864575,0.001967604135501011,-0.0001495960905554261,-0.0035861507263721393
2026-06-29 12:55:00,23963.3,29.094421623305593,28.940661164833674,62.54329688519542,-2.503828771494021e-05,7.72013871213062e-05,-0.0006509954805890006,-0.0013645866804655737,0.0006343032887792255
2026-06-30 10:00:00,23914.95,37.54785364175446,33.567038196131264,17.717146863714134,-0.001003556352825341,-0.0006648560837468898,-0.0013359843946987304,0.0008425691878928276,0.00011708157449619172
2026-06-30 13:40:00,23946.8,51.4005182244193,50.64797951735649,10.304016712446067,-0.000726610653615456,-0.002570280789082391,-4.593515626294398e-05,,-0.00121310571767419
2026-06-30 14:35:00,23940.75,50.17936549613758,48.33134698822445,21.49463567496474,-0.00019840648267077654,-0.003780165617200848,,,-0.0009607050739847134
2026-07-01 09:15:00,23918.0,46.686581228352274,45.9603485168493,25.96801508810966,6.480474956105375e-05,0.0013253616523121181,0.0036687850154695223,0.00429801822894893,0.002924575633414195
2026-07-01 11:40:00,24011.7,59.666312341529604,59.349890718352874,21.853346087857975,0.0006163661881499749,0.0004914270959572864,0.0005164149143959129,0.0007454699167488421,-0.000989101146524396
2026-07-01 11:55:00,24026.5,60.44896954056311,60.15173184847861,21.286712427575665,-0.00012486213139661917,-0.0012049195679770808,-0.00014983455767580978,-0.0003392087902941432,-0.0016044783884460179
2026-07-02 09:20:00,24122.8,54.96952574798243,52.25651381422002,31.15828972472911,0.001055018488732573,0.0005534183428126394,-0.000967963917953063,-0.000880909347173664,0.001840582353624054
2026-07-02 12:15:00,24124.05,59.09497491983251,57.98647915828647,23.430105457078973,-6.839647571610374e-05,0.00022798825238723452,0.001142013882411863,0.00035856334239081633,0.0017886714710009244
2026-07-02 14:40:00,24176.8,64.91296601336964,62.09430812285775,36.50719581089475,0.0005273650772641414,-1.2408590053247792e-05,,,-0.0003970748817047065
2026-07-03 09:20:00,24335.05,69.83732683086693,67.24912557233127,45.21533117589568,0.0010499259298830665,8.0131333200395e-05,0.00017875451252424845,-0.0004294217599717376,-0.0026237874999228694
2026-07-03 15:15:00,24268.2,40.378605687823104,40.18396829505262,33.039555354005174,,,,,0.00012361856256326575
2026-07-06 15:10:00,24437.2,52.26805882857474,51.43937956525525,23.03500586445769,-0.0005422061447302173,,,,-0.0005422061447302173
2026-07-07 09:40:00,24459.2,57.77325978280847,56.98363371232881,22.95177499474155,0.0006684601295217085,0.000983270098776634,0.00044768430692743166,0.0020932818734873404,-0.004256067246680262
2026-07-07 14:05:00,24463.65,46.829087938473705,44.89865315515607,33.2347912445795,-0.0006254177115844195,8.788549541871582e-05,-0.0023953907123427376,,-0.004437195594279797
2026-07-08 10:15:00,24250.8,24.21085055174687,24.050775722729746,50.06064347610588,0.00014226334801326068,0.0010968710310588214,0.0013133587345572906,-0.0008370857868605919,-0.014642815907104034
2026-07-08 12:50:00,24219.3,30.623319037908473,26.849722848875615,50.12033148470507,-2.064469245599554e-05,0.0002621875941914986,-0.006401919130610723,-0.016460013295181875,-0.013361244957533769
2026-07-08 15:00:00,23854.25,15.670755276220728,11.567094914763306,71.43077218247473,0.002043660982843809,,,,0.0017376358510539092
2026-07-09 13:15:00,24052.3,50.685674082908065,50.198264549767835,18.245049232058555,0.00035131775339580784,0.0005404888513780293,-0.000461494326945755,-0.003918544172490823,-0.0029269550105394115
2026-07-09 13:30:00,24060.75,50.112807212926185,49.612168942055106,19.26463072360741,0.00018910466215715793,-0.0005839385721558843,0.0002909302494726873,,-0.0032771214529887516
2026-07-09 14:30:00,24067.75,52.8171412789448,51.597661007283186,16.819069751668778,-0.002054616655067454,-0.004115465716570954,,,-0.0035670139502029796
2026-07-10 09:15:00,24162.7,44.55340611608932,43.65142352776913,40.07019982091919,0.0009642962086189311,0.0018892756190325155,0.002027919065336281,0.00043869269576646275,0.0020258497601675085
2026-07-10 14:45:00,24220.05,62.19507649291628,61.28947196905651,26.42735665889717,-0.0008876942863453863,-0.0006668029174174972,,,-0.0003468200932696952
2026-07-13 10:15:00,24113.8,45.929519019339196,45.78616859787051,20.793458138797096,0.0016981977125132275,0.0009745456958256682,0.0009849132032280217,0.003186971775497982,0.004037107382494742
2026-07-13 14:20:00,24229.3,59.438568835241554,58.638000667651184,26.774799129614408,-0.00047463195387398294,0.0008687828373086237,-0.0011102260486269833,,-0.0007490930402446194
2026-07-14 10:30:00,24101.05,36.98504341983481,35.64779503460211,48.14128547541602,0.0007779744036047198,0.0009314946859162454,0.0011534767157446169,-0.0014335475010424092,-0.002734320703869697
2026-07-14 12:50:00,24082.45,37.66076830197544,36.49413709534796,32.60553687712065,0.00020554387115923056,0.0002844394984728993,-0.0009176807177011526,-0.0021634011489696237,-0.0019640858799665484
2026-07-15 14:05:00,24089.05,41.86834817586971,39.20271374684017,42.486828498745425,-0.0006974123097424068,0.0006642021997547154,-0.0006808072547483945,,-0.0006475971447607032
2026-07-16 10:40:00,24126.55,52.71090219705812,52.54560588911541,18.138968874953044,0.0017428932027165889,0.0012993983806222076,0.000951234221221009,0.00015957523972565113,-0.001883816791045545
2026-07-16 11:35:00,24160.0,58.90926335841227,58.30271199110733,23.915795731757306,-0.0003000827814569895,-0.0008464403973510448,-0.0007698675496687901,-0.0037086092715231667,-0.0032657284768212724
2026-07-16 14:30:00,24095.15,44.26232560166581,42.414516778863906,22.176895700521,-0.00012035617126271436,-0.001139233414193308,,,-0.0005831048987038345
2026-07-17 09:15:00,24187.85,50.2281853176559,43.01010507331116,23.825857803467848,0.0007462424316342364,0.0020258104792281184,0.003559638413501043,0.0021870484561463677,0.006567346829089882
2026-07-17 14:50:00,24320.95,65.93554516749232,65.27167017131981,50.334167362455446,0.0005180718680808383,0.0008984024061560181,,,0.0010587579843714945
2026-07-17 15:05:00,24333.55,67.08780424430337,66.45702075896598,55.15576448616642,0.00038013360155009224,,,,0.0005404061470686283
2026-07-17 15:20:00,24342.8,68.78795839245734,68.36087614487866,55.56811154098811,,,,,0.00016021164368940077
2026-07-20 10:35:00,24224.2,48.48712580219036,47.467462051670154,25.75310043661225,-4.334508466741216e-05,0.0002043411134320383,-0.0005923828237878181,-0.002392235863310277,0.0006315998051535932
2026-07-20 12:55:00,24186.8,38.536371462980355,35.661805839410434,42.507962816718425,0.0015793738733524965,0.0023359849173929526,0.00280524914416147,0.0018150396083815856,0.002178874427373634
2026-07-21 09:15:00,24255.55,54.51757935571726,54.45655228539889,21.957234403680644,-0.0012265234142289083,-0.0013770044381594682,-0.0019871740694398232,-0.0029477789619283268,-0.002576729861825444
2026-07-21 11:15:00,24184.05,39.727378606917334,37.67489368994211,51.719190076783256,4.134956717471994e-06,-0.0008104515165986426,-0.000500329762798124,-0.001263229277147504,0.00037214610456071107
2026-07-22 10:45:00,24010.9,29.171881106957393,25.250125930094992,53.462209909991486,0.00031027574976350003,0.0005851509106280517,0.0011786313715853591,-0.00032485246283986413,-0.0008267078701756914
2026-07-22 12:45:00,24003.1,36.41732296761177,31.75053020020622,43.33743498969365,-0.0007499031375114429,-0.0009665418216812105,-0.0008957176364720043,-0.0008978007007427458,-0.0005020184892784441
2026-07-23 09:50:00,23922.85,37.041989292078256,36.918123828687825,33.06139665966285,0.0017849043905722173,0.0013355432149597668,0.001845515897980432,0.0006437360097146794,-0.0021381231751232965
2026-07-23 12:05:00,23959.35,45.21288526543497,44.123275554342015,26.96663825190568,-0.001431591424642109,-0.0030259585506284825,-0.005271428481991358,-0.004451289371372624,-0.0036582795443114158
2026-07-23 13:40:00,23850.8,29.530540817522557,26.902704318443526,55.83548335469204,0.00046539319435834337,-8.3854629614466e-06,-0.0006310060878460533,,0.0008762808794673393
2026-07-24 10:35:00,23637.15,22.750478703269764,22.020345422287935,62.54024301238421,-4.230628481094456e-06,-0.00035114216392428954,0.0011020787193041226,0.005671157478799316,0.006339596778799361
2026-07-24 13:55:00,23802.95,56.94340240436349,56.199021140052096,31.633140040395045,-0.0002331643766844138,-0.0010628934648856392,-0.0010986033243779447,,-0.0006700850104713885
2026-07-27 09:15:00,23912.3,58.69492659900854,55.72319221346319,27.360800433327007,0.00104757802469857,0.0016539605140450941,0.0004871969655784181,0.0013424053729671481,0.0038202096828829912
2026-07-28 15:15:00,24002.4,45.27020548364917,42.53499844841878,31.068254880915376,,,,,-0.0006082725060828631
2026-07-30 11:15:00,24273.15,55.644714265930986,54.95559275560215,19.07360772653666,0.0001647911375326494,-0.00069418266685628,-0.0005335113077619136,-0.0003481212780377385,0.0009660880437849517
2026-07-30 12:30:00,24306.75,55.999799081087744,53.86727908738921,21.596647288040526,-0.0002345027615786588,-0.000991494132288273,-0.0012280539356350761,-0.0024746212471844498,-0.0004175794789513798
2026-07-30 15:00:00,24299.85,52.41303003030602,50.0601322554258,23.418554172063786,0.0006131725092954898,,,,-0.0001337456815576621
2026-07-31 12:45:00,24413.1,74.10751138896863,73.79110193893831,50.207627302048024,5.5298180075435965e-05,0.00030721211153017514,-0.0005304529125754742,-0.0017531571164661752,-0.0019006189300005971
2026-08-03 09:20:00,24527.05,59.04130939079187,53.155401398050095,34.54075827184175,0.0011150953742908865,0.0013271061949968743,0.002085452592138104,0.0028988402600396146,0.010080706811459228
2026-08-04 14:00:00,24445.4,28.463743086704426,27.877935976409553,70.09435579932519,0.0016608441670007412,0.0007261079794154135,0.0002024920844001521,,0.0069338198597690415
2026-08-05 10:55:00,24643.5,59.93313241399945,59.76380806048425,27.61587921446185,-0.0004889727514354458,-0.001320835108649332,-0.00298050195791999,-0.005169720210197459,-0.0007649075821209994
2026-08-05 14:00:00,24524.5,40.38557241835332,40.180204840124524,23.118123970079463,-0.0006952231442026724,-0.0008012395767498237,0.0003588248486208201,,0.004083671430610281
2026-08-05 14:35:00,24516.65,40.45056374233759,38.52671197877883,18.794790362449717,-0.0002222979077484144,0.0009830054269241995,,,0.004405169548041821
2026-08-06 14:20:00,24657.5,57.26657281649132,56.38499430774044,21.85269180084053,-0.0005637230051709352,-0.0008618067525093531,-0.0011984183311365415,,-0.0008719456554800997
2026-08-07 11:15:00,24562.65,36.22486913901809,35.07025718084056,51.18050591582032,0.0006493599021277774,5.496149641825987e-05,-0.0010076274343362446,-0.0006595379570201176,0.0003256977565531116
2026-08-07 12:25:00,24550.0,34.858754843801016,33.683472703305405,40.899720374163884,0.00028716904276993027,0.00014867617107938713,0.0006496945010183719,-0.0006476578411406253,0.0008411405295316587
2026-08-10 10:00:00,24538.5,44.261015324143486,43.731833662306975,18.964177277977296,0.0014568942681907338,0.001917395113800735,0.0025368298795769295,0.0022699023982721833,0.0018460786111620386
2026-08-10 12:25:00,24610.6,59.07265511970706,58.23935242618878,24.936630576950616,-0.000501816290541468,-0.0009284617197466982,-0.0008451642788066538,-0.0009690946177662862,-0.00108896166692396
2026-08-10 13:45:00,24604.6,55.287528253512576,55.07972292019629,25.098875348724743,-0.0005568064508261195,-0.0008413060972337627,-0.001965079700543715,,-0.0008453703778967814
2026-08-11 10:30:00,24480.7,33.18035225661568,31.500092199733462,40.52360105368299,-0.0005024366133321578,-0.001172352097774998,-0.001556328046175226,-0.0014889280126794135,-0.0003676365463405329
2026-08-12 09:25:00,24457.4,47.4349336847608,45.91133522689297,22.20518935224935,-0.001202090164939884,-0.003223973112432277,-0.0035122294274944066,-0.006556297889391494,-0.0008770351713591751
2026-08-12 10:30:00,24395.6,37.08086065364154,33.355198623191875,29.494627164571593,-0.0015720047877485488,-0.003906442145304889,-0.0038224105986325307,-0.004381937726475216,0.0016539867845022371
2026-08-12 11:15:00,24307.05,26.87742198757433,26.24001332638133,43.19316586088298,-0.00019335953972199338,-0.0006767583890270323,-0.0012177536969726344,-0.00045665763636471013,0.005302988227695371
2026-08-12 11:30:00,24302.35,26.141218669620002,23.89532949808887,43.180321660068536,-0.00048349233716082907,-0.001226218863607853,-0.0005616740767867556,-0.0003641623135210992,0.0054974107442284925
2026-08-13 11:30:00,24345.45,50.39138632018611,49.89846964226533,18.658541186312576,0.00048263638585455126,0.002550784643537085,0.0021831594815457933,0.00024234507885445566,0.002070202029537338
2026-08-13 15:25:00,24395.85,50.03688657576141,49.36146777023974,25.094795537486565,,,,,0.0
2026-08-14 10:00:00,24350.7,47.83377966616432,47.452084856666424,13.287279539573825,-0.000566718821224832,-0.0017022097927369417,-0.0012258374502581715,-0.0011909308561971477,0.0006283186930970963
2026-08-14 10:50:00,24336.7,46.624684547863154,45.52653582486472,19.670620613897317,-0.0009224751096081896,-0.00036981184794981914,-0.0002855769270279085,0.0005752628745885335,0.0012039430161032705
2026-08-14 11:15:00,24327.85,44.84763394722054,42.923797131094815,25.3884005518979,-0.0003740568936424493,-3.699463783268797e-05,0.0008693739890701657,0.0006535719350457825,0.001568161592578221
2026-08-14 13:40:00,24357.35,53.95995785735825,51.25321215423681,16.29354689037443,0.0015457346550424855,0.0010756506762845675,0.0004967699688185334,,0.000355128944651284
2026-08-17 11:25:00,24239.85,26.775755915005824,25.82004053583743,61.63589624586808,0.00020214646542782155,0.001311889306245817,0.002066844473047613,0.004665870457119192,0.0019719593974385496
2026-08-18 11:00:00,24205.85,30.576854210976514,28.997538440038223,52.26004249480923,-0.0003346298518746016,-0.0006279473763572962,0.0003015799899612759,-0.0005019447778118469,-0.0021048630806188573
2026-08-19 10:05:00,24094.45,27.01755588388542,26.554707799020214,44.63788978117098,-0.0012201980124053602,-0.0017638916845995611,-0.002210052522468864,-0.0015895776828273034,-0.0006702788401479198
2026-08-19 10:50:00,24061.3,23.97197233330695,21.94230336236348,56.11073883385576,-0.0008353663351522433,-0.0003761226533894879,0.000773025563872265,-0.00023897295657338002,0.0007065287411736065
2026-08-20 13:10:00,24246.8,76.4796345641546,75.7247696361015,50.298514506147825,3.093191678904539e-05,-3.093191678904539e-05,-0.0003443753402510019,-0.0014208060445090043,-0.0006165762079944903
